ISO-10303-21;
HEADER;
FILE_DESCRIPTION (( 'STEP AP214' ),
    '1' );
FILE_NAME ('G12AP.STEP',
    '2024-07-17T15:22:45',
    ( '' ),
    ( '' ),
    'SwSTEP 2.0',
    'SolidWorks 2023',
    '' );
FILE_SCHEMA (( 'AUTOMOTIVE_DESIGN' ));
ENDSEC;

DATA;
#1 = CARTESIAN_POINT ( 'NONE',  ( 2.247900000000000009, -5.359399999999999942, 2.616200000000000081 ) ) ;
#2 = EDGE_CURVE ( 'NONE', #2313, #403, #776, .T. ) ;
#3 = ORIENTED_EDGE ( 'NONE', *, *, #2584, .T. ) ;
#4 = EDGE_CURVE ( 'NONE', #2830, #1092, #2003, .T. ) ;
#5 = ORIENTED_EDGE ( 'NONE', *, *, #3242, .T. ) ;
#6 = AXIS2_PLACEMENT_3D ( 'NONE', #2816, #3077, #1792 ) ;
#7 = CARTESIAN_POINT ( 'NONE',  ( -1.270000000000000018, 0.000000000000000000, 2.540000000000000036 ) ) ;
#8 = CARTESIAN_POINT ( 'NONE',  ( 1.422400000000000109, 0.000000000000000000, 3.048000000000000043 ) ) ;
#9 = LINE ( 'NONE', #2835, #154 ) ;
#10 = EDGE_LOOP ( 'NONE', ( #1473, #142, #2403, #2453 ) ) ;
#11 = CARTESIAN_POINT ( 'NONE',  ( -2.247900000000000009, -4.953000000000000291, 2.616200000000000081 ) ) ;
#12 = DIRECTION ( 'NONE',  ( -0.3373590105877088963, -0.8788502693579626213, -0.3373590105877099510 ) ) ;
#13 = ORIENTED_EDGE ( 'NONE', *, *, #2609, .T. ) ;
#14 = AXIS2_PLACEMENT_3D ( 'NONE', #1851, #320, #1344 ) ;
#15 = DIRECTION ( 'NONE',  ( 1.000000000000000000, 0.000000000000000000, 0.000000000000000000 ) ) ;
#16 = AXIS2_PLACEMENT_3D ( 'NONE', #2638, #1364, #2391 ) ;
#17 = FACE_OUTER_BOUND ( 'NONE', #2676, .T. ) ;
#18 = ORIENTED_EDGE ( 'NONE', *, *, #1177, .F. ) ;
#19 = AXIS2_PLACEMENT_3D ( 'NONE', #2241, #211, #2479 ) ;
#20 = ORIENTED_EDGE ( 'NONE', *, *, #1521, .T. ) ;
#21 = CARTESIAN_POINT ( 'NONE',  ( 0.000000000000000000, 0.000000000000000000, 0.000000000000000000 ) ) ;
#22 = CARTESIAN_POINT ( 'NONE',  ( 0.000000000000000000, -1.206500000000000128, 0.000000000000000000 ) ) ;
#23 = LINE ( 'NONE', #2518, #3062 ) ;
#24 = ORIENTED_EDGE ( 'NONE', *, *, #1834, .T. ) ;
#25 = FACE_OUTER_BOUND ( 'NONE', #1822, .T. ) ;
#26 = AXIS2_PLACEMENT_3D ( 'NONE', #331, #3122, #365 ) ;
#27 = DIRECTION ( 'NONE',  ( -1.000000000000000000, 0.000000000000000000, 0.000000000000000000 ) ) ;
#28 = ORIENTED_EDGE ( 'NONE', *, *, #786, .F. ) ;
#29 = CYLINDRICAL_SURFACE ( 'NONE', #3163, 0.2539999999999998925 ) ;
#30 = STYLED_ITEM ( 'NONE', ( #2600 ), #1772 ) ;
#31 = CARTESIAN_POINT ( 'NONE',  ( -1.739900000000000002, -4.953000000000000291, 2.616200000000000081 ) ) ;
#32 = ORIENTED_EDGE ( 'NONE', *, *, #1738, .F. ) ;
#33 = ORIENTED_EDGE ( 'NONE', *, *, #1500, .F. ) ;
#34 = DIRECTION ( 'NONE',  ( 0.000000000000000000, 1.000000000000000000, 0.000000000000000000 ) ) ;
#35 = CARTESIAN_POINT ( 'NONE',  ( 1.270000000000000018, 0.000000000000000000, -2.540000000000000036 ) ) ;
#36 = LINE ( 'NONE', #3120, #358 ) ;
#37 =( NAMED_UNIT ( * ) PLANE_ANGLE_UNIT ( ) SI_UNIT ( $, .RADIAN. ) );
#38 = EDGE_LOOP ( 'NONE', ( #5, #758, #1577, #3261 ) ) ;
#39 = CARTESIAN_POINT ( 'NONE',  ( 1.143000000000000016, -4.368800000000000239, 3.454399999999999693 ) ) ;
#40 = ADVANCED_FACE ( 'NONE', ( #2784 ), #747, .F. ) ;
#41 = CIRCLE ( 'NONE', #1929, 1.739900000000000002 ) ;
#42 = FACE_OUTER_BOUND ( 'NONE', #2219, .T. ) ;
#43 = DIRECTION ( 'NONE',  ( 1.000000000000000000, 0.000000000000000000, -3.671838701161640341E-16 ) ) ;
#44 = ADVANCED_FACE ( 'NONE', ( #497 ), #731, .F. ) ;
#45 = ORIENTED_EDGE ( 'NONE', *, *, #887, .F. ) ;
#46 = CARTESIAN_POINT ( 'NONE',  ( 2.247900000000000009, -1.206500000000000128, 3.505199999999999871 ) ) ;
#47 = DIRECTION ( 'NONE',  ( -0.3583679495452999908, 0.9335804264972017430, 0.000000000000000000 ) ) ;
#48 = ORIENTED_EDGE ( 'NONE', *, *, #1131, .F. ) ;
#49 = EDGE_CURVE ( 'NONE', #1373, #2914, #951, .T. ) ;
#50 = CARTESIAN_POINT ( 'NONE',  ( -2.247900000000000009, -5.410200000000000564, -3.505199999999999871 ) ) ;
#51 = VERTEX_POINT ( 'NONE', #2063 ) ;
#52 = CYLINDRICAL_SURFACE ( 'NONE', #528, 0.2032000000000001583 ) ;
#53 = LINE ( 'NONE', #566, #3192 ) ;
#54 = DIRECTION ( 'NONE',  ( -0.000000000000000000, 1.000000000000000000, 0.000000000000000000 ) ) ;
#55 = EDGE_CURVE ( 'NONE', #3121, #119, #485, .T. ) ;
#56 = DIRECTION ( 'NONE',  ( 0.000000000000000000, 0.000000000000000000, 1.000000000000000000 ) ) ;
#57 = EDGE_LOOP ( 'NONE', ( #2766, #2837, #336, #2330 ) ) ;
#58 = DIRECTION ( 'NONE',  ( 0.000000000000000000, 1.000000000000000000, 0.000000000000000000 ) ) ;
#59 = AXIS2_PLACEMENT_3D ( 'NONE', #141, #1488, #2210 ) ;
#60 = DIRECTION ( 'NONE',  ( 0.000000000000000000, -0.2419218955996681186, -0.9702957262759963619 ) ) ;
#61 = EDGE_CURVE ( 'NONE', #1782, #3033, #3268, .T. ) ;
#62 = CARTESIAN_POINT ( 'NONE',  ( -1.612900000000000000, -5.410200000000000564, 3.124200000000000088 ) ) ;
#63 = ADVANCED_FACE ( 'NONE', ( #2832 ), #2547, .T. ) ;
#64 = ORIENTED_EDGE ( 'NONE', *, *, #210, .F. ) ;
#65 =( NAMED_UNIT ( * ) SI_UNIT ( $, .STERADIAN. ) SOLID_ANGLE_UNIT ( ) );
#66 = DIRECTION ( 'NONE',  ( 0.000000000000000000, 1.000000000000000000, 0.000000000000000000 ) ) ;
#67 = VECTOR ( 'NONE', #2006, 1000.000000000000000 ) ;
#68 = ORIENTED_EDGE ( 'NONE', *, *, #792, .F. ) ;
#69 = VECTOR ( 'NONE', #941, 1000.000000000000000 ) ;
#70 = LINE ( 'NONE', #342, #2895 ) ;
#71 = ORIENTED_EDGE ( 'NONE', *, *, #510, .F. ) ;
#72 = DIRECTION ( 'NONE',  ( 1.000000000000000000, 0.000000000000000000, 0.000000000000000000 ) ) ;
#73 = CARTESIAN_POINT ( 'NONE',  ( 2.247900000000000009, -1.206500000000000128, 3.505199999999999871 ) ) ;
#74 = LINE ( 'NONE', #8, #759 ) ;
#75 = DIRECTION ( 'NONE',  ( 0.000000000000000000, 0.000000000000000000, 1.000000000000000000 ) ) ;
#76 = ORIENTED_EDGE ( 'NONE', *, *, #2930, .T. ) ;
#77 = CARTESIAN_POINT ( 'NONE',  ( -2.247900000000000009, -5.410200000000000564, 3.505199999999999871 ) ) ;
#78 = DIRECTION ( 'NONE',  ( 0.000000000000000000, 0.000000000000000000, 1.000000000000000000 ) ) ;
#79 = DIRECTION ( 'NONE',  ( -1.000000000000000000, 0.000000000000000000, 0.000000000000000000 ) ) ;
#80 = EDGE_CURVE ( 'NONE', #2533, #1816, #1494, .T. ) ;
#81 = ORIENTED_EDGE ( 'NONE', *, *, #1131, .T. ) ;
#82 = LINE ( 'NONE', #1106, #1902 ) ;
#83 = EDGE_CURVE ( 'NONE', #1757, #620, #711, .T. ) ;
#84 = ORIENTED_EDGE ( 'NONE', *, *, #859, .T. ) ;
#85 = VECTOR ( 'NONE', #1744, 1000.000000000000227 ) ;
#86 = EDGE_CURVE ( 'NONE', #3063, #2274, #246, .T. ) ;
#87 = CARTESIAN_POINT ( 'NONE',  ( -2.247900000000000009, -5.410200000000000564, 3.505199999999999871 ) ) ;
#88 = AXIS2_PLACEMENT_3D ( 'NONE', #3029, #1223, #3281 ) ;
#89 = ORIENTED_EDGE ( 'NONE', *, *, #2795, .T. ) ;
#90 = CIRCLE ( 'NONE', #3001, 0.2031999999999999640 ) ;
#91 = CARTESIAN_POINT ( 'NONE',  ( 1.270000000000000018, -4.064000000000000057, 2.540000000000000036 ) ) ;
#92 = CYLINDRICAL_SURFACE ( 'NONE', #3301, 1.117600525558065883 ) ;
#93 = DIRECTION ( 'NONE',  ( 1.000000000000000000, 0.000000000000000000, 0.000000000000000000 ) ) ;
#94 = ORIENTED_EDGE ( 'NONE', *, *, #396, .T. ) ;
#95 = CARTESIAN_POINT ( 'NONE',  ( 1.143000000000000016, -4.368800000000000239, -3.454399999999999693 ) ) ;
#96 = PRODUCT_DEFINITION_FORMATION_WITH_SPECIFIED_SOURCE ( 'ANY', '', #3025, .NOT_KNOWN. ) ;
#97 = CIRCLE ( 'NONE', #1549, 0.2031999999999999640 ) ;
#98 = CARTESIAN_POINT ( 'NONE',  ( 1.422400000000000109, 0.000000000000000000, 3.048000000000000043 ) ) ;
#99 = EDGE_CURVE ( 'NONE', #2220, #3256, #2769, .T. ) ;
#100 = VECTOR ( 'NONE', #1010, 1000.000000000000000 ) ;
#101 = DIRECTION ( 'NONE',  ( 0.000000000000000000, 0.000000000000000000, -1.000000000000000000 ) ) ;
#102 = ORIENTED_EDGE ( 'NONE', *, *, #2121, .T. ) ;
#103 = CARTESIAN_POINT ( 'NONE',  ( 2.247900000000000009, -0.7747000000000000552, 3.500324926755045141 ) ) ;
#104 = VECTOR ( 'NONE', #912, 1000.000000000000000 ) ;
#105 = CARTESIAN_POINT ( 'NONE',  ( 1.945645458813115125, 0.000000000000000000, 2.336800000000000210 ) ) ;
#106 = ORIENTED_EDGE ( 'NONE', *, *, #1238, .F. ) ;
#107 = EDGE_CURVE ( 'NONE', #998, #945, #470, .T. ) ;
#108 = CARTESIAN_POINT ( 'NONE',  ( 0.000000000000000000, 5.268356152113129909, -1.155225435867532013 ) ) ;
#109 = ORIENTED_EDGE ( 'NONE', *, *, #952, .F. ) ;
#110 = EDGE_CURVE ( 'NONE', #911, #2683, #1016, .T. ) ;
#111 = CARTESIAN_POINT ( 'NONE',  ( 1.066799999999999971, -1.206500000000000128, 3.505199999999999871 ) ) ;
#112 = CARTESIAN_POINT ( 'NONE',  ( 0.000000000000000000, 0.000000000000000000, 0.000000000000000000 ) ) ;
#113 = CARTESIAN_POINT ( 'NONE',  ( -1.143000000000000016, -4.572000000000000064, 7.620000000000000107 ) ) ;
#114 = ORIENTED_EDGE ( 'NONE', *, *, #1521, .F. ) ;
#115 = LINE ( 'NONE', #1121, #625 ) ;
#116 = CARTESIAN_POINT ( 'NONE',  ( 1.143000000000000016, -4.572000000000000064, 7.620000000000000107 ) ) ;
#117 = CARTESIAN_POINT ( 'NONE',  ( -1.270000000000000018, -4.064000000000000057, 0.000000000000000000 ) ) ;
#118 = ORIENTED_EDGE ( 'NONE', *, *, #312, .T. ) ;
#119 = VERTEX_POINT ( 'NONE', #3313 ) ;
#120 = VECTOR ( 'NONE', #2104, 1000.000000000000000 ) ;
#121 = DIRECTION ( 'NONE',  ( -0.000000000000000000, 1.000000000000000000, 0.000000000000000000 ) ) ;
#122 = LINE ( 'NONE', #1145, #1412 ) ;
#123 = ORIENTED_EDGE ( 'NONE', *, *, #231, .T. ) ;
#124 = FACE_OUTER_BOUND ( 'NONE', #1105, .T. ) ;
#125 = VERTEX_POINT ( 'NONE', #2048 ) ;
#126 = ADVANCED_FACE ( 'NONE', ( #3046 ), #1764, .F. ) ;
#127 = ADVANCED_FACE ( 'NONE', ( #2561 ), #263, .T. ) ;
#128 = AXIS2_PLACEMENT_3D ( 'NONE', #112, #1133, #2166 ) ;
#129 = DIRECTION ( 'NONE',  ( -1.000000000000000000, 0.000000000000000000, 0.000000000000000000 ) ) ;
#130 = CARTESIAN_POINT ( 'NONE',  ( -1.612900000000000000, -5.359399999999999942, -3.124200000000000088 ) ) ;
#131 = APPLICATION_PROTOCOL_DEFINITION ( 'draft international standard', 'automotive_design', 1998, #2804 ) ;
#132 = VECTOR ( 'NONE', #2010, 1000.000000000000000 ) ;
#133 = ORIENTED_EDGE ( 'NONE', *, *, #1276, .F. ) ;
#134 = CARTESIAN_POINT ( 'NONE',  ( 0.000000000000000000, -1.206500000000000128, 0.000000000000000000 ) ) ;
#135 = CARTESIAN_POINT ( 'NONE',  ( -1.143000000000000016, -4.368800000000000239, -3.454399999999999693 ) ) ;
#136 = PLANE ( 'NONE',  #2759 ) ;
#137 = ORIENTED_EDGE ( 'NONE', *, *, #1688, .T. ) ;
#138 = ORIENTED_EDGE ( 'NONE', *, *, #2841, .T. ) ;
#139 = CARTESIAN_POINT ( 'NONE',  ( -1.270000000000000018, 0.000000000000000000, 2.743200000000000305 ) ) ;
#140 = ORIENTED_EDGE ( 'NONE', *, *, #159, .F. ) ;
#141 = CARTESIAN_POINT ( 'NONE',  ( -1.739900000000000002, -4.953000000000000291, 2.616200000000000081 ) ) ;
#142 = ORIENTED_EDGE ( 'NONE', *, *, #1852, .T. ) ;
#143 =( NAMED_UNIT ( * ) PLANE_ANGLE_UNIT ( ) SI_UNIT ( $, .RADIAN. ) );
#144 = ORIENTED_EDGE ( 'NONE', *, *, #2062, .T. ) ;
#145 = CARTESIAN_POINT ( 'NONE',  ( -1.066799999999999971, -0.7747000000000000552, 2.336800000000000210 ) ) ;
#146 = LINE ( 'NONE', #2702, #3306 ) ;
#147 = CARTESIAN_POINT ( 'NONE',  ( 1.143000000000000016, -3.810000000000000053, 3.131776669576830319 ) ) ;
#148 = EDGE_CURVE ( 'NONE', #1731, #2431, #2848, .T. ) ;
#149 = ORIENTED_EDGE ( 'NONE', *, *, #2965, .T. ) ;
#150 = EDGE_CURVE ( 'NONE', #597, #945, #278, .T. ) ;
#151 = LINE ( 'NONE', #1433, #1541 ) ;
#152 = EDGE_CURVE ( 'NONE', #569, #2347, #3118, .T. ) ;
#153 = DIRECTION ( 'NONE',  ( 0.000000000000000000, 0.000000000000000000, -1.000000000000000000 ) ) ;
#154 = VECTOR ( 'NONE', #533, 1000.000000000000000 ) ;
#155 = ORIENTED_EDGE ( 'NONE', *, *, #1982, .T. ) ;
#156 = CIRCLE ( 'NONE', #2042, 1.993899999999999784 ) ;
#157 = CARTESIAN_POINT ( 'NONE',  ( 0.000000000000000000, 1.600200000000000067, 0.000000000000000000 ) ) ;
#158 = EDGE_LOOP ( 'NONE', ( #1713, #2821, #2847, #2428 ) ) ;
#159 = EDGE_CURVE ( 'NONE', #1092, #612, #3078, .T. ) ;
#160 = DIRECTION ( 'NONE',  ( 0.000000000000000000, -1.000000000000000000, 0.000000000000000000 ) ) ;
#161 =( NAMED_UNIT ( * ) PLANE_ANGLE_UNIT ( ) SI_UNIT ( $, .RADIAN. ) );
#162 =( REPRESENTATION_RELATIONSHIP ('NONE','NONE', #1505, #3013 ) REPRESENTATION_RELATIONSHIP_WITH_TRANSFORMATION ( #2233 )SHAPE_REPRESENTATION_RELATIONSHIP( ) );
#163 = ORIENTED_EDGE ( 'NONE', *, *, #744, .F. ) ;
#164 = PLANE ( 'NONE',  #2843 ) ;
#165 = ADVANCED_FACE ( 'NONE', ( #1114 ), #1336, .T. ) ;
#166 = CARTESIAN_POINT ( 'NONE',  ( 0.000000000000000000, 1.346200000000000063, 0.000000000000000000 ) ) ;
#167 = DIRECTION ( 'NONE',  ( -1.000000000000000000, 0.000000000000000000, 0.000000000000000000 ) ) ;
#168 = ORIENTED_EDGE ( 'NONE', *, *, #2783, .F. ) ;
#169 = EDGE_LOOP ( 'NONE', ( #28, #163 ) ) ;
#170 = DIRECTION ( 'NONE',  ( 1.000000000000000000, 0.000000000000000000, 0.000000000000000000 ) ) ;
#171 = ADVANCED_FACE ( 'NONE', ( #1046 ), #1462, .T. ) ;
#172 = LINE ( 'NONE', #1194, #241 ) ;
#173 = VERTEX_POINT ( 'NONE', #3107 ) ;
#174 = CYLINDRICAL_SURFACE ( 'NONE', #665, 0.2539999999999998925 ) ;
#175 = VECTOR ( 'NONE', #1779, 1000.000000000000000 ) ;
#176 = CARTESIAN_POINT ( 'NONE',  ( 1.066799999999999971, -0.7747000000000000552, 3.500324926755045141 ) ) ;
#177 = ORIENTED_EDGE ( 'NONE', *, *, #1319, .T. ) ;
#178 = DIRECTION ( 'NONE',  ( 0.000000000000000000, 1.000000000000000000, 0.000000000000000000 ) ) ;
#179 = CONTEXT_DEPENDENT_SHAPE_REPRESENTATION ( #3328, #203 ) ;
#180 = VECTOR ( 'NONE', #826, 1000.000000000000000 ) ;
#181 = ORIENTED_EDGE ( 'NONE', *, *, #1350, .F. ) ;
#182 = DIRECTION ( 'NONE',  ( 0.000000000000000000, 1.000000000000000000, 0.000000000000000000 ) ) ;
#183 = AXIS2_PLACEMENT_3D ( 'NONE', #3162, #367, #334 ) ;
#184 = PLANE ( 'NONE',  #1519 ) ;
#185 = VECTOR ( 'NONE', #2785, 1000.000000000000000 ) ;
#186 = VERTEX_POINT ( 'NONE', #858 ) ;
#187 = ORIENTED_EDGE ( 'NONE', *, *, #1487, .T. ) ;
#188 = PLANE ( 'NONE',  #1002 ) ;
#189 = LINE ( 'NONE', #738, #1525 ) ;
#190 = ADVANCED_FACE ( 'NONE', ( #1600 ), #565, .F. ) ;
#191 = ORIENTED_EDGE ( 'NONE', *, *, #293, .F. ) ;
#192 = CARTESIAN_POINT ( 'NONE',  ( -1.066799999999999971, -0.7747000000000000552, -3.505199999999999871 ) ) ;
#193 = EDGE_CURVE ( 'NONE', #2797, #2781, #598, .T. ) ;
#194 = DIRECTION ( 'NONE',  ( 0.000000000000000000, 1.000000000000000000, 0.000000000000000000 ) ) ;
#195 = ORIENTED_EDGE ( 'NONE', *, *, #1637, .F. ) ;
#196 = EDGE_CURVE ( 'NONE', #2475, #3125, #1301, .T. ) ;
#197 = AXIS2_PLACEMENT_3D ( 'NONE', #1800, #1544, #1260 ) ;
#198 = ADVANCED_FACE ( 'NONE', ( #1616 ), #2380, .T. ) ;
#199 = PLANE ( 'NONE',  #2941 ) ;
#200 = APPLICATION_PROTOCOL_DEFINITION ( 'draft international standard', 'automotive_design', 1998, #468 ) ;
#201 = LINE ( 'NONE', #2002, #502 ) ;
#202 = DIRECTION ( 'NONE',  ( 0.000000000000000000, 0.000000000000000000, -1.000000000000000000 ) ) ;
#203 = PRODUCT_DEFINITION_SHAPE ( 'NONE', 'NONE',  #3336 ) ;
#204 = VECTOR ( 'NONE', #1393, 1000.000000000000000 ) ;
#205 = CARTESIAN_POINT ( 'NONE',  ( -1.270000000000000018, 0.000000000000000000, 0.000000000000000000 ) ) ;
#206 = CARTESIAN_POINT ( 'NONE',  ( 0.000000000000000000, 0.6350000000000000089, -1.117600525558065883 ) ) ;
#207 = ORIENTED_EDGE ( 'NONE', *, *, #1619, .T. ) ;
#208 = ORIENTED_EDGE ( 'NONE', *, *, #1382, .T. ) ;
#209 = CARTESIAN_POINT ( 'NONE',  ( 0.000000000000000000, 4.898673480401970259, -1.063053193644059924 ) ) ;
#210 = EDGE_CURVE ( 'NONE', #3228, #2865, #97, .T. ) ;
#211 = DIRECTION ( 'NONE',  ( 0.000000000000000000, -0.9702957262759964729, 0.2419218955996681186 ) ) ;
#212 = UNCERTAINTY_MEASURE_WITH_UNIT (LENGTH_MEASURE( 1.000000000000000082E-05 ), #1119, 'distance_accuracy_value', 'NONE');
#213 = ORIENTED_EDGE ( 'NONE', *, *, #4, .T. ) ;
#214 = CARTESIAN_POINT ( 'NONE',  ( 2.247900000000000009, -5.410200000000000564, 3.505199999999999871 ) ) ;
#215 = DIRECTION ( 'NONE',  ( 0.000000000000000000, 0.000000000000000000, -1.000000000000000000 ) ) ;
#216 = ORIENTED_EDGE ( 'NONE', *, *, #2144, .T. ) ;
#217 = ADVANCED_FACE ( 'NONE', ( #1823 ), #52, .T. ) ;
#218 = EDGE_CURVE ( 'NONE', #979, #2720, #1321, .T. ) ;
#219 = DIRECTION ( 'NONE',  ( -1.000000000000000000, 0.000000000000000000, 0.000000000000000000 ) ) ;
#220 = DIRECTION ( 'NONE',  ( 1.000000000000000000, 0.000000000000000000, -1.855874995695829758E-16 ) ) ;
#221 = CARTESIAN_POINT ( 'NONE',  ( 1.066799999999999971, -0.7747000000000000552, -3.505199999999999871 ) ) ;
#222 = EDGE_LOOP ( 'NONE', ( #3235, #2312, #1456, #1786, #2463 ) ) ;
#223 = ORIENTED_EDGE ( 'NONE', *, *, #1137, .F. ) ;
#224 = CARTESIAN_POINT ( 'NONE',  ( 1.739900000000000002, -5.359399999999999942, 2.108200000000000074 ) ) ;
#225 = CARTESIAN_POINT ( 'NONE',  ( -1.143000000000000016, -5.410200000000000564, -3.505199999999999871 ) ) ;
#226 = ORIENTED_EDGE ( 'NONE', *, *, #1686, .T. ) ;
#227 = PLANE ( 'NONE',  #2139 ) ;
#228 = CARTESIAN_POINT ( 'NONE',  ( -2.247900000000000009, -0.7873999999999999888, 3.505199999999999871 ) ) ;
#229 = ORIENTED_EDGE ( 'NONE', *, *, #314, .F. ) ;
#230 = AXIS2_PLACEMENT_3D ( 'NONE', #853, #2875, #576 ) ;
#231 = EDGE_CURVE ( 'NONE', #704, #2307, #1441, .T. ) ;
#232 = CARTESIAN_POINT ( 'NONE',  ( 1.866900000000000004, -4.953000000000000291, 2.108200000000000074 ) ) ;
#233 = CARTESIAN_POINT ( 'NONE',  ( 1.143000000000000016, -4.572000000000000064, 3.505199999999999871 ) ) ;
#234 = DIRECTION ( 'NONE',  ( 0.000000000000000000, 0.000000000000000000, -1.000000000000000000 ) ) ;
#235 = EDGE_CURVE ( 'NONE', #1641, #2533, #1840, .T. ) ;
#236 = AXIS2_PLACEMENT_3D ( 'NONE', #2236, #2441, #684 ) ;
#237 = ORIENTED_EDGE ( 'NONE', *, *, #1356, .T. ) ;
#238 = PLANE ( 'NONE',  #1700 ) ;
#239 = VECTOR ( 'NONE', #2717, 1000.000000000000114 ) ;
#240 = CARTESIAN_POINT ( 'NONE',  ( 1.066799999999999971, -1.206500000000000128, 2.336800000000000210 ) ) ;
#241 = VECTOR ( 'NONE', #1973, 1000.000000000000000 ) ;
#242 = EDGE_LOOP ( 'NONE', ( #2662, #1515, #1671, #666 ) ) ;
#243 = CARTESIAN_POINT ( 'NONE',  ( 1.143000000000000016, -3.810000000000000053, 3.131776669576830319 ) ) ;
#244 = CARTESIAN_POINT ( 'NONE',  ( -1.143000000000000016, -3.810000000000000053, 7.620000000000000107 ) ) ;
#245 = ORIENTED_EDGE ( 'NONE', *, *, #1144, .T. ) ;
#246 = LINE ( 'NONE', #717, #1888 ) ;
#247 = CARTESIAN_POINT ( 'NONE',  ( 1.945645458813115125, 0.000000000000000000, -0.4360056864307035318 ) ) ;
#248 = CARTESIAN_POINT ( 'NONE',  ( 1.866900000000000004, -5.359399999999999942, -2.870199999999999640 ) ) ;
#249 = CARTESIAN_POINT ( 'NONE',  ( 0.000000000000000000, 0.6350000000000000089, 0.000000000000000000 ) ) ;
#250 = ORIENTED_EDGE ( 'NONE', *, *, #2288, .F. ) ;
#251 = VECTOR ( 'NONE', #827, 1000.000000000000000 ) ;
#252 = DIRECTION ( 'NONE',  ( 1.000000000000000000, 0.000000000000000000, 0.000000000000000000 ) ) ;
#253 = ADVANCED_FACE ( 'NONE', ( #2882 ), #582, .F. ) ;
#254 = LINE ( 'NONE', #270, #2764 ) ;
#255 = AXIS2_PLACEMENT_3D ( 'NONE', #2339, #737, #2568 ) ;
#256 = ADVANCED_FACE ( 'NONE', ( #1095 ), #227, .F. ) ;
#257 = EDGE_LOOP ( 'NONE', ( #671, #1628, #1507, #545 ) ) ;
#258 = CARTESIAN_POINT ( 'NONE',  ( 1.143000000000000016, -4.572000000000000064, -3.454399999999999693 ) ) ;
#259 = DIRECTION ( 'NONE',  ( -1.000000000000000000, 0.000000000000000000, 0.000000000000000000 ) ) ;
#260 = ORIENTED_EDGE ( 'NONE', *, *, #2349, .F. ) ;
#261 = VECTOR ( 'NONE', #1636, 1000.000000000000000 ) ;
#262 = VECTOR ( 'NONE', #15, 1000.000000000000000 ) ;
#263 = PLANE ( 'NONE',  #1139 ) ;
#264 = CARTESIAN_POINT ( 'NONE',  ( -2.247900000000000009, -5.410200000000000564, -3.505199999999999871 ) ) ;
#265 = FACE_OUTER_BOUND ( 'NONE', #1113, .T. ) ;
#266 = DIRECTION ( 'NONE',  ( 0.000000000000000000, -1.000000000000000000, 0.000000000000000000 ) ) ;
#267 = AXIS2_PLACEMENT_3D ( 'NONE', #1598, #3134, #2378 ) ;
#268 = ORIENTED_EDGE ( 'NONE', *, *, #1235, .T. ) ;
#269 = DIRECTION ( 'NONE',  ( -1.000000000000000000, 0.000000000000000000, 0.000000000000000000 ) ) ;
#270 = CARTESIAN_POINT ( 'NONE',  ( -1.066799999999999971, -0.7747000000000000552, -3.505199999999999871 ) ) ;
#271 = EDGE_LOOP ( 'NONE', ( #2087, #339, #1369, #2008 ) ) ;
#272 = EDGE_CURVE ( 'NONE', #1714, #1128, #616, .T. ) ;
#273 = CARTESIAN_POINT ( 'NONE',  ( 1.866900000000000004, -5.359399999999999942, 2.870199999999999640 ) ) ;
#274 = CARTESIAN_POINT ( 'NONE',  ( -1.143000000000000016, -3.810000000000000053, 3.131776669576830319 ) ) ;
#275 = ORIENTED_EDGE ( 'NONE', *, *, #2007, .F. ) ;
#276 = ORIENTED_EDGE ( 'NONE', *, *, #1898, .T. ) ;
#277 = CIRCLE ( 'NONE', #230, 0.2031999999999999640 ) ;
#278 = LINE ( 'NONE', #3136, #2639 ) ;
#279 = AXIS2_PLACEMENT_3D ( 'NONE', #2253, #970, #3297 ) ;
#280 = DIRECTION ( 'NONE',  ( 1.000000000000000000, 0.000000000000000000, 0.000000000000000000 ) ) ;
#281 = EDGE_LOOP ( 'NONE', ( #2572, #1242, #2377, #2953 ) ) ;
#282 = CYLINDRICAL_SURFACE ( 'NONE', #1108, 1.993899999999999784 ) ;
#283 = DIRECTION ( 'NONE',  ( -1.000000000000000000, 0.000000000000000000, 3.671838701161640341E-16 ) ) ;
#284 = ORIENTED_EDGE ( 'NONE', *, *, #3283, .T. ) ;
#285 = VECTOR ( 'NONE', #1289, 1000.000000000000000 ) ;
#286 = CARTESIAN_POINT ( 'NONE',  ( 2.247900000000000009, -0.7747000000000000552, 3.500324926755045141 ) ) ;
#287 = CIRCLE ( 'NONE', #3320, 0.8508999999999996566 ) ;
#288 = CARTESIAN_POINT ( 'NONE',  ( 1.066799999999999971, -0.7873999999999999888, 3.505199999999999871 ) ) ;
#289 = ORIENTED_EDGE ( 'NONE', *, *, #218, .T. ) ;
#290 = CIRCLE ( 'NONE', #2228, 0.2031999999999999640 ) ;
#291 = EDGE_CURVE ( 'NONE', #2341, #868, #1115, .T. ) ;
#292 = ORIENTED_EDGE ( 'NONE', *, *, #314, .T. ) ;
#293 = EDGE_CURVE ( 'NONE', #1650, #1349, #1976, .T. ) ;
#294 = DIRECTION ( 'NONE',  ( 0.000000000000000000, 1.000000000000000000, 0.000000000000000000 ) ) ;
#295 = EDGE_CURVE ( 'NONE', #1498, #556, #1232, .T. ) ;
#296 = CARTESIAN_POINT ( 'NONE',  ( 0.000000000000000000, 1.346200000000000063, 0.000000000000000000 ) ) ;
#297 = DIRECTION ( 'NONE',  ( 0.000000000000000000, 0.000000000000000000, 1.000000000000000000 ) ) ;
#298 = ORIENTED_EDGE ( 'NONE', *, *, #3201, .T. ) ;
#299 = CARTESIAN_POINT ( 'NONE',  ( -1.066799999999999971, -0.7747000000000000552, -2.336800000000000210 ) ) ;
#300 = VECTOR ( 'NONE', #58, 1000.000000000000000 ) ;
#301 = DIRECTION ( 'NONE',  ( -1.855874995695829758E-16, 0.000000000000000000, 1.000000000000000000 ) ) ;
#302 = DIRECTION ( 'NONE',  ( -0.000000000000000000, 1.000000000000000000, 0.000000000000000000 ) ) ;
#303 = ORIENTED_EDGE ( 'NONE', *, *, #450, .F. ) ;
#304 = EDGE_CURVE ( 'NONE', #1373, #1020, #1390, .T. ) ;
#305 = DIRECTION ( 'NONE',  ( 0.000000000000000000, -1.000000000000000000, 0.000000000000000000 ) ) ;
#306 = MECHANICAL_DESIGN_GEOMETRIC_PRESENTATION_REPRESENTATION (  '', ( #30 ), #1919 ) ;
#307 = CARTESIAN_POINT ( 'NONE',  ( -1.143000000000000016, -4.572000000000000064, 7.620000000000000107 ) ) ;
#308 = VERTEX_POINT ( 'NONE', #3005 ) ;
#309 = EDGE_CURVE ( 'NONE', #812, #370, #1504, .T. ) ;
#310 = ORIENTED_EDGE ( 'NONE', *, *, #1171, .T. ) ;
#311 = DIRECTION ( 'NONE',  ( 0.000000000000000000, -1.000000000000000000, 0.000000000000000000 ) ) ;
#312 = EDGE_CURVE ( 'NONE', #125, #1595, #2276, .T. ) ;
#313 = DIRECTION ( 'NONE',  ( 0.000000000000000000, -0.9702957262759964729, 0.2419218955996681186 ) ) ;
#314 = EDGE_CURVE ( 'NONE', #3050, #2347, #2524, .T. ) ;
#315 =( GEOMETRIC_REPRESENTATION_CONTEXT ( 3 ) GLOBAL_UNCERTAINTY_ASSIGNED_CONTEXT ( ( #1314 ) ) GLOBAL_UNIT_ASSIGNED_CONTEXT ( ( #347, #2630, #1894 ) ) REPRESENTATION_CONTEXT ( 'NONE', 'WORKASPACE' ) );
#316 = EDGE_LOOP ( 'NONE', ( #2215, #1896, #442, #3009, #1599, #1709, #1023, #1231, #3188, #1250, #2101, #3204 ) ) ;
#317 = CARTESIAN_POINT ( 'NONE',  ( 1.143000000000000016, -3.810000000000000053, 3.131776669576830319 ) ) ;
#318 = CIRCLE ( 'NONE', #3011, 0.2032000000000000195 ) ;
#319 = CARTESIAN_POINT ( 'NONE',  ( -1.739900000000000002, -4.953000000000000291, 2.616200000000000081 ) ) ;
#320 = DIRECTION ( 'NONE',  ( 0.000000000000000000, 1.000000000000000000, 0.000000000000000000 ) ) ;
#321 = ORIENTED_EDGE ( 'NONE', *, *, #1647, .F. ) ;
#322 = CARTESIAN_POINT ( 'NONE',  ( 1.739900000000000002, -4.953000000000000291, 2.616200000000000081 ) ) ;
#323 = CARTESIAN_POINT ( 'NONE',  ( -1.612900000000000000, -5.410200000000000564, 3.124200000000000088 ) ) ;
#324 = ORIENTED_EDGE ( 'NONE', *, *, #2445, .T. ) ;
#325 = CARTESIAN_POINT ( 'NONE',  ( 1.422400000000000109, 0.000000000000000000, -2.405595833397919936 ) ) ;
#326 = VERTEX_POINT ( 'NONE', #3273 ) ;
#327 = DIRECTION ( 'NONE',  ( -0.000000000000000000, 1.000000000000000000, 0.000000000000000000 ) ) ;
#328 = LINE ( 'NONE', #73, #1846 ) ;
#329 = ADVANCED_FACE ( 'NONE', ( #1132 ), #1197, .T. ) ;
#330 = EDGE_LOOP ( 'NONE', ( #2813, #1694, #1218, #1742 ) ) ;
#331 = CARTESIAN_POINT ( 'NONE',  ( 0.000000000000000000, 0.6350000000000000089, 0.000000000000000000 ) ) ;
#332 = COLOUR_RGB ( '',0.000000000000000000, 0.000000000000000000, 0.000000000000000000 ) ;
#333 = ADVANCED_FACE ( 'NONE', ( #1910 ), #174, .F. ) ;
#334 = DIRECTION ( 'NONE',  ( 1.000000000000000000, 0.000000000000000000, 0.000000000000000000 ) ) ;
#335 = LINE ( 'NONE', #351, #2595 ) ;
#336 = ORIENTED_EDGE ( 'NONE', *, *, #2841, .F. ) ;
#337 = FACE_BOUND ( 'NONE', #736, .T. ) ;
#338 = AXIS2_PLACEMENT_3D ( 'NONE', #35, #2094, #1268 ) ;
#339 = ORIENTED_EDGE ( 'NONE', *, *, #887, .T. ) ;
#340 = VECTOR ( 'NONE', #2155, 1000.000000000000000 ) ;
#341 = VECTOR ( 'NONE', #1735, 1000.000000000000000 ) ;
#342 = CARTESIAN_POINT ( 'NONE',  ( 1.739900000000000002, -4.953000000000000291, 2.616200000000000081 ) ) ;
#343 = ORIENTED_EDGE ( 'NONE', *, *, #355, .T. ) ;
#344 = DIRECTION ( 'NONE',  ( 0.000000000000000000, 1.000000000000000000, 0.000000000000000000 ) ) ;
#345 = DIRECTION ( 'NONE',  ( 0.000000000000000000, 0.000000000000000000, -1.000000000000000000 ) ) ;
#346 = LINE ( 'NONE', #412, #3103 ) ;
#347 =( LENGTH_UNIT ( ) NAMED_UNIT ( * ) SI_UNIT ( .MILLI., .METRE. ) );
#348 = VERTEX_POINT ( 'NONE', #2029 ) ;
#349 = DIRECTION ( 'NONE',  ( 0.000000000000000000, 0.000000000000000000, -1.000000000000000000 ) ) ;
#350 = CARTESIAN_POINT ( 'NONE',  ( 1.866900000000000004, -5.359399999999999942, 2.870199999999999640 ) ) ;
#351 = CARTESIAN_POINT ( 'NONE',  ( 2.247900000000000009, -1.206500000000000128, -3.505199999999999871 ) ) ;
#352 = ORIENTED_EDGE ( 'NONE', *, *, #1009, .T. ) ;
#353 = EDGE_CURVE ( 'NONE', #2876, #1737, #1739, .T. ) ;
#354 = AXIS2_PLACEMENT_3D ( 'NONE', #635, #3179, #349 ) ;
#355 = EDGE_CURVE ( 'NONE', #2865, #3276, #361, .T. ) ;
#356 = CARTESIAN_POINT ( 'NONE',  ( -1.866900000000000004, -5.359399999999999942, -2.870199999999999640 ) ) ;
#357 = ORIENTED_EDGE ( 'NONE', *, *, #1938, .T. ) ;
#358 = VECTOR ( 'NONE', #2834, 1000.000000000000000 ) ;
#359 = CARTESIAN_POINT ( 'NONE',  ( -1.422400000000000109, 0.02540000000000000244, -3.048000000000000043 ) ) ;
#360 = VERTEX_POINT ( 'NONE', #3042 ) ;
#361 = LINE ( 'NONE', #1760, #3132 ) ;
#362 = FACE_OUTER_BOUND ( 'NONE', #1246, .T. ) ;
#363 = CARTESIAN_POINT ( 'NONE',  ( 1.066799999999999971, -0.7747000000000000552, 2.336800000000000210 ) ) ;
#364 = EDGE_LOOP ( 'NONE', ( #2594, #2520, #2443, #1985, #2916 ) ) ;
#365 = DIRECTION ( 'NONE',  ( 0.000000000000000000, 0.000000000000000000, -1.000000000000000000 ) ) ;
#366 = CARTESIAN_POINT ( 'NONE',  ( 2.247900000000000009, -0.7873999999999999888, 3.505199999999999871 ) ) ;
#367 = DIRECTION ( 'NONE',  ( 0.000000000000000000, 1.000000000000000000, 0.000000000000000000 ) ) ;
#368 = AXIS2_PLACEMENT_3D ( 'NONE', #1818, #558, #493 ) ;
#369 = DIRECTION ( 'NONE',  ( 0.000000000000000000, -1.000000000000000000, 0.000000000000000000 ) ) ;
#370 = VERTEX_POINT ( 'NONE', #877 ) ;
#371 = FACE_OUTER_BOUND ( 'NONE', #169, .T. ) ;
#372 = VECTOR ( 'NONE', #2430, 1000.000000000000000 ) ;
#373 = PLANE ( 'NONE',  #3241 ) ;
#374 = ORIENTED_EDGE ( 'NONE', *, *, #1834, .F. ) ;
#375 = LINE ( 'NONE', #1334, #3280 ) ;
#376 = ORIENTED_EDGE ( 'NONE', *, *, #1637, .T. ) ;
#377 = DIRECTION ( 'NONE',  ( 1.000000000000000000, 0.000000000000000000, 0.000000000000000000 ) ) ;
#378 = CARTESIAN_POINT ( 'NONE',  ( 1.270000000000000018, 0.000000000000000000, 2.540000000000000036 ) ) ;
#379 = LINE ( 'NONE', #2940, #1537 ) ;
#380 = VERTEX_POINT ( 'NONE', #3022 ) ;
#381 = LINE ( 'NONE', #935, #1716 ) ;
#382 = CARTESIAN_POINT ( 'NONE',  ( 1.042051961394482053E-16, 0.8408513409657575322, 0.8256246334882449966 ) ) ;
#383 = LINE ( 'NONE', #1798, #2039 ) ;
#384 = VERTEX_POINT ( 'NONE', #728 ) ;
#385 = AXIS2_PLACEMENT_3D ( 'NONE', #997, #1026, #1264 ) ;
#386 = DIRECTION ( 'NONE',  ( 0.000000000000000000, 0.000000000000000000, 1.000000000000000000 ) ) ;
#387 = VECTOR ( 'NONE', #2014, 1000.000000000000000 ) ;
#388 = ORIENTED_EDGE ( 'NONE', *, *, #2189, .F. ) ;
#389 = VECTOR ( 'NONE', #79, 1000.000000000000000 ) ;
#390 = DIRECTION ( 'NONE',  ( 1.000000000000000000, 0.000000000000000000, 0.000000000000000000 ) ) ;
#391 = EDGE_LOOP ( 'NONE', ( #2692, #1300, #2554, #1605 ) ) ;
#392 = AXIS2_PLACEMENT_3D ( 'NONE', #166, #650, #2473 ) ;
#393 = VECTOR ( 'NONE', #1215, 1000.000000000000000 ) ;
#394 = LINE ( 'NONE', #914, #2996 ) ;
#395 = APPLICATION_PROTOCOL_DEFINITION ( 'draft international standard', 'automotive_design', 1998, #1778 ) ;
#396 = EDGE_CURVE ( 'NONE', #3024, #380, #2261, .T. ) ;
#397 = EDGE_CURVE ( 'NONE', #2551, #1020, #2980, .T. ) ;
#398 = ORIENTED_EDGE ( 'NONE', *, *, #1855, .F. ) ;
#399 = DIRECTION ( 'NONE',  ( 1.000000000000000000, 0.000000000000000000, 8.537024980200820832E-16 ) ) ;
#400 = CYLINDRICAL_SURFACE ( 'NONE', #1202, 0.2032000000000001583 ) ;
#401 = CARTESIAN_POINT ( 'NONE',  ( 1.270000000000000018, 0.000000000000000000, -2.540000000000000036 ) ) ;
#402 = ORIENTED_EDGE ( 'NONE', *, *, #1774, .F. ) ;
#403 = VERTEX_POINT ( 'NONE', #2763 ) ;
#404 = DIRECTION ( 'NONE',  ( 0.000000000000000000, 1.000000000000000000, 0.000000000000000000 ) ) ;
#405 = LINE ( 'NONE', #460, #3252 ) ;
#406 = ADVANCED_FACE ( 'NONE', ( #2481 ), #2227, .F. ) ;
#407 = ORIENTED_EDGE ( 'NONE', *, *, #1624, .F. ) ;
#408 = DIRECTION ( 'NONE',  ( 1.000000000000000000, 0.000000000000000000, 0.000000000000000000 ) ) ;
#409 = ORIENTED_EDGE ( 'NONE', *, *, #2208, .T. ) ;
#410 = PRODUCT ( 'G1P-trmnls', 'G1P-trmnls', '', ( #2731 ) ) ;
#411 = EDGE_CURVE ( 'NONE', #2862, #2876, #529, .T. ) ;
#412 = CARTESIAN_POINT ( 'NONE',  ( 0.1905000000000000027, 1.346200000000000063, 1.714500000000000135 ) ) ;
#413 = CONTEXT_DEPENDENT_SHAPE_REPRESENTATION ( #1536, #946 ) ;
#414 = AXIS2_PLACEMENT_3D ( 'NONE', #1530, #2586, #252 ) ;
#415 = EDGE_CURVE ( 'NONE', #2469, #478, #2323, .T. ) ;
#416 = EDGE_LOOP ( 'NONE', ( #89, #1481, #982, #1831, #2204 ) ) ;
#417 = PLANE ( 'NONE',  #1451 ) ;
#418 = DIRECTION ( 'NONE',  ( 0.000000000000000000, 1.000000000000000000, 0.000000000000000000 ) ) ;
#419 = DIRECTION ( 'NONE',  ( 0.000000000000000000, 0.000000000000000000, -1.000000000000000000 ) ) ;
#420 = VERTEX_POINT ( 'NONE', #2574 ) ;
#421 = ORIENTED_EDGE ( 'NONE', *, *, #61, .F. ) ;
#422 = FACE_OUTER_BOUND ( 'NONE', #57, .T. ) ;
#423 = VECTOR ( 'NONE', #2744, 1000.000000000000000 ) ;
#424 = DIRECTION ( 'NONE',  ( 0.000000000000000000, -1.000000000000000000, 0.000000000000000000 ) ) ;
#425 = VERTEX_POINT ( 'NONE', #789 ) ;
#426 = VECTOR ( 'NONE', #2454, 1000.000000000000000 ) ;
#427 = CARTESIAN_POINT ( 'NONE',  ( -0.1905000000000000027, 1.600200000000000067, 1.714500000000000135 ) ) ;
#428 = ORIENTED_EDGE ( 'NONE', *, *, #1302, .F. ) ;
#429 = CARTESIAN_POINT ( 'NONE',  ( -1.866900000000000004, -5.410200000000000564, 2.108200000000000074 ) ) ;
#430 = ORIENTED_EDGE ( 'NONE', *, *, #2950, .T. ) ;
#431 = ADVANCED_FACE ( 'NONE', ( #740 ), #772, .T. ) ;
#432 = PLANE ( 'NONE',  #3264 ) ;
#433 = DIRECTION ( 'NONE',  ( 0.000000000000000000, 0.9335804264972017430, -0.3583679495452999908 ) ) ;
#434 = ORIENTED_EDGE ( 'NONE', *, *, #1852, .F. ) ;
#435 = ORIENTED_EDGE ( 'NONE', *, *, #2333, .F. ) ;
#436 = LINE ( 'NONE', #1466, #1271 ) ;
#437 = EDGE_CURVE ( 'NONE', #794, #1650, #2859, .T. ) ;
#438 = CARTESIAN_POINT ( 'NONE',  ( -1.143000000000000016, -4.572000000000000064, 3.454399999999999693 ) ) ;
#439 = PRODUCT ( 'G-actuator', 'G-actuator', '', ( #1966 ) ) ;
#440 = VECTOR ( 'NONE', #1805, 1000.000000000000000 ) ;
#441 = UNCERTAINTY_MEASURE_WITH_UNIT (LENGTH_MEASURE( 1.000000000000000082E-05 ), #1593, 'distance_accuracy_value', 'NONE');
#442 = ORIENTED_EDGE ( 'NONE', *, *, #2857, .T. ) ;
#443 = ADVANCED_FACE ( 'NONE', ( #524 ), #29, .F. ) ;
#444 = CARTESIAN_POINT ( 'NONE',  ( 0.000000000000000000, 1.600200000000000067, 0.000000000000000000 ) ) ;
#445 = AXIS2_PLACEMENT_3D ( 'NONE', #547, #1568, #1078 ) ;
#446 = APPLICATION_CONTEXT ( 'automotive_design' ) ;
#447 = DIRECTION ( 'NONE',  ( 0.000000000000000000, 0.000000000000000000, -1.000000000000000000 ) ) ;
#448 = ORIENTED_EDGE ( 'NONE', *, *, #2712, .T. ) ;
#449 = DIRECTION ( 'NONE',  ( 0.000000000000000000, 0.000000000000000000, -1.000000000000000000 ) ) ;
#450 = EDGE_CURVE ( 'NONE', #2808, #818, #2566, .T. ) ;
#451 = VECTOR ( 'NONE', #1159, 1000.000000000000000 ) ;
#452 = EDGE_LOOP ( 'NONE', ( #3090, #2983, #1427, #1143, #840, #1992, #699, #298 ) ) ;
#453 = VECTOR ( 'NONE', #1993, 1000.000000000000000 ) ;
#454 = DIRECTION ( 'NONE',  ( 0.000000000000000000, 1.000000000000000000, 0.000000000000000000 ) ) ;
#455 = CARTESIAN_POINT ( 'NONE',  ( -2.247900000000000009, -4.953000000000000291, -3.505199999999999871 ) ) ;
#456 = VECTOR ( 'NONE', #1468, 1000.000000000000000 ) ;
#457 = ORIENTED_EDGE ( 'NONE', *, *, #1104, .T. ) ;
#458 = ORIENTED_EDGE ( 'NONE', *, *, #948, .T. ) ;
#459 = DIRECTION ( 'NONE',  ( 1.000000000000000000, 0.000000000000000000, 0.000000000000000000 ) ) ;
#460 = CARTESIAN_POINT ( 'NONE',  ( 2.247900000000000009, -4.953000000000000291, 3.505199999999999871 ) ) ;
#461 = EDGE_CURVE ( 'NONE', #1008, #3033, #2607, .T. ) ;
#462 = VERTEX_POINT ( 'NONE', #258 ) ;
#463 = DIRECTION ( 'NONE',  ( 0.000000000000000000, -1.000000000000000000, 0.000000000000000000 ) ) ;
#464 = EDGE_CURVE ( 'NONE', #2982, #1887, #805, .T. ) ;
#465 = LINE ( 'NONE', #2987, #2468 ) ;
#466 = ORIENTED_EDGE ( 'NONE', *, *, #107, .T. ) ;
#467 = VECTOR ( 'NONE', #783, 1000.000000000000000 ) ;
#468 = APPLICATION_CONTEXT ( 'automotive_design' ) ;
#469 = DIRECTION ( 'NONE',  ( 0.000000000000000000, 1.000000000000000000, 0.000000000000000000 ) ) ;
#470 = LINE ( 'NONE', #2516, #1613 ) ;
#471 = PRESENTATION_LAYER_ASSIGNMENT (  '', '', ( #30 ) ) ;
#472 = FACE_OUTER_BOUND ( 'NONE', #1201, .T. ) ;
#473 = LINE ( 'NONE', #734, #480 ) ;
#474 = ORIENTED_EDGE ( 'NONE', *, *, #1837, .F. ) ;
#475 = ORIENTED_EDGE ( 'NONE', *, *, #663, .F. ) ;
#476 = LINE ( 'NONE', #1499, #2880 ) ;
#477 = DIRECTION ( 'NONE',  ( 0.000000000000000000, 0.000000000000000000, -1.000000000000000000 ) ) ;
#478 = VERTEX_POINT ( 'NONE', #1550 ) ;
#479 = CARTESIAN_POINT ( 'NONE',  ( 0.000000000000000000, 1.600200000000000067, 0.000000000000000000 ) ) ;
#480 = VECTOR ( 'NONE', #3081, 1000.000000000000000 ) ;
#481 = EDGE_CURVE ( 'NONE', #905, #1362, #755, .T. ) ;
#482 = LINE ( 'NONE', #3060, #2640 ) ;
#483 = VERTEX_POINT ( 'NONE', #243 ) ;
#484 = VECTOR ( 'NONE', #2124, 1000.000000000000000 ) ;
#485 = LINE ( 'NONE', #1524, #787 ) ;
#486 = PLANE ( 'NONE',  #1254 ) ;
#487 = DIRECTION ( 'NONE',  ( 0.000000000000000000, 0.000000000000000000, 1.000000000000000000 ) ) ;
#488 = ORIENTED_EDGE ( 'NONE', *, *, #781, .T. ) ;
#489 = PLANE ( 'NONE',  #2560 ) ;
#490 = DIRECTION ( 'NONE',  ( -1.000000000000000000, 0.000000000000000000, 3.671838701161640341E-16 ) ) ;
#491 = B_SPLINE_CURVE_WITH_KNOTS ( 'NONE', 3,
 ( #849, #1625, #1643, #2097 ),
 .UNSPECIFIED., .F., .F.,
 ( 4, 4 ),
 ( 0.0005363606196363819665, 0.0008965189850284400108 ),
 .UNSPECIFIED. ) ;
#492 = ORIENTED_EDGE ( 'NONE', *, *, #2631, .F. ) ;
#493 = DIRECTION ( 'NONE',  ( 0.000000000000000000, 1.000000000000000000, 0.000000000000000000 ) ) ;
#494 = CARTESIAN_POINT ( 'NONE',  ( -1.270000000000000018, 0.000000000000000000, 2.540000000000000036 ) ) ;
#495 = VERTEX_POINT ( 'NONE', #1331 ) ;
#496 = AXIS2_PLACEMENT_3D ( 'NONE', #2159, #1383, #2427 ) ;
#497 = FACE_OUTER_BOUND ( 'NONE', #38, .T. ) ;
#498 = EDGE_CURVE ( 'NONE', #2672, #1757, #961, .T. ) ;
#499 = CARTESIAN_POINT ( 'NONE',  ( -1.270000000000000018, -4.064000000000000057, -0.2032000000000000195 ) ) ;
#500 = EDGE_CURVE ( 'NONE', #2683, #2705, #1984, .T. ) ;
#501 = DIRECTION ( 'NONE',  ( 0.000000000000000000, 0.000000000000000000, 1.000000000000000000 ) ) ;
#502 = VECTOR ( 'NONE', #1747, 1000.000000000000000 ) ;
#503 = VERTEX_POINT ( 'NONE', #2043 ) ;
#504 = LINE ( 'NONE', #2552, #1437 ) ;
#505 = AXIS2_PLACEMENT_3D ( 'NONE', #1096, #1617, #2939 ) ;
#506 = DIRECTION ( 'NONE',  ( 0.000000000000000000, -1.000000000000000000, 0.000000000000000000 ) ) ;
#507 = AXIS2_PLACEMENT_3D ( 'NONE', #1531, #3307, #301 ) ;
#508 = ORIENTED_EDGE ( 'NONE', *, *, #1845, .T. ) ;
#509 = CARTESIAN_POINT ( 'NONE',  ( -1.739900000000000002, -4.953000000000000291, 2.108200000000000074 ) ) ;
#510 = EDGE_CURVE ( 'NONE', #1920, #2465, #2359, .T. ) ;
#511 = CARTESIAN_POINT ( 'NONE',  ( -1.739900000000000002, -5.359399999999999942, 2.616200000000000081 ) ) ;
#512 = ORIENTED_EDGE ( 'NONE', *, *, #2432, .F. ) ;
#513 = CARTESIAN_POINT ( 'NONE',  ( 0.000000000000000000, -0.7747000000000000552, 0.000000000000000000 ) ) ;
#514 = CARTESIAN_POINT ( 'NONE',  ( 0.1905000000000000027, 1.600200000000000067, 1.729439724303799997 ) ) ;
#515 =( LENGTH_UNIT ( ) NAMED_UNIT ( * ) SI_UNIT ( .MILLI., .METRE. ) );
#516 = DIRECTION ( 'NONE',  ( 0.000000000000000000, 1.000000000000000000, 0.000000000000000000 ) ) ;
#517 = EDGE_CURVE ( 'NONE', #51, #2180, #1296, .T. ) ;
#518 = VERTEX_POINT ( 'NONE', #46 ) ;
#519 = VECTOR ( 'NONE', #2282, 1000.000000000000000 ) ;
#520 = DIRECTION ( 'NONE',  ( 1.000000000000000000, 0.000000000000000000, 0.000000000000000000 ) ) ;
#521 = DIRECTION ( 'NONE',  ( 0.000000000000000000, 1.000000000000000000, 0.000000000000000000 ) ) ;
#522 = AXIS2_PLACEMENT_3D ( 'NONE', #3270, #1769, #3111 ) ;
#523 = ORIENTED_EDGE ( 'NONE', *, *, #999, .T. ) ;
#524 = FACE_OUTER_BOUND ( 'NONE', #1662, .T. ) ;
#525 = CARTESIAN_POINT ( 'NONE',  ( 1.042051961394482053E-16, 0.8408513409657575322, 0.8256246334882449966 ) ) ;
#526 = VERTEX_POINT ( 'NONE', #1533 ) ;
#527 = AXIS2_PLACEMENT_3D ( 'NONE', #1184, #2198, #1687 ) ;
#528 = AXIS2_PLACEMENT_3D ( 'NONE', #2597, #294, #2108 ) ;
#529 = CIRCLE ( 'NONE', #1817, 1.117600525558065883 ) ;
#530 = ORIENTED_EDGE ( 'NONE', *, *, #2086, .F. ) ;
#531 = ORIENTED_EDGE ( 'NONE', *, *, #2673, .T. ) ;
#532 = DIRECTION ( 'NONE',  ( 1.000000000000000000, 0.000000000000000000, 0.000000000000000000 ) ) ;
#533 = DIRECTION ( 'NONE',  ( 0.000000000000000000, 0.000000000000000000, -1.000000000000000000 ) ) ;
#534 = CIRCLE ( 'NONE', #2308, 1.117600525558065883 ) ;
#535 = ORIENTED_EDGE ( 'NONE', *, *, #605, .F. ) ;
#536 = FACE_OUTER_BOUND ( 'NONE', #222, .T. ) ;
#537 = CARTESIAN_POINT ( 'NONE',  ( 2.247900000000000009, -0.7747000000000000552, -2.336800000000000210 ) ) ;
#538 = EDGE_CURVE ( 'NONE', #2431, #1303, #1563, .T. ) ;
#539 = VERTEX_POINT ( 'NONE', #3072 ) ;
#540 = DIRECTION ( 'NONE',  ( 0.000000000000000000, -1.000000000000000000, 0.000000000000000000 ) ) ;
#541 = ADVANCED_FACE ( 'NONE', ( #2555 ), #1282, .F. ) ;
#542 = FACE_OUTER_BOUND ( 'NONE', #891, .T. ) ;
#543 = ADVANCED_FACE ( 'NONE', ( #1316 ), #2343, .F. ) ;
#544 = ORIENTED_EDGE ( 'NONE', *, *, #2121, .F. ) ;
#545 = ORIENTED_EDGE ( 'NONE', *, *, #1089, .F. ) ;
#546 = STYLED_ITEM ( 'NONE', ( #763 ), #1719 ) ;
#547 = CARTESIAN_POINT ( 'NONE',  ( 0.000000000000000000, 1.600200000000000067, 0.000000000000000000 ) ) ;
#548 = FACE_OUTER_BOUND ( 'NONE', #158, .T. ) ;
#549 = PLANE ( 'NONE',  #2075 ) ;
#550 = SHAPE_REPRESENTATION_RELATIONSHIP ( 'NONE' , 'NONE' ,  #2748, #619 ) ;
#551 = EDGE_CURVE ( 'NONE', #1081, #1714, #1663, .T. ) ;
#552 = ORIENTED_EDGE ( 'NONE', *, *, #415, .T. ) ;
#553 = DIRECTION ( 'NONE',  ( 0.000000000000000000, 0.000000000000000000, -1.000000000000000000 ) ) ;
#554 = PLANE ( 'NONE',  #507 ) ;
#555 = CIRCLE ( 'NONE', #2918, 0.2032000000000001583 ) ;
#556 = VERTEX_POINT ( 'NONE', #820 ) ;
#557 = AXIS2_PLACEMENT_3D ( 'NONE', #2872, #816, #2636 ) ;
#558 = DIRECTION ( 'NONE',  ( 1.000000000000000000, 0.000000000000000000, 0.000000000000000000 ) ) ;
#559 = EDGE_CURVE ( 'NONE', #1346, #1036, #2690, .T. ) ;
#560 = LINE ( 'NONE', #1579, #2587 ) ;
#561 = EDGE_CURVE ( 'NONE', #2408, #1309, #2949, .T. ) ;
#562 = ORIENTED_EDGE ( 'NONE', *, *, #2393, .F. ) ;
#563 = ADVANCED_FACE ( 'NONE', ( #371 ), #869, .F. ) ;
#564 = VERTEX_POINT ( 'NONE', #1088 ) ;
#565 = PLANE ( 'NONE',  #2321 ) ;
#566 = CARTESIAN_POINT ( 'NONE',  ( -1.422400000000000109, 0.000000000000000000, -3.048000000000000043 ) ) ;
#567 = FILL_AREA_STYLE_COLOUR ( '', #332 ) ;
#568 = DIRECTION ( 'NONE',  ( 1.000000000000000000, 0.000000000000000000, 0.000000000000000000 ) ) ;
#569 = VERTEX_POINT ( 'NONE', #1854 ) ;
#570 = CARTESIAN_POINT ( 'NONE',  ( -1.866900000000000004, -5.359399999999999942, -2.870199999999999640 ) ) ;
#571 = PLANE ( 'NONE',  #2496 ) ;
#572 = DIRECTION ( 'NONE',  ( 0.000000000000000000, -1.000000000000000000, 0.000000000000000000 ) ) ;
#573 = ORIENTED_EDGE ( 'NONE', *, *, #1916, .T. ) ;
#574 = PRESENTATION_STYLE_ASSIGNMENT (( #609 ) ) ;
#575 = VECTOR ( 'NONE', #2053, 1000.000000000000000 ) ;
#576 = DIRECTION ( 'NONE',  ( 1.000000000000000000, 0.000000000000000000, 0.000000000000000000 ) ) ;
#577 = ORIENTED_EDGE ( 'NONE', *, *, #1356, .F. ) ;
#578 = ADVANCED_FACE ( 'NONE', ( #337, #2120 ), #1347, .T. ) ;
#579 = PLANE ( 'NONE',  #267 ) ;
#580 = ORIENTED_EDGE ( 'NONE', *, *, #1874, .T. ) ;
#581 = EDGE_CURVE ( 'NONE', #2788, #2672, #1126, .T. ) ;
#582 = PLANE ( 'NONE',  #1706 ) ;
#583 = CARTESIAN_POINT ( 'NONE',  ( 0.000000000000000000, -4.953000000000000291, 0.000000000000000000 ) ) ;
#584 = FACE_OUTER_BOUND ( 'NONE', #2689, .T. ) ;
#585 = DIRECTION ( 'NONE',  ( 1.000000000000000000, 0.000000000000000000, 0.000000000000000000 ) ) ;
#586 = VECTOR ( 'NONE', #501, 1000.000000000000000 ) ;
#587 = ORIENTED_EDGE ( 'NONE', *, *, #3177, .F. ) ;
#588 = LINE ( 'NONE', #1140, #1913 ) ;
#589 = VECTOR ( 'NONE', #399, 1000.000000000000000 ) ;
#590 = FACE_OUTER_BOUND ( 'NONE', #2090, .T. ) ;
#591 = LINE ( 'NONE', #1988, #1251 ) ;
#592 = EDGE_LOOP ( 'NONE', ( #3267, #245, #1880, #833 ) ) ;
#593 = CARTESIAN_POINT ( 'NONE',  ( 1.066799999999999971, -0.7747000000000000552, -2.336800000000000210 ) ) ;
#594 = CARTESIAN_POINT ( 'NONE',  ( -1.422400000000000109, 0.000000000000000000, 3.048000000000000043 ) ) ;
#595 = ORIENTED_EDGE ( 'NONE', *, *, #3045, .T. ) ;
#596 = DIRECTION ( 'NONE',  ( 0.000000000000000000, 0.000000000000000000, 1.000000000000000000 ) ) ;
#597 = VERTEX_POINT ( 'NONE', #2375 ) ;
#598 = LINE ( 'NONE', #1860, #864 ) ;
#599 = DIRECTION ( 'NONE',  ( 0.000000000000000000, 1.000000000000000000, 0.000000000000000000 ) ) ;
#600 = DIRECTION ( 'NONE',  ( 0.000000000000000000, 0.000000000000000000, -1.000000000000000000 ) ) ;
#601 = EDGE_CURVE ( 'NONE', #638, #1682, #2444, .T. ) ;
#602 = MANIFOLD_SOLID_BREP ( 'Imported1', #1269 ) ;
#603 = ORIENTED_EDGE ( 'NONE', *, *, #2197, .T. ) ;
#604 = FACE_OUTER_BOUND ( 'NONE', #10, .T. ) ;
#605 = EDGE_CURVE ( 'NONE', #1920, #1286, #3205, .T. ) ;
#606 = LINE ( 'NONE', #350, #2384 ) ;
#607 = DIRECTION ( 'NONE',  ( 1.000000000000000000, 0.000000000000000000, 0.000000000000000000 ) ) ;
#608 = ORIENTED_EDGE ( 'NONE', *, *, #3145, .F. ) ;
#609 = SURFACE_STYLE_USAGE ( .BOTH. , #1646 ) ;
#610 = DIRECTION ( 'NONE',  ( 0.3373590105877101175, -0.8788502693579622882, 0.3373590105877101175 ) ) ;
#611 = CIRCLE ( 'NONE', #1740, 0.2539999999999998925 ) ;
#612 = VERTEX_POINT ( 'NONE', #834 ) ;
#613 = AXIS2_PLACEMENT_3D ( 'NONE', #2617, #1069, #622 ) ;
#614 = CARTESIAN_POINT ( 'NONE',  ( 2.247900000000000009, -1.206500000000000128, -2.336800000000000210 ) ) ;
#615 = ORIENTED_EDGE ( 'NONE', *, *, #841, .F. ) ;
#616 = LINE ( 'NONE', #192, #423 ) ;
#617 = PLANE ( 'NONE',  #1087 ) ;
#618 = DIRECTION ( 'NONE',  ( 0.000000000000000000, -1.000000000000000000, 0.000000000000000000 ) ) ;
#619 = ADVANCED_BREP_SHAPE_REPRESENTATION ( '', ( #1719, #2952 ), #1283 ) ;
#620 = VERTEX_POINT ( 'NONE', #139 ) ;
#621 = LINE ( 'NONE', #95, #777 ) ;
#622 = DIRECTION ( 'NONE',  ( -1.000000000000000000, 0.000000000000000000, 0.000000000000000000 ) ) ;
#623 = CARTESIAN_POINT ( 'NONE',  ( 2.247900000000000009, -4.953000000000000291, 2.108200000000000074 ) ) ;
#624 = ORIENTED_EDGE ( 'NONE', *, *, #2264, .T. ) ;
#625 = VECTOR ( 'NONE', #2652, 1000.000000000000000 ) ;
#626 = CARTESIAN_POINT ( 'NONE',  ( 1.980045381237569790, -0.08961486173426329305, 3.237345381237565434 ) ) ;
#627 = ORIENTED_EDGE ( 'NONE', *, *, #3318, .F. ) ;
#628 = CARTESIAN_POINT ( 'NONE',  ( -1.270000000000000018, -4.064000000000000057, -2.743200000000000305 ) ) ;
#629 = EDGE_LOOP ( 'NONE', ( #2353, #1497, #2644, #84 ) ) ;
#630 = DIRECTION ( 'NONE',  ( 0.000000000000000000, 0.000000000000000000, -1.000000000000000000 ) ) ;
#631 = CARTESIAN_POINT ( 'NONE',  ( -1.422400000000000109, 0.000000000000000000, 2.405595833397919936 ) ) ;
#632 = LINE ( 'NONE', #2648, #2556 ) ;
#633 = APPLICATION_PROTOCOL_DEFINITION ( 'draft international standard', 'automotive_design', 1998, #446 ) ;
#634 = ORIENTED_EDGE ( 'NONE', *, *, #995, .T. ) ;
#635 = CARTESIAN_POINT ( 'NONE',  ( 1.143000000000000016, -3.810000000000000053, 7.620000000000000107 ) ) ;
#636 = PLANE ( 'NONE',  #613 ) ;
#637 = DIRECTION ( 'NONE',  ( 1.000000000000000000, 0.000000000000000000, 0.000000000000000000 ) ) ;
#638 = VERTEX_POINT ( 'NONE', #593 ) ;
#639 = DIRECTION ( 'NONE',  ( 0.000000000000000000, 0.000000000000000000, -1.000000000000000000 ) ) ;
#640 = ADVANCED_FACE ( 'NONE', ( #2657 ), #1610, .T. ) ;
#641 = EDGE_LOOP ( 'NONE', ( #448, #2397 ) ) ;
#642 = EDGE_CURVE ( 'NONE', #925, #2746, #82, .T. ) ;
#643 = EDGE_CURVE ( 'NONE', #1945, #2408, #852, .T. ) ;
#644 = DIRECTION ( 'NONE',  ( 0.000000000000000000, -1.000000000000000000, 0.000000000000000000 ) ) ;
#645 = ORIENTED_EDGE ( 'NONE', *, *, #3145, .T. ) ;
#646 = CARTESIAN_POINT ( 'NONE',  ( 1.422400000000000109, 0.000000000000000000, 2.674404166602074806 ) ) ;
#647 =( NAMED_UNIT ( * ) SI_UNIT ( $, .STERADIAN. ) SOLID_ANGLE_UNIT ( ) );
#648 = ORIENTED_EDGE ( 'NONE', *, *, #2634, .F. ) ;
#649 = DIRECTION ( 'NONE',  ( 1.000000000000000000, 0.000000000000000000, 0.000000000000000000 ) ) ;
#650 = DIRECTION ( 'NONE',  ( 0.000000000000000000, -1.000000000000000000, 0.000000000000000000 ) ) ;
#651 = EDGE_CURVE ( 'NONE', #1401, #1379, #1754, .T. ) ;
#652 = DIRECTION ( 'NONE',  ( 0.000000000000000000, 0.000000000000000000, 1.000000000000000000 ) ) ;
#653 = ORIENTED_EDGE ( 'NONE', *, *, #2799, .T. ) ;
#654 = ORIENTED_EDGE ( 'NONE', *, *, #2569, .F. ) ;
#655 = CIRCLE ( 'NONE', #496, 0.3810000000000000608 ) ;
#656 = CARTESIAN_POINT ( 'NONE',  ( -1.270000000000000018, -4.064000000000000057, -2.540000000000000036 ) ) ;
#657 = LINE ( 'NONE', #1995, #3199 ) ;
#658 = ORIENTED_EDGE ( 'NONE', *, *, #1962, .F. ) ;
#659 = VECTOR ( 'NONE', #2501, 1000.000000000000000 ) ;
#660 = ADVANCED_FACE ( 'NONE', ( #3034 ), #2707, .F. ) ;
#661 = CARTESIAN_POINT ( 'NONE',  ( 1.042051961394482053E-16, 5.104524821367728116, -0.2374285601558134839 ) ) ;
#662 = VERTEX_POINT ( 'NONE', #2775 ) ;
#663 = EDGE_CURVE ( 'NONE', #556, #119, #958, .T. ) ;
#664 = CIRCLE ( 'NONE', #392, 1.993899999999999784 ) ;
#665 = AXIS2_PLACEMENT_3D ( 'NONE', #996, #1997, #630 ) ;
#666 = ORIENTED_EDGE ( 'NONE', *, *, #2, .F. ) ;
#667 = CARTESIAN_POINT ( 'NONE',  ( -1.066799999999999971, -0.7747000000000000552, -3.500324926755045141 ) ) ;
#668 = CARTESIAN_POINT ( 'NONE',  ( 1.866900000000000004, -5.359399999999999942, -2.870199999999999640 ) ) ;
#669 = CARTESIAN_POINT ( 'NONE',  ( 1.270000000000000018, -4.064000000000000057, 2.336800000000000210 ) ) ;
#670 = EDGE_LOOP ( 'NONE', ( #2059, #2379, #3113, #1489 ) ) ;
#671 = ORIENTED_EDGE ( 'NONE', *, *, #2550, .T. ) ;
#672 = DIRECTION ( 'NONE',  ( -0.9335804264972018540, 0.3583679495453000463, 0.000000000000000000 ) ) ;
#673 = FACE_OUTER_BOUND ( 'NONE', #2948, .T. ) ;
#674 = PRODUCT_DEFINITION_CONTEXT ( 'detailed design', #1944, 'design' ) ;
#675 = ORIENTED_EDGE ( 'NONE', *, *, #1487, .F. ) ;
#676 = DIRECTION ( 'NONE',  ( 0.000000000000000000, -0.2419218955996680909, -0.9702957262759964729 ) ) ;
#677 = ORIENTED_EDGE ( 'NONE', *, *, #1630, .T. ) ;
#678 = AXIS2_PLACEMENT_3D ( 'NONE', #22, #1355, #1050 ) ;
#679 = EDGE_CURVE ( 'NONE', #2238, #1196, #1677, .T. ) ;
#680 = EDGE_CURVE ( 'NONE', #2480, #3044, #2329, .T. ) ;
#681 = CARTESIAN_POINT ( 'NONE',  ( 1.143000000000000016, -5.410200000000000564, -3.505199999999999871 ) ) ;
#682 = EDGE_CURVE ( 'NONE', #2475, #2046, #1482, .T. ) ;
#683 = ORIENTED_EDGE ( 'NONE', *, *, #695, .T. ) ;
#684 = DIRECTION ( 'NONE',  ( 1.000000000000000000, 0.000000000000000000, 0.000000000000000000 ) ) ;
#685 = EDGE_CURVE ( 'NONE', #612, #911, #2761, .T. ) ;
#686 = ORIENTED_EDGE ( 'NONE', *, *, #1238, .T. ) ;
#687 = ORIENTED_EDGE ( 'NONE', *, *, #2295, .F. ) ;
#688 = DIRECTION ( 'NONE',  ( -1.000000000000000000, 0.000000000000000000, 0.000000000000000000 ) ) ;
#689 = VECTOR ( 'NONE', #3102, 1000.000000000000000 ) ;
#690 = CARTESIAN_POINT ( 'NONE',  ( 0.1905000000000000027, 1.346200000000000063, 1.714500000000000135 ) ) ;
#691 = VECTOR ( 'NONE', #1052, 1000.000000000000000 ) ;
#692 = ORIENTED_EDGE ( 'NONE', *, *, #3140, .F. ) ;
#693 = CARTESIAN_POINT ( 'NONE',  ( 1.270000000000000018, 0.000000000000000000, -2.540000000000000036 ) ) ;
#694 = VECTOR ( 'NONE', #215, 1000.000000000000000 ) ;
#695 = EDGE_CURVE ( 'NONE', #173, #1335, #287, .T. ) ;
#696 = CARTESIAN_POINT ( 'NONE',  ( -1.739900000000000002, -5.359399999999999942, 2.108200000000000074 ) ) ;
#697 = VERTEX_POINT ( 'NONE', #3288 ) ;
#698 = CARTESIAN_POINT ( 'NONE',  ( 0.000000000000000000, -4.953000000000000291, 0.000000000000000000 ) ) ;
#699 = ORIENTED_EDGE ( 'NONE', *, *, #760, .F. ) ;
#700 = DIRECTION ( 'NONE',  ( 0.000000000000000000, -1.000000000000000000, 0.000000000000000000 ) ) ;
#701 = LINE ( 'NONE', #2979, #2891 ) ;
#702 = EDGE_CURVE ( 'NONE', #348, #612, #151, .T. ) ;
#703 = EDGE_LOOP ( 'NONE', ( #2774, #530, #1903, #2022 ) ) ;
#704 = VERTEX_POINT ( 'NONE', #975 ) ;
#705 = EDGE_CURVE ( 'NONE', #3033, #2943, #476, .T. ) ;
#706 = FACE_OUTER_BOUND ( 'NONE', #2606, .T. ) ;
#707 = DIRECTION ( 'NONE',  ( 0.3583679495452999908, 0.9335804264972017430, 0.000000000000000000 ) ) ;
#708 = AXIS2_PLACEMENT_3D ( 'NONE', #3167, #66, #1836 ) ;
#709 = ORIENTED_EDGE ( 'NONE', *, *, #2286, .T. ) ;
#710 = CARTESIAN_POINT ( 'NONE',  ( -1.270000000000000018, -4.064000000000000057, -2.336800000000000210 ) ) ;
#711 = CIRCLE ( 'NONE', #279, 0.2032000000000001583 ) ;
#712 = LINE ( 'NONE', #3260, #848 ) ;
#713 = ORIENTED_EDGE ( 'NONE', *, *, #1686, .F. ) ;
#714 = FACE_OUTER_BOUND ( 'NONE', #2615, .T. ) ;
#715 = CARTESIAN_POINT ( 'NONE',  ( -1.612900000000000000, -5.359399999999999942, -2.870199999999999640 ) ) ;
#716 = AXIS2_PLACEMENT_3D ( 'NONE', #778, #2833, #532 ) ;
#717 = CARTESIAN_POINT ( 'NONE',  ( -1.143000000000000016, -4.368800000000000239, 3.454399999999999693 ) ) ;
#718 = VECTOR ( 'NONE', #386, 1000.000000000000000 ) ;
#719 = DIRECTION ( 'NONE',  ( 0.000000000000000000, 0.000000000000000000, 1.000000000000000000 ) ) ;
#720 = CARTESIAN_POINT ( 'NONE',  ( -1.066799999999999971, -0.7747000000000000552, 2.336800000000000210 ) ) ;
#721 = VECTOR ( 'NONE', #2770, 1000.000000000000000 ) ;
#722 = ORIENTED_EDGE ( 'NONE', *, *, #437, .F. ) ;
#723 = ORIENTED_EDGE ( 'NONE', *, *, #2290, .T. ) ;
#724 = CARTESIAN_POINT ( 'NONE',  ( 0.000000000000000000, -0.7747000000000000552, 0.000000000000000000 ) ) ;
#725 = EDGE_CURVE ( 'NONE', #3228, #2865, #1972, .T. ) ;
#726 = DIRECTION ( 'NONE',  ( 0.000000000000000000, 0.000000000000000000, 1.000000000000000000 ) ) ;
#727 = EDGE_LOOP ( 'NONE', ( #2251, #1839, #615, #577, #1776, #2955 ) ) ;
#728 = CARTESIAN_POINT ( 'NONE',  ( -1.866900000000000004, -5.410200000000000564, -2.870199999999999640 ) ) ;
#729 = CARTESIAN_POINT ( 'NONE',  ( 0.000000000000000000, 1.346200000000000063, 0.000000000000000000 ) ) ;
#730 = ORIENTED_EDGE ( 'NONE', *, *, #1051, .F. ) ;
#731 = PLANE ( 'NONE',  #2404 ) ;
#732 = AXIS2_PLACEMENT_3D ( 'NONE', #2151, #160, #1656 ) ;
#733 = CARTESIAN_POINT ( 'NONE',  ( 1.270000000000000018, -4.064000000000000057, 2.540000000000000036 ) ) ;
#734 = CARTESIAN_POINT ( 'NONE',  ( -2.247900000000000009, -3.810000000000000053, 3.505199999999999871 ) ) ;
#735 = ORIENTED_EDGE ( 'NONE', *, *, #2798, .T. ) ;
#736 = EDGE_LOOP ( 'NONE', ( #466, #216, #1209, #357 ) ) ;
#737 = DIRECTION ( 'NONE',  ( 0.000000000000000000, 1.000000000000000000, 0.000000000000000000 ) ) ;
#738 = CARTESIAN_POINT ( 'NONE',  ( 0.000000000000000000, 0.000000000000000000, -1.993899999999999784 ) ) ;
#739 = EDGE_LOOP ( 'NONE', ( #2842, #144 ) ) ;
#740 = FACE_OUTER_BOUND ( 'NONE', #1166, .T. ) ;
#741 = AXIS2_PLACEMENT_3D ( 'NONE', #2421, #56, #1080 ) ;
#742 = DIRECTION ( 'NONE',  ( 0.000000000000000000, 0.000000000000000000, 1.000000000000000000 ) ) ;
#743 = ORIENTED_EDGE ( 'NONE', *, *, #1624, .T. ) ;
#744 = EDGE_CURVE ( 'NONE', #2271, #125, #90, .T. ) ;
#745 = AXIS2_PLACEMENT_3D ( 'NONE', #1924, #644, #2624 ) ;
#746 = ADVANCED_FACE ( 'NONE', ( #1176 ), #2205, .T. ) ;
#747 = PLANE ( 'NONE',  #88 ) ;
#748 = DIRECTION ( 'NONE',  ( 8.537024980200820832E-16, 0.000000000000000000, -1.000000000000000000 ) ) ;
#749 = DIRECTION ( 'NONE',  ( 1.855874995695829758E-16, 0.000000000000000000, -1.000000000000000000 ) ) ;
#750 = ORIENTED_EDGE ( 'NONE', *, *, #2932, .F. ) ;
#751 = DIRECTION ( 'NONE',  ( 1.000000000000000000, 0.000000000000000000, 0.000000000000000000 ) ) ;
#752 = ADVANCED_FACE ( 'NONE', ( #422 ), #3019, .T. ) ;
#753 = CARTESIAN_POINT ( 'NONE',  ( 1.270000000000000018, -4.064000000000000057, -2.743200000000000305 ) ) ;
#754 = ORIENTED_EDGE ( 'NONE', *, *, #2922, .F. ) ;
#755 = LINE ( 'NONE', #286, #100 ) ;
#756 = ADVANCED_FACE ( 'NONE', ( #706 ), #188, .F. ) ;
#757 = DIRECTION ( 'NONE',  ( 0.000000000000000000, 1.000000000000000000, 0.000000000000000000 ) ) ;
#758 = ORIENTED_EDGE ( 'NONE', *, *, #2295, .T. ) ;
#759 = VECTOR ( 'NONE', #1862, 1000.000000000000000 ) ;
#760 = EDGE_CURVE ( 'NONE', #2602, #1714, #436, .T. ) ;
#761 = DIRECTION ( 'NONE',  ( 0.000000000000000000, -1.000000000000000000, 0.000000000000000000 ) ) ;
#762 = PLANE ( 'NONE',  #3036 ) ;
#763 = PRESENTATION_STYLE_ASSIGNMENT (( #2352 ) ) ;
#764 = FACE_OUTER_BOUND ( 'NONE', #727, .T. ) ;
#765 = AXIS2_PLACEMENT_3D ( 'NONE', #2136, #1102, #2407 ) ;
#766 = EDGE_LOOP ( 'NONE', ( #1554, #434, #260, #352 ) ) ;
#767 = DIRECTION ( 'NONE',  ( 0.000000000000000000, 0.000000000000000000, 1.000000000000000000 ) ) ;
#768 = CIRCLE ( 'NONE', #2540, 0.2032000000000001583 ) ;
#769 = CARTESIAN_POINT ( 'NONE',  ( 0.000000000000000000, 4.898673480401970259, -1.063053193644059924 ) ) ;
#770 = CIRCLE ( 'NONE', #1039, 0.8508999999999996566 ) ;
#771 = ORIENTED_EDGE ( 'NONE', *, *, #1647, .T. ) ;
#772 = PLANE ( 'NONE',  #368 ) ;
#773 = LINE ( 'NONE', #511, #440 ) ;
#774 = ORIENTED_EDGE ( 'NONE', *, *, #1385, .T. ) ;
#775 = ADVANCED_FACE ( 'NONE', ( #1211 ), #2239, .T. ) ;
#776 = LINE ( 'NONE', #2527, #1107 ) ;
#777 = VECTOR ( 'NONE', #865, 1000.000000000000000 ) ;
#778 = CARTESIAN_POINT ( 'NONE',  ( -1.270000000000000018, -4.064000000000000057, 2.540000000000000036 ) ) ;
#779 = CARTESIAN_POINT ( 'NONE',  ( 1.866900000000000004, -5.359399999999999942, 2.870199999999999640 ) ) ;
#780 = DIRECTION ( 'NONE',  ( 0.000000000000000000, -0.2419218955996680909, -0.9702957262759964729 ) ) ;
#781 = EDGE_CURVE ( 'NONE', #526, #3256, #1560, .T. ) ;
#782 = ORIENTED_EDGE ( 'NONE', *, *, #83, .T. ) ;
#783 = DIRECTION ( 'NONE',  ( 0.000000000000000000, 0.000000000000000000, 1.000000000000000000 ) ) ;
#784 = EDGE_CURVE ( 'NONE', #1682, #2797, #504, .T. ) ;
#785 = LINE ( 'NONE', #1814, #2814 ) ;
#786 = EDGE_CURVE ( 'NONE', #125, #2271, #2460, .T. ) ;
#787 = VECTOR ( 'NONE', #3092, 1000.000000000000000 ) ;
#788 = ORIENTED_EDGE ( 'NONE', *, *, #702, .T. ) ;
#789 = CARTESIAN_POINT ( 'NONE',  ( 2.247900000000000009, -1.206500000000000128, 2.336800000000000210 ) ) ;
#790 = CARTESIAN_POINT ( 'NONE',  ( 1.143000000000000016, -3.810000000000000053, 7.620000000000000107 ) ) ;
#791 = ORIENTED_EDGE ( 'NONE', *, *, #355, .F. ) ;
#792 = EDGE_CURVE ( 'NONE', #380, #2485, #799, .T. ) ;
#793 = VECTOR ( 'NONE', #1072, 1000.000000000000000 ) ;
#794 = VERTEX_POINT ( 'NONE', #2806 ) ;
#795 = DIRECTION ( 'NONE',  ( 0.000000000000000000, 1.000000000000000000, 0.000000000000000000 ) ) ;
#796 = DIRECTION ( 'NONE',  ( 0.000000000000000000, 0.000000000000000000, -1.000000000000000000 ) ) ;
#797 = SURFACE_SIDE_STYLE ('',( #3109 ) ) ;
#798 = EDGE_LOOP ( 'NONE', ( #1156, #195, #587, #1753 ) ) ;
#799 = LINE ( 'NONE', #1574, #2294 ) ;
#800 = EDGE_CURVE ( 'NONE', #2650, #3276, #835, .T. ) ;
#801 = PLANE ( 'NONE',  #1148 ) ;
#802 = ADVANCED_FACE ( 'NONE', ( #536 ), #1293, .T. ) ;
#803 = ADVANCED_FACE ( 'NONE', ( #3053 ), #238, .F. ) ;
#804 = ORIENTED_EDGE ( 'NONE', *, *, #995, .F. ) ;
#805 = LINE ( 'NONE', #2844, #3007 ) ;
#806 = CARTESIAN_POINT ( 'NONE',  ( 5.754615309193407744E-17, 5.012352579144253362, -0.6071112318669694696 ) ) ;
#807 = ORIENTED_EDGE ( 'NONE', *, *, #3012, .F. ) ;
#808 = VERTEX_POINT ( 'NONE', #1828 ) ;
#809 = VECTOR ( 'NONE', #1565, 1000.000000000000000 ) ;
#810 = CARTESIAN_POINT ( 'NONE',  ( -2.247900000000000009, -5.410200000000000564, -3.505199999999999871 ) ) ;
#811 = DIRECTION ( 'NONE',  ( -0.000000000000000000, 1.000000000000000000, 0.000000000000000000 ) ) ;
#812 = VERTEX_POINT ( 'NONE', #11 ) ;
#813 = CARTESIAN_POINT ( 'NONE',  ( -1.066799999999999971, -1.206500000000000128, -3.505199999999999871 ) ) ;
#814 = CYLINDRICAL_SURFACE ( 'NONE', #1420, 0.8508999999999996566 ) ;
#815 = AXIS2_PLACEMENT_3D ( 'NONE', #2335, #1556, #1064 ) ;
#816 = DIRECTION ( 'NONE',  ( -0.000000000000000000, 1.000000000000000000, 0.000000000000000000 ) ) ;
#817 = EDGE_CURVE ( 'NONE', #2519, #2037, #2318, .T. ) ;
#818 = VERTEX_POINT ( 'NONE', #1243 ) ;
#819 = AXIS2_PLACEMENT_3D ( 'NONE', #1151, #3193, #844 ) ;
#820 = CARTESIAN_POINT ( 'NONE',  ( -1.066799999999999971, -0.7873999999999999888, 3.505199999999999871 ) ) ;
#821 = ADVANCED_FACE ( 'NONE', ( #3317 ), #282, .T. ) ;
#822 = ORIENTED_EDGE ( 'NONE', *, *, #1845, .F. ) ;
#823 = CARTESIAN_POINT ( 'NONE',  ( 0.000000000000000000, 0.6350000000000000089, 0.000000000000000000 ) ) ;
#824 = ORIENTED_EDGE ( 'NONE', *, *, #2584, .F. ) ;
#825 = DIRECTION ( 'NONE',  ( 0.000000000000000000, -1.000000000000000000, 0.000000000000000000 ) ) ;
#826 = DIRECTION ( 'NONE',  ( -1.000000000000000000, 0.000000000000000000, 0.000000000000000000 ) ) ;
#827 = DIRECTION ( 'NONE',  ( -1.000000000000000000, 0.000000000000000000, 0.000000000000000000 ) ) ;
#828 = ORIENTED_EDGE ( 'NONE', *, *, #86, .T. ) ;
#829 = PLANE ( 'NONE',  #1048 ) ;
#830 = LINE ( 'NONE', #1359, #984 ) ;
#831 = CARTESIAN_POINT ( 'NONE',  ( 2.247900000000000009, 0.000000000000000000, -3.202945458813109880 ) ) ;
#832 = AXIS2_PLACEMENT_3D ( 'NONE', #1618, #2467, #2434 ) ;
#833 = ORIENTED_EDGE ( 'NONE', *, *, #312, .F. ) ;
#834 = CARTESIAN_POINT ( 'NONE',  ( 2.441823252819907367E-16, 0.000000000000000000, 1.993899999999999784 ) ) ;
#835 = CIRCLE ( 'NONE', #255, 0.2032000000000000195 ) ;
#836 = CARTESIAN_POINT ( 'NONE',  ( -1.270000000000000018, 0.000000000000000000, -2.336800000000000210 ) ) ;
#837 = ORIENTED_EDGE ( 'NONE', *, *, #581, .T. ) ;
#838 = ADVANCED_FACE ( 'NONE', ( #1055 ), #489, .T. ) ;
#839 = CARTESIAN_POINT ( 'NONE',  ( 2.247900000000000009, -0.7873999999999999888, 3.505199999999999871 ) ) ;
#840 = ORIENTED_EDGE ( 'NONE', *, *, #2938, .T. ) ;
#841 = EDGE_CURVE ( 'NONE', #564, #3040, #1214, .T. ) ;
#842 = DIRECTION ( 'NONE',  ( 0.000000000000000000, -1.000000000000000000, 0.000000000000000000 ) ) ;
#843 = VECTOR ( 'NONE', #2911, 1000.000000000000000 ) ;
#844 = DIRECTION ( 'NONE',  ( 0.000000000000000000, -1.000000000000000000, 0.000000000000000000 ) ) ;
#845 = DIRECTION ( 'NONE',  ( 1.000000000000000000, 0.000000000000000000, 0.000000000000000000 ) ) ;
#846 = ORIENTED_EDGE ( 'NONE', *, *, #792, .T. ) ;
#847 = DIRECTION ( 'NONE',  ( 0.000000000000000000, 0.000000000000000000, -1.000000000000000000 ) ) ;
#848 = VECTOR ( 'NONE', #3227, 1000.000000000000000 ) ;
#849 = CARTESIAN_POINT ( 'NONE',  ( 0.1905000000000000027, 1.600200000000000067, 1.729439724303799997 ) ) ;
#850 = FACE_OUTER_BOUND ( 'NONE', #2506, .T. ) ;
#851 = ORIENTED_EDGE ( 'NONE', *, *, #1738, .T. ) ;
#852 = LINE ( 'NONE', #1162, #1743 ) ;
#853 = CARTESIAN_POINT ( 'NONE',  ( -1.270000000000000018, -4.064000000000000057, 0.000000000000000000 ) ) ;
#854 = EDGE_LOOP ( 'NONE', ( #913, #1431, #321, #653, #3106, #2105, #692, #2900 ) ) ;
#855 = LINE ( 'NONE', #628, #2360 ) ;
#856 = EDGE_LOOP ( 'NONE', ( #1403, #2459, #624, #106, #3168, #1970 ) ) ;
#857 = PRODUCT_DEFINITION ( 'UNKNOWN', '', #96, #2825 ) ;
#858 = CARTESIAN_POINT ( 'NONE',  ( 2.247900000000000009, -0.7873999999999999888, -2.336800000000000210 ) ) ;
#859 = EDGE_CURVE ( 'NONE', #818, #3044, #2038, .T. ) ;
#860 = CARTESIAN_POINT ( 'NONE',  ( -2.243024926755050164, -0.7747000000000000552, -2.336800000000000210 ) ) ;
#861 = CARTESIAN_POINT ( 'NONE',  ( 1.866900000000000004, -5.410200000000000564, 2.870199999999999640 ) ) ;
#862 = VECTOR ( 'NONE', #1249, 1000.000000000000114 ) ;
#863 = ORIENTED_EDGE ( 'NONE', *, *, #952, .T. ) ;
#864 = VECTOR ( 'NONE', #2365, 999.9999999999998863 ) ;
#865 = DIRECTION ( 'NONE',  ( -1.000000000000000000, 0.000000000000000000, 0.000000000000000000 ) ) ;
#866 = DIRECTION ( 'NONE',  ( 1.000000000000000000, 0.000000000000000000, 0.000000000000000000 ) ) ;
#867 = LINE ( 'NONE', #2117, #2172 ) ;
#868 = VERTEX_POINT ( 'NONE', #1513 ) ;
#869 = PLANE ( 'NONE',  #1281 ) ;
#870 = CARTESIAN_POINT ( 'NONE',  ( -1.866900000000000004, -5.410200000000000564, 2.616200000000000081 ) ) ;
#871 = AXIS2_PLACEMENT_3D ( 'NONE', #583, #811, #1049 ) ;
#872 = ORIENTED_EDGE ( 'NONE', *, *, #2576, .F. ) ;
#873 = AXIS2_PLACEMENT_3D ( 'NONE', #2221, #404, #2258 ) ;
#874 = VECTOR ( 'NONE', #490, 1000.000000000000000 ) ;
#875 = FACE_OUTER_BOUND ( 'NONE', #703, .T. ) ;
#876 = ORIENTED_EDGE ( 'NONE', *, *, #500, .T. ) ;
#877 = CARTESIAN_POINT ( 'NONE',  ( -2.247900000000000009, -5.410200000000000564, 2.616200000000000081 ) ) ;
#878 = LINE ( 'NONE', #1911, #2436 ) ;
#879 = LINE ( 'NONE', #861, #892 ) ;
#880 = DIRECTION ( 'NONE',  ( 1.000000000000000000, 0.000000000000000000, 0.000000000000000000 ) ) ;
#881 = VERTEX_POINT ( 'NONE', #1653 ) ;
#882 = PLANE ( 'NONE',  #2344 ) ;
#883 = ADVANCED_FACE ( 'NONE', ( #25 ), #2534, .T. ) ;
#884 = LINE ( 'NONE', #1917, #1791 ) ;
#885 = CARTESIAN_POINT ( 'NONE',  ( -1.270000000000000018, 0.000000000000000000, 0.000000000000000000 ) ) ;
#886 = EDGE_LOOP ( 'NONE', ( #2752, #2523, #118, #48, #64, #3312 ) ) ;
#887 = EDGE_CURVE ( 'NONE', #3125, #2475, #1640, .T. ) ;
#888 = CARTESIAN_POINT ( 'NONE',  ( -1.739900000000000002, -4.953000000000000291, 2.108200000000000074 ) ) ;
#889 = VECTOR ( 'NONE', #1068, 1000.000000000000000 ) ;
#890 = EDGE_CURVE ( 'NONE', #308, #3228, #1783, .T. ) ;
#891 = EDGE_LOOP ( 'NONE', ( #645, #1448, #1463, #1812 ) ) ;
#892 = VECTOR ( 'NONE', #600, 1000.000000000000000 ) ;
#893 = DIRECTION ( 'NONE',  ( 0.000000000000000000, 0.000000000000000000, 1.000000000000000000 ) ) ;
#894 = VERTEX_POINT ( 'NONE', #1813 ) ;
#895 = EDGE_CURVE ( 'NONE', #3146, #1737, #1485, .T. ) ;
#896 = CARTESIAN_POINT ( 'NONE',  ( 0.000000000000000000, 0.000000000000000000, -1.993899999999999784 ) ) ;
#897 = FACE_OUTER_BOUND ( 'NONE', #1432, .T. ) ;
#898 = SHAPE_DEFINITION_REPRESENTATION ( #1187, #2748 ) ;
#899 = PRODUCT_DEFINITION_FORMATION_WITH_SPECIFIED_SOURCE ( 'ANY', '', #410, .NOT_KNOWN. ) ;
#900 = EDGE_LOOP ( 'NONE', ( #2446, #3303, #2395, #2125 ) ) ;
#901 = CARTESIAN_POINT ( 'NONE',  ( 1.612900000000000000, -5.359399999999999942, 3.124200000000000088 ) ) ;
#902 = AXIS2_PLACEMENT_3D ( 'NONE', #1034, #3096, #780 ) ;
#903 = DIRECTION ( 'NONE',  ( 0.000000000000000000, 1.000000000000000000, 0.000000000000000000 ) ) ;
#904 = DIRECTION ( 'NONE',  ( -0.000000000000000000, 1.000000000000000000, 0.000000000000000000 ) ) ;
#905 = VERTEX_POINT ( 'NONE', #1358 ) ;
#906 = ORIENTED_EDGE ( 'NONE', *, *, #83, .F. ) ;
#907 = CARTESIAN_POINT ( 'NONE',  ( -1.143000000000000016, -5.410200000000000564, 3.505199999999999871 ) ) ;
#908 = CIRCLE ( 'NONE', #2787, 0.4698999999999998178 ) ;
#909 = EDGE_CURVE ( 'NONE', #1752, #1925, #115, .T. ) ;
#910 = DIRECTION ( 'NONE',  ( 0.000000000000000000, 0.000000000000000000, 1.000000000000000000 ) ) ;
#911 = VERTEX_POINT ( 'NONE', #2616 ) ;
#912 = DIRECTION ( 'NONE',  ( 0.000000000000000000, 0.000000000000000000, 1.000000000000000000 ) ) ;
#913 = ORIENTED_EDGE ( 'NONE', *, *, #1491, .F. ) ;
#914 = CARTESIAN_POINT ( 'NONE',  ( -2.247900000000000009, -5.410200000000000564, 2.108200000000000074 ) ) ;
#915 = APPLICATION_PROTOCOL_DEFINITION ( 'draft international standard', 'automotive_design', 1998, #1835 ) ;
#916 = ORIENTED_EDGE ( 'NONE', *, *, #2288, .T. ) ;
#917 = DIRECTION ( 'NONE',  ( 0.000000000000000000, 0.000000000000000000, 1.000000000000000000 ) ) ;
#918 = CARTESIAN_POINT ( 'NONE',  ( 1.945645458813115125, 0.000000000000000000, 3.505199999999999871 ) ) ;
#919 = CARTESIAN_POINT ( 'NONE',  ( -1.143000000000000016, -4.368800000000000239, 3.454399999999999693 ) ) ;
#920 = ORIENTED_EDGE ( 'NONE', *, *, #3170, .F. ) ;
#921 = AXIS2_PLACEMENT_3D ( 'NONE', #806, #2845, #1317 ) ;
#922 = DIRECTION ( 'NONE',  ( 1.000000000000000000, 0.000000000000000000, 0.000000000000000000 ) ) ;
#923 = CARTESIAN_POINT ( 'NONE',  ( -0.1905000000000000027, 1.600200000000000067, 1.729439724303799997 ) ) ;
#924 = ADVANCED_FACE ( 'NONE', ( #1849, #1100 ), #882, .T. ) ;
#925 = VERTEX_POINT ( 'NONE', #2133 ) ;
#926 = EDGE_CURVE ( 'NONE', #808, #308, #2925, .T. ) ;
#927 = VECTOR ( 'NONE', #2599, 1000.000000000000000 ) ;
#928 = CARTESIAN_POINT ( 'NONE',  ( 1.739900000000000002, -5.359399999999999942, 2.616200000000000081 ) ) ;
#929 = ORIENTED_EDGE ( 'NONE', *, *, #1248, .T. ) ;
#930 = AXIS2_PLACEMENT_3D ( 'NONE', #1188, #3249, #1415 ) ;
#931 = DIRECTION ( 'NONE',  ( 1.000000000000000000, 0.000000000000000000, 0.000000000000000000 ) ) ;
#932 = VECTOR ( 'NONE', #2792, 1000.000000000000000 ) ;
#933 = APPLICATION_PROTOCOL_DEFINITION ( 'draft international standard', 'automotive_design', 1998, #2693 ) ;
#934 = ORIENTED_EDGE ( 'NONE', *, *, #2532, .F. ) ;
#935 = CARTESIAN_POINT ( 'NONE',  ( -2.247900000000000009, -4.572000000000000064, 3.505199999999999871 ) ) ;
#936 = LINE ( 'NONE', #135, #3250 ) ;
#937 = DIRECTION ( 'NONE',  ( 0.000000000000000000, 0.000000000000000000, 1.000000000000000000 ) ) ;
#938 = ORIENTED_EDGE ( 'NONE', *, *, #1382, .F. ) ;
#939 = ORIENTED_EDGE ( 'NONE', *, *, #3259, .T. ) ;
#940 = DIRECTION ( 'NONE',  ( 0.000000000000000000, 1.000000000000000000, 0.000000000000000000 ) ) ;
#941 = DIRECTION ( 'NONE',  ( 0.000000000000000000, -1.000000000000000000, 0.000000000000000000 ) ) ;
#942 = EDGE_LOOP ( 'NONE', ( #828, #1484, #181, #3272 ) ) ;
#943 = DIRECTION ( 'NONE',  ( 0.000000000000000000, 0.000000000000000000, -1.000000000000000000 ) ) ;
#944 = CARTESIAN_POINT ( 'NONE',  ( -1.066799999999999971, -0.7747000000000000552, 2.336800000000000210 ) ) ;
#945 = VERTEX_POINT ( 'NONE', #2354 ) ;
#946 = PRODUCT_DEFINITION_SHAPE ( 'NONE', 'NONE',  #3335 ) ;
#947 = CIRCLE ( 'NONE', #2777, 0.2539999999999998925 ) ;
#948 = EDGE_CURVE ( 'NONE', #2431, #539, #588, .T. ) ;
#949 = CARTESIAN_POINT ( 'NONE',  ( 2.247900000000000009, -4.953000000000000291, 2.616200000000000081 ) ) ;
#950 = DIRECTION ( 'NONE',  ( 0.000000000000000000, 0.000000000000000000, 1.000000000000000000 ) ) ;
#951 = CIRCLE ( 'NONE', #1381, 0.2031999999999999640 ) ;
#952 = EDGE_CURVE ( 'NONE', #979, #1731, #2944, .T. ) ;
#953 = ORIENTED_EDGE ( 'NONE', *, *, #890, .F. ) ;
#954 = DIRECTION ( 'NONE',  ( 0.000000000000000000, -1.000000000000000000, 0.000000000000000000 ) ) ;
#955 = CARTESIAN_POINT ( 'NONE',  ( 2.243024926755050164, -0.7747000000000000552, 3.505199999999999871 ) ) ;
#956 = VERTEX_POINT ( 'NONE', #39 ) ;
#957 = ORIENTED_EDGE ( 'NONE', *, *, #2898, .F. ) ;
#958 = LINE ( 'NONE', #3002, #3038 ) ;
#959 = AXIS2_PLACEMENT_3D ( 'NONE', #1669, #950, #1205 ) ;
#960 = APPLICATION_CONTEXT ( 'automotive_design' ) ;
#961 = CIRCLE ( 'NONE', #2252, 0.2031999999999999640 ) ;
#962 = LINE ( 'NONE', #2760, #3133 ) ;
#963 = ORIENTED_EDGE ( 'NONE', *, *, #1698, .F. ) ;
#964 = DIRECTION ( 'NONE',  ( 1.000000000000000000, 0.000000000000000000, 0.000000000000000000 ) ) ;
#965 = AXIS2_PLACEMENT_3D ( 'NONE', #1690, #2701, #917 ) ;
#966 = CARTESIAN_POINT ( 'NONE',  ( 1.270000000000000018, -4.064000000000000057, -2.336800000000000210 ) ) ;
#967 = ORIENTED_EDGE ( 'NONE', *, *, #784, .F. ) ;
#968 = CONTEXT_DEPENDENT_SHAPE_REPRESENTATION ( #162, #2242 ) ;
#969 = DIRECTION ( 'NONE',  ( 0.000000000000000000, 1.000000000000000000, 0.000000000000000000 ) ) ;
#970 = DIRECTION ( 'NONE',  ( 0.000000000000000000, 1.000000000000000000, 0.000000000000000000 ) ) ;
#971 = LINE ( 'NONE', #2486, #185 ) ;
#972 = CARTESIAN_POINT ( 'NONE',  ( -1.066799999999999971, -1.206500000000000128, 2.336800000000000210 ) ) ;
#973 = EDGE_LOOP ( 'NONE', ( #3309, #398, #1210, #2929 ) ) ;
#974 = ORIENTED_EDGE ( 'NONE', *, *, #679, .T. ) ;
#975 = CARTESIAN_POINT ( 'NONE',  ( -1.270000000000000018, -4.064000000000000057, 2.336800000000000210 ) ) ;
#976 = LINE ( 'NONE', #1179, #341 ) ;
#977 = VECTOR ( 'NONE', #47, 1000.000000000000227 ) ;
#978 = UNCERTAINTY_MEASURE_WITH_UNIT (LENGTH_MEASURE( 1.000000000000000082E-05 ), #1458, 'distance_accuracy_value', 'NONE');
#979 = VERTEX_POINT ( 'NONE', #3160 ) ;
#980 = DIRECTION ( 'NONE',  ( 0.000000000000000000, -1.000000000000000000, 0.000000000000000000 ) ) ;
#981 = CARTESIAN_POINT ( 'NONE',  ( -1.143000000000000016, -3.810000000000000053, 7.620000000000000107 ) ) ;
#982 = ORIENTED_EDGE ( 'NONE', *, *, #2550, .F. ) ;
#983 = CIRCLE ( 'NONE', #2699, 1.993899999999999784 ) ;
#984 = VECTOR ( 'NONE', #1865, 1000.000000000000000 ) ;
#985 = DIRECTION ( 'NONE',  ( -0.000000000000000000, 1.000000000000000000, 0.000000000000000000 ) ) ;
#986 = AXIS2_PLACEMENT_3D ( 'NONE', #724, #3222, #459 ) ;
#987 = DIRECTION ( 'NONE',  ( 0.000000000000000000, 1.000000000000000000, 0.000000000000000000 ) ) ;
#988 = LINE ( 'NONE', #2819, #2729 ) ;
#989 = EDGE_LOOP ( 'NONE', ( #1859, #1581, #2577, #109, #2897 ) ) ;
#990 = ORIENTED_EDGE ( 'NONE', *, *, #1982, .F. ) ;
#991 = DIRECTION ( 'NONE',  ( 0.000000000000000000, -1.000000000000000000, 0.000000000000000000 ) ) ;
#992 = LINE ( 'NONE', #366, #3091 ) ;
#993 = EDGE_CURVE ( 'NONE', #1615, #308, #1897, .T. ) ;
#994 = EDGE_LOOP ( 'NONE', ( #654, #2119, #1979, #2873, #2160 ) ) ;
#995 = EDGE_CURVE ( 'NONE', #3325, #1092, #2405, .T. ) ;
#996 = CARTESIAN_POINT ( 'NONE',  ( -1.612900000000000000, -5.359399999999999942, -2.870199999999999640 ) ) ;
#997 = CARTESIAN_POINT ( 'NONE',  ( 2.247900000000000009, -0.7747000000000000552, -2.336800000000000210 ) ) ;
#998 = VERTEX_POINT ( 'NONE', #1881 ) ;
#999 = EDGE_CURVE ( 'NONE', #2307, #620, #2154, .T. ) ;
#1000 = DIRECTION ( 'NONE',  ( 1.000000000000000000, 0.000000000000000000, 0.000000000000000000 ) ) ;
#1001 = DIRECTION ( 'NONE',  ( 0.000000000000000000, 0.000000000000000000, 1.000000000000000000 ) ) ;
#1002 = AXIS2_PLACEMENT_3D ( 'NONE', #2477, #170, #1193 ) ;
#1003 = DIRECTION ( 'NONE',  ( 0.000000000000000000, 1.000000000000000000, 0.000000000000000000 ) ) ;
#1004 = ORIENTED_EDGE ( 'NONE', *, *, #2932, .T. ) ;
#1005 = ADVANCED_FACE ( 'NONE', ( #604 ), #1623, .T. ) ;
#1006 = CARTESIAN_POINT ( 'NONE',  ( 1.143000000000000016, -4.572000000000000064, 7.620000000000000107 ) ) ;
#1007 = LINE ( 'NONE', #2807, #1961 ) ;
#1008 = VERTEX_POINT ( 'NONE', #1374 ) ;
#1009 = EDGE_CURVE ( 'NONE', #1477, #1379, #621, .T. ) ;
#1010 = DIRECTION ( 'NONE',  ( -1.000000000000000000, 0.000000000000000000, 0.000000000000000000 ) ) ;
#1011 = EDGE_CURVE ( 'NONE', #1657, #2982, #2603, .T. ) ;
#1012 = VECTOR ( 'NONE', #1781, 1000.000000000000000 ) ;
#1013 = PLANE ( 'NONE',  #2802 ) ;
#1014 = ORIENTED_EDGE ( 'NONE', *, *, #1259, .F. ) ;
#1015 = AXIS2_PLACEMENT_3D ( 'NONE', #2878, #1858, #3209 ) ;
#1016 = LINE ( 'NONE', #1236, #2589 ) ;
#1017 = LINE ( 'NONE', #1032, #180 ) ;
#1018 = DIRECTION ( 'NONE',  ( 0.000000000000000000, 0.000000000000000000, 1.000000000000000000 ) ) ;
#1019 = CARTESIAN_POINT ( 'NONE',  ( -1.422400000000000109, 0.000000000000000000, -0.1344041666020814041 ) ) ;
#1020 = VERTEX_POINT ( 'NONE', #2096 ) ;
#1021 = DIRECTION ( 'NONE',  ( -0.3583679495452999908, -0.9335804264972017430, 1.315869306396379253E-16 ) ) ;
#1022 = DIRECTION ( 'NONE',  ( 1.000000000000000000, 0.000000000000000000, 0.000000000000000000 ) ) ;
#1023 = ORIENTED_EDGE ( 'NONE', *, *, #3149, .T. ) ;
#1024 = DIRECTION ( 'NONE',  ( 1.000000000000000000, 0.000000000000000000, 0.000000000000000000 ) ) ;
#1025 = EDGE_CURVE ( 'NONE', #1128, #1731, #1327, .T. ) ;
#1026 = DIRECTION ( 'NONE',  ( 3.671838701161650202E-16, 0.000000000000000000, 1.000000000000000000 ) ) ;
#1027 = VERTEX_POINT ( 'NONE', #2870 ) ;
#1028 = AXIS2_PLACEMENT_3D ( 'NONE', #2077, #344, #2126 ) ;
#1029 = ADVANCED_FACE ( 'NONE', ( #1395 ), #1588, .F. ) ;
#1030 = DIRECTION ( 'NONE',  ( 0.000000000000000000, 0.000000000000000000, 1.000000000000000000 ) ) ;
#1031 = ADVANCED_FACE ( 'NONE', ( #2115 ), #829, .T. ) ;
#1032 = CARTESIAN_POINT ( 'NONE',  ( 2.247900000000000009, 0.000000000000000000, 3.202945458813109880 ) ) ;
#1033 =( NAMED_UNIT ( * ) PLANE_ANGLE_UNIT ( ) SI_UNIT ( $, .RADIAN. ) );
#1034 = CARTESIAN_POINT ( 'NONE',  ( 0.000000000000000000, 4.898673480401970259, -1.063053193644059924 ) ) ;
#1035 = AXIS2_PLACEMENT_3D ( 'NONE', #1338, #313, #3119 ) ;
#1036 = VERTEX_POINT ( 'NONE', #1946 ) ;
#1037 = CARTESIAN_POINT ( 'NONE',  ( -1.612900000000000000, -5.359399999999999942, 3.124200000000000088 ) ) ;
#1038 = CARTESIAN_POINT ( 'NONE',  ( 2.247900000000000009, -1.206500000000000128, -2.336800000000000210 ) ) ;
#1039 = AXIS2_PLACEMENT_3D ( 'NONE', #769, #1829, #2553 ) ;
#1040 = EDGE_LOOP ( 'NONE', ( #2178, #1192, #2706, #512 ) ) ;
#1041 = ADVANCED_FACE ( 'NONE', ( #1414 ), #2439, .T. ) ;
#1042 = DIRECTION ( 'NONE',  ( 1.000000000000000000, 0.000000000000000000, 0.000000000000000000 ) ) ;
#1043 = DIRECTION ( 'NONE',  ( 1.000000000000000000, 0.000000000000000000, 0.000000000000000000 ) ) ;
#1044 = EDGE_LOOP ( 'NONE', ( #2632, #1645, #2993, #2711 ) ) ;
#1045 = ORIENTED_EDGE ( 'NONE', *, *, #49, .F. ) ;
#1046 = FACE_OUTER_BOUND ( 'NONE', #3032, .T. ) ;
#1047 = ADVANCED_FACE ( 'NONE', ( #3232 ), #164, .F. ) ;
#1048 = AXIS2_PLACEMENT_3D ( 'NONE', #1864, #2887, #1606 ) ;
#1049 = DIRECTION ( 'NONE',  ( 1.000000000000000000, 0.000000000000000000, 0.000000000000000000 ) ) ;
#1050 = DIRECTION ( 'NONE',  ( 1.000000000000000000, 0.000000000000000000, 0.000000000000000000 ) ) ;
#1051 = EDGE_CURVE ( 'NONE', #1150, #1782, #3248, .T. ) ;
#1052 = DIRECTION ( 'NONE',  ( 0.000000000000000000, -1.000000000000000000, 0.000000000000000000 ) ) ;
#1053 = ORIENTED_EDGE ( 'NONE', *, *, #1104, .F. ) ;
#1054 = VECTOR ( 'NONE', #618, 1000.000000000000000 ) ;
#1055 = FACE_OUTER_BOUND ( 'NONE', #416, .T. ) ;
#1056 = DIRECTION ( 'NONE',  ( 0.000000000000000000, 0.000000000000000000, -1.000000000000000000 ) ) ;
#1057 = ORIENTED_EDGE ( 'NONE', *, *, #1619, .F. ) ;
#1058 = CARTESIAN_POINT ( 'NONE',  ( -1.612900000000000000, -5.359399999999999942, 2.870199999999999640 ) ) ;
#1059 = LINE ( 'NONE', #3311, #3183 ) ;
#1060 = ORIENTED_EDGE ( 'NONE', *, *, #2631, .T. ) ;
#1061 = AXIS2_PLACEMENT_3D ( 'NONE', #3139, #2921, #585 ) ;
#1062 = VERTEX_POINT ( 'NONE', #2216 ) ;
#1063 = DIRECTION ( 'NONE',  ( 0.000000000000000000, 1.000000000000000000, 0.000000000000000000 ) ) ;
#1064 = DIRECTION ( 'NONE',  ( 1.000000000000000000, 0.000000000000000000, 0.000000000000000000 ) ) ;
#1065 = SURFACE_STYLE_FILL_AREA ( #1809 ) ;
#1066 = ADVANCED_FACE ( 'NONE', ( #1931 ), #417, .T. ) ;
#1067 = EDGE_LOOP ( 'NONE', ( #1480, #974, #284, #3304 ) ) ;
#1068 = DIRECTION ( 'NONE',  ( 0.000000000000000000, -1.000000000000000000, 0.000000000000000000 ) ) ;
#1069 = DIRECTION ( 'NONE',  ( 0.000000000000000000, 0.9702957262759963619, -0.2419218955996680909 ) ) ;
#1070 = DIRECTION ( 'NONE',  ( 1.000000000000000000, 0.000000000000000000, 0.000000000000000000 ) ) ;
#1071 = ORIENTED_EDGE ( 'NONE', *, *, #679, .F. ) ;
#1072 = DIRECTION ( 'NONE',  ( 0.000000000000000000, 0.000000000000000000, -1.000000000000000000 ) ) ;
#1073 = CARTESIAN_POINT ( 'NONE',  ( 2.247900000000000009, -5.410200000000000564, 3.505199999999999871 ) ) ;
#1074 = EDGE_LOOP ( 'NONE', ( #2800, #1226, #2858, #2738, #213, #804, #771, #608, #713, #2052 ) ) ;
#1075 = DIRECTION ( 'NONE',  ( 0.000000000000000000, 1.000000000000000000, 0.000000000000000000 ) ) ;
#1076 = ORIENTED_EDGE ( 'NONE', *, *, #498, .F. ) ;
#1077 = AXIS2_PLACEMENT_3D ( 'NONE', #1611, #1557, #297 ) ;
#1078 = DIRECTION ( 'NONE',  ( 0.000000000000000000, 0.000000000000000000, -1.000000000000000000 ) ) ;
#1079 = PLANE ( 'NONE',  #1360 ) ;
#1080 = DIRECTION ( 'NONE',  ( 1.000000000000000000, 0.000000000000000000, 0.000000000000000000 ) ) ;
#1081 = VERTEX_POINT ( 'NONE', #667 ) ;
#1082 = DIRECTION ( 'NONE',  ( 0.000000000000000000, 0.000000000000000000, 1.000000000000000000 ) ) ;
#1083 = CARTESIAN_POINT ( 'NONE',  ( 2.247900000000000009, -1.206500000000000128, 3.505199999999999871 ) ) ;
#1084 = CIRCLE ( 'NONE', #1035, 0.4698999999999998178 ) ;
#1085 = LINE ( 'NONE', #831, #389 ) ;
#1086 = ORIENTED_EDGE ( 'NONE', *, *, #1177, .T. ) ;
#1087 = AXIS2_PLACEMENT_3D ( 'NONE', #3156, #1892, #1638 ) ;
#1088 = CARTESIAN_POINT ( 'NONE',  ( 1.422400000000000109, 0.000000000000000000, 2.405595833397919936 ) ) ;
#1089 = EDGE_CURVE ( 'NONE', #2082, #2238, #381, .T. ) ;
#1090 = VECTOR ( 'NONE', #424, 1000.000000000000000 ) ;
#1091 = LINE ( 'NONE', #1073, #120 ) ;
#1092 = VERTEX_POINT ( 'NONE', #2470 ) ;
#1093 = DIRECTION ( 'NONE',  ( 0.000000000000000000, -1.000000000000000000, 0.000000000000000000 ) ) ;
#1094 = ORIENTED_EDGE ( 'NONE', *, *, #2309, .T. ) ;
#1095 = FACE_OUTER_BOUND ( 'NONE', #2892, .T. ) ;
#1096 = CARTESIAN_POINT ( 'NONE',  ( 1.066799999999999971, -0.7747000000000000552, -2.336800000000000210 ) ) ;
#1097 = LINE ( 'NONE', #1843, #251 ) ;
#1098 = EDGE_CURVE ( 'NONE', #1498, #3050, #1186, .T. ) ;
#1099 = ORIENTED_EDGE ( 'NONE', *, *, #2530, .T. ) ;
#1100 = FACE_OUTER_BOUND ( 'NONE', #1768, .T. ) ;
#1101 = LINE ( 'NONE', #1083, #340 ) ;
#1102 = DIRECTION ( 'NONE',  ( 0.000000000000000000, 1.000000000000000000, 0.000000000000000000 ) ) ;
#1103 = VECTOR ( 'NONE', #1893, 1000.000000000000000 ) ;
#1104 = EDGE_CURVE ( 'NONE', #3141, #1920, #1658, .T. ) ;
#1105 = EDGE_LOOP ( 'NONE', ( #3116, #2494, #535, #1053, #2611, #580 ) ) ;
#1106 = CARTESIAN_POINT ( 'NONE',  ( 1.612900000000000000, -5.359399999999999942, -3.124200000000000088 ) ) ;
#1107 = VECTOR ( 'NONE', #2265, 1000.000000000000000 ) ;
#1108 = AXIS2_PLACEMENT_3D ( 'NONE', #2272, #991, #553 ) ;
#1109 = DIRECTION ( 'NONE',  ( 0.000000000000000000, -1.000000000000000000, 0.000000000000000000 ) ) ;
#1110 = EDGE_CURVE ( 'NONE', #868, #1384, #1428, .T. ) ;
#1111 = VERTEX_POINT ( 'NONE', #145 ) ;
#1112 = DIRECTION ( 'NONE',  ( 0.000000000000000000, 1.000000000000000000, 0.000000000000000000 ) ) ;
#1113 = EDGE_LOOP ( 'NONE', ( #3004, #2146, #3068, #268 ) ) ;
#1114 = FACE_OUTER_BOUND ( 'NONE', #1552, .T. ) ;
#1115 = CIRCLE ( 'NONE', #2888, 1.739900000000000002 ) ;
#1116 = AXIS2_PLACEMENT_3D ( 'NONE', #1058, #1803, #1024 ) ;
#1117 = DIRECTION ( 'NONE',  ( 0.000000000000000000, -0.9702957262759964729, 0.2419218955996681186 ) ) ;
#1118 = DIRECTION ( 'NONE',  ( 0.000000000000000000, -0.8660254037844383745, 0.5000000000000003331 ) ) ;
#1119 =( LENGTH_UNIT ( ) NAMED_UNIT ( * ) SI_UNIT ( .MILLI., .METRE. ) );
#1120 = ORIENTED_EDGE ( 'NONE', *, *, #80, .T. ) ;
#1121 = CARTESIAN_POINT ( 'NONE',  ( 2.247900000000000009, -1.206500000000000128, -3.505199999999999871 ) ) ;
#1122 = AXIS2_PLACEMENT_3D ( 'NONE', #839, #1872, #1368 ) ;
#1123 = CARTESIAN_POINT ( 'NONE',  ( -1.612900000000000000, -5.359399999999999942, 2.870199999999999640 ) ) ;
#1124 = LINE ( 'NONE', #2671, #1471 ) ;
#1125 = ORIENTED_EDGE ( 'NONE', *, *, #3300, .F. ) ;
#1126 = LINE ( 'NONE', #1380, #718 ) ;
#1127 = LINE ( 'NONE', #2641, #1136 ) ;
#1128 = VERTEX_POINT ( 'NONE', #2958 ) ;
#1129 = DIRECTION ( 'NONE',  ( 0.000000000000000000, -0.9702957262759964729, 0.2419218955996681186 ) ) ;
#1130 = ORIENTED_EDGE ( 'NONE', *, *, #3057, .T. ) ;
#1131 = EDGE_CURVE ( 'NONE', #2865, #1595, #1287, .T. ) ;
#1132 = FACE_OUTER_BOUND ( 'NONE', #257, .T. ) ;
#1133 = DIRECTION ( 'NONE',  ( -0.000000000000000000, 1.000000000000000000, 0.000000000000000000 ) ) ;
#1134 = DIRECTION ( 'NONE',  ( 0.000000000000000000, -1.000000000000000000, 0.000000000000000000 ) ) ;
#1135 = CARTESIAN_POINT ( 'NONE',  ( 1.945645458813115125, 0.000000000000000000, 3.202945458813109880 ) ) ;
#1136 = VECTOR ( 'NONE', #1332, 1000.000000000000000 ) ;
#1137 = EDGE_CURVE ( 'NONE', #1737, #3146, #534, .T. ) ;
#1138 = ORIENTED_EDGE ( 'NONE', *, *, #1528, .T. ) ;
#1139 = AXIS2_PLACEMENT_3D ( 'NONE', #1288, #2398, #1875 ) ;
#1140 = CARTESIAN_POINT ( 'NONE',  ( -2.247900000000000009, -5.410200000000000564, -2.336800000000000210 ) ) ;
#1141 = CARTESIAN_POINT ( 'NONE',  ( 1.270000000000000018, 0.000000000000000000, -2.743200000000000305 ) ) ;
#1142 = CARTESIAN_POINT ( 'NONE',  ( -1.866900000000000004, -5.359399999999999942, 2.108200000000000074 ) ) ;
#1143 = ORIENTED_EDGE ( 'NONE', *, *, #1198, .T. ) ;
#1144 = EDGE_CURVE ( 'NONE', #2271, #3263, #855, .T. ) ;
#1145 = CARTESIAN_POINT ( 'NONE',  ( -2.247900000000000009, -4.953000000000000291, 2.108200000000000074 ) ) ;
#1146 = AXIS2_PLACEMENT_3D ( 'NONE', #885, #302, #637 ) ;
#1147 = ORIENTED_EDGE ( 'NONE', *, *, #291, .F. ) ;
#1148 = AXIS2_PLACEMENT_3D ( 'NONE', #1514, #2320, #1022 ) ;
#1149 = LINE ( 'NONE', #1889, #3166 ) ;
#1150 = VERTEX_POINT ( 'NONE', #2679 ) ;
#1151 = CARTESIAN_POINT ( 'NONE',  ( 1.143000000000000016, -4.368800000000000239, 3.454399999999999693 ) ) ;
#1152 = CARTESIAN_POINT ( 'NONE',  ( 1.422400000000000109, 0.02540000000000000244, 3.048000000000000043 ) ) ;
#1153 = DIRECTION ( 'NONE',  ( 0.000000000000000000, 0.000000000000000000, 1.000000000000000000 ) ) ;
#1154 = EDGE_CURVE ( 'NONE', #495, #2808, #1149, .T. ) ;
#1155 = EDGE_CURVE ( 'NONE', #808, #2469, #2396, .T. ) ;
#1156 = ORIENTED_EDGE ( 'NONE', *, *, #464, .T. ) ;
#1157 = DIRECTION ( 'NONE',  ( -0.000000000000000000, 1.000000000000000000, 0.000000000000000000 ) ) ;
#1158 = DIRECTION ( 'NONE',  ( 0.000000000000000000, 0.000000000000000000, 1.000000000000000000 ) ) ;
#1159 = DIRECTION ( 'NONE',  ( 0.000000000000000000, 0.000000000000000000, -1.000000000000000000 ) ) ;
#1160 = ORIENTED_EDGE ( 'NONE', *, *, #1285, .F. ) ;
#1161 = EDGE_LOOP ( 'NONE', ( #3150, #3215, #1234, #916, #2488, #474, #3225 ) ) ;
#1162 = CARTESIAN_POINT ( 'NONE',  ( 2.247900000000000009, -4.953000000000000291, 2.616200000000000081 ) ) ;
#1163 = EDGE_LOOP ( 'NONE', ( #1934, #3, #3014, #492, #3110, #2724 ) ) ;
#1164 = VECTOR ( 'NONE', #719, 1000.000000000000000 ) ;
#1165 = PLANE ( 'NONE',  #2103 ) ;
#1166 = EDGE_LOOP ( 'NONE', ( #13, #2458, #3294, #3159 ) ) ;
#1167 = DIRECTION ( 'NONE',  ( -0.000000000000000000, 1.000000000000000000, 0.000000000000000000 ) ) ;
#1168 = ORIENTED_EDGE ( 'NONE', *, *, #1155, .T. ) ;
#1169 = DIRECTION ( 'NONE',  ( 0.000000000000000000, 0.000000000000000000, 1.000000000000000000 ) ) ;
#1170 = AXIS2_PLACEMENT_3D ( 'NONE', #3016, #3031, #1949 ) ;
#1171 = EDGE_CURVE ( 'NONE', #1945, #1349, #375, .T. ) ;
#1172 = FACE_OUTER_BOUND ( 'NONE', #1074, .T. ) ;
#1173 = CARTESIAN_POINT ( 'NONE',  ( -0.1905000000000000027, 1.600200000000000067, 1.714500000000000135 ) ) ;
#1174 = VERTEX_POINT ( 'NONE', #2915 ) ;
#1175 = VERTEX_POINT ( 'NONE', #614 ) ;
#1176 = FACE_OUTER_BOUND ( 'NONE', #2374, .T. ) ;
#1177 = EDGE_CURVE ( 'NONE', #1384, #2131, #1821, .T. ) ;
#1178 = CIRCLE ( 'NONE', #3067, 0.2031999999999999640 ) ;
#1179 = CARTESIAN_POINT ( 'NONE',  ( 1.739900000000000002, -4.953000000000000291, 2.108200000000000074 ) ) ;
#1180 = VERTEX_POINT ( 'NONE', #325 ) ;
#1181 = CARTESIAN_POINT ( 'NONE',  ( -1.143000000000000016, -4.572000000000000064, -3.454399999999999693 ) ) ;
#1182 = EDGE_LOOP ( 'NONE', ( #1936, #1099, #2680, #402 ) ) ;
#1183 = CARTESIAN_POINT ( 'NONE',  ( 2.247900000000000009, -5.410200000000000564, 2.336800000000000210 ) ) ;
#1184 = CARTESIAN_POINT ( 'NONE',  ( 0.000000000000000000, 0.000000000000000000, 0.000000000000000000 ) ) ;
#1185 = ORIENTED_EDGE ( 'NONE', *, *, #2712, .F. ) ;
#1186 = LINE ( 'NONE', #2994, #1553 ) ;
#1187 = PRODUCT_DEFINITION_SHAPE ( 'NONE', 'NONE',  #1520 ) ;
#1188 = CARTESIAN_POINT ( 'NONE',  ( 0.000000000000000000, 0.6350000000000000089, -1.967191835857285234E-17 ) ) ;
#1189 = DIRECTION ( 'NONE',  ( 0.000000000000000000, -1.000000000000000000, 0.000000000000000000 ) ) ;
#1190 = VECTOR ( 'NONE', #311, 1000.000000000000000 ) ;
#1191 = ORIENTED_EDGE ( 'NONE', *, *, #2452, .T. ) ;
#1192 = ORIENTED_EDGE ( 'NONE', *, *, #2248, .F. ) ;
#1193 = DIRECTION ( 'NONE',  ( 0.000000000000000000, 1.000000000000000000, 0.000000000000000000 ) ) ;
#1194 = CARTESIAN_POINT ( 'NONE',  ( -2.247900000000000009, -1.206500000000000128, 2.336800000000000210 ) ) ;
#1195 = ADVANCED_FACE ( 'NONE', ( #124 ), #2179, .F. ) ;
#1196 = VERTEX_POINT ( 'NONE', #2145 ) ;
#1197 = PLANE ( 'NONE',  #2278 ) ;
#1198 = EDGE_CURVE ( 'NONE', #1799, #1303, #2363, .T. ) ;
#1199 = AXIS2_PLACEMENT_3D ( 'NONE', #2356, #1883, #1608 ) ;
#1200 = DIRECTION ( 'NONE',  ( 0.000000000000000000, 0.000000000000000000, 1.000000000000000000 ) ) ;
#1201 = EDGE_LOOP ( 'NONE', ( #929, #774, #2910, #2234 ) ) ;
#1202 = AXIS2_PLACEMENT_3D ( 'NONE', #2959, #903, #1158 ) ;
#1203 = DIRECTION ( 'NONE',  ( 0.000000000000000000, 1.000000000000000000, 0.000000000000000000 ) ) ;
#1204 = VECTOR ( 'NONE', #3180, 1000.000000000000000 ) ;
#1205 = DIRECTION ( 'NONE',  ( 1.000000000000000000, 0.000000000000000000, 0.000000000000000000 ) ) ;
#1206 = VERTEX_POINT ( 'NONE', #1387 ) ;
#1207 = FACE_OUTER_BOUND ( 'NONE', #1241, .T. ) ;
#1208 = FACE_OUTER_BOUND ( 'NONE', #766, .T. ) ;
#1209 = ORIENTED_EDGE ( 'NONE', *, *, #2, .T. ) ;
#1210 = ORIENTED_EDGE ( 'NONE', *, *, #2902, .T. ) ;
#1211 = FACE_OUTER_BOUND ( 'NONE', #2137, .T. ) ;
#1212 = FACE_OUTER_BOUND ( 'NONE', #1352, .T. ) ;
#1213 = ORIENTED_EDGE ( 'NONE', *, *, #2471, .T. ) ;
#1214 = CIRCLE ( 'NONE', #3099, 0.2031999999999999640 ) ;
#1215 = DIRECTION ( 'NONE',  ( 1.855874995695829758E-16, 0.000000000000000000, -1.000000000000000000 ) ) ;
#1216 = EDGE_CURVE ( 'NONE', #868, #2846, #41, .T. ) ;
#1217 = CARTESIAN_POINT ( 'NONE',  ( 0.000000000000000000, 1.346200000000000063, -1.993899999999999784 ) ) ;
#1218 = ORIENTED_EDGE ( 'NONE', *, *, #1137, .T. ) ;
#1219 = PRODUCT_DEFINITION_SHAPE ( 'NONE', 'NONE',  #2060 ) ;
#1220 = COLOUR_RGB ( '',0.9568627450980391469, 0.7294117647058823151, 0.2470588235294117752 ) ;
#1221 = CARTESIAN_POINT ( 'NONE',  ( 5.754615309193426232E-17, 5.382035250855411235, -0.6992834740904422253 ) ) ;
#1222 = LINE ( 'NONE', #2768, #1626 ) ;
#1223 = DIRECTION ( 'NONE',  ( 0.000000000000000000, 0.000000000000000000, -1.000000000000000000 ) ) ;
#1224 = DIRECTION ( 'NONE',  ( 0.000000000000000000, -1.000000000000000000, 0.000000000000000000 ) ) ;
#1225 = CARTESIAN_POINT ( 'NONE',  ( -0.1905000000000000027, 1.346200000000000063, 1.984778818911570042 ) ) ;
#1226 = ORIENTED_EDGE ( 'NONE', *, *, #3242, .F. ) ;
#1227 = EDGE_LOOP ( 'NONE', ( #1512, #2209, #207, #2260, #1907, #1853, #191, #722, #3247, #824 ) ) ;
#1228 = DIRECTION ( 'NONE',  ( 0.000000000000000000, -1.000000000000000000, 0.000000000000000000 ) ) ;
#1229 = AXIS2_PLACEMENT_3D ( 'NONE', #1620, #3158, #845 ) ;
#1230 = LINE ( 'NONE', #2723, #69 ) ;
#1231 = ORIENTED_EDGE ( 'NONE', *, *, #948, .F. ) ;
#1232 = LINE ( 'NONE', #1454, #261 ) ;
#1233 = CARTESIAN_POINT ( 'NONE',  ( -1.143000000000000016, -4.368800000000000239, -3.454399999999999693 ) ) ;
#1234 = ORIENTED_EDGE ( 'NONE', *, *, #1345, .T. ) ;
#1235 = EDGE_CURVE ( 'NONE', #1008, #51, #2899, .T. ) ;
#1236 = CARTESIAN_POINT ( 'NONE',  ( -1.945645458813115125, 0.000000000000000000, 3.505199999999999871 ) ) ;
#1237 = DIRECTION ( 'NONE',  ( -1.855874995695829758E-16, 0.000000000000000000, -1.000000000000000000 ) ) ;
#1238 = EDGE_CURVE ( 'NONE', #2788, #1206, #318, .T. ) ;
#1239 = LINE ( 'NONE', #2080, #586 ) ;
#1240 = ADVANCED_FACE ( 'NONE', ( #875 ), #579, .F. ) ;
#1241 = EDGE_LOOP ( 'NONE', ( #2270, #1950, #1884, #1566, #723, #488 ) ) ;
#1242 = ORIENTED_EDGE ( 'NONE', *, *, #1990, .F. ) ;
#1243 = CARTESIAN_POINT ( 'NONE',  ( -1.612900000000000000, -5.359399999999999942, 3.124200000000000088 ) ) ;
#1244 = LINE ( 'NONE', #3223, #2598 ) ;
#1245 = VECTOR ( 'NONE', #2933, 1000.000000000000000 ) ;
#1246 = EDGE_LOOP ( 'NONE', ( #1394, #2642, #430, #2483 ) ) ;
#1247 = DIRECTION ( 'NONE',  ( 0.000000000000000000, -1.000000000000000000, 0.000000000000000000 ) ) ;
#1248 = EDGE_CURVE ( 'NONE', #2408, #2180, #70, .T. ) ;
#1249 = DIRECTION ( 'NONE',  ( 0.3373590105877088963, 0.8788502693579626213, -0.3373590105877099510 ) ) ;
#1250 = ORIENTED_EDGE ( 'NONE', *, *, #1198, .F. ) ;
#1251 = VECTOR ( 'NONE', #1189, 1000.000000000000000 ) ;
#1252 = AXIS2_PLACEMENT_3D ( 'NONE', #1877, #2682, #345 ) ;
#1253 = CARTESIAN_POINT ( 'NONE',  ( -1.612900000000000000, -5.359399999999999942, 3.124200000000000088 ) ) ;
#1254 = AXIS2_PLACEMENT_3D ( 'NONE', #2517, #220, #1237 ) ;
#1255 = PLANE ( 'NONE',  #3055 ) ;
#1256 = CARTESIAN_POINT ( 'NONE',  ( 1.143000000000000016, -4.572000000000000064, -3.454399999999999693 ) ) ;
#1257 = ADVANCED_FACE ( 'NONE', ( #2415 ), #3152, .T. ) ;
#1258 = ORIENTED_EDGE ( 'NONE', *, *, #2413, .T. ) ;
#1259 = EDGE_CURVE ( 'NONE', #1890, #3236, #908, .T. ) ;
#1260 = DIRECTION ( 'NONE',  ( -1.000000000000000000, 0.000000000000000000, 0.000000000000000000 ) ) ;
#1261 = LINE ( 'NONE', #2604, #932 ) ;
#1262 = ORIENTED_EDGE ( 'NONE', *, *, #2902, .F. ) ;
#1263 = DIRECTION ( 'NONE',  ( 0.000000000000000000, 0.000000000000000000, -1.000000000000000000 ) ) ;
#1264 = DIRECTION ( 'NONE',  ( 1.000000000000000000, 0.000000000000000000, -3.671838701161650202E-16 ) ) ;
#1265 = ORIENTED_EDGE ( 'NONE', *, *, #841, .T. ) ;
#1266 = VECTOR ( 'NONE', #449, 1000.000000000000000 ) ;
#1267 = DIRECTION ( 'NONE',  ( 0.000000000000000000, 1.000000000000000000, 0.000000000000000000 ) ) ;
#1268 = DIRECTION ( 'NONE',  ( 1.000000000000000000, 0.000000000000000000, 0.000000000000000000 ) ) ;
#1269 = CLOSED_SHELL ( 'NONE', ( #3302, #2478, #2437, #2240, #1386, #2815 ) ) ;
#1270 = DIRECTION ( 'NONE',  ( 1.000000000000000000, 0.000000000000000000, 0.000000000000000000 ) ) ;
#1271 = VECTOR ( 'NONE', #2489, 1000.000000000000000 ) ;
#1272 = LINE ( 'NONE', #1256, #2196 ) ;
#1273 = ORIENTED_EDGE ( 'NONE', *, *, #193, .F. ) ;
#1274 = PRODUCT_RELATED_PRODUCT_CATEGORY ( 'part', '', ( #3025 ) ) ;
#1275 = DIRECTION ( 'NONE',  ( 0.000000000000000000, 1.000000000000000000, 0.000000000000000000 ) ) ;
#1276 = EDGE_CURVE ( 'NONE', #794, #1174, #1651, .T. ) ;
#1277 = CARTESIAN_POINT ( 'NONE',  ( 1.612900000000000000, -5.359399999999999942, -2.870199999999999640 ) ) ;
#1278 = EDGE_CURVE ( 'NONE', #51, #2943, #2163, .T. ) ;
#1279 = ORIENTED_EDGE ( 'NONE', *, *, #291, .T. ) ;
#1280 = VECTOR ( 'NONE', #2495, 1000.000000000000000 ) ;
#1281 = AXIS2_PLACEMENT_3D ( 'NONE', #3147, #121, #2102 ) ;
#1282 = PLANE ( 'NONE',  #2836 ) ;
#1283 =( GEOMETRIC_REPRESENTATION_CONTEXT ( 3 ) GLOBAL_UNCERTAINTY_ASSIGNED_CONTEXT ( ( #1815 ) ) GLOBAL_UNIT_ASSIGNED_CONTEXT ( ( #2152, #37, #1826 ) ) REPRESENTATION_CONTEXT ( 'NONE', 'WORKASPACE' ) );
#1284 = CARTESIAN_POINT ( 'NONE',  ( 0.000000000000000000, -0.7747000000000000552, 0.000000000000000000 ) ) ;
#1285 = EDGE_CURVE ( 'NONE', #1111, #1346, #1978, .T. ) ;
#1286 = VERTEX_POINT ( 'NONE', #696 ) ;
#1287 = CIRCLE ( 'NONE', #2418, 0.2032000000000001583 ) ;
#1288 = CARTESIAN_POINT ( 'NONE',  ( -1.143000000000000016, -3.810000000000000053, 7.620000000000000107 ) ) ;
#1289 = DIRECTION ( 'NONE',  ( 0.000000000000000000, 0.000000000000000000, 1.000000000000000000 ) ) ;
#1290 = FACE_OUTER_BOUND ( 'NONE', #3198, .T. ) ;
#1291 = DIRECTION ( 'NONE',  ( 1.000000000000000000, 0.000000000000000000, 0.000000000000000000 ) ) ;
#1292 = ORIENTED_EDGE ( 'NONE', *, *, #2795, .F. ) ;
#1293 = PLANE ( 'NONE',  #3154 ) ;
#1294 = DIRECTION ( 'NONE',  ( 0.000000000000000000, 0.8660254037844383745, 0.5000000000000003331 ) ) ;
#1295 = ORIENTED_EDGE ( 'NONE', *, *, #2229, .F. ) ;
#1296 = LINE ( 'NONE', #1, #1391 ) ;
#1297 = VECTOR ( 'NONE', #2860, 1000.000000000000000 ) ;
#1298 = ADVANCED_FACE ( 'NONE', ( #3008 ), #2199, .T. ) ;
#1299 = DIRECTION ( 'NONE',  ( 0.000000000000000000, 0.000000000000000000, 1.000000000000000000 ) ) ;
#1300 = ORIENTED_EDGE ( 'NONE', *, *, #3076, .F. ) ;
#1301 = CIRCLE ( 'NONE', #2912, 0.2031999999999999640 ) ;
#1302 = EDGE_CURVE ( 'NONE', #1940, #2551, #1178, .T. ) ;
#1303 = VERTEX_POINT ( 'NONE', #3023 ) ;
#1304 = DIRECTION ( 'NONE',  ( -1.000000000000000000, 0.000000000000000000, 0.000000000000000000 ) ) ;
#1305 = FACE_OUTER_BOUND ( 'NONE', #2074, .T. ) ;
#1306 = CARTESIAN_POINT ( 'NONE',  ( 0.000000000000000000, 0.000000000000000000, 0.000000000000000000 ) ) ;
#1307 = DIRECTION ( 'NONE',  ( -1.000000000000000000, 0.000000000000000000, 0.000000000000000000 ) ) ;
#1308 = AXIS2_PLACEMENT_3D ( 'NONE', #2255, #1416, #2474 ) ;
#1309 = VERTEX_POINT ( 'NONE', #1701 ) ;
#1310 = PRESENTATION_LAYER_ASSIGNMENT (  '', '', ( #1848 ) ) ;
#1311 = CARTESIAN_POINT ( 'NONE',  ( 1.143000000000000016, -4.572000000000000064, 7.620000000000000107 ) ) ;
#1312 = CARTESIAN_POINT ( 'NONE',  ( -0.1905000000000000027, 1.600200000000000067, 1.729439724303799997 ) ) ;
#1313 = VECTOR ( 'NONE', #521, 1000.000000000000000 ) ;
#1314 = UNCERTAINTY_MEASURE_WITH_UNIT (LENGTH_MEASURE( 1.000000000000000082E-05 ), #347, 'distance_accuracy_value', 'NONE');
#1315 = EDGE_LOOP ( 'NONE', ( #2961, #1909, #374, #2756, #1071 ) ) ;
#1316 = FACE_OUTER_BOUND ( 'NONE', #670, .T. ) ;
#1317 = DIRECTION ( 'NONE',  ( -1.188269555410254668E-16, 0.000000000000000000, -1.000000000000000000 ) ) ;
#1318 = ORIENTED_EDGE ( 'NONE', *, *, #3073, .T. ) ;
#1319 = EDGE_CURVE ( 'NONE', #1641, #1062, #2262, .T. ) ;
#1320 = ORIENTED_EDGE ( 'NONE', *, *, #2799, .F. ) ;
#1321 = LINE ( 'NONE', #2579, #1983 ) ;
#1322 = VECTOR ( 'NONE', #2387, 1000.000000000000000 ) ;
#1323 = LINE ( 'NONE', #2849, #927 ) ;
#1324 = LINE ( 'NONE', #1825, #1670 ) ;
#1325 = ORIENTED_EDGE ( 'NONE', *, *, #397, .F. ) ;
#1326 = VECTOR ( 'NONE', #3277, 1000.000000000000000 ) ;
#1327 = LINE ( 'NONE', #813, #3208 ) ;
#1328 = CARTESIAN_POINT ( 'NONE',  ( 2.247900000000000009, -5.410200000000000564, -2.336800000000000210 ) ) ;
#1329 = DIRECTION ( 'NONE',  ( -1.000000000000000000, 0.000000000000000000, 0.000000000000000000 ) ) ;
#1330 = EDGE_LOOP ( 'NONE', ( #168, #603, #2414, #1453, #648 ) ) ;
#1331 = CARTESIAN_POINT ( 'NONE',  ( -1.866900000000000004, -5.359399999999999942, 2.616200000000000081 ) ) ;
#1332 = DIRECTION ( 'NONE',  ( -1.000000000000000000, 0.000000000000000000, 0.000000000000000000 ) ) ;
#1333 = EDGE_LOOP ( 'NONE', ( #791, #81, #2422, #573, #953, #1622, #1464, #1439, #1417, #3244, #1388, #1265, #1258, #3334, #3056, #963, #990, #782, #138, #20, #2986, #686, #1964, #2183 ) ) ;
#1334 = CARTESIAN_POINT ( 'NONE',  ( 2.247900000000000009, -4.953000000000000291, 2.616200000000000081 ) ) ;
#1335 = VERTEX_POINT ( 'NONE', #661 ) ;
#1336 = CYLINDRICAL_SURFACE ( 'NONE', #1028, 0.2032000000000001583 ) ;
#1337 = VECTOR ( 'NONE', #1112, 1000.000000000000000 ) ;
#1338 = CARTESIAN_POINT ( 'NONE',  ( 0.000000000000000000, 5.268356152113129909, -1.155225435867532013 ) ) ;
#1339 = DIRECTION ( 'NONE',  ( 0.000000000000000000, 0.000000000000000000, 1.000000000000000000 ) ) ;
#1340 = ORIENTED_EDGE ( 'NONE', *, *, #926, .F. ) ;
#1341 = DIRECTION ( 'NONE',  ( 0.000000000000000000, -0.5000000000000003331, -0.8660254037844384856 ) ) ;
#1342 = EDGE_CURVE ( 'NONE', #1196, #1548, #1423, .T. ) ;
#1343 = DIRECTION ( 'NONE',  ( 0.000000000000000000, 1.000000000000000000, 0.000000000000000000 ) ) ;
#1344 = DIRECTION ( 'NONE',  ( 0.000000000000000000, 0.000000000000000000, 1.000000000000000000 ) ) ;
#1345 = EDGE_CURVE ( 'NONE', #3075, #1384, #156, .T. ) ;
#1346 = VERTEX_POINT ( 'NONE', #2464 ) ;
#1347 = PLANE ( 'NONE',  #1422 ) ;
#1348 = CARTESIAN_POINT ( 'NONE',  ( 1.143000000000000016, -4.572000000000000064, -3.454399999999999693 ) ) ;
#1349 = VERTEX_POINT ( 'NONE', #1472 ) ;
#1350 = EDGE_CURVE ( 'NONE', #956, #3182, #465, .T. ) ;
#1351 = CARTESIAN_POINT ( 'NONE',  ( 1.866900000000000004, -5.359399999999999942, 2.870199999999999640 ) ) ;
#1352 = EDGE_LOOP ( 'NONE', ( #872, #1675, #2289, #1367 ) ) ;
#1353 = DIRECTION ( 'NONE',  ( 1.000000000000000000, 0.000000000000000000, 0.000000000000000000 ) ) ;
#1354 = DIRECTION ( 'NONE',  ( 0.000000000000000000, 0.000000000000000000, -1.000000000000000000 ) ) ;
#1355 = DIRECTION ( 'NONE',  ( -0.000000000000000000, 1.000000000000000000, 0.000000000000000000 ) ) ;
#1356 = EDGE_CURVE ( 'NONE', #1816, #564, #2725, .T. ) ;
#1357 = ORIENTED_EDGE ( 'NONE', *, *, #159, .T. ) ;
#1358 = CARTESIAN_POINT ( 'NONE',  ( 2.243024926755050164, -0.7747000000000000552, 3.500324926755045141 ) ) ;
#1359 = CARTESIAN_POINT ( 'NONE',  ( -1.270000000000000018, -4.064000000000000057, 2.336800000000000210 ) ) ;
#1360 = AXIS2_PLACEMENT_3D ( 'NONE', #2297, #2078, #280 ) ;
#1361 = FACE_OUTER_BOUND ( 'NONE', #739, .T. ) ;
#1362 = VERTEX_POINT ( 'NONE', #176 ) ;
#1363 = AXIS2_PLACEMENT_3D ( 'NONE', #918, #2628, #1354 ) ;
#1364 = DIRECTION ( 'NONE',  ( 1.000000000000000000, 0.000000000000000000, 0.000000000000000000 ) ) ;
#1365 = VECTOR ( 'NONE', #283, 1000.000000000000000 ) ;
#1366 = CARTESIAN_POINT ( 'NONE',  ( -1.866900000000000004, -5.410200000000000564, -2.870199999999999640 ) ) ;
#1367 = ORIENTED_EDGE ( 'NONE', *, *, #2592, .F. ) ;
#1368 = DIRECTION ( 'NONE',  ( 1.000000000000000000, 0.000000000000000000, 0.000000000000000000 ) ) ;
#1369 = ORIENTED_EDGE ( 'NONE', *, *, #682, .T. ) ;
#1370 = DIRECTION ( 'NONE',  ( -1.000000000000000000, 0.000000000000000000, 0.000000000000000000 ) ) ;
#1371 = DIRECTION ( 'NONE',  ( 0.000000000000000000, -0.2419218955996681186, -0.9702957262759963619 ) ) ;
#1372 = FACE_OUTER_BOUND ( 'NONE', #629, .T. ) ;
#1373 = VERTEX_POINT ( 'NONE', #966 ) ;
#1374 = CARTESIAN_POINT ( 'NONE',  ( 1.866900000000000004, -5.359399999999999942, 2.870199999999999640 ) ) ;
#1375 = CARTESIAN_POINT ( 'NONE',  ( -1.866900000000000004, -5.410200000000000564, 2.870199999999999640 ) ) ;
#1376 = CARTESIAN_POINT ( 'NONE',  ( 0.000000000000000000, 1.600200000000000067, 0.000000000000000000 ) ) ;
#1377 = VECTOR ( 'NONE', #2254, 1000.000000000000000 ) ;
#1378 = EDGE_CURVE ( 'NONE', #956, #3063, #712, .T. ) ;
#1379 = VERTEX_POINT ( 'NONE', #1233 ) ;
#1380 = CARTESIAN_POINT ( 'NONE',  ( -1.422400000000000109, 0.000000000000000000, -3.048000000000000043 ) ) ;
#1381 = AXIS2_PLACEMENT_3D ( 'NONE', #2281, #1267, #3330 ) ;
#1382 = EDGE_CURVE ( 'NONE', #1150, #1008, #2732, .T. ) ;
#1383 = DIRECTION ( 'NONE',  ( -1.000000000000000000, -0.000000000000000000, 0.000000000000000000 ) ) ;
#1384 = VERTEX_POINT ( 'NONE', #1217 ) ;
#1385 = EDGE_CURVE ( 'NONE', #2180, #526, #1438, .T. ) ;
#1386 = ADVANCED_FACE ( 'NONE', ( #2727 ), #2573, .T. ) ;
#1387 = CARTESIAN_POINT ( 'NONE',  ( -1.270000000000000018, 0.000000000000000000, 0.2032000000000000195 ) ) ;
#1388 = ORIENTED_EDGE ( 'NONE', *, *, #1955, .F. ) ;
#1389 = PRODUCT_DEFINITION_FORMATION_WITH_SPECIFIED_SOURCE ( 'ANY', '', #2266, .NOT_KNOWN. ) ;
#1390 = LINE ( 'NONE', #1470, #3006 ) ;
#1391 = VECTOR ( 'NONE', #1516, 1000.000000000000000 ) ;
#1392 = PLANE ( 'NONE',  #128 ) ;
#1393 = DIRECTION ( 'NONE',  ( 0.000000000000000000, 1.000000000000000000, 0.000000000000000000 ) ) ;
#1394 = ORIENTED_EDGE ( 'NONE', *, *, #353, .F. ) ;
#1395 = FACE_OUTER_BOUND ( 'NONE', #2590, .T. ) ;
#1396 = VECTOR ( 'NONE', #1968, 1000.000000000000000 ) ;
#1397 = DIRECTION ( 'NONE',  ( 0.000000000000000000, 0.000000000000000000, 1.000000000000000000 ) ) ;
#1398 = ADVANCED_FACE ( 'NONE', ( #3275 ), #1761, .F. ) ;
#1399 = FACE_OUTER_BOUND ( 'NONE', #900, .T. ) ;
#1400 = ORIENTED_EDGE ( 'NONE', *, *, #1110, .F. ) ;
#1401 = VERTEX_POINT ( 'NONE', #1181 ) ;
#1402 = DIRECTION ( 'NONE',  ( 0.000000000000000000, -1.000000000000000000, 0.000000000000000000 ) ) ;
#1403 = ORIENTED_EDGE ( 'NONE', *, *, #2472, .F. ) ;
#1404 = ADVANCED_FACE ( 'NONE', ( #1741 ), #1165, .T. ) ;
#1405 = EDGE_CURVE ( 'NONE', #3172, #2341, #1939, .T. ) ;
#1406 = DIRECTION ( 'NONE',  ( 0.000000000000000000, -1.000000000000000000, 0.000000000000000000 ) ) ;
#1407 = ORIENTED_EDGE ( 'NONE', *, *, #2309, .F. ) ;
#1408 = EDGE_CURVE ( 'NONE', #1580, #483, #2230, .T. ) ;
#1409 = CARTESIAN_POINT ( 'NONE',  ( 1.143000000000000016, -3.810000000000000053, -3.131776669576830319 ) ) ;
#1410 = CARTESIAN_POINT ( 'NONE',  ( -1.143000000000000016, -3.810000000000000053, 3.131776669576830319 ) ) ;
#1411 = CARTESIAN_POINT ( 'NONE',  ( 0.000000000000000000, 0.000000000000000000, 0.000000000000000000 ) ) ;
#1412 = VECTOR ( 'NONE', #1109, 1000.000000000000000 ) ;
#1413 = VERTEX_POINT ( 'NONE', #1775 ) ;
#1414 = FACE_OUTER_BOUND ( 'NONE', #3051, .T. ) ;
#1415 = DIRECTION ( 'NONE',  ( 0.000000000000000000, -0.2419218955996681186, -0.9702957262759963619 ) ) ;
#1416 = DIRECTION ( 'NONE',  ( -0.000000000000000000, 1.000000000000000000, 0.000000000000000000 ) ) ;
#1417 = ORIENTED_EDGE ( 'NONE', *, *, #397, .T. ) ;
#1418 = DIRECTION ( 'NONE',  ( -6.650861168199087991E-17, -0.9335804264972017430, -0.3583679495452999908 ) ) ;
#1419 = VECTOR ( 'NONE', #2605, 1000.000000000000000 ) ;
#1420 = AXIS2_PLACEMENT_3D ( 'NONE', #2372, #2871, #60 ) ;
#1421 = ORIENTED_EDGE ( 'NONE', *, *, #2455, .F. ) ;
#1422 = AXIS2_PLACEMENT_3D ( 'NONE', #1904, #639, #2874 ) ;
#1423 = LINE ( 'NONE', #981, #1601 ) ;
#1424 = ORIENTED_EDGE ( 'NONE', *, *, #2930, .F. ) ;
#1425 = EDGE_CURVE ( 'NONE', #2469, #1641, #1059, .T. ) ;
#1426 = SHAPE_DEFINITION_REPRESENTATION ( #1219, #1957 ) ;
#1427 = ORIENTED_EDGE ( 'NONE', *, *, #2926, .T. ) ;
#1428 = LINE ( 'NONE', #2184, #426 ) ;
#1429 = LINE ( 'NONE', #1691, #2277 ) ;
#1430 = LINE ( 'NONE', #455, #451 ) ;
#1431 = ORIENTED_EDGE ( 'NONE', *, *, #481, .F. ) ;
#1432 = EDGE_LOOP ( 'NONE', ( #226, #1572, #2967, #851, #508 ) ) ;
#1433 = CARTESIAN_POINT ( 'NONE',  ( 2.441823252819907367E-16, 0.000000000000000000, 1.993899999999999784 ) ) ;
#1434 = CARTESIAN_POINT ( 'NONE',  ( 0.000000000000000000, -5.410200000000000564, 0.000000000000000000 ) ) ;
#1435 = PRODUCT_DEFINITION_SHAPE ( 'NONE', 'NONE',  #2024 ) ;
#1436 = ORIENTED_EDGE ( 'NONE', *, *, #895, .F. ) ;
#1437 = VECTOR ( 'NONE', #2303, 1000.000000000000000 ) ;
#1438 = LINE ( 'NONE', #928, #694 ) ;
#1439 = ORIENTED_EDGE ( 'NONE', *, *, #1302, .T. ) ;
#1440 = AXIS2_PLACEMENT_3D ( 'NONE', #1411, #1153, #880 ) ;
#1441 = CIRCLE ( 'NONE', #3327, 0.2031999999999999640 ) ;
#1442 = ORIENTED_EDGE ( 'NONE', *, *, #926, .T. ) ;
#1443 = CARTESIAN_POINT ( 'NONE',  ( -1.066799999999999971, -0.7747000000000000552, -2.336800000000000210 ) ) ;
#1444 = AXIS2_PLACEMENT_3D ( 'NONE', #249, #266, #234 ) ;
#1445 = FACE_OUTER_BOUND ( 'NONE', #2200, .T. ) ;
#1446 = CARTESIAN_POINT ( 'NONE',  ( -1.066799999999999971, -0.7873999999999999888, 3.505199999999999871 ) ) ;
#1447 = ADVANCED_FACE ( 'NONE', ( #2542 ), #2780, .T. ) ;
#1448 = ORIENTED_EDGE ( 'NONE', *, *, #481, .T. ) ;
#1449 = ADVANCED_FACE ( 'NONE', ( #3104 ), #1819, .F. ) ;
#1450 = DIRECTION ( 'NONE',  ( 0.000000000000000000, 0.000000000000000000, 1.000000000000000000 ) ) ;
#1451 = AXIS2_PLACEMENT_3D ( 'NONE', #134, #1157, #2976 ) ;
#1452 = CYLINDRICAL_SURFACE ( 'NONE', #19, 0.8508999999999996566 ) ;
#1453 = ORIENTED_EDGE ( 'NONE', *, *, #1937, .T. ) ;
#1454 = CARTESIAN_POINT ( 'NONE',  ( 2.247900000000000009, -0.7873999999999999888, 3.505199999999999871 ) ) ;
#1455 = DIRECTION ( 'NONE',  ( 0.000000000000000000, 0.000000000000000000, -1.000000000000000000 ) ) ;
#1456 = ORIENTED_EDGE ( 'NONE', *, *, #2349, .T. ) ;
#1457 = CARTESIAN_POINT ( 'NONE',  ( 2.247900000000000009, -0.7873999999999999888, 2.336800000000000210 ) ) ;
#1458 =( LENGTH_UNIT ( ) NAMED_UNIT ( * ) SI_UNIT ( .MILLI., .METRE. ) );
#1459 = EDGE_LOOP ( 'NONE', ( #276, #2623, #1847, #1732 ) ) ;
#1460 = FACE_OUTER_BOUND ( 'NONE', #271, .T. ) ;
#1461 = CARTESIAN_POINT ( 'NONE',  ( -2.247900000000000009, -4.953000000000000291, 2.108200000000000074 ) ) ;
#1462 = CONICAL_SURFACE ( 'NONE', #445, 1.739900000000000002, 0.7853981633974469467 ) ;
#1463 = ORIENTED_EDGE ( 'NONE', *, *, #3217, .T. ) ;
#1464 = ORIENTED_EDGE ( 'NONE', *, *, #1467, .F. ) ;
#1465 = PRODUCT_RELATED_PRODUCT_CATEGORY ( 'part', '', ( #439 ) ) ;
#1466 = CARTESIAN_POINT ( 'NONE',  ( 2.247900000000000009, -0.7873999999999999888, -3.505199999999999871 ) ) ;
#1467 = EDGE_CURVE ( 'NONE', #1940, #1615, #482, .T. ) ;
#1468 = DIRECTION ( 'NONE',  ( 0.000000000000000000, 1.000000000000000000, 0.000000000000000000 ) ) ;
#1469 = ORIENTED_EDGE ( 'NONE', *, *, #231, .F. ) ;
#1470 = CARTESIAN_POINT ( 'NONE',  ( 1.270000000000000018, -4.064000000000000057, -2.336800000000000210 ) ) ;
#1471 = VECTOR ( 'NONE', #2373, 1000.000000000000227 ) ;
#1472 = CARTESIAN_POINT ( 'NONE',  ( 2.247900000000000009, -5.410200000000000564, 2.616200000000000081 ) ) ;
#1473 = ORIENTED_EDGE ( 'NONE', *, *, #2147, .F. ) ;
#1474 = LINE ( 'NONE', #2499, #1326 ) ;
#1475 = AXIS2_PLACEMENT_3D ( 'NONE', #1526, #2503, #1765 ) ;
#1476 = PRODUCT_CONTEXT ( 'NONE', #3049, 'mechanical' ) ;
#1477 = VERTEX_POINT ( 'NONE', #1517 ) ;
#1478 = DIRECTION ( 'NONE',  ( 0.000000000000000000, 0.000000000000000000, 1.000000000000000000 ) ) ;
#1479 = LINE ( 'NONE', #147, #2328 ) ;
#1480 = ORIENTED_EDGE ( 'NONE', *, *, #1089, .T. ) ;
#1481 = ORIENTED_EDGE ( 'NONE', *, *, #1350, .T. ) ;
#1482 = LINE ( 'NONE', #1935, #3196 ) ;
#1483 = CARTESIAN_POINT ( 'NONE',  ( -0.1905000000000000027, 1.430895318425000173, 1.899694277602220094 ) ) ;
#1484 = ORIENTED_EDGE ( 'NONE', *, *, #1664, .F. ) ;
#1485 = CIRCLE ( 'NONE', #26, 1.117600525558065883 ) ;
#1486 = DIRECTION ( 'NONE',  ( -0.000000000000000000, 1.000000000000000000, 0.000000000000000000 ) ) ;
#1487 = EDGE_CURVE ( 'NONE', #1890, #1335, #2747, .T. ) ;
#1488 = DIRECTION ( 'NONE',  ( 0.000000000000000000, 0.000000000000000000, 1.000000000000000000 ) ) ;
#1489 = ORIENTED_EDGE ( 'NONE', *, *, #2191, .F. ) ;
#1490 = VECTOR ( 'NONE', #1203, 1000.000000000000000 ) ;
#1491 = EDGE_CURVE ( 'NONE', #1362, #1498, #2575, .T. ) ;
#1492 = ADVANCED_FACE ( 'NONE', ( #542 ), #2345, .F. ) ;
#1493 = DIRECTION ( 'NONE',  ( 1.000000000000000000, 0.000000000000000000, 0.000000000000000000 ) ) ;
#1494 = LINE ( 'NONE', #2033, #1730 ) ;
#1495 = CARTESIAN_POINT ( 'NONE',  ( 0.000000000000000000, 0.000000000000000000, 0.000000000000000000 ) ) ;
#1496 = FACE_OUTER_BOUND ( 'NONE', #1330, .T. ) ;
#1497 = ORIENTED_EDGE ( 'NONE', *, *, #3052, .F. ) ;
#1498 = VERTEX_POINT ( 'NONE', #288 ) ;
#1499 = CARTESIAN_POINT ( 'NONE',  ( 1.866900000000000004, -5.410200000000000564, 2.870199999999999640 ) ) ;
#1500 = EDGE_CURVE ( 'NONE', #2465, #2515, #2829, .T. ) ;
#1501 = CARTESIAN_POINT ( 'NONE',  ( 0.1905000000000000027, 1.346200000000000063, 1.984778818911570042 ) ) ;
#1502 = ORIENTED_EDGE ( 'NONE', *, *, #2224, .F. ) ;
#1503 = VECTOR ( 'NONE', #1666, 1000.000000000000000 ) ;
#1504 = LINE ( 'NONE', #1654, #3296 ) ;
#1505 = SHAPE_REPRESENTATION ( 'G12AP(2)', ( #741, #1061, #2410, #1229 ), #3326 ) ;
#1506 = CARTESIAN_POINT ( 'NONE',  ( 1.066799999999999971, -0.7873999999999999888, 3.505199999999999871 ) ) ;
#1507 = ORIENTED_EDGE ( 'NONE', *, *, #2791, .F. ) ;
#1508 = EDGE_CURVE ( 'NONE', #1036, #894, #3089, .T. ) ;
#1509 = DIRECTION ( 'NONE',  ( 0.000000000000000000, -1.000000000000000000, 0.000000000000000000 ) ) ;
#1510 = LINE ( 'NONE', #2801, #1164 ) ;
#1511 = CARTESIAN_POINT ( 'NONE',  ( -1.270000000000000018, 0.000000000000000000, -2.743200000000000305 ) ) ;
#1512 = ORIENTED_EDGE ( 'NONE', *, *, #3285, .T. ) ;
#1513 = CARTESIAN_POINT ( 'NONE',  ( 0.000000000000000000, 1.600200000000000067, -1.739900000000000002 ) ) ;
#1514 = CARTESIAN_POINT ( 'NONE',  ( 2.247900000000000009, -4.953000000000000291, 2.616200000000000081 ) ) ;
#1515 = ORIENTED_EDGE ( 'NONE', *, *, #1630, .F. ) ;
#1516 = DIRECTION ( 'NONE',  ( -1.000000000000000000, 0.000000000000000000, 0.000000000000000000 ) ) ;
#1517 = CARTESIAN_POINT ( 'NONE',  ( 1.143000000000000016, -4.368800000000000239, -3.454399999999999693 ) ) ;
#1518 = ORIENTED_EDGE ( 'NONE', *, *, #1596, .F. ) ;
#1519 = AXIS2_PLACEMENT_3D ( 'NONE', #401, #904, #1712 ) ;
#1520 = PRODUCT_DEFINITION ( 'UNKNOWN', '', #2674, #1959 ) ;
#1521 = EDGE_CURVE ( 'NONE', #881, #2672, #1728, .T. ) ;
#1522 = CIRCLE ( 'NONE', #930, 0.8508999999999996566 ) ;
#1523 = AXIS2_PLACEMENT_3D ( 'NONE', #693, #2681, #377 ) ;
#1524 = CARTESIAN_POINT ( 'NONE',  ( -1.066799999999999971, -1.206500000000000128, 2.336800000000000210 ) ) ;
#1525 = VECTOR ( 'NONE', #2840, 1000.000000000000000 ) ;
#1526 = CARTESIAN_POINT ( 'NONE',  ( 0.1905000000000000027, 1.346200000000000063, 2.095500000000000362 ) ) ;
#1527 = DIRECTION ( 'NONE',  ( 0.000000000000000000, 1.000000000000000000, 0.000000000000000000 ) ) ;
#1528 = EDGE_CURVE ( 'NONE', #2037, #420, #2045, .T. ) ;
#1529 = ORIENTED_EDGE ( 'NONE', *, *, #3041, .F. ) ;
#1530 = CARTESIAN_POINT ( 'NONE',  ( -1.270000000000000018, -4.064000000000000057, -2.540000000000000036 ) ) ;
#1531 = CARTESIAN_POINT ( 'NONE',  ( 1.066799999999999971, -0.7747000000000000552, 3.505199999999999871 ) ) ;
#1532 = ORIENTED_EDGE ( 'NONE', *, *, #148, .T. ) ;
#1533 = CARTESIAN_POINT ( 'NONE',  ( 1.739900000000000002, -5.359399999999999942, 2.108200000000000074 ) ) ;
#1534 = PLANE ( 'NONE',  #1943 ) ;
#1535 = EDGE_LOOP ( 'NONE', ( #1806, #1340, #407, #939 ) ) ;
#1536 =( REPRESENTATION_RELATIONSHIP ('NONE','NONE', #3229, #1505 ) REPRESENTATION_RELATIONSHIP_WITH_TRANSFORMATION ( #3195 )SHAPE_REPRESENTATION_RELATIONSHIP( ) );
#1537 = VECTOR ( 'NONE', #93, 1000.000000000000000 ) ;
#1538 = CARTESIAN_POINT ( 'NONE',  ( 1.612900000000000000, -5.410200000000000564, 2.870199999999999640 ) ) ;
#1539 = DIRECTION ( 'NONE',  ( 0.000000000000000000, -0.8660254037844383745, 0.5000000000000003331 ) ) ;
#1540 = CARTESIAN_POINT ( 'NONE',  ( 2.247900000000000009, -5.410200000000000564, 3.505199999999999871 ) ) ;
#1541 = VECTOR ( 'NONE', #2740, 1000.000000000000000 ) ;
#1542 = FACE_OUTER_BOUND ( 'NONE', #1870, .T. ) ;
#1543 = ORIENTED_EDGE ( 'NONE', *, *, #2333, .T. ) ;
#1544 = DIRECTION ( 'NONE',  ( 0.000000000000000000, 0.3583679495453000463, -0.9335804264972018540 ) ) ;
#1545 = ADVANCED_FACE ( 'NONE', ( #2796 ), #1013, .F. ) ;
#1546 = DIRECTION ( 'NONE',  ( 0.000000000000000000, 1.000000000000000000, 0.000000000000000000 ) ) ;
#1547 = EDGE_CURVE ( 'NONE', #2515, #495, #773, .T. ) ;
#1548 = VERTEX_POINT ( 'NONE', #274 ) ;
#1549 = AXIS2_PLACEMENT_3D ( 'NONE', #2917, #34, #1555 ) ;
#1550 = CARTESIAN_POINT ( 'NONE',  ( -1.422400000000000109, 0.000000000000000000, 3.048000000000000043 ) ) ;
#1551 = CARTESIAN_POINT ( 'NONE',  ( 0.1905000000000000027, 1.600200000000000067, 1.714500000000000135 ) ) ;
#1552 = EDGE_LOOP ( 'NONE', ( #2142, #1543, #428, #2512, #3130, #3000 ) ) ;
#1553 = VECTOR ( 'NONE', #1672, 1000.000000000000000 ) ;
#1554 = ORIENTED_EDGE ( 'NONE', *, *, #2569, .T. ) ;
#1555 = DIRECTION ( 'NONE',  ( 1.000000000000000000, 0.000000000000000000, 0.000000000000000000 ) ) ;
#1556 = DIRECTION ( 'NONE',  ( 0.000000000000000000, 1.000000000000000000, 0.000000000000000000 ) ) ;
#1557 = DIRECTION ( 'NONE',  ( 0.000000000000000000, 1.000000000000000000, 0.000000000000000000 ) ) ;
#1558 = LINE ( 'NONE', #2583, #3329 ) ;
#1559 = VERTEX_POINT ( 'NONE', #525 ) ;
#1560 = LINE ( 'NONE', #224, #575 ) ;
#1561 = CARTESIAN_POINT ( 'NONE',  ( 2.247900000000000009, -5.410200000000000564, 2.616200000000000081 ) ) ;
#1562 = VERTEX_POINT ( 'NONE', #1551 ) ;
#1563 = LINE ( 'NONE', #2591, #793 ) ;
#1564 = VECTOR ( 'NONE', #3206, 1000.000000000000000 ) ;
#1565 = DIRECTION ( 'NONE',  ( 0.000000000000000000, -1.000000000000000000, 0.000000000000000000 ) ) ;
#1566 = ORIENTED_EDGE ( 'NONE', *, *, #2118, .F. ) ;
#1567 = ORIENTED_EDGE ( 'NONE', *, *, #2493, .F. ) ;
#1568 = DIRECTION ( 'NONE',  ( 0.000000000000000000, -1.000000000000000000, 0.000000000000000000 ) ) ;
#1569 = CARTESIAN_POINT ( 'NONE',  ( 1.368665906350085159E-16, 1.600200000000000067, 1.117600525558065883 ) ) ;
#1570 = FILL_AREA_STYLE_COLOUR ( '', #1220 ) ;
#1571 = VECTOR ( 'NONE', #43, 1000.000000000000000 ) ;
#1572 = ORIENTED_EDGE ( 'NONE', *, *, #1830, .F. ) ;
#1573 = VECTOR ( 'NONE', #1922, 1000.000000000000000 ) ;
#1574 = CARTESIAN_POINT ( 'NONE',  ( 2.247900000000000009, -5.410200000000000564, 3.505199999999999871 ) ) ;
#1575 = CYLINDRICAL_SURFACE ( 'NONE', #2924, 0.2539999999999998925 ) ;
#1576 = AXIS2_PLACEMENT_3D ( 'NONE', #205, #182, #1270 ) ;
#1577 = ORIENTED_EDGE ( 'NONE', *, *, #601, .T. ) ;
#1578 = DIRECTION ( 'NONE',  ( 0.000000000000000000, -1.000000000000000000, 0.000000000000000000 ) ) ;
#1579 = CARTESIAN_POINT ( 'NONE',  ( 1.143000000000000016, -4.572000000000000064, 3.454399999999999693 ) ) ;
#1580 = VERTEX_POINT ( 'NONE', #1788 ) ;
#1581 = ORIENTED_EDGE ( 'NONE', *, *, #272, .T. ) ;
#1582 = ADVANCED_FACE ( 'NONE', ( #2812 ), #1534, .T. ) ;
#1583 = DIRECTION ( 'NONE',  ( 0.000000000000000000, 0.000000000000000000, 1.000000000000000000 ) ) ;
#1584 = ADVANCED_FACE ( 'NONE', ( #2325, #17 ), #373, .F. ) ;
#1585 = LINE ( 'NONE', #1603, #3246 ) ;
#1586 =( NAMED_UNIT ( * ) PLANE_ANGLE_UNIT ( ) SI_UNIT ( $, .RADIAN. ) );
#1587 = ORIENTED_EDGE ( 'NONE', *, *, #3321, .T. ) ;
#1588 = PLANE ( 'NONE',  #2505 ) ;
#1589 = CARTESIAN_POINT ( 'NONE',  ( 1.270000000000000018, -4.064000000000000057, 2.743200000000000305 ) ) ;
#1590 = CARTESIAN_POINT ( 'NONE',  ( 1.270000000000000018, -4.064000000000000057, -2.743200000000000305 ) ) ;
#1591 = ORIENTED_EDGE ( 'NONE', *, *, #859, .F. ) ;
#1592 = EDGE_CURVE ( 'NONE', #2000, #360, #277, .T. ) ;
#1593 =( LENGTH_UNIT ( ) NAMED_UNIT ( * ) SI_UNIT ( .MILLI., .METRE. ) );
#1594 = DIRECTION ( 'NONE',  ( 0.000000000000000000, 0.000000000000000000, -1.000000000000000000 ) ) ;
#1595 = VERTEX_POINT ( 'NONE', #836 ) ;
#1596 = EDGE_CURVE ( 'NONE', #3236, #173, #655, .T. ) ;
#1597 = VECTOR ( 'NONE', #487, 1000.000000000000000 ) ;
#1598 = CARTESIAN_POINT ( 'NONE',  ( 0.1905000000000000027, 1.346200000000000063, 1.714500000000000135 ) ) ;
#1599 = ORIENTED_EDGE ( 'NONE', *, *, #2084, .T. ) ;
#1600 = FACE_OUTER_BOUND ( 'NONE', #1921, .T. ) ;
#1601 = VECTOR ( 'NONE', #3243, 1000.000000000000000 ) ;
#1602 = EDGE_CURVE ( 'NONE', #3141, #2558, #122, .T. ) ;
#1603 = CARTESIAN_POINT ( 'NONE',  ( -1.066799999999999971, -0.7747000000000000552, 2.336800000000000210 ) ) ;
#1604 = PLANE ( 'NONE',  #2243 ) ;
#1605 = ORIENTED_EDGE ( 'NONE', *, *, #3283, .F. ) ;
#1606 = DIRECTION ( 'NONE',  ( 1.000000000000000000, 0.000000000000000000, 0.000000000000000000 ) ) ;
#1607 = DIRECTION ( 'NONE',  ( 0.000000000000000000, 1.000000000000000000, 0.000000000000000000 ) ) ;
#1608 = DIRECTION ( 'NONE',  ( 1.000000000000000000, 0.000000000000000000, 0.000000000000000000 ) ) ;
#1609 = ORIENTED_EDGE ( 'NONE', *, *, #663, .T. ) ;
#1610 = PLANE ( 'NONE',  #16 ) ;
#1611 = CARTESIAN_POINT ( 'NONE',  ( 1.270000000000000018, -4.064000000000000057, -2.540000000000000036 ) ) ;
#1612 = VERTEX_POINT ( 'NONE', #870 ) ;
#1613 = VECTOR ( 'NONE', #219, 1000.000000000000000 ) ;
#1614 = DIRECTION ( 'NONE',  ( 0.000000000000000000, 0.000000000000000000, 1.000000000000000000 ) ) ;
#1615 = VERTEX_POINT ( 'NONE', #2394 ) ;
#1616 = FACE_OUTER_BOUND ( 'NONE', #316, .T. ) ;
#1617 = DIRECTION ( 'NONE',  ( -1.000000000000000000, 0.000000000000000000, 0.000000000000000000 ) ) ;
#1618 = CARTESIAN_POINT ( 'NONE',  ( -1.612900000000000000, -5.359399999999999942, 2.870199999999999640 ) ) ;
#1619 = EDGE_CURVE ( 'NONE', #3044, #1782, #2140, .T. ) ;
#1620 = CARTESIAN_POINT ( 'NONE',  ( 0.000000000000000000, -3.937000000000000277, 0.000000000000000000 ) ) ;
#1621 = ADVANCED_FACE ( 'NONE', ( #2622 ), #3187, .T. ) ;
#1622 = ORIENTED_EDGE ( 'NONE', *, *, #993, .F. ) ;
#1623 = PLANE ( 'NONE',  #354 ) ;
#1624 = EDGE_CURVE ( 'NONE', #1062, #808, #1127, .T. ) ;
#1625 = CARTESIAN_POINT ( 'NONE',  ( 0.1905000000000000027, 1.515566191433210141, 1.814585428693490154 ) ) ;
#1626 = VECTOR ( 'NONE', #969, 1000.000000000000000 ) ;
#1627 = DIRECTION ( 'NONE',  ( 0.000000000000000000, -1.000000000000000000, 0.000000000000000000 ) ) ;
#1628 = ORIENTED_EDGE ( 'NONE', *, *, #1664, .T. ) ;
#1629 = AXIS2_PLACEMENT_3D ( 'NONE', #2647, #1117, #1371 ) ;
#1630 = EDGE_CURVE ( 'NONE', #462, #1401, #1906, .T. ) ;
#1631 = AXIS2_PLACEMENT_3D ( 'NONE', #733, #454, #1478 ) ;
#1632 = LINE ( 'NONE', #1366, #1245 ) ;
#1633 = EDGE_LOOP ( 'NONE', ( #675, #1718, #2346, #3085 ) ) ;
#1634 = CARTESIAN_POINT ( 'NONE',  ( -1.270000000000000018, 0.000000000000000000, 0.000000000000000000 ) ) ;
#1635 = EDGE_LOOP ( 'NONE', ( #1045, #2608 ) ) ;
#1636 = DIRECTION ( 'NONE',  ( -1.000000000000000000, 0.000000000000000000, 0.000000000000000000 ) ) ;
#1637 = EDGE_CURVE ( 'NONE', #384, #1887, #1632, .T. ) ;
#1638 = DIRECTION ( 'NONE',  ( 1.000000000000000000, 0.000000000000000000, 0.000000000000000000 ) ) ;
#1639 = CARTESIAN_POINT ( 'NONE',  ( -2.247900000000000009, -5.410200000000000564, -3.505199999999999871 ) ) ;
#1640 = CIRCLE ( 'NONE', #2072, 0.2031999999999999640 ) ;
#1641 = VERTEX_POINT ( 'NONE', #1886 ) ;
#1642 = DIRECTION ( 'NONE',  ( 0.000000000000000000, 0.000000000000000000, 1.000000000000000000 ) ) ;
#1643 = CARTESIAN_POINT ( 'NONE',  ( 0.1905000000000000027, 1.430895318425000173, 1.899694277602214765 ) ) ;
#1644 = CARTESIAN_POINT ( 'NONE',  ( 1.866900000000000004, -5.410200000000000564, 2.870199999999999640 ) ) ;
#1645 = ORIENTED_EDGE ( 'NONE', *, *, #148, .F. ) ;
#1646 = SURFACE_SIDE_STYLE ('',( #2409 ) ) ;
#1647 = EDGE_CURVE ( 'NONE', #3325, #905, #2913, .T. ) ;
#1648 = EDGE_CURVE ( 'NONE', #1401, #2313, #2177, .T. ) ;
#1649 = DIRECTION ( 'NONE',  ( -1.000000000000000000, 0.000000000000000000, 0.000000000000000000 ) ) ;
#1650 = VERTEX_POINT ( 'NONE', #2658 ) ;
#1651 = LINE ( 'NONE', #87, #1337 ) ;
#1652 = VERTEX_POINT ( 'NONE', #1869 ) ;
#1653 = CARTESIAN_POINT ( 'NONE',  ( -1.270000000000000018, 0.000000000000000000, 2.336800000000000210 ) ) ;
#1654 = CARTESIAN_POINT ( 'NONE',  ( -2.247900000000000009, -4.953000000000000291, 2.616200000000000081 ) ) ;
#1655 = FACE_OUTER_BOUND ( 'NONE', #942, .T. ) ;
#1656 = DIRECTION ( 'NONE',  ( 0.000000000000000000, 0.000000000000000000, -1.000000000000000000 ) ) ;
#1657 = VERTEX_POINT ( 'NONE', #356 ) ;
#1658 = LINE ( 'NONE', #2684, #589 ) ;
#1659 = CARTESIAN_POINT ( 'NONE',  ( 1.143000000000000016, -4.572000000000000064, -3.454399999999999693 ) ) ;
#1660 = DIRECTION ( 'NONE',  ( 1.000000000000000000, 0.000000000000000000, 8.537024980200820832E-16 ) ) ;
#1661 = ORIENTED_EDGE ( 'NONE', *, *, #304, .T. ) ;
#1662 = EDGE_LOOP ( 'NONE', ( #421, #730, #208, #3017 ) ) ;
#1663 = LINE ( 'NONE', #1868, #2300 ) ;
#1664 = EDGE_CURVE ( 'NONE', #3182, #2274, #560, .T. ) ;
#1665 = ORIENTED_EDGE ( 'NONE', *, *, #2989, .T. ) ;
#1666 = DIRECTION ( 'NONE',  ( 0.000000000000000000, 1.000000000000000000, 0.000000000000000000 ) ) ;
#1667 = ORIENTED_EDGE ( 'NONE', *, *, #2191, .T. ) ;
#1668 = DIRECTION ( 'NONE',  ( 0.000000000000000000, 0.000000000000000000, -1.000000000000000000 ) ) ;
#1669 = CARTESIAN_POINT ( 'NONE',  ( 0.000000000000000000, 0.000000000000000000, 0.000000000000000000 ) ) ;
#1670 = VECTOR ( 'NONE', #2128, 1000.000000000000000 ) ;
#1671 = ORIENTED_EDGE ( 'NONE', *, *, #1811, .T. ) ;
#1672 = DIRECTION ( 'NONE',  ( 0.000000000000000000, -1.000000000000000000, 0.000000000000000000 ) ) ;
#1673 = CARTESIAN_POINT ( 'NONE',  ( -1.270000000000000018, 0.000000000000000000, -0.2032000000000000195 ) ) ;
#1674 = LINE ( 'NONE', #955, #67 ) ;
#1675 = ORIENTED_EDGE ( 'NONE', *, *, #2331, .T. ) ;
#1676 = ORIENTED_EDGE ( 'NONE', *, *, #55, .T. ) ;
#1677 = LINE ( 'NONE', #907, #132 ) ;
#1678 = AXIS2_PLACEMENT_3D ( 'NONE', #3219, #1692, #937 ) ;
#1679 = DIRECTION ( 'NONE',  ( 1.000000000000000000, 0.000000000000000000, 0.000000000000000000 ) ) ;
#1680 = VECTOR ( 'NONE', #1343, 1000.000000000000000 ) ;
#1681 = VECTOR ( 'NONE', #2779, 1000.000000000000000 ) ;
#1682 = VERTEX_POINT ( 'NONE', #2376 ) ;
#1683 = AXIS2_PLACEMENT_3D ( 'NONE', #3298, #987, #2548 ) ;
#1684 = DIRECTION ( 'NONE',  ( 0.000000000000000000, -1.000000000000000000, 0.000000000000000000 ) ) ;
#1685 = ORIENTED_EDGE ( 'NONE', *, *, #1345, .F. ) ;
#1686 = EDGE_CURVE ( 'NONE', #1914, #326, #2411, .T. ) ;
#1687 = DIRECTION ( 'NONE',  ( 1.000000000000000000, 0.000000000000000000, 0.000000000000000000 ) ) ;
#1688 = EDGE_CURVE ( 'NONE', #1650, #518, #1091, .T. ) ;
#1689 = ORIENTED_EDGE ( 'NONE', *, *, #1009, .F. ) ;
#1690 = CARTESIAN_POINT ( 'NONE',  ( -1.270000000000000018, -4.064000000000000057, 0.000000000000000000 ) ) ;
#1691 = CARTESIAN_POINT ( 'NONE',  ( -1.866900000000000004, -4.953000000000000291, 2.616200000000000081 ) ) ;
#1692 = DIRECTION ( 'NONE',  ( 0.000000000000000000, 1.000000000000000000, 0.000000000000000000 ) ) ;
#1693 = ORIENTED_EDGE ( 'NONE', *, *, #2877, .F. ) ;
#1694 = ORIENTED_EDGE ( 'NONE', *, *, #353, .T. ) ;
#1695 = DIRECTION ( 'NONE',  ( 0.000000000000000000, 0.000000000000000000, -1.000000000000000000 ) ) ;
#1696 = LINE ( 'NONE', #2964, #2981 ) ;
#1697 = AXIS2_PLACEMENT_3D ( 'NONE', #363, #1668, #1134 ) ;
#1698 = EDGE_CURVE ( 'NONE', #478, #2533, #3128, .T. ) ;
#1699 = ORIENTED_EDGE ( 'NONE', *, *, #2371, .T. ) ;
#1700 = AXIS2_PLACEMENT_3D ( 'NONE', #2083, #3083, #520 ) ;
#1701 = CARTESIAN_POINT ( 'NONE',  ( 1.739900000000000002, -4.953000000000000291, 2.108200000000000074 ) ) ;
#1702 = ORIENTED_EDGE ( 'NONE', *, *, #1285, .T. ) ;
#1703 = ADVANCED_FACE ( 'NONE', ( #3148 ), #2896, .T. ) ;
#1704 = CARTESIAN_POINT ( 'NONE',  ( 1.945645458813115125, 7.176720736812389448E-16, -2.336800000000000210 ) ) ;
#1705 =( GEOMETRIC_REPRESENTATION_CONTEXT ( 3 ) GLOBAL_UNCERTAINTY_ASSIGNED_CONTEXT ( ( #978 ) ) GLOBAL_UNIT_ASSIGNED_CONTEXT ( ( #1458, #161, #2182 ) ) REPRESENTATION_CONTEXT ( 'NONE', 'WORKASPACE' ) );
#1706 = AXIS2_PLACEMENT_3D ( 'NONE', #2626, #327, #1353 ) ;
#1707 = VECTOR ( 'NONE', #540, 1000.000000000000000 ) ;
#1708 = EDGE_CURVE ( 'NONE', #2416, #1752, #1324, .T. ) ;
#1709 = ORIENTED_EDGE ( 'NONE', *, *, #1528, .F. ) ;
#1710 = VECTOR ( 'NONE', #3234, 1000.000000000000114 ) ;
#1711 = CARTESIAN_POINT ( 'NONE',  ( -1.612900000000000000, -5.359399999999999942, 3.124200000000000088 ) ) ;
#1712 = DIRECTION ( 'NONE',  ( 1.000000000000000000, 0.000000000000000000, 0.000000000000000000 ) ) ;
#1713 = ORIENTED_EDGE ( 'NONE', *, *, #2206, .T. ) ;
#1714 = VERTEX_POINT ( 'NONE', #1796 ) ;
#1715 = DIRECTION ( 'NONE',  ( 0.000000000000000000, -0.9702957262759964729, 0.2419218955996681186 ) ) ;
#1716 = VECTOR ( 'NONE', #3216, 1000.000000000000000 ) ;
#1717 = DIRECTION ( 'NONE',  ( 0.000000000000000000, 1.000000000000000000, 0.000000000000000000 ) ) ;
#1718 = ORIENTED_EDGE ( 'NONE', *, *, #1259, .T. ) ;
#1719 = MANIFOLD_SOLID_BREP ( 'Imported1', #2559 ) ;
#1720 = DIRECTION ( 'NONE',  ( 1.000000000000000000, 0.000000000000000000, 0.000000000000000000 ) ) ;
#1721 = DIRECTION ( 'NONE',  ( 0.000000000000000000, 1.000000000000000000, 0.000000000000000000 ) ) ;
#1722 = EDGE_LOOP ( 'NONE', ( #3178, #187, #2095, #1518 ) ) ;
#1723 = CARTESIAN_POINT ( 'NONE',  ( -1.612900000000000000, -5.410200000000000564, -2.870199999999999640 ) ) ;
#1724 = EDGE_LOOP ( 'NONE', ( #2195, #2385, #2426, #3097, #310, #1802 ) ) ;
#1725 = PRODUCT_DEFINITION_SHAPE ( 'NONE', 'NONE',  #3338 ) ;
#1726 = EDGE_CURVE ( 'NONE', #1180, #1940, #74, .T. ) ;
#1727 = DIRECTION ( 'NONE',  ( 0.000000000000000000, 0.000000000000000000, -1.000000000000000000 ) ) ;
#1728 = CIRCLE ( 'NONE', #2268, 0.2032000000000001583 ) ;
#1729 = FACE_OUTER_BOUND ( 'NONE', #2585, .T. ) ;
#1730 = VECTOR ( 'NONE', #202, 1000.000000000000000 ) ;
#1731 = VERTEX_POINT ( 'NONE', #2582 ) ;
#1732 = ORIENTED_EDGE ( 'NONE', *, *, #2445, .F. ) ;
#1733 = CARTESIAN_POINT ( 'NONE',  ( 0.000000000000000000, 0.000000000000000000, 0.000000000000000000 ) ) ;
#1734 = ADVANCED_FACE ( 'NONE', ( #1290 ), #2850, .T. ) ;
#1735 = DIRECTION ( 'NONE',  ( 1.000000000000000000, 0.000000000000000000, 8.537024980200820832E-16 ) ) ;
#1736 = ADVANCED_FACE ( 'NONE', ( #265 ), #549, .T. ) ;
#1737 = VERTEX_POINT ( 'NONE', #2629 ) ;
#1738 = EDGE_CURVE ( 'NONE', #2347, #425, #36, .T. ) ;
#1739 = LINE ( 'NONE', #3191, #2541 ) ;
#1740 = AXIS2_PLACEMENT_3D ( 'NONE', #715, #469, #1493 ) ;
#1741 = FACE_OUTER_BOUND ( 'NONE', #2498, .T. ) ;
#1742 = ORIENTED_EDGE ( 'NONE', *, *, #2950, .F. ) ;
#1743 = VECTOR ( 'NONE', #688, 1000.000000000000000 ) ;
#1744 = DIRECTION ( 'NONE',  ( 0.3583679495452999908, -0.9335804264972017430, -1.315869306396379253E-16 ) ) ;
#1745 = VECTOR ( 'NONE', #726, 1000.000000000000000 ) ;
#1746 = CONTEXT_DEPENDENT_SHAPE_REPRESENTATION ( #2627, #1725 ) ;
#1747 = DIRECTION ( 'NONE',  ( 0.000000000000000000, 0.000000000000000000, -1.000000000000000000 ) ) ;
#1748 = ADVANCED_FACE ( 'NONE', ( #584 ), #1604, .T. ) ;
#1749 = DIRECTION ( 'NONE',  ( 1.000000000000000000, 0.000000000000000000, 0.000000000000000000 ) ) ;
#1750 = LINE ( 'NONE', #1986, #721 ) ;
#1751 = LINE ( 'NONE', #221, #691 ) ;
#1752 = VERTEX_POINT ( 'NONE', #2367 ) ;
#1753 = ORIENTED_EDGE ( 'NONE', *, *, #1011, .T. ) ;
#1754 = LINE ( 'NONE', #1952, #453 ) ;
#1755 = LINE ( 'NONE', #3271, #2544 ) ;
#1756 = ADVANCED_FACE ( 'NONE', ( #2336 ), #2614, .T. ) ;
#1757 = VERTEX_POINT ( 'NONE', #3138 ) ;
#1758 = AXIS2_PLACEMENT_3D ( 'NONE', #2482, #2246, #676 ) ;
#1759 = EDGE_CURVE ( 'NONE', #1562, #3172, #1097, .T. ) ;
#1760 = CARTESIAN_POINT ( 'NONE',  ( -1.422400000000000109, 0.000000000000000000, -3.048000000000000043 ) ) ;
#1761 = PLANE ( 'NONE',  #59 ) ;
#1762 = ORIENTED_EDGE ( 'NONE', *, *, #1051, .T. ) ;
#1763 = VECTOR ( 'NONE', #1981, 1000.000000000000000 ) ;
#1764 = PLANE ( 'NONE',  #6 ) ;
#1765 = DIRECTION ( 'NONE',  ( 0.000000000000000000, 1.000000000000000000, 0.000000000000000000 ) ) ;
#1766 = LINE ( 'NONE', #2786, #1597 ) ;
#1767 = ORIENTED_EDGE ( 'NONE', *, *, #2951, .T. ) ;
#1768 = EDGE_LOOP ( 'NONE', ( #1991, #133, #2153, #137, #1856, #2326, #2743, #1609 ) ) ;
#1769 = DIRECTION ( 'NONE',  ( -0.000000000000000000, 1.000000000000000000, 0.000000000000000000 ) ) ;
#1770 = CARTESIAN_POINT ( 'NONE',  ( 1.739900000000000002, -4.953000000000000291, 2.108200000000000074 ) ) ;
#1771 = EDGE_LOOP ( 'NONE', ( #1827, #788, #140, #2826, #1424, #250, #1086 ) ) ;
#1772 = MANIFOLD_SOLID_BREP ( 'Imported1', #2132 ) ;
#1773 = CARTESIAN_POINT ( 'NONE',  ( -2.247900000000000009, -5.410200000000000564, 3.505199999999999871 ) ) ;
#1774 = EDGE_CURVE ( 'NONE', #2220, #503, #879, .T. ) ;
#1775 = CARTESIAN_POINT ( 'NONE',  ( -1.612900000000000000, -5.359399999999999942, -3.124200000000000088 ) ) ;
#1776 = ORIENTED_EDGE ( 'NONE', *, *, #2697, .F. ) ;
#1777 = ADVANCED_FACE ( 'NONE', ( #2079 ), #2956, .T. ) ;
#1778 = APPLICATION_CONTEXT ( 'automotive_design' ) ;
#1779 = DIRECTION ( 'NONE',  ( 0.000000000000000000, 1.000000000000000000, 0.000000000000000000 ) ) ;
#1780 = CARTESIAN_POINT ( 'NONE',  ( 1.739900000000000002, -4.953000000000000291, 2.108200000000000074 ) ) ;
#1781 = DIRECTION ( 'NONE',  ( 0.000000000000000000, 1.000000000000000000, 0.000000000000000000 ) ) ;
#1782 = VERTEX_POINT ( 'NONE', #3157 ) ;
#1783 = LINE ( 'NONE', #3098, #467 ) ;
#1784 = DIRECTION ( 'NONE',  ( 0.000000000000000000, 0.000000000000000000, -1.000000000000000000 ) ) ;
#1785 = AXIS2_PLACEMENT_3D ( 'NONE', #244, #2089, #2030 ) ;
#1786 = ORIENTED_EDGE ( 'NONE', *, *, #2147, .T. ) ;
#1787 = CARTESIAN_POINT ( 'NONE',  ( -1.270000000000000018, 0.000000000000000000, 2.540000000000000036 ) ) ;
#1788 = CARTESIAN_POINT ( 'NONE',  ( 1.143000000000000016, -3.810000000000000053, 3.505199999999999871 ) ) ;
#1789 = ORIENTED_EDGE ( 'NONE', *, *, #2898, .T. ) ;
#1790 = VECTOR ( 'NONE', #1329, 1000.000000000000000 ) ;
#1791 = VECTOR ( 'NONE', #3123, 1000.000000000000000 ) ;
#1792 = DIRECTION ( 'NONE',  ( -1.000000000000000000, 0.000000000000000000, 3.671838701161650202E-16 ) ) ;
#1793 = EDGE_CURVE ( 'NONE', #697, #2567, #346, .T. ) ;
#1794 = AXIS2_PLACEMENT_3D ( 'NONE', #1434, #2776, #1679 ) ;
#1795 = PLANE ( 'NONE',  #871 ) ;
#1796 = CARTESIAN_POINT ( 'NONE',  ( -1.066799999999999971, -0.7873999999999999888, -3.505199999999999871 ) ) ;
#1797 = ADVANCED_FACE ( 'NONE', ( #1372 ), #2904, .F. ) ;
#1798 = CARTESIAN_POINT ( 'NONE',  ( -1.866900000000000004, -5.359399999999999942, -2.870199999999999640 ) ) ;
#1799 = VERTEX_POINT ( 'NONE', #1639 ) ;
#1800 = CARTESIAN_POINT ( 'NONE',  ( 2.247900000000000009, 0.000000000000000000, -3.202945458813109880 ) ) ;
#1801 = CARTESIAN_POINT ( 'NONE',  ( 1.739900000000000002, -4.953000000000000291, 2.616200000000000081 ) ) ;
#1802 = ORIENTED_EDGE ( 'NONE', *, *, #2324, .T. ) ;
#1803 = DIRECTION ( 'NONE',  ( 0.000000000000000000, 1.000000000000000000, 0.000000000000000000 ) ) ;
#1804 = VECTOR ( 'NONE', #3069, 1000.000000000000000 ) ;
#1805 = DIRECTION ( 'NONE',  ( -1.000000000000000000, 0.000000000000000000, 0.000000000000000000 ) ) ;
#1806 = ORIENTED_EDGE ( 'NONE', *, *, #993, .T. ) ;
#1807 = DIRECTION ( 'NONE',  ( 0.000000000000000000, 1.000000000000000000, 0.000000000000000000 ) ) ;
#1808 = DIRECTION ( 'NONE',  ( 0.000000000000000000, -1.000000000000000000, 0.000000000000000000 ) ) ;
#1809 = FILL_AREA_STYLE ('',( #567 ) ) ;
#1810 = CARTESIAN_POINT ( 'NONE',  ( 0.000000000000000000, 1.346200000000000063, 0.000000000000000000 ) ) ;
#1811 = EDGE_CURVE ( 'NONE', #462, #403, #632, .T. ) ;
#1812 = ORIENTED_EDGE ( 'NONE', *, *, #1830, .T. ) ;
#1813 = CARTESIAN_POINT ( 'NONE',  ( -1.945645458813115125, 0.000000000000000000, 3.202945458813109880 ) ) ;
#1814 = CARTESIAN_POINT ( 'NONE',  ( -1.450038650365913950, 1.291099877073595970, -2.707338650365920252 ) ) ;
#1815 = UNCERTAINTY_MEASURE_WITH_UNIT (LENGTH_MEASURE( 1.000000000000000082E-05 ), #2152, 'distance_accuracy_value', 'NONE');
#1816 = VERTEX_POINT ( 'NONE', #646 ) ;
#1817 = AXIS2_PLACEMENT_3D ( 'NONE', #479, #3058, #2810 ) ;
#1818 = CARTESIAN_POINT ( 'NONE',  ( -1.866900000000000004, -5.359399999999999942, -2.870199999999999640 ) ) ;
#1819 = PLANE ( 'NONE',  #385 ) ;
#1820 = ORIENTED_EDGE ( 'NONE', *, *, #1688, .F. ) ;
#1821 = CIRCLE ( 'NONE', #745, 1.993899999999999784 ) ;
#1822 = EDGE_LOOP ( 'NONE', ( #3231, #1407, #2211, #2700, #1273, #967, #754, #2070 ) ) ;
#1823 = FACE_OUTER_BOUND ( 'NONE', #886, .T. ) ;
#1824 = FACE_OUTER_BOUND ( 'NONE', #1333, .T. ) ;
#1825 = CARTESIAN_POINT ( 'NONE',  ( 1.066799999999999971, -1.206500000000000128, -2.336800000000000210 ) ) ;
#1826 =( NAMED_UNIT ( * ) SI_UNIT ( $, .STERADIAN. ) SOLID_ANGLE_UNIT ( ) );
#1827 = ORIENTED_EDGE ( 'NONE', *, *, #2783, .T. ) ;
#1828 = CARTESIAN_POINT ( 'NONE',  ( -1.422400000000000109, 0.02540000000000000244, -3.048000000000000043 ) ) ;
#1829 = DIRECTION ( 'NONE',  ( 0.000000000000000000, -0.9702957262759964729, 0.2419218955996681186 ) ) ;
#1830 = EDGE_CURVE ( 'NONE', #569, #326, #379, .T. ) ;
#1831 = ORIENTED_EDGE ( 'NONE', *, *, #2081, .F. ) ;
#1832 = DIRECTION ( 'NONE',  ( 0.000000000000000000, 1.000000000000000000, 0.000000000000000000 ) ) ;
#1833 = VECTOR ( 'NONE', #2525, 1000.000000000000227 ) ;
#1834 = EDGE_CURVE ( 'NONE', #1548, #3063, #3212, .T. ) ;
#1835 = APPLICATION_CONTEXT ( 'automotive_design' ) ;
#1836 = DIRECTION ( 'NONE',  ( 0.000000000000000000, 0.000000000000000000, 1.000000000000000000 ) ) ;
#1837 = EDGE_CURVE ( 'NONE', #911, #2683, #3213, .T. ) ;
#1838 = ORIENTED_EDGE ( 'NONE', *, *, #2098, .F. ) ;
#1839 = ORIENTED_EDGE ( 'NONE', *, *, #2883, .T. ) ;
#1840 = LINE ( 'NONE', #2866, #2565 ) ;
#1841 = CIRCLE ( 'NONE', #3086, 0.2539999999999998925 ) ;
#1842 = DIRECTION ( 'NONE',  ( 0.000000000000000000, 1.000000000000000000, 0.000000000000000000 ) ) ;
#1843 = CARTESIAN_POINT ( 'NONE',  ( 0.1905000000000000027, 1.600200000000000067, 1.714500000000000135 ) ) ;
#1844 = SHAPE_REPRESENTATION_RELATIONSHIP ( 'NONE' , 'NONE' ,  #3013, #2580 ) ;
#1845 = EDGE_CURVE ( 'NONE', #425, #1914, #3230, .T. ) ;
#1846 = VECTOR ( 'NONE', #1926, 1000.000000000000000 ) ;
#1847 = ORIENTED_EDGE ( 'NONE', *, *, #2197, .F. ) ;
#1848 = STYLED_ITEM ( 'NONE', ( #574 ), #602 ) ;
#1849 = FACE_BOUND ( 'NONE', #1067, .T. ) ;
#1850 = CARTESIAN_POINT ( 'NONE',  ( -1.422400000000000109, 0.02540000000000000244, 3.048000000000000043 ) ) ;
#1851 = CARTESIAN_POINT ( 'NONE',  ( -1.270000000000000018, 0.000000000000000000, 0.000000000000000000 ) ) ;
#1852 = EDGE_CURVE ( 'NONE', #2688, #597, #3176, .T. ) ;
#1853 = ORIENTED_EDGE ( 'NONE', *, *, #2324, .F. ) ;
#1854 = CARTESIAN_POINT ( 'NONE',  ( 1.066799999999999971, -0.7747000000000000552, 2.336800000000000210 ) ) ;
#1855 = EDGE_CURVE ( 'NONE', #1413, #662, #2972, .T. ) ;
#1856 = ORIENTED_EDGE ( 'NONE', *, *, #2739, .T. ) ;
#1857 = ADVANCED_FACE ( 'NONE', ( #897 ), #2420, .F. ) ;
#1858 = DIRECTION ( 'NONE',  ( 8.537024980200820832E-16, 0.000000000000000000, -1.000000000000000000 ) ) ;
#1859 = ORIENTED_EDGE ( 'NONE', *, *, #551, .T. ) ;
#1860 = CARTESIAN_POINT ( 'NONE',  ( 1.182184031603482177, 1.988885015339330264, -2.439484031603480041 ) ) ;
#1861 = CARTESIAN_POINT ( 'NONE',  ( 1.143000000000000016, -3.810000000000000053, 3.131776669576830319 ) ) ;
#1862 = DIRECTION ( 'NONE',  ( 0.000000000000000000, 0.000000000000000000, -1.000000000000000000 ) ) ;
#1863 = ORIENTED_EDGE ( 'NONE', *, *, #2824, .F. ) ;
#1864 = CARTESIAN_POINT ( 'NONE',  ( -1.270000000000000018, 0.000000000000000000, 2.540000000000000036 ) ) ;
#1865 = DIRECTION ( 'NONE',  ( 0.000000000000000000, 1.000000000000000000, 0.000000000000000000 ) ) ;
#1866 = PLANE ( 'NONE',  #1146 ) ;
#1867 = ORIENTED_EDGE ( 'NONE', *, *, #1759, .F. ) ;
#1868 = CARTESIAN_POINT ( 'NONE',  ( -1.066799999999999971, 2.058134953268514973E-16, -3.202945458813109880 ) ) ;
#1869 = CARTESIAN_POINT ( 'NONE',  ( -1.945645458813115125, -1.084202172485503941E-16, -3.202945458813109880 ) ) ;
#1870 = EDGE_LOOP ( 'NONE', ( #1436, #223 ) ) ;
#1871 = ADVANCED_FACE ( 'NONE', ( #2698 ), #2167, .F. ) ;
#1872 = DIRECTION ( 'NONE',  ( -0.000000000000000000, 0.3583679495453000463, 0.9335804264972018540 ) ) ;
#1873 = ORIENTED_EDGE ( 'NONE', *, *, #3259, .F. ) ;
#1874 = EDGE_CURVE ( 'NONE', #2558, #1887, #394, .T. ) ;
#1875 = DIRECTION ( 'NONE',  ( 0.000000000000000000, 1.000000000000000000, 0.000000000000000000 ) ) ;
#1876 = AXIS2_PLACEMENT_3D ( 'NONE', #2497, #2710, #1999 ) ;
#1877 = CARTESIAN_POINT ( 'NONE',  ( 0.000000000000000000, 0.000000000000000000, 0.000000000000000000 ) ) ;
#1878 = DIRECTION ( 'NONE',  ( -1.000000000000000000, 0.000000000000000000, 0.000000000000000000 ) ) ;
#1879 = ADVANCED_FACE ( 'NONE', ( #714 ), #199, .F. ) ;
#1880 = ORIENTED_EDGE ( 'NONE', *, *, #2546, .F. ) ;
#1881 = CARTESIAN_POINT ( 'NONE',  ( 1.143000000000000016, -3.810000000000000053, -3.505199999999999871 ) ) ;
#1882 = CARTESIAN_POINT ( 'NONE',  ( -1.270000000000000018, -4.064000000000000057, -0.2032000000000000195 ) ) ;
#1883 = DIRECTION ( 'NONE',  ( -0.000000000000000000, 1.000000000000000000, 0.000000000000000000 ) ) ;
#1884 = ORIENTED_EDGE ( 'NONE', *, *, #396, .F. ) ;
#1885 = DIRECTION ( 'NONE',  ( 0.000000000000000000, 0.000000000000000000, -1.000000000000000000 ) ) ;
#1886 = CARTESIAN_POINT ( 'NONE',  ( 1.422400000000000109, 0.02540000000000000244, 3.048000000000000043 ) ) ;
#1887 = VERTEX_POINT ( 'NONE', #429 ) ;
#1888 = VECTOR ( 'NONE', #761, 1000.000000000000000 ) ;
#1889 = CARTESIAN_POINT ( 'NONE',  ( -1.866900000000000004, -5.359399999999999942, -2.870199999999999640 ) ) ;
#1890 = VERTEX_POINT ( 'NONE', #1221 ) ;
#1891 = DIRECTION ( 'NONE',  ( -1.000000000000000000, 0.000000000000000000, 0.000000000000000000 ) ) ;
#1892 = DIRECTION ( 'NONE',  ( -0.000000000000000000, 1.000000000000000000, 0.000000000000000000 ) ) ;
#1893 = DIRECTION ( 'NONE',  ( -1.000000000000000000, 0.000000000000000000, 0.000000000000000000 ) ) ;
#1894 =( NAMED_UNIT ( * ) SI_UNIT ( $, .STERADIAN. ) SOLID_ANGLE_UNIT ( ) );
#1895 = EDGE_CURVE ( 'NONE', #1027, #186, #2990, .T. ) ;
#1896 = ORIENTED_EDGE ( 'NONE', *, *, #309, .T. ) ;
#1897 = LINE ( 'NONE', #2669, #1322 ) ;
#1898 = EDGE_CURVE ( 'NONE', #2846, #1562, #2001, .T. ) ;
#1899 = PLANE ( 'NONE',  #2225 ) ;
#1900 = CIRCLE ( 'NONE', #338, 0.2031999999999999640 ) ;
#1901 = CARTESIAN_POINT ( 'NONE',  ( 1.739900000000000002, -5.410200000000000564, 2.108200000000000074 ) ) ;
#1902 = VECTOR ( 'NONE', #2138, 1000.000000000000000 ) ;
#1903 = ORIENTED_EDGE ( 'NONE', *, *, #1793, .F. ) ;
#1904 = CARTESIAN_POINT ( 'NONE',  ( 2.247900000000000009, -5.410200000000000564, -3.505199999999999871 ) ) ;
#1905 = VECTOR ( 'NONE', #2287, 1000.000000000000000 ) ;
#1906 = LINE ( 'NONE', #1348, #2429 ) ;
#1907 = ORIENTED_EDGE ( 'NONE', *, *, #705, .T. ) ;
#1908 = DIRECTION ( 'NONE',  ( 0.000000000000000000, -0.2419218955996673692, -0.9702957262759964729 ) ) ;
#1909 = ORIENTED_EDGE ( 'NONE', *, *, #86, .F. ) ;
#1910 = FACE_OUTER_BOUND ( 'NONE', #973, .T. ) ;
#1911 = CARTESIAN_POINT ( 'NONE',  ( -2.247900000000000009, -1.206500000000000128, 3.505199999999999871 ) ) ;
#1912 = DIRECTION ( 'NONE',  ( 1.000000000000000000, 0.000000000000000000, 0.000000000000000000 ) ) ;
#1913 = VECTOR ( 'NONE', #2633, 1000.000000000000000 ) ;
#1914 = VERTEX_POINT ( 'NONE', #1457 ) ;
#1915 = CARTESIAN_POINT ( 'NONE',  ( -1.422400000000000109, 0.02540000000000000244, -3.048000000000000043 ) ) ;
#1916 = EDGE_CURVE ( 'NONE', #3263, #3228, #2610, .T. ) ;
#1917 = CARTESIAN_POINT ( 'NONE',  ( -2.243024926755050164, -0.7747000000000000552, 3.505199999999999871 ) ) ;
#1918 = DIRECTION ( 'NONE',  ( 0.000000000000000000, 1.000000000000000000, 0.000000000000000000 ) ) ;
#1919 =( GEOMETRIC_REPRESENTATION_CONTEXT ( 3 ) GLOBAL_UNCERTAINTY_ASSIGNED_CONTEXT ( ( #2966 ) ) GLOBAL_UNIT_ASSIGNED_CONTEXT ( ( #2920, #143, #2450 ) ) REPRESENTATION_CONTEXT ( 'NONE', 'WORKASPACE' ) );
#1920 = VERTEX_POINT ( 'NONE', #2249 ) ;
#1921 = EDGE_LOOP ( 'NONE', ( #2728, #2733 ) ) ;
#1922 = DIRECTION ( 'NONE',  ( 0.000000000000000000, -1.000000000000000000, 0.000000000000000000 ) ) ;
#1923 = ORIENTED_EDGE ( 'NONE', *, *, #2877, .T. ) ;
#1924 = CARTESIAN_POINT ( 'NONE',  ( 0.000000000000000000, 1.346200000000000063, 0.000000000000000000 ) ) ;
#1925 = VERTEX_POINT ( 'NONE', #2484 ) ;
#1926 = DIRECTION ( 'NONE',  ( 0.000000000000000000, 0.000000000000000000, 1.000000000000000000 ) ) ;
#1927 = DIRECTION ( 'NONE',  ( 0.000000000000000000, 0.000000000000000000, 1.000000000000000000 ) ) ;
#1928 =( NAMED_UNIT ( * ) PLANE_ANGLE_UNIT ( ) SI_UNIT ( $, .RADIAN. ) );
#1929 = AXIS2_PLACEMENT_3D ( 'NONE', #2695, #1406, #2661 ) ;
#1930 = ORIENTED_EDGE ( 'NONE', *, *, #651, .T. ) ;
#1931 = FACE_OUTER_BOUND ( 'NONE', #3207, .T. ) ;
#1932 = LINE ( 'NONE', #1947, #1956 ) ;
#1933 = LINE ( 'NONE', #1446, #2109 ) ;
#1934 = ORIENTED_EDGE ( 'NONE', *, *, #2609, .F. ) ;
#1935 = CARTESIAN_POINT ( 'NONE',  ( 1.270000000000000018, -4.064000000000000057, 2.743200000000000305 ) ) ;
#1936 = ORIENTED_EDGE ( 'NONE', *, *, #99, .T. ) ;
#1937 = EDGE_CURVE ( 'NONE', #2567, #3075, #3027, .T. ) ;
#1938 = EDGE_CURVE ( 'NONE', #403, #998, #3262, .T. ) ;
#1939 = LINE ( 'NONE', #427, #2529 ) ;
#1940 = VERTEX_POINT ( 'NONE', #2232 ) ;
#1941 = DIRECTION ( 'NONE',  ( 1.000000000000000000, 0.000000000000000000, 8.537024980200820832E-16 ) ) ;
#1942 = SHAPE_DEFINITION_REPRESENTATION ( #2510, #3013 ) ;
#1943 = AXIS2_PLACEMENT_3D ( 'NONE', #2557, #259, #1299 ) ;
#1944 = APPLICATION_CONTEXT ( 'automotive_design' ) ;
#1945 = VERTEX_POINT ( 'NONE', #949 ) ;
#1946 = CARTESIAN_POINT ( 'NONE',  ( -2.243024926755050164, -0.7747000000000000552, 3.500324926755045141 ) ) ;
#1947 = CARTESIAN_POINT ( 'NONE',  ( -1.739900000000000002, -4.953000000000000291, 2.616200000000000081 ) ) ;
#1948 = EDGE_CURVE ( 'NONE', #662, #384, #947, .T. ) ;
#1949 = DIRECTION ( 'NONE',  ( 0.000000000000000000, 0.000000000000000000, -1.000000000000000000 ) ) ;
#1950 = ORIENTED_EDGE ( 'NONE', *, *, #3012, .T. ) ;
#1951 = ORIENTED_EDGE ( 'NONE', *, *, #3149, .F. ) ;
#1952 = CARTESIAN_POINT ( 'NONE',  ( -1.143000000000000016, -4.572000000000000064, -3.454399999999999693 ) ) ;
#1953 = VECTOR ( 'NONE', #419, 1000.000000000000000 ) ;
#1954 = DIRECTION ( 'NONE',  ( -1.000000000000000000, 0.000000000000000000, 0.000000000000000000 ) ) ;
#1955 = EDGE_CURVE ( 'NONE', #564, #1180, #1474, .T. ) ;
#1956 = VECTOR ( 'NONE', #3218, 1000.000000000000000 ) ;
#1957 = SHAPE_REPRESENTATION ( 'G1P-trmnls', ( #2952 ), #315 ) ;
#1958 = AXIS2_PLACEMENT_3D ( 'NONE', #3257, #1486, #2513 ) ;
#1959 = PRODUCT_DEFINITION_CONTEXT ( 'detailed design', #446, 'design' ) ;
#1960 = EDGE_LOOP ( 'NONE', ( #3165, #1160, #3240, #1676, #475 ) ) ;
#1961 = VECTOR ( 'NONE', #1294, 1000.000000000000114 ) ;
#1962 = EDGE_CURVE ( 'NONE', #1816, #564, #2235, .T. ) ;
#1963 = DIRECTION ( 'NONE',  ( 1.000000000000000000, 0.000000000000000000, 0.000000000000000000 ) ) ;
#1964 = ORIENTED_EDGE ( 'NONE', *, *, #3041, .T. ) ;
#1965 = CARTESIAN_POINT ( 'NONE',  ( -0.1905000000000000027, 1.346200000000000063, 1.714500000000000135 ) ) ;
#1966 = PRODUCT_CONTEXT ( 'NONE', #2804, 'mechanical' ) ;
#1967 = ORIENTED_EDGE ( 'NONE', *, *, #817, .T. ) ;
#1968 = DIRECTION ( 'NONE',  ( 0.000000000000000000, -1.000000000000000000, 0.000000000000000000 ) ) ;
#1969 = FACE_OUTER_BOUND ( 'NONE', #2028, .T. ) ;
#1970 = ORIENTED_EDGE ( 'NONE', *, *, #800, .F. ) ;
#1971 = ORIENTED_EDGE ( 'NONE', *, *, #1948, .T. ) ;
#1972 = LINE ( 'NONE', #2190, #2721 ) ;
#1973 = DIRECTION ( 'NONE',  ( 1.000000000000000000, 0.000000000000000000, -3.671838701161640341E-16 ) ) ;
#1974 = AXIS2_PLACEMENT_3D ( 'NONE', #3245, #178, #3010 ) ;
#1975 = ORIENTED_EDGE ( 'NONE', *, *, #1874, .F. ) ;
#1976 = LINE ( 'NONE', #214, #1280 ) ;
#1977 = AXIS2_PLACEMENT_3D ( 'NONE', #3237, #672, #2722 ) ;
#1978 = LINE ( 'NONE', #944, #104 ) ;
#1979 = ORIENTED_EDGE ( 'NONE', *, *, #1648, .T. ) ;
#1980 = ADVANCED_FACE ( 'NONE', ( #472 ), #2298, .F. ) ;
#1981 = DIRECTION ( 'NONE',  ( 0.000000000000000000, 0.000000000000000000, 1.000000000000000000 ) ) ;
#1982 = EDGE_CURVE ( 'NONE', #1757, #478, #1510, .T. ) ;
#1983 = VECTOR ( 'NONE', #1304, 1000.000000000000000 ) ;
#1984 = CIRCLE ( 'NONE', #2141, 1.993899999999999784 ) ;
#1985 = ORIENTED_EDGE ( 'NONE', *, *, #1708, .T. ) ;
#1986 = CARTESIAN_POINT ( 'NONE',  ( -0.1905000000000000027, 1.346200000000000063, 1.714500000000000135 ) ) ;
#1987 = ADVANCED_FACE ( 'NONE', ( #1207 ), #1255, .F. ) ;
#1988 = CARTESIAN_POINT ( 'NONE',  ( -1.866900000000000004, -5.359399999999999942, 2.870199999999999640 ) ) ;
#1989 = ADVANCED_BREP_SHAPE_REPRESENTATION ( '', ( #1772, #2952 ), #315 ) ;
#1990 = EDGE_CURVE ( 'NONE', #2596, #503, #3030, .T. ) ;
#1991 = ORIENTED_EDGE ( 'NONE', *, *, #2432, .T. ) ;
#1992 = ORIENTED_EDGE ( 'NONE', *, *, #272, .F. ) ;
#1993 = DIRECTION ( 'NONE',  ( 0.000000000000000000, 1.000000000000000000, 0.000000000000000000 ) ) ;
#1994 = VECTOR ( 'NONE', #1455, 1000.000000000000000 ) ;
#1995 = CARTESIAN_POINT ( 'NONE',  ( -2.247900000000000009, -5.410200000000000564, -3.505199999999999871 ) ) ;
#1996 = EDGE_LOOP ( 'NONE', ( #2962, #1767 ) ) ;
#1997 = DIRECTION ( 'NONE',  ( 0.000000000000000000, -1.000000000000000000, 0.000000000000000000 ) ) ;
#1998 = EDGE_CURVE ( 'NONE', #2830, #1092, #3151, .T. ) ;
#1999 = DIRECTION ( 'NONE',  ( 1.000000000000000000, 0.000000000000000000, 0.000000000000000000 ) ) ;
#2000 = VERTEX_POINT ( 'NONE', #499 ) ;
#2001 = LINE ( 'NONE', #2767, #1266 ) ;
#2002 = CARTESIAN_POINT ( 'NONE',  ( 1.945645458813115125, 0.000000000000000000, 3.505199999999999871 ) ) ;
#2003 = LINE ( 'NONE', #2502, #2999 ) ;
#2004 = LINE ( 'NONE', #3282, #2176 ) ;
#2005 = VECTOR ( 'NONE', #2122, 1000.000000000000000 ) ;
#2006 = DIRECTION ( 'NONE',  ( 0.000000000000000000, 0.000000000000000000, 1.000000000000000000 ) ) ;
#2007 = EDGE_CURVE ( 'NONE', #818, #1150, #2050, .T. ) ;
#2008 = ORIENTED_EDGE ( 'NONE', *, *, #2413, .F. ) ;
#2009 = EDGE_LOOP ( 'NONE', ( #1120, #2175, #2322, #2164, #2231, #1873, #3290, #2338 ) ) ;
#2010 = DIRECTION ( 'NONE',  ( 0.000000000000000000, 1.000000000000000000, 0.000000000000000000 ) ) ;
#2011 = DIRECTION ( 'NONE',  ( 0.000000000000000000, 0.000000000000000000, -1.000000000000000000 ) ) ;
#2012 = EDGE_LOOP ( 'NONE', ( #1693, #3082 ) ) ;
#2013 = AXIS2_PLACEMENT_3D ( 'NONE', #117, #2156, #1070 ) ;
#2014 = DIRECTION ( 'NONE',  ( 0.000000000000000000, 1.000000000000000000, 0.000000000000000000 ) ) ;
#2015 = CIRCLE ( 'NONE', #815, 0.2031999999999999640 ) ;
#2016 = DIRECTION ( 'NONE',  ( 0.000000000000000000, -1.000000000000000000, 0.000000000000000000 ) ) ;
#2017 = EDGE_LOOP ( 'NONE', ( #3135, #1094, #1699, #289 ) ) ;
#2018 = COLOUR_RGB ( '',0.6862745098039215730, 0.6862745098039215730, 0.6862745098039215730 ) ;
#2019 = DIRECTION ( 'NONE',  ( 0.000000000000000000, 0.000000000000000000, -1.000000000000000000 ) ) ;
#2020 = CARTESIAN_POINT ( 'NONE',  ( 1.270000000000000018, 0.000000000000000000, 2.743200000000000305 ) ) ;
#2021 = DIRECTION ( 'NONE',  ( 0.000000000000000000, 0.000000000000000000, 1.000000000000000000 ) ) ;
#2022 = ORIENTED_EDGE ( 'NONE', *, *, #2250, .T. ) ;
#2023 = ORIENTED_EDGE ( 'NONE', *, *, #1216, .T. ) ;
#2024 = PRODUCT_DEFINITION ( 'UNKNOWN', '', #1389, #2055 ) ;
#2025 = CARTESIAN_POINT ( 'NONE',  ( 1.270000000000000018, 0.000000000000000000, 2.540000000000000036 ) ) ;
#2026 = ADVANCED_FACE ( 'NONE', ( #2734 ), #432, .F. ) ;
#2027 = LINE ( 'NONE', #1770, #1905 ) ;
#2028 = EDGE_LOOP ( 'NONE', ( #2971, #2067, #1587, #3061 ) ) ;
#2029 = CARTESIAN_POINT ( 'NONE',  ( 2.441823252819907367E-16, 1.346200000000000063, 1.993899999999999784 ) ) ;
#2030 = DIRECTION ( 'NONE',  ( 0.000000000000000000, 1.000000000000000000, 0.000000000000000000 ) ) ;
#2031 = EDGE_LOOP ( 'NONE', ( #2256, #45 ) ) ;
#2032 = AXIS2_PLACEMENT_3D ( 'NONE', #3254, #940, #1450 ) ;
#2033 = CARTESIAN_POINT ( 'NONE',  ( 1.422400000000000109, 0.000000000000000000, 3.048000000000000043 ) ) ;
#2034 = FACE_OUTER_BOUND ( 'NONE', #1459, .T. ) ;
#2035 = FACE_OUTER_BOUND ( 'NONE', #1722, .T. ) ;
#2036 = PRODUCT_DEFINITION_FORMATION_WITH_SPECIFIED_SOURCE ( 'ANY', '', #439, .NOT_KNOWN. ) ;
#2037 = VERTEX_POINT ( 'NONE', #2528 ) ;
#2038 = LINE ( 'NONE', #1037, #1804 ) ;
#2039 = VECTOR ( 'NONE', #2269, 1000.000000000000000 ) ;
#2040 = FACE_OUTER_BOUND ( 'NONE', #1724, .T. ) ;
#2041 = ORIENTED_EDGE ( 'NONE', *, *, #2206, .F. ) ;
#2042 = AXIS2_PLACEMENT_3D ( 'NONE', #729, #2765, #447 ) ;
#2043 = CARTESIAN_POINT ( 'NONE',  ( 1.866900000000000004, -5.410200000000000564, -2.870199999999999640 ) ) ;
#2044 = ADVANCED_FACE ( 'NONE', ( #1460 ), #3047, .T. ) ;
#2045 = LINE ( 'NONE', #3324, #809 ) ;
#2046 = VERTEX_POINT ( 'NONE', #2020 ) ;
#2047 = ADVANCED_FACE ( 'NONE', ( #2034 ), #3314, .F. ) ;
#2048 = CARTESIAN_POINT ( 'NONE',  ( -1.270000000000000018, -4.064000000000000057, -2.336800000000000210 ) ) ;
#2049 = DIRECTION ( 'NONE',  ( 0.000000000000000000, -0.9702957262759963619, 0.2419218955996680909 ) ) ;
#2050 = LINE ( 'NONE', #1711, #1377 ) ;
#2051 = DIRECTION ( 'NONE',  ( -0.000000000000000000, 1.000000000000000000, 0.000000000000000000 ) ) ;
#2052 = ORIENTED_EDGE ( 'NONE', *, *, #2393, .T. ) ;
#2053 = DIRECTION ( 'NONE',  ( 1.000000000000000000, 0.000000000000000000, 8.537024980200820832E-16 ) ) ;
#2054 = DIRECTION ( 'NONE',  ( 0.000000000000000000, 0.000000000000000000, -1.000000000000000000 ) ) ;
#2055 = PRODUCT_DEFINITION_CONTEXT ( 'detailed design', #2693, 'design' ) ;
#2056 = ORIENTED_EDGE ( 'NONE', *, *, #110, .F. ) ;
#2057 = DIRECTION ( 'NONE',  ( -0.000000000000000000, 1.000000000000000000, 0.000000000000000000 ) ) ;
#2058 = DIRECTION ( 'NONE',  ( 0.000000000000000000, -1.000000000000000000, 0.000000000000000000 ) ) ;
#2059 = ORIENTED_EDGE ( 'NONE', *, *, #1937, .F. ) ;
#2060 = PRODUCT_DEFINITION ( 'UNKNOWN', '', #899, #2492 ) ;
#2061 = CIRCLE ( 'NONE', #2809, 1.993899999999999784 ) ;
#2062 = EDGE_CURVE ( 'NONE', #3276, #2788, #2386, .T. ) ;
#2063 = CARTESIAN_POINT ( 'NONE',  ( 1.866900000000000004, -5.359399999999999942, 2.616200000000000081 ) ) ;
#2064 = FACE_OUTER_BOUND ( 'NONE', #2762, .T. ) ;
#2065 = DIRECTION ( 'NONE',  ( 0.000000000000000000, 1.000000000000000000, 0.000000000000000000 ) ) ;
#2066 = CARTESIAN_POINT ( 'NONE',  ( -1.422400000000000109, 0.000000000000000000, -2.674404166602074806 ) ) ;
#2067 = ORIENTED_EDGE ( 'NONE', *, *, #642, .F. ) ;
#2068 = DIRECTION ( 'NONE',  ( 0.000000000000000000, 1.000000000000000000, 0.000000000000000000 ) ) ;
#2069 = DIRECTION ( 'NONE',  ( 1.000000000000000000, 0.000000000000000000, 0.000000000000000000 ) ) ;
#2070 = ORIENTED_EDGE ( 'NONE', *, *, #760, .T. ) ;
#2071 = DIRECTION ( 'NONE',  ( 0.000000000000000000, -1.000000000000000000, 0.000000000000000000 ) ) ;
#2072 = AXIS2_PLACEMENT_3D ( 'NONE', #2285, #2068, #751 ) ;
#2073 = DIRECTION ( 'NONE',  ( 0.000000000000000000, 1.000000000000000000, 0.000000000000000000 ) ) ;
#2074 = EDGE_LOOP ( 'NONE', ( #2284, #1014 ) ) ;
#2075 = AXIS2_PLACEMENT_3D ( 'NONE', #779, #2885, #1339 ) ;
#2076 = ORIENTED_EDGE ( 'NONE', *, *, #3173, .F. ) ;
#2077 = CARTESIAN_POINT ( 'NONE',  ( 1.270000000000000018, -4.064000000000000057, -2.540000000000000036 ) ) ;
#2078 = DIRECTION ( 'NONE',  ( -0.000000000000000000, 1.000000000000000000, 0.000000000000000000 ) ) ;
#2079 = FACE_OUTER_BOUND ( 'NONE', #242, .T. ) ;
#2080 = CARTESIAN_POINT ( 'NONE',  ( 2.243024926755050164, -0.7747000000000000552, 3.505199999999999871 ) ) ;
#2081 = EDGE_CURVE ( 'NONE', #1580, #2082, #2004, .T. ) ;
#2082 = VERTEX_POINT ( 'NONE', #233 ) ;
#2083 = CARTESIAN_POINT ( 'NONE',  ( 0.000000000000000000, -5.410200000000000564, 0.000000000000000000 ) ) ;
#2084 = EDGE_CURVE ( 'NONE', #1174, #420, #971, .T. ) ;
#2085 = FACE_OUTER_BOUND ( 'NONE', #3101, .T. ) ;
#2086 = EDGE_CURVE ( 'NONE', #2567, #3172, #1750, .T. ) ;
#2087 = ORIENTED_EDGE ( 'NONE', *, *, #2883, .F. ) ;
#2088 = CARTESIAN_POINT ( 'NONE',  ( -0.1905000000000000027, 1.346200000000000063, 1.714500000000000135 ) ) ;
#2089 = DIRECTION ( 'NONE',  ( 1.000000000000000000, 0.000000000000000000, 0.000000000000000000 ) ) ;
#2090 = EDGE_LOOP ( 'NONE', ( #2476, #938, #275, #303, #2737, #2957, #2123, #920, #2369, #1262, #3322, #2793, #2886, #3105, #3287, #3210 ) ) ;
#2091 = ADVANCED_FACE ( 'NONE', ( #3015 ), #486, .F. ) ;
#2092 = EDGE_LOOP ( 'NONE', ( #3071, #3269, #343, #1130, #837, #1923, #155, #2988, #2448, #1442 ) ) ;
#2093 = CARTESIAN_POINT ( 'NONE',  ( -1.066799999999999971, -1.206500000000000128, -2.336800000000000210 ) ) ;
#2094 = DIRECTION ( 'NONE',  ( 0.000000000000000000, 1.000000000000000000, 0.000000000000000000 ) ) ;
#2095 = ORIENTED_EDGE ( 'NONE', *, *, #695, .F. ) ;
#2096 = CARTESIAN_POINT ( 'NONE',  ( 1.270000000000000018, 0.000000000000000000, -2.336800000000000210 ) ) ;
#2097 = CARTESIAN_POINT ( 'NONE',  ( 0.1905000000000000027, 1.346200000000000063, 1.984778818911570042 ) ) ;
#2098 = EDGE_CURVE ( 'NONE', #2307, #704, #2334, .T. ) ;
#2099 = CARTESIAN_POINT ( 'NONE',  ( -2.247900000000000009, -0.7747000000000000552, 2.336800000000000210 ) ) ;
#2100 = ADVANCED_FACE ( 'NONE', ( #673 ), #2708, .F. ) ;
#2101 = ORIENTED_EDGE ( 'NONE', *, *, #2189, .T. ) ;
#2102 = DIRECTION ( 'NONE',  ( 1.000000000000000000, 0.000000000000000000, 0.000000000000000000 ) ) ;
#2103 = AXIS2_PLACEMENT_3D ( 'NONE', #2514, #2194, #1963 ) ;
#2104 = DIRECTION ( 'NONE',  ( 0.000000000000000000, 1.000000000000000000, 0.000000000000000000 ) ) ;
#2105 = ORIENTED_EDGE ( 'NONE', *, *, #559, .F. ) ;
#2106 = DIRECTION ( 'NONE',  ( 0.000000000000000000, 1.000000000000000000, 0.000000000000000000 ) ) ;
#2107 = ORIENTED_EDGE ( 'NONE', *, *, #2224, .T. ) ;
#2108 = DIRECTION ( 'NONE',  ( 0.000000000000000000, 0.000000000000000000, 1.000000000000000000 ) ) ;
#2109 = VECTOR ( 'NONE', #433, 1000.000000000000227 ) ;
#2110 = DIRECTION ( 'NONE',  ( 0.000000000000000000, -1.000000000000000000, 0.000000000000000000 ) ) ;
#2111 = SURFACE_SIDE_STYLE ('',( #1065 ) ) ;
#2112 = VECTOR ( 'NONE', #2653, 1000.000000000000000 ) ;
#2113 = ORIENTED_EDGE ( 'NONE', *, *, #2739, .F. ) ;
#2114 = VECTOR ( 'NONE', #477, 1000.000000000000000 ) ;
#2115 = FACE_OUTER_BOUND ( 'NONE', #2012, .T. ) ;
#2116 = CARTESIAN_POINT ( 'NONE',  ( -2.243024926755050164, -0.7747000000000000552, 2.336800000000000210 ) ) ;
#2117 = CARTESIAN_POINT ( 'NONE',  ( 0.000000000000000000, 0.000000000000000000, -1.117600525558065883 ) ) ;
#2118 = EDGE_CURVE ( 'NONE', #1309, #3024, #976, .T. ) ;
#2119 = ORIENTED_EDGE ( 'NONE', *, *, #651, .F. ) ;
#2120 = FACE_OUTER_BOUND ( 'NONE', #452, .T. ) ;
#2121 = EDGE_CURVE ( 'NONE', #539, #2720, #962, .T. ) ;
#2122 = DIRECTION ( 'NONE',  ( 1.000000000000000000, 0.000000000000000000, 0.000000000000000000 ) ) ;
#2123 = ORIENTED_EDGE ( 'NONE', *, *, #2286, .F. ) ;
#2124 = DIRECTION ( 'NONE',  ( 0.000000000000000000, 0.000000000000000000, -1.000000000000000000 ) ) ;
#2125 = ORIENTED_EDGE ( 'NONE', *, *, #909, .F. ) ;
#2126 = DIRECTION ( 'NONE',  ( 0.000000000000000000, 0.000000000000000000, 1.000000000000000000 ) ) ;
#2127 = FACE_OUTER_BOUND ( 'NONE', #1635, .T. ) ;
#2128 = DIRECTION ( 'NONE',  ( 0.000000000000000000, 0.000000000000000000, -1.000000000000000000 ) ) ;
#2129 = AXIS2_PLACEMENT_3D ( 'NONE', #1540, #2315, #2065 ) ;
#2130 = DIRECTION ( 'NONE',  ( 1.000000000000000000, 0.000000000000000000, 0.000000000000000000 ) ) ;
#2131 = VERTEX_POINT ( 'NONE', #1501 ) ;
#2132 = CLOSED_SHELL ( 'NONE', ( #165, #1041, #3197, #752, #1621, #563, #217, #2992, #2881, #2571, #1031, #406, #2044, #775, #541, #3127, #3035, #2686, #1703, #3059, #2782, #1404, #1871, #40, #1545, #2026 ) ) ;
#2133 = CARTESIAN_POINT ( 'NONE',  ( 1.612900000000000000, -5.359399999999999942, -3.124200000000000088 ) ) ;
#2134 = VECTOR ( 'NONE', #1021, 1000.000000000000227 ) ;
#2135 = LINE ( 'NONE', #116, #2863 ) ;
#2136 = CARTESIAN_POINT ( 'NONE',  ( 1.612900000000000000, -5.410200000000000564, -2.870199999999999640 ) ) ;
#2137 = EDGE_LOOP ( 'NONE', ( #658, #237 ) ) ;
#2138 = DIRECTION ( 'NONE',  ( 0.000000000000000000, -1.000000000000000000, 0.000000000000000000 ) ) ;
#2139 = AXIS2_PLACEMENT_3D ( 'NONE', #2417, #2245, #1720 ) ;
#2140 = LINE ( 'NONE', #323, #1297 ) ;
#2141 = AXIS2_PLACEMENT_3D ( 'NONE', #2794, #2071, #2827 ) ;
#2142 = ORIENTED_EDGE ( 'NONE', *, *, #49, .T. ) ;
#2143 = TOROIDAL_SURFACE ( 'NONE', #902, 0.4698999999999999844, 0.3810000000000000053 ) ;
#2144 = EDGE_CURVE ( 'NONE', #945, #2313, #2522, .T. ) ;
#2145 = CARTESIAN_POINT ( 'NONE',  ( -1.143000000000000016, -3.810000000000000053, 3.505199999999999871 ) ) ;
#2146 = ORIENTED_EDGE ( 'NONE', *, *, #705, .F. ) ;
#2147 = EDGE_CURVE ( 'NONE', #2688, #998, #3238, .T. ) ;
#2148 = CARTESIAN_POINT ( 'NONE',  ( 0.000000000000000000, 0.000000000000000000, -1.993899999999999784 ) ) ;
#2149 = AXIS2_PLACEMENT_3D ( 'NONE', #2447, #194, #408 ) ;
#2150 = DIRECTION ( 'NONE',  ( 0.000000000000000000, -1.000000000000000000, 0.000000000000000000 ) ) ;
#2151 = CARTESIAN_POINT ( 'NONE',  ( 0.000000000000000000, 0.000000000000000000, 0.000000000000000000 ) ) ;
#2152 =( LENGTH_UNIT ( ) NAMED_UNIT ( * ) SI_UNIT ( .MILLI., .METRE. ) );
#2153 = ORIENTED_EDGE ( 'NONE', *, *, #437, .T. ) ;
#2154 = LINE ( 'NONE', #2907, #300 ) ;
#2155 = DIRECTION ( 'NONE',  ( 0.000000000000000000, 0.000000000000000000, 1.000000000000000000 ) ) ;
#2156 = DIRECTION ( 'NONE',  ( 0.000000000000000000, 1.000000000000000000, 0.000000000000000000 ) ) ;
#2157 = ORIENTED_EDGE ( 'NONE', *, *, #1098, .T. ) ;
#2158 = FILL_AREA_STYLE ('',( #3126 ) ) ;
#2159 = CARTESIAN_POINT ( 'NONE',  ( 0.000000000000000000, 4.784994381659686269, -1.518995155421150489 ) ) ;
#2160 = ORIENTED_EDGE ( 'NONE', *, *, #150, .F. ) ;
#2161 = VECTOR ( 'NONE', #610, 999.9999999999998863 ) ;
#2162 = AXIS2_PLACEMENT_3D ( 'NONE', #1253, #2296, #1509 ) ;
#2163 = LINE ( 'NONE', #2935, #3226 ) ;
#2164 = ORIENTED_EDGE ( 'NONE', *, *, #1726, .T. ) ;
#2165 = DIRECTION ( 'NONE',  ( 0.000000000000000000, 1.000000000000000000, 0.000000000000000000 ) ) ;
#2166 = DIRECTION ( 'NONE',  ( 1.000000000000000000, 0.000000000000000000, 0.000000000000000000 ) ) ;
#2167 = PLANE ( 'NONE',  #2511 ) ;
#2168 = PRODUCT_CONTEXT ( 'NONE', #468, 'mechanical' ) ;
#2169 = ORIENTED_EDGE ( 'NONE', *, *, #1110, .T. ) ;
#2170 = DIRECTION ( 'NONE',  ( 0.000000000000000000, -1.000000000000000000, 0.000000000000000000 ) ) ;
#2171 = CARTESIAN_POINT ( 'NONE',  ( -1.739900000000000002, -5.359399999999999942, 2.616200000000000081 ) ) ;
#2172 = VECTOR ( 'NONE', #572, 1000.000000000000000 ) ;
#2173 = CARTESIAN_POINT ( 'NONE',  ( 0.000000000000000000, 0.000000000000000000, 0.000000000000000000 ) ) ;
#2174 = AXIS2_PLACEMENT_3D ( 'NONE', #1733, #1228, #2758 ) ;
#2175 = ORIENTED_EDGE ( 'NONE', *, *, #1962, .T. ) ;
#2176 = VECTOR ( 'NONE', #954, 1000.000000000000000 ) ;
#2177 = LINE ( 'NONE', #307, #1564 ) ;
#2178 = ORIENTED_EDGE ( 'NONE', *, *, #55, .F. ) ;
#2179 = PLANE ( 'NONE',  #1015 ) ;
#2180 = VERTEX_POINT ( 'NONE', #2985 ) ;
#2181 = FACE_OUTER_BOUND ( 'NONE', #364, .T. ) ;
#2182 =( NAMED_UNIT ( * ) SI_UNIT ( $, .STERADIAN. ) SOLID_ANGLE_UNIT ( ) );
#2183 = ORIENTED_EDGE ( 'NONE', *, *, #800, .T. ) ;
#2184 = CARTESIAN_POINT ( 'NONE',  ( 0.000000000000000000, 1.600200000000000067, -1.739900000000000002 ) ) ;
#2185 = LINE ( 'NONE', #382, #239 ) ;
#2186 = CYLINDRICAL_SURFACE ( 'NONE', #1678, 0.2032000000000000195 ) ;
#2187 = AXIS2_PLACEMENT_3D ( 'NONE', #3065, #3332, #1018 ) ;
#2188 = ORIENTED_EDGE ( 'NONE', *, *, #2576, .T. ) ;
#2189 = EDGE_CURVE ( 'NONE', #1799, #2558, #657, .T. ) ;
#2190 = CARTESIAN_POINT ( 'NONE',  ( -1.422400000000000109, 0.000000000000000000, -3.048000000000000043 ) ) ;
#2191 = EDGE_CURVE ( 'NONE', #3075, #2341, #3064, .T. ) ;
#2192 = UNCERTAINTY_MEASURE_WITH_UNIT (LENGTH_MEASURE( 1.000000000000000082E-05 ), #515, 'distance_accuracy_value', 'NONE');
#2193 = ORIENTED_EDGE ( 'NONE', *, *, #1491, .T. ) ;
#2194 = DIRECTION ( 'NONE',  ( -0.000000000000000000, 1.000000000000000000, 0.000000000000000000 ) ) ;
#2195 = ORIENTED_EDGE ( 'NONE', *, *, #1278, .F. ) ;
#2196 = VECTOR ( 'NONE', #1003, 1000.000000000000000 ) ;
#2197 = EDGE_CURVE ( 'NONE', #2131, #697, #1696, .T. ) ;
#2198 = DIRECTION ( 'NONE',  ( 0.000000000000000000, 0.000000000000000000, 1.000000000000000000 ) ) ;
#2199 = CONICAL_SURFACE ( 'NONE', #2621, 1.739900000000000002, 0.7853981633974469467 ) ;
#2200 = EDGE_LOOP ( 'NONE', ( #934, #123, #523, #906, #1076, #114 ) ) ;
#2201 = CARTESIAN_POINT ( 'NONE',  ( -1.270000000000000018, 0.000000000000000000, -2.540000000000000036 ) ) ;
#2202 = PLANE ( 'NONE',  #1363 ) ;
#2203 = LINE ( 'NONE', #2687, #1710 ) ;
#2204 = ORIENTED_EDGE ( 'NONE', *, *, #1408, .T. ) ;
#2205 = PLANE ( 'NONE',  #1977 ) ;
#2206 = EDGE_CURVE ( 'NONE', #3024, #1945, #405, .T. ) ;
#2207 = CARTESIAN_POINT ( 'NONE',  ( 1.143000000000000016, -3.810000000000000053, 7.620000000000000107 ) ) ;
#2208 = EDGE_CURVE ( 'NONE', #2746, #662, #3255, .T. ) ;
#2209 = ORIENTED_EDGE ( 'NONE', *, *, #680, .T. ) ;
#2210 = DIRECTION ( 'NONE',  ( 1.000000000000000000, 0.000000000000000000, 0.000000000000000000 ) ) ;
#2211 = ORIENTED_EDGE ( 'NONE', *, *, #2327, .F. ) ;
#2212 = PRODUCT ( 'GP-body', 'GP-body', '', ( #3214 ) ) ;
#2213 = DIRECTION ( 'NONE',  ( -0.000000000000000000, 1.000000000000000000, 0.000000000000000000 ) ) ;
#2214 =( GEOMETRIC_REPRESENTATION_CONTEXT ( 3 ) GLOBAL_UNCERTAINTY_ASSIGNED_CONTEXT ( ( #2192 ) ) GLOBAL_UNIT_ASSIGNED_CONTEXT ( ( #515, #1033, #2818 ) ) REPRESENTATION_CONTEXT ( 'NONE', 'WORKASPACE' ) );
#2215 = ORIENTED_EDGE ( 'NONE', *, *, #3073, .F. ) ;
#2216 = CARTESIAN_POINT ( 'NONE',  ( 1.422400000000000109, 0.02540000000000000244, -3.048000000000000043 ) ) ;
#2217 = DIRECTION ( 'NONE',  ( -1.000000000000000000, 0.000000000000000000, 0.000000000000000000 ) ) ;
#2218 = DIRECTION ( 'NONE',  ( 0.000000000000000000, -0.5000000000000003331, 0.8660254037844384856 ) ) ;
#2219 = EDGE_LOOP ( 'NONE', ( #683, #2188, #1185, #2076 ) ) ;
#2220 = VERTEX_POINT ( 'NONE', #2462 ) ;
#2221 = CARTESIAN_POINT ( 'NONE',  ( -1.612900000000000000, -5.410200000000000564, 2.870199999999999640 ) ) ;
#2222 = CIRCLE ( 'NONE', #765, 0.2539999999999998925 ) ;
#2223 = DIRECTION ( 'NONE',  ( 0.000000000000000000, 0.000000000000000000, 1.000000000000000000 ) ) ;
#2224 = EDGE_CURVE ( 'NONE', #2683, #1652, #1244, .T. ) ;
#2225 = AXIS2_PLACEMENT_3D ( 'NONE', #1123, #2388, #866 ) ;
#2226 = EDGE_LOOP ( 'NONE', ( #1502, #876, #76, #2789, #595 ) ) ;
#2227 = PLANE ( 'NONE',  #1958 ) ;
#2228 = AXIS2_PLACEMENT_3D ( 'NONE', #2823, #1546, #2069 ) ;
#2229 = EDGE_CURVE ( 'NONE', #638, #2416, #1230, .T. ) ;
#2230 = LINE ( 'NONE', #790, #3295 ) ;
#2231 = ORIENTED_EDGE ( 'NONE', *, *, #1467, .T. ) ;
#2232 = CARTESIAN_POINT ( 'NONE',  ( 1.422400000000000109, 0.000000000000000000, -2.674404166602074806 ) ) ;
#2233 = ITEM_DEFINED_TRANSFORMATION ( 'NONE', 'NONE', #2410,  #2952 ) ;
#2234 = ORIENTED_EDGE ( 'NONE', *, *, #561, .F. ) ;
#2235 = LINE ( 'NONE', #3080, #519 ) ;
#2236 = CARTESIAN_POINT ( 'NONE',  ( 1.612900000000000000, -5.359399999999999942, -3.124200000000000088 ) ) ;
#2237 = VECTOR ( 'NONE', #1642, 1000.000000000000000 ) ;
#2238 = VERTEX_POINT ( 'NONE', #3037 ) ;
#2239 = PLANE ( 'NONE',  #522 ) ;
#2240 = ADVANCED_FACE ( 'NONE', ( #1212 ), #1452, .T. ) ;
#2241 = CARTESIAN_POINT ( 'NONE',  ( 0.000000000000000000, 0.6350000000000000089, 0.000000000000000000 ) ) ;
#2242 = PRODUCT_DEFINITION_SHAPE ( 'NONE', 'NONE',  #3337 ) ;
#2243 = AXIS2_PLACEMENT_3D ( 'NONE', #1306, #54, #2563 ) ;
#2244 = ORIENTED_EDGE ( 'NONE', *, *, #2264, .F. ) ;
#2245 = DIRECTION ( 'NONE',  ( -0.000000000000000000, 1.000000000000000000, 0.000000000000000000 ) ) ;
#2246 = DIRECTION ( 'NONE',  ( 0.000000000000000000, -0.9702957262759964729, 0.2419218955996681186 ) ) ;
#2247 = ORIENTED_EDGE ( 'NONE', *, *, #110, .T. ) ;
#2248 = EDGE_CURVE ( 'NONE', #420, #3121, #172, .T. ) ;
#2249 = CARTESIAN_POINT ( 'NONE',  ( -1.739900000000000002, -4.953000000000000291, 2.108200000000000074 ) ) ;
#2250 = EDGE_CURVE ( 'NONE', #697, #1562, #3003, .T. ) ;
#2251 = ORIENTED_EDGE ( 'NONE', *, *, #196, .T. ) ;
#2252 = AXIS2_PLACEMENT_3D ( 'NONE', #1787, #1832, #1042 ) ;
#2253 = CARTESIAN_POINT ( 'NONE',  ( -1.270000000000000018, 0.000000000000000000, 2.540000000000000036 ) ) ;
#2254 = DIRECTION ( 'NONE',  ( 1.000000000000000000, 0.000000000000000000, 0.000000000000000000 ) ) ;
#2255 = CARTESIAN_POINT ( 'NONE',  ( 0.000000000000000000, -1.206500000000000128, 0.000000000000000000 ) ) ;
#2256 = ORIENTED_EDGE ( 'NONE', *, *, #196, .F. ) ;
#2257 = EDGE_LOOP ( 'NONE', ( #1930, #1689, #1125, #677 ) ) ;
#2258 = DIRECTION ( 'NONE',  ( 1.000000000000000000, 0.000000000000000000, 0.000000000000000000 ) ) ;
#2259 = CARTESIAN_POINT ( 'NONE',  ( -1.270000000000000018, -4.064000000000000057, -2.743200000000000305 ) ) ;
#2260 = ORIENTED_EDGE ( 'NONE', *, *, #61, .T. ) ;
#2261 = LINE ( 'NONE', #2937, #1681 ) ;
#2262 = LINE ( 'NONE', #3293, #1994 ) ;
#2263 = ORIENTED_EDGE ( 'NONE', *, *, #3076, .T. ) ;
#2264 = EDGE_CURVE ( 'NONE', #360, #1206, #1755, .T. ) ;
#2265 = DIRECTION ( 'NONE',  ( 1.000000000000000000, 0.000000000000000000, 0.000000000000000000 ) ) ;
#2266 = PRODUCT ( 'G12AP(2)', 'G12AP(2)', '', ( #2168 ) ) ;
#2267 = DIRECTION ( 'NONE',  ( 0.000000000000000000, -1.000000000000000000, 0.000000000000000000 ) ) ;
#2268 = AXIS2_PLACEMENT_3D ( 'NONE', #494, #2073, #742 ) ;
#2269 = DIRECTION ( 'NONE',  ( 0.000000000000000000, -1.000000000000000000, 0.000000000000000000 ) ) ;
#2270 = ORIENTED_EDGE ( 'NONE', *, *, #99, .F. ) ;
#2271 = VERTEX_POINT ( 'NONE', #2259 ) ;
#2272 = CARTESIAN_POINT ( 'NONE',  ( 0.000000000000000000, 0.000000000000000000, 0.000000000000000000 ) ) ;
#2273 = CARTESIAN_POINT ( 'NONE',  ( 1.143000000000000016, -3.810000000000000053, 7.620000000000000107 ) ) ;
#2274 = VERTEX_POINT ( 'NONE', #438 ) ;
#2275 = VECTOR ( 'NONE', #1539, 1000.000000000000114 ) ;
#2276 = LINE ( 'NONE', #710, #387 ) ;
#2277 = VECTOR ( 'NONE', #418, 1000.000000000000000 ) ;
#2278 = AXIS2_PLACEMENT_3D ( 'NONE', #3310, #2663, #964 ) ;
#2279 = DIRECTION ( 'NONE',  ( 0.000000000000000000, 0.000000000000000000, -1.000000000000000000 ) ) ;
#2280 = ORIENTED_EDGE ( 'NONE', *, *, #293, .T. ) ;
#2281 = CARTESIAN_POINT ( 'NONE',  ( 1.270000000000000018, -4.064000000000000057, -2.540000000000000036 ) ) ;
#2282 = DIRECTION ( 'NONE',  ( 0.000000000000000000, 0.000000000000000000, -1.000000000000000000 ) ) ;
#2283 = CARTESIAN_POINT ( 'NONE',  ( 0.000000000000000000, 0.4291486590342424856, -0.8256246334882449966 ) ) ;
#2284 = ORIENTED_EDGE ( 'NONE', *, *, #2839, .F. ) ;
#2285 = CARTESIAN_POINT ( 'NONE',  ( 1.270000000000000018, -4.064000000000000057, 2.540000000000000036 ) ) ;
#2286 = EDGE_CURVE ( 'NONE', #1286, #2515, #3289, .T. ) ;
#2287 = DIRECTION ( 'NONE',  ( 0.000000000000000000, -1.000000000000000000, 0.000000000000000000 ) ) ;
#2288 = EDGE_CURVE ( 'NONE', #1384, #2705, #189, .T. ) ;
#2289 = ORIENTED_EDGE ( 'NONE', *, *, #3173, .T. ) ;
#2290 = EDGE_CURVE ( 'NONE', #1309, #526, #2027, .T. ) ;
#2291 = DIRECTION ( 'NONE',  ( 0.000000000000000000, -1.000000000000000000, 0.000000000000000000 ) ) ;
#2292 = DIRECTION ( 'NONE',  ( -0.000000000000000000, 1.000000000000000000, 0.000000000000000000 ) ) ;
#2293 = ORIENTED_EDGE ( 'NONE', *, *, #1726, .F. ) ;
#2294 = VECTOR ( 'NONE', #2838, 1000.000000000000000 ) ;
#2295 = EDGE_CURVE ( 'NONE', #1027, #638, #3319, .T. ) ;
#2296 = DIRECTION ( 'NONE',  ( 0.000000000000000000, 0.000000000000000000, -1.000000000000000000 ) ) ;
#2297 = CARTESIAN_POINT ( 'NONE',  ( 0.000000000000000000, 0.000000000000000000, 0.000000000000000000 ) ) ;
#2298 = PLANE ( 'NONE',  #2187 ) ;
#2299 = CARTESIAN_POINT ( 'NONE',  ( 2.247900000000000009, -5.410200000000000564, -3.505199999999999871 ) ) ;
#2300 = VECTOR ( 'NONE', #1418, 1000.000000000000227 ) ;
#2301 = ORIENTED_EDGE ( 'NONE', *, *, #1895, .T. ) ;
#2302 = ADVANCED_FACE ( 'NONE', ( #2040 ), #801, .F. ) ;
#2303 = DIRECTION ( 'NONE',  ( 1.000000000000000000, 0.000000000000000000, 0.000000000000000000 ) ) ;
#2304 = AXIS2_PLACEMENT_3D ( 'NONE', #720, #1291, #1527 ) ;
#2305 = DIRECTION ( 'NONE',  ( 0.000000000000000000, -1.000000000000000000, 0.000000000000000000 ) ) ;
#2306 = PRODUCT_DEFINITION ( 'UNKNOWN', '', #2036, #674 ) ;
#2307 = VERTEX_POINT ( 'NONE', #3054 ) ;
#2308 = AXIS2_PLACEMENT_3D ( 'NONE', #823, #2954, #2643 ) ;
#2309 = EDGE_CURVE ( 'NONE', #2934, #1081, #1261, .T. ) ;
#2310 = CARTESIAN_POINT ( 'NONE',  ( -1.270000000000000018, -4.064000000000000057, 0.000000000000000000 ) ) ;
#2311 = DIRECTION ( 'NONE',  ( 1.000000000000000000, 0.000000000000000000, 0.000000000000000000 ) ) ;
#2312 = ORIENTED_EDGE ( 'NONE', *, *, #3300, .T. ) ;
#2313 = VERTEX_POINT ( 'NONE', #2535 ) ;
#2314 = DIRECTION ( 'NONE',  ( 0.000000000000000000, 0.000000000000000000, 1.000000000000000000 ) ) ;
#2315 = DIRECTION ( 'NONE',  ( 1.000000000000000000, 0.000000000000000000, 0.000000000000000000 ) ) ;
#2316 = CARTESIAN_POINT ( 'NONE',  ( 1.270000000000000018, -4.064000000000000057, 2.540000000000000036 ) ) ;
#2317 = EDGE_LOOP ( 'NONE', ( #2056, #2656 ) ) ;
#2318 = LINE ( 'NONE', #3305, #2134 ) ;
#2319 = VECTOR ( 'NONE', #2058, 1000.000000000000000 ) ;
#2320 = DIRECTION ( 'NONE',  ( 0.000000000000000000, 0.000000000000000000, 1.000000000000000000 ) ) ;
#2321 = AXIS2_PLACEMENT_3D ( 'NONE', #2148, #3155, #72 ) ;
#2322 = ORIENTED_EDGE ( 'NONE', *, *, #1955, .T. ) ;
#2323 = LINE ( 'NONE', #2538, #1707 ) ;
#2324 = EDGE_CURVE ( 'NONE', #1349, #2943, #2570, .T. ) ;
#2325 = FACE_BOUND ( 'NONE', #1996, .T. ) ;
#2326 = ORIENTED_EDGE ( 'NONE', *, *, #1098, .F. ) ;
#2327 = EDGE_CURVE ( 'NONE', #1652, #2934, #785, .T. ) ;
#2328 = VECTOR ( 'NONE', #167, 1000.000000000000000 ) ;
#2329 = CIRCLE ( 'NONE', #873, 0.2539999999999998925 ) ;
#2330 = ORIENTED_EDGE ( 'NONE', *, *, #999, .F. ) ;
#2331 = EDGE_CURVE ( 'NONE', #1335, #173, #770, .T. ) ;
#2332 = DIRECTION ( 'NONE',  ( 1.000000000000000000, 0.000000000000000000, 0.000000000000000000 ) ) ;
#2333 = EDGE_CURVE ( 'NONE', #2914, #2551, #3070, .T. ) ;
#2334 = CIRCLE ( 'NONE', #1683, 0.2031999999999999640 ) ;
#2335 = CARTESIAN_POINT ( 'NONE',  ( 1.270000000000000018, -4.064000000000000057, -2.540000000000000036 ) ) ;
#2336 = FACE_OUTER_BOUND ( 'NONE', #1044, .T. ) ;
#2337 = PLANE ( 'NONE',  #2357 ) ;
#2338 = ORIENTED_EDGE ( 'NONE', *, *, #235, .T. ) ;
#2339 = CARTESIAN_POINT ( 'NONE',  ( -1.270000000000000018, 0.000000000000000000, 0.000000000000000000 ) ) ;
#2340 = FACE_OUTER_BOUND ( 'NONE', #281, .T. ) ;
#2341 = VERTEX_POINT ( 'NONE', #1312 ) ;
#2342 = ADVANCED_FACE ( 'NONE', ( #2855 ), #3084, .T. ) ;
#2343 = PLANE ( 'NONE',  #3274 ) ;
#2344 = AXIS2_PLACEMENT_3D ( 'NONE', #77, #1082, #2423 ) ;
#2345 = PLANE ( 'NONE',  #3026 ) ;
#2346 = ORIENTED_EDGE ( 'NONE', *, *, #1596, .T. ) ;
#2347 = VERTEX_POINT ( 'NONE', #240 ) ;
#2348 = CARTESIAN_POINT ( 'NONE',  ( -1.270000000000000018, -4.064000000000000057, 2.540000000000000036 ) ) ;
#2349 = EDGE_CURVE ( 'NONE', #1477, #2688, #1007, .T. ) ;
#2350 = ADVANCED_FACE ( 'NONE', ( #2085 ), #554, .F. ) ;
#2351 = CARTESIAN_POINT ( 'NONE',  ( 2.243024926755050164, -0.7747000000000000552, -3.500324926755045141 ) ) ;
#2352 = SURFACE_STYLE_USAGE ( .BOTH. , #2111 ) ;
#2353 = ORIENTED_EDGE ( 'NONE', *, *, #680, .F. ) ;
#2354 = CARTESIAN_POINT ( 'NONE',  ( -1.143000000000000016, -3.810000000000000053, -3.505199999999999871 ) ) ;
#2355 = FACE_OUTER_BOUND ( 'NONE', #641, .T. ) ;
#2356 = CARTESIAN_POINT ( 'NONE',  ( -1.270000000000000018, 0.000000000000000000, -2.540000000000000036 ) ) ;
#2357 = AXIS2_PLACEMENT_3D ( 'NONE', #1810, #2051, #2531 ) ;
#2358 = ORIENTED_EDGE ( 'NONE', *, *, #1425, .T. ) ;
#2359 = LINE ( 'NONE', #509, #689 ) ;
#2360 = VECTOR ( 'NONE', #2106, 1000.000000000000000 ) ;
#2361 = DIRECTION ( 'NONE',  ( -1.000000000000000000, 0.000000000000000000, 0.000000000000000000 ) ) ;
#2362 = ORIENTED_EDGE ( 'NONE', *, *, #1378, .F. ) ;
#2363 = LINE ( 'NONE', #50, #1503 ) ;
#2364 = EDGE_LOOP ( 'NONE', ( #1057, #1591, #2438, #1762 ) ) ;
#2365 = DIRECTION ( 'NONE',  ( -0.3373590105877101175, 0.8788502693579622882, 0.3373590105877101175 ) ) ;
#2366 = CARTESIAN_POINT ( 'NONE',  ( 0.000000000000000000, 1.600200000000000067, -1.117600525558065883 ) ) ;
#2367 = CARTESIAN_POINT ( 'NONE',  ( 1.066799999999999971, -1.206500000000000128, -3.505199999999999871 ) ) ;
#2368 = EDGE_CURVE ( 'NONE', #1175, #2416, #2588, .T. ) ;
#2369 = ORIENTED_EDGE ( 'NONE', *, *, #1011, .F. ) ;
#2370 = DIRECTION ( 'NONE',  ( 0.000000000000000000, -0.8660254037844384856, 0.5000000000000003331 ) ) ;
#2371 = EDGE_CURVE ( 'NONE', #1081, #979, #254, .T. ) ;
#2372 = CARTESIAN_POINT ( 'NONE',  ( 0.000000000000000000, 0.6350000000000000089, 0.000000000000000000 ) ) ;
#2373 = DIRECTION ( 'NONE',  ( 0.000000000000000000, 0.9335804264972017430, 0.3583679495452999908 ) ) ;
#2374 = EDGE_LOOP ( 'NONE', ( #2975, #957, #2507, #2879, #2247, #2107, #3316, #1421, #544, #1951 ) ) ;
#2375 = CARTESIAN_POINT ( 'NONE',  ( -1.143000000000000016, -3.810000000000000053, -3.131776669576830319 ) ) ;
#2376 = CARTESIAN_POINT ( 'NONE',  ( 1.066799999999999971, -0.7747000000000000552, -3.500324926755045141 ) ) ;
#2377 = ORIENTED_EDGE ( 'NONE', *, *, #3039, .T. ) ;
#2378 = DIRECTION ( 'NONE',  ( 0.000000000000000000, -1.000000000000000000, 0.000000000000000000 ) ) ;
#2379 = ORIENTED_EDGE ( 'NONE', *, *, #2086, .T. ) ;
#2380 = PLANE ( 'NONE',  #3161 ) ;
#2381 = PLANE ( 'NONE',  #819 ) ;
#2382 = SURFACE_STYLE_USAGE ( .BOTH. , #797 ) ;
#2383 = CARTESIAN_POINT ( 'NONE',  ( 0.000000000000000000, 0.000000000000000000, 0.000000000000000000 ) ) ;
#2384 = VECTOR ( 'NONE', #2406, 1000.000000000000000 ) ;
#2385 = ORIENTED_EDGE ( 'NONE', *, *, #517, .T. ) ;
#2386 = CIRCLE ( 'NONE', #1576, 0.2031999999999999640 ) ;
#2387 = DIRECTION ( 'NONE',  ( -1.000000000000000000, 0.000000000000000000, 0.000000000000000000 ) ) ;
#2388 = DIRECTION ( 'NONE',  ( -0.000000000000000000, 1.000000000000000000, 0.000000000000000000 ) ) ;
#2389 = CARTESIAN_POINT ( 'NONE',  ( 1.270000000000000018, 0.000000000000000000, 2.336800000000000210 ) ) ;
#2390 = EDGE_LOOP ( 'NONE', ( #1400, #2023, #324, #18 ) ) ;
#2391 = DIRECTION ( 'NONE',  ( 0.000000000000000000, 1.000000000000000000, 0.000000000000000000 ) ) ;
#2392 = ADVANCED_FACE ( 'NONE', ( #2340 ), #1575, .F. ) ;
#2393 = EDGE_CURVE ( 'NONE', #1914, #186, #992, .T. ) ;
#2394 = CARTESIAN_POINT ( 'NONE',  ( 1.422400000000000109, 0.000000000000000000, -3.048000000000000043 ) ) ;
#2395 = ORIENTED_EDGE ( 'NONE', *, *, #2673, .F. ) ;
#2396 = LINE ( 'NONE', #359, #372 ) ;
#2397 = ORIENTED_EDGE ( 'NONE', *, *, #2592, .T. ) ;
#2398 = DIRECTION ( 'NONE',  ( 1.000000000000000000, 0.000000000000000000, 0.000000000000000000 ) ) ;
#2399 = FACE_OUTER_BOUND ( 'NONE', #330, .T. ) ;
#2400 = DIRECTION ( 'NONE',  ( 0.000000000000000000, 0.000000000000000000, -1.000000000000000000 ) ) ;
#2401 = VECTOR ( 'NONE', #1224, 1000.000000000000000 ) ;
#2402 =( LENGTH_UNIT ( ) NAMED_UNIT ( * ) SI_UNIT ( .MILLI., .METRE. ) );
#2403 = ORIENTED_EDGE ( 'NONE', *, *, #150, .T. ) ;
#2404 = AXIS2_PLACEMENT_3D ( 'NONE', #513, #985, #1000 ) ;
#2405 = LINE ( 'NONE', #3200, #2660 ) ;
#2406 = DIRECTION ( 'NONE',  ( 0.000000000000000000, 0.000000000000000000, -1.000000000000000000 ) ) ;
#2407 = DIRECTION ( 'NONE',  ( 1.000000000000000000, 0.000000000000000000, 0.000000000000000000 ) ) ;
#2408 = VERTEX_POINT ( 'NONE', #1801 ) ;
#2409 = SURFACE_STYLE_FILL_AREA ( #2158 ) ;
#2410 = AXIS2_PLACEMENT_3D ( 'NONE', #2383, #75, #2130 ) ;
#2411 = LINE ( 'NONE', #105, #977 ) ;
#2412 = VECTOR ( 'NONE', #305, 1000.000000000000000 ) ;
#2413 = EDGE_CURVE ( 'NONE', #3040, #2046, #290, .T. ) ;
#2414 = ORIENTED_EDGE ( 'NONE', *, *, #1793, .T. ) ;
#2415 = FACE_OUTER_BOUND ( 'NONE', #854, .T. ) ;
#2416 = VERTEX_POINT ( 'NONE', #3112 ) ;
#2417 = CARTESIAN_POINT ( 'NONE',  ( 0.000000000000000000, -0.7747000000000000552, 0.000000000000000000 ) ) ;
#2418 = AXIS2_PLACEMENT_3D ( 'NONE', #2201, #2715, #1614 ) ;
#2419 = CARTESIAN_POINT ( 'NONE',  ( 0.000000000000000000, 0.000000000000000000, 0.000000000000000000 ) ) ;
#2420 = PLANE ( 'NONE',  #1697 ) ;
#2421 = CARTESIAN_POINT ( 'NONE',  ( 0.000000000000000000, 0.000000000000000000, 0.000000000000000000 ) ) ;
#2422 = ORIENTED_EDGE ( 'NONE', *, *, #2546, .T. ) ;
#2423 = DIRECTION ( 'NONE',  ( 1.000000000000000000, 0.000000000000000000, 0.000000000000000000 ) ) ;
#2424 = FACE_OUTER_BOUND ( 'NONE', #2257, .T. ) ;
#2425 = CARTESIAN_POINT ( 'NONE',  ( 1.612900000000000000, -5.359399999999999942, -2.870199999999999640 ) ) ;
#2426 = ORIENTED_EDGE ( 'NONE', *, *, #1248, .F. ) ;
#2427 = DIRECTION ( 'NONE',  ( 0.000000000000000000, 0.000000000000000000, 1.000000000000000000 ) ) ;
#2428 = ORIENTED_EDGE ( 'NONE', *, *, #2118, .T. ) ;
#2429 = VECTOR ( 'NONE', #1649, 1000.000000000000000 ) ;
#2430 = DIRECTION ( 'NONE',  ( 0.000000000000000000, 0.000000000000000000, 1.000000000000000000 ) ) ;
#2431 = VERTEX_POINT ( 'NONE', #2889 ) ;
#2432 = EDGE_CURVE ( 'NONE', #119, #1174, #2670, .T. ) ;
#2433 = DIRECTION ( 'NONE',  ( 1.000000000000000000, 0.000000000000000000, 0.000000000000000000 ) ) ;
#2434 = DIRECTION ( 'NONE',  ( 0.000000000000000000, 0.000000000000000000, -1.000000000000000000 ) ) ;
#2435 = APPLICATION_PROTOCOL_DEFINITION ( 'draft international standard', 'automotive_design', 1998, #960 ) ;
#2436 = VECTOR ( 'NONE', #129, 1000.000000000000000 ) ;
#2437 = ADVANCED_FACE ( 'NONE', ( #2355 ), #636, .F. ) ;
#2438 = ORIENTED_EDGE ( 'NONE', *, *, #2007, .T. ) ;
#2439 = CYLINDRICAL_SURFACE ( 'NONE', #965, 0.2032000000000000195 ) ;
#2440 = CARTESIAN_POINT ( 'NONE',  ( -0.1905000000000000027, 1.346200000000000063, 1.714500000000000135 ) ) ;
#2441 = DIRECTION ( 'NONE',  ( 0.000000000000000000, 0.000000000000000000, 1.000000000000000000 ) ) ;
#2442 =( GEOMETRIC_REPRESENTATION_CONTEXT ( 3 ) GLOBAL_UNCERTAINTY_ASSIGNED_CONTEXT ( ( #441 ) ) GLOBAL_UNIT_ASSIGNED_CONTEXT ( ( #1593, #2620, #65 ) ) REPRESENTATION_CONTEXT ( 'NONE', 'WORKASPACE' ) );
#2443 = ORIENTED_EDGE ( 'NONE', *, *, #2229, .T. ) ;
#2444 = LINE ( 'NONE', #2931, #3308 ) ;
#2445 = EDGE_CURVE ( 'NONE', #2846, #2131, #491, .T. ) ;
#2446 = ORIENTED_EDGE ( 'NONE', *, *, #1708, .F. ) ;
#2447 = CARTESIAN_POINT ( 'NONE',  ( 1.612900000000000000, -5.359399999999999942, 2.870199999999999640 ) ) ;
#2448 = ORIENTED_EDGE ( 'NONE', *, *, #1155, .F. ) ;
#2449 = ADVANCED_FACE ( 'NONE', ( #2424 ), #571, .F. ) ;
#2450 =( NAMED_UNIT ( * ) SI_UNIT ( $, .STERADIAN. ) SOLID_ANGLE_UNIT ( ) );
#2451 = APPLICATION_PROTOCOL_DEFINITION ( 'draft international standard', 'automotive_design', 1998, #1944 ) ;
#2452 = EDGE_CURVE ( 'NONE', #1180, #1940, #2978, .T. ) ;
#2453 = ORIENTED_EDGE ( 'NONE', *, *, #107, .F. ) ;
#2454 = DIRECTION ( 'NONE',  ( 0.000000000000000000, -0.7071067811865485719, -0.7071067811865465735 ) ) ;
#2455 = EDGE_CURVE ( 'NONE', #2720, #2934, #884, .T. ) ;
#2456 = DIRECTION ( 'NONE',  ( 0.000000000000000000, 0.8660254037844383745, 0.5000000000000003331 ) ) ;
#2457 = FACE_OUTER_BOUND ( 'NONE', #1771, .T. ) ;
#2458 = ORIENTED_EDGE ( 'NONE', *, *, #1154, .T. ) ;
#2459 = ORIENTED_EDGE ( 'NONE', *, *, #1592, .T. ) ;
#2460 = CIRCLE ( 'NONE', #414, 0.2031999999999999640 ) ;
#2461 = DIRECTION ( 'NONE',  ( 0.000000000000000000, 1.000000000000000000, 0.000000000000000000 ) ) ;
#2462 = CARTESIAN_POINT ( 'NONE',  ( 1.866900000000000004, -5.410200000000000564, 2.108200000000000074 ) ) ;
#2463 = ORIENTED_EDGE ( 'NONE', *, *, #1938, .F. ) ;
#2464 = CARTESIAN_POINT ( 'NONE',  ( -1.066799999999999971, -0.7747000000000000552, 3.500324926755045141 ) ) ;
#2465 = VERTEX_POINT ( 'NONE', #319 ) ;
#2466 = AXIS2_PLACEMENT_3D ( 'NONE', #2316, #516, #2021 ) ;
#2467 = DIRECTION ( 'NONE',  ( 0.000000000000000000, -1.000000000000000000, 0.000000000000000000 ) ) ;
#2468 = VECTOR ( 'NONE', #1684, 1000.000000000000000 ) ;
#2469 = VERTEX_POINT ( 'NONE', #1850 ) ;
#2470 = CARTESIAN_POINT ( 'NONE',  ( 1.945645458813115125, 0.000000000000000000, 0.4360056864307035318 ) ) ;
#2471 = EDGE_CURVE ( 'NONE', #186, #1175, #2685, .T. ) ;
#2472 = EDGE_CURVE ( 'NONE', #2000, #2650, #2945, .T. ) ;
#2473 = DIRECTION ( 'NONE',  ( 0.000000000000000000, 0.000000000000000000, -1.000000000000000000 ) ) ;
#2474 = DIRECTION ( 'NONE',  ( 1.000000000000000000, 0.000000000000000000, 0.000000000000000000 ) ) ;
#2475 = VERTEX_POINT ( 'NONE', #1589 ) ;
#2476 = ORIENTED_EDGE ( 'NONE', *, *, #1235, .F. ) ;
#2477 = CARTESIAN_POINT ( 'NONE',  ( -1.739900000000000002, -4.953000000000000291, 2.108200000000000074 ) ) ;
#2478 = ADVANCED_FACE ( 'NONE', ( #42 ), #814, .T. ) ;
#2479 = DIRECTION ( 'NONE',  ( 0.000000000000000000, -0.2419218955996681186, -0.9702957262759963619 ) ) ;
#2480 = VERTEX_POINT ( 'NONE', #1375 ) ;
#2481 = FACE_OUTER_BOUND ( 'NONE', #2031, .T. ) ;
#2482 = CARTESIAN_POINT ( 'NONE',  ( 0.000000000000000000, 4.898673480401970259, -1.063053193644059924 ) ) ;
#2483 = ORIENTED_EDGE ( 'NONE', *, *, #895, .T. ) ;
#2484 = CARTESIAN_POINT ( 'NONE',  ( 2.247900000000000009, -1.206500000000000128, -3.505199999999999871 ) ) ;
#2485 = VERTEX_POINT ( 'NONE', #3143 ) ;
#2486 = CARTESIAN_POINT ( 'NONE',  ( -2.247900000000000009, -1.206500000000000128, -3.505199999999999871 ) ) ;
#2487 = CARTESIAN_POINT ( 'NONE',  ( -1.422400000000000109, 0.000000000000000000, -3.048000000000000043 ) ) ;
#2488 = ORIENTED_EDGE ( 'NONE', *, *, #500, .F. ) ;
#2489 = DIRECTION ( 'NONE',  ( -1.000000000000000000, 0.000000000000000000, 0.000000000000000000 ) ) ;
#2490 = VECTOR ( 'NONE', #652, 1000.000000000000000 ) ;
#2491 = CARTESIAN_POINT ( 'NONE',  ( -1.739900000000000002, -5.359399999999999942, 2.108200000000000074 ) ) ;
#2492 = PRODUCT_DEFINITION_CONTEXT ( 'detailed design', #1835, 'design' ) ;
#2493 = EDGE_CURVE ( 'NONE', #425, #518, #1101, .T. ) ;
#2494 = ORIENTED_EDGE ( 'NONE', *, *, #3170, .T. ) ;
#2495 = DIRECTION ( 'NONE',  ( 0.000000000000000000, 0.000000000000000000, -1.000000000000000000 ) ) ;
#2496 = AXIS2_PLACEMENT_3D ( 'NONE', #1659, #78, #2635 ) ;
#2497 = CARTESIAN_POINT ( 'NONE',  ( 1.270000000000000018, 0.000000000000000000, 2.540000000000000036 ) ) ;
#2498 = EDGE_LOOP ( 'NONE', ( #743, #1168, #2358, #177 ) ) ;
#2499 = CARTESIAN_POINT ( 'NONE',  ( 1.422400000000000109, 0.000000000000000000, 3.048000000000000043 ) ) ;
#2500 = SHAPE_DEFINITION_REPRESENTATION ( #2995, #3229 ) ;
#2501 = DIRECTION ( 'NONE',  ( 0.000000000000000000, 0.000000000000000000, -1.000000000000000000 ) ) ;
#2502 = CARTESIAN_POINT ( 'NONE',  ( 1.945645458813115125, 0.000000000000000000, 3.505199999999999871 ) ) ;
#2503 = DIRECTION ( 'NONE',  ( 1.000000000000000000, 0.000000000000000000, 0.000000000000000000 ) ) ;
#2504 = FACE_OUTER_BOUND ( 'NONE', #856, .T. ) ;
#2505 = AXIS2_PLACEMENT_3D ( 'NONE', #317, #1341, #2370 ) ;
#2506 = EDGE_LOOP ( 'NONE', ( #2755, #2852 ) ) ;
#2507 = ORIENTED_EDGE ( 'NONE', *, *, #1508, .T. ) ;
#2508 = DIRECTION ( 'NONE',  ( 0.000000000000000000, -1.000000000000000000, 0.000000000000000000 ) ) ;
#2509 = CARTESIAN_POINT ( 'NONE',  ( 1.612900000000000000, -5.410200000000000564, -3.124200000000000088 ) ) ;
#2510 = PRODUCT_DEFINITION_SHAPE ( 'NONE', 'NONE',  #2306 ) ;
#2511 = AXIS2_PLACEMENT_3D ( 'NONE', #1152, #3194, #1927 ) ;
#2512 = ORIENTED_EDGE ( 'NONE', *, *, #2452, .F. ) ;
#2513 = DIRECTION ( 'NONE',  ( 1.000000000000000000, 0.000000000000000000, 0.000000000000000000 ) ) ;
#2514 = CARTESIAN_POINT ( 'NONE',  ( 0.000000000000000000, 0.02540000000000000244, 0.000000000000000000 ) ) ;
#2515 = VERTEX_POINT ( 'NONE', #2171 ) ;
#2516 = CARTESIAN_POINT ( 'NONE',  ( 2.247900000000000009, -3.810000000000000053, -3.505199999999999871 ) ) ;
#2517 = CARTESIAN_POINT ( 'NONE',  ( -1.066799999999999971, -0.7747000000000000552, -3.505199999999999871 ) ) ;
#2518 = CARTESIAN_POINT ( 'NONE',  ( 1.066799999999999971, -0.7747000000000000552, 3.505199999999999871 ) ) ;
#2519 = VERTEX_POINT ( 'NONE', #2116 ) ;
#2520 = ORIENTED_EDGE ( 'NONE', *, *, #601, .F. ) ;
#2521 = DIRECTION ( 'NONE',  ( 0.000000000000000000, 1.000000000000000000, 0.000000000000000000 ) ) ;
#2522 = LINE ( 'NONE', #225, #1090 ) ;
#2523 = ORIENTED_EDGE ( 'NONE', *, *, #744, .T. ) ;
#2524 = LINE ( 'NONE', #111, #393 ) ;
#2525 = DIRECTION ( 'NONE',  ( -6.650861168199087991E-17, -0.9335804264972017430, 0.3583679495452999908 ) ) ;
#2526 = ORIENTED_EDGE ( 'NONE', *, *, #2926, .F. ) ;
#2527 = CARTESIAN_POINT ( 'NONE',  ( 2.247900000000000009, -4.572000000000000064, -3.505199999999999871 ) ) ;
#2528 = CARTESIAN_POINT ( 'NONE',  ( -2.247900000000000009, -0.7873999999999999888, 2.336800000000000210 ) ) ;
#2529 = VECTOR ( 'NONE', #1200, 1000.000000000000000 ) ;
#2530 = EDGE_CURVE ( 'NONE', #3256, #2596, #606, .T. ) ;
#2531 = DIRECTION ( 'NONE',  ( 1.000000000000000000, 0.000000000000000000, 0.000000000000000000 ) ) ;
#2532 = EDGE_CURVE ( 'NONE', #704, #881, #830, .T. ) ;
#2533 = VERTEX_POINT ( 'NONE', #98 ) ;
#2534 = PLANE ( 'NONE',  #197 ) ;
#2535 = CARTESIAN_POINT ( 'NONE',  ( -1.143000000000000016, -4.572000000000000064, -3.505199999999999871 ) ) ;
#2536 = ORIENTED_EDGE ( 'NONE', *, *, #1774, .T. ) ;
#2537 = CIRCLE ( 'NONE', #2861, 1.117600525558065883 ) ;
#2538 = CARTESIAN_POINT ( 'NONE',  ( -1.422400000000000109, 0.02540000000000000244, 3.048000000000000043 ) ) ;
#2539 = ADVANCED_FACE ( 'NONE', ( #590 ), #1899, .F. ) ;
#2540 = AXIS2_PLACEMENT_3D ( 'NONE', #2927, #1607, #1397 ) ;
#2541 = VECTOR ( 'NONE', #980, 1000.000000000000000 ) ;
#2542 = FACE_OUTER_BOUND ( 'NONE', #994, .T. ) ;
#2543 = ORIENTED_EDGE ( 'NONE', *, *, #2472, .T. ) ;
#2544 = VECTOR ( 'NONE', #1717, 1000.000000000000000 ) ;
#2545 = ITEM_DEFINED_TRANSFORMATION ( 'NONE', 'NONE', #1229,  #2952 ) ;
#2546 = EDGE_CURVE ( 'NONE', #1595, #3263, #768, .T. ) ;
#2547 = PLANE ( 'NONE',  #2162 ) ;
#2548 = DIRECTION ( 'NONE',  ( 1.000000000000000000, 0.000000000000000000, 0.000000000000000000 ) ) ;
#2549 = CYLINDRICAL_SURFACE ( 'NONE', #2466, 0.2032000000000001583 ) ;
#2550 = EDGE_CURVE ( 'NONE', #2082, #3182, #2135, .T. ) ;
#2551 = VERTEX_POINT ( 'NONE', #1141 ) ;
#2552 = CARTESIAN_POINT ( 'NONE',  ( 2.247900000000000009, -0.7747000000000000552, -3.500324926755045141 ) ) ;
#2553 = DIRECTION ( 'NONE',  ( 0.000000000000000000, -0.2419218955996678688, -0.9702957262759963619 ) ) ;
#2554 = ORIENTED_EDGE ( 'NONE', *, *, #1408, .F. ) ;
#2555 = FACE_OUTER_BOUND ( 'NONE', #3153, .T. ) ;
#2556 = VECTOR ( 'NONE', #2400, 1000.000000000000000 ) ;
#2557 = CARTESIAN_POINT ( 'NONE',  ( 1.866900000000000004, -5.359399999999999942, 2.870199999999999640 ) ) ;
#2558 = VERTEX_POINT ( 'NONE', #2977 ) ;
#2559 = CLOSED_SHELL ( 'NONE', ( #2713, #171, #3169, #3093, #2449, #2677, #1029, #1240, #3186, #2047, #543, #333, #3129, #2392, #443, #63, #1797, #2539, #640, #431, #1582, #1736, #756, #1879, #2820, #1980, #253, #821, #1298, #1584, #2694, #3292, #190, #2091, #1047, #660, #1756, #1449, #2969, #2678, #44, #1857, #1066, #2350, #1492, #126, #3095, #3279, #256, #1257, #883, #2100, #1734, #198, #746, #2654, #1748, #2736, #1195, #1398, #1987, #2302, #803, #924, #578, #2342, #1005, #838, #802, #1777, #329, #127, #1447 ) ) ;
#2560 = AXIS2_PLACEMENT_3D ( 'NONE', #1311, #2853, #767 ) ;
#2561 = FACE_OUTER_BOUND ( 'NONE', #1315, .T. ) ;
#2562 = LINE ( 'NONE', #264, #285 ) ;
#2563 = DIRECTION ( 'NONE',  ( 1.000000000000000000, 0.000000000000000000, 0.000000000000000000 ) ) ;
#2564 = PLANE ( 'NONE',  #1444 ) ;
#2565 = VECTOR ( 'NONE', #842, 1000.000000000000000 ) ;
#2566 = CIRCLE ( 'NONE', #1116, 0.2539999999999998925 ) ;
#2567 = VERTEX_POINT ( 'NONE', #2440 ) ;
#2568 = DIRECTION ( 'NONE',  ( 0.000000000000000000, 0.000000000000000000, 1.000000000000000000 ) ) ;
#2569 = EDGE_CURVE ( 'NONE', #1379, #597, #936, .T. ) ;
#2570 = LINE ( 'NONE', #1561, #3043 ) ;
#2571 = ADVANCED_FACE ( 'NONE', ( #1445 ), #400, .T. ) ;
#2572 = ORIENTED_EDGE ( 'NONE', *, *, #2989, .F. ) ;
#2573 = TOROIDAL_SURFACE ( 'NONE', #1758, 0.4698999999999999844, 0.3810000000000000053 ) ;
#2574 = CARTESIAN_POINT ( 'NONE',  ( -2.247900000000000009, -1.206500000000000128, 2.336800000000000210 ) ) ;
#2575 = LINE ( 'NONE', #1506, #1833 ) ;
#2576 = EDGE_CURVE ( 'NONE', #1335, #1559, #2185, .T. ) ;
#2577 = ORIENTED_EDGE ( 'NONE', *, *, #1025, .T. ) ;
#2578 = EDGE_LOOP ( 'NONE', ( #435, #735, #1661, #1325 ) ) ;
#2579 = CARTESIAN_POINT ( 'NONE',  ( -1.066799999999999971, -0.7747000000000000552, -2.336800000000000210 ) ) ;
#2580 = ADVANCED_BREP_SHAPE_REPRESENTATION ( '', ( #602, #2952 ), #3224 ) ;
#2581 = CARTESIAN_POINT ( 'NONE',  ( 1.612900000000000000, -5.410200000000000564, -3.124200000000000088 ) ) ;
#2582 = CARTESIAN_POINT ( 'NONE',  ( -1.066799999999999971, -1.206500000000000128, -2.336800000000000210 ) ) ;
#2583 = CARTESIAN_POINT ( 'NONE',  ( 1.612900000000000000, -5.359399999999999942, -3.124200000000000088 ) ) ;
#2584 = EDGE_CURVE ( 'NONE', #1612, #370, #146, .T. ) ;
#2585 = EDGE_LOOP ( 'NONE', ( #2293, #1191 ) ) ;
#2586 = DIRECTION ( 'NONE',  ( 0.000000000000000000, 1.000000000000000000, 0.000000000000000000 ) ) ;
#2587 = VECTOR ( 'NONE', #2361, 1000.000000000000000 ) ;
#2588 = LINE ( 'NONE', #1038, #1365 ) ;
#2589 = VECTOR ( 'NONE', #2019, 1000.000000000000000 ) ;
#2590 = EDGE_LOOP ( 'NONE', ( #24, #2362, #1292, #2263 ) ) ;
#2591 = CARTESIAN_POINT ( 'NONE',  ( -2.247900000000000009, -1.206500000000000128, -3.505199999999999871 ) ) ;
#2592 = EDGE_CURVE ( 'NONE', #1559, #3221, #1522, .T. ) ;
#2593 = DIRECTION ( 'NONE',  ( 1.000000000000000000, 0.000000000000000000, 0.000000000000000000 ) ) ;
#2594 = ORIENTED_EDGE ( 'NONE', *, *, #2922, .T. ) ;
#2595 = VECTOR ( 'NONE', #607, 1000.000000000000000 ) ;
#2596 = VERTEX_POINT ( 'NONE', #668 ) ;
#2597 = CARTESIAN_POINT ( 'NONE',  ( -1.270000000000000018, -4.064000000000000057, -2.540000000000000036 ) ) ;
#2598 = VECTOR ( 'NONE', #153, 1000.000000000000000 ) ;
#2599 = DIRECTION ( 'NONE',  ( 0.000000000000000000, 0.000000000000000000, -1.000000000000000000 ) ) ;
#2600 = PRESENTATION_STYLE_ASSIGNMENT (( #2382 ) ) ;
#2601 =( NAMED_UNIT ( * ) SI_UNIT ( $, .STERADIAN. ) SOLID_ANGLE_UNIT ( ) );
#2602 = VERTEX_POINT ( 'NONE', #3233 ) ;
#2603 = LINE ( 'NONE', #570, #2237 ) ;
#2604 = CARTESIAN_POINT ( 'NONE',  ( 2.247900000000000009, -0.7747000000000000552, -3.500324926755045141 ) ) ;
#2605 = DIRECTION ( 'NONE',  ( 1.000000000000000000, 0.000000000000000000, 8.537024980200820832E-16 ) ) ;
#2606 = EDGE_LOOP ( 'NONE', ( #3018, #709, #33, #71 ) ) ;
#2607 = LINE ( 'NONE', #273, #2412 ) ;
#2608 = ORIENTED_EDGE ( 'NONE', *, *, #2798, .F. ) ;
#2609 = EDGE_CURVE ( 'NONE', #1612, #495, #1429, .T. ) ;
#2610 = CIRCLE ( 'NONE', #1974, 0.2032000000000001583 ) ;
#2611 = ORIENTED_EDGE ( 'NONE', *, *, #1602, .T. ) ;
#2612 = DIRECTION ( 'NONE',  ( 0.000000000000000000, 0.000000000000000000, -1.000000000000000000 ) ) ;
#2613 = CARTESIAN_POINT ( 'NONE',  ( 0.000000000000000000, 5.268356152113129909, -1.155225435867532013 ) ) ;
#2614 = PLANE ( 'NONE',  #678 ) ;
#2615 = EDGE_LOOP ( 'NONE', ( #1318, #457, #2778, #1060 ) ) ;
#2616 = CARTESIAN_POINT ( 'NONE',  ( -1.945645458813115125, 0.000000000000000000, 0.4360056864307035318 ) ) ;
#2617 = CARTESIAN_POINT ( 'NONE',  ( 0.000000000000000000, 0.4291486590342419860, -0.8256246334882461069 ) ) ;
#2618 = CARTESIAN_POINT ( 'NONE',  ( -2.243024926755050164, -0.7747000000000000552, -3.500324926755045141 ) ) ;
#2619 = ORIENTED_EDGE ( 'NONE', *, *, #1405, .F. ) ;
#2620 =( NAMED_UNIT ( * ) PLANE_ANGLE_UNIT ( ) SI_UNIT ( $, .RADIAN. ) );
#2621 = AXIS2_PLACEMENT_3D ( 'NONE', #157, #2016, #2970 ) ;
#2622 = FACE_OUTER_BOUND ( 'NONE', #592, .T. ) ;
#2623 = ORIENTED_EDGE ( 'NONE', *, *, #2250, .F. ) ;
#2624 = DIRECTION ( 'NONE',  ( 0.000000000000000000, 0.000000000000000000, -1.000000000000000000 ) ) ;
#2625 = ORIENTED_EDGE ( 'NONE', *, *, #2493, .T. ) ;
#2626 = CARTESIAN_POINT ( 'NONE',  ( 0.000000000000000000, 0.000000000000000000, -1.993899999999999784 ) ) ;
#2627 =( REPRESENTATION_RELATIONSHIP ('NONE','NONE', #1505, #1957 ) REPRESENTATION_RELATIONSHIP_WITH_TRANSFORMATION ( #2545 )SHAPE_REPRESENTATION_RELATIONSHIP( ) );
#2628 = DIRECTION ( 'NONE',  ( 0.9335804264972018540, 0.3583679495453000463, 0.000000000000000000 ) ) ;
#2629 = CARTESIAN_POINT ( 'NONE',  ( 1.368665906350085159E-16, 0.6350000000000000089, 1.117600525558065883 ) ) ;
#2630 =( NAMED_UNIT ( * ) PLANE_ANGLE_UNIT ( ) SI_UNIT ( $, .RADIAN. ) );
#2631 = EDGE_CURVE ( 'NONE', #2465, #812, #1932, .T. ) ;
#2632 = ORIENTED_EDGE ( 'NONE', *, *, #538, .F. ) ;
#2633 = DIRECTION ( 'NONE',  ( 0.000000000000000000, 1.000000000000000000, 0.000000000000000000 ) ) ;
#2634 = EDGE_CURVE ( 'NONE', #348, #3075, #664, .T. ) ;
#2635 = DIRECTION ( 'NONE',  ( 1.000000000000000000, 0.000000000000000000, 0.000000000000000000 ) ) ;
#2636 = DIRECTION ( 'NONE',  ( 1.000000000000000000, 0.000000000000000000, 0.000000000000000000 ) ) ;
#2637 = ORIENTED_EDGE ( 'NONE', *, *, #1698, .T. ) ;
#2638 = CARTESIAN_POINT ( 'NONE',  ( -1.866900000000000004, -5.359399999999999942, -2.870199999999999640 ) ) ;
#2639 = VECTOR ( 'NONE', #2901, 1000.000000000000000 ) ;
#2640 = VECTOR ( 'NONE', #3115, 1000.000000000000000 ) ;
#2641 = CARTESIAN_POINT ( 'NONE',  ( 1.422400000000000109, 0.02540000000000000244, -3.048000000000000043 ) ) ;
#2642 = ORIENTED_EDGE ( 'NONE', *, *, #411, .F. ) ;
#2643 = DIRECTION ( 'NONE',  ( 0.000000000000000000, 0.000000000000000000, -1.000000000000000000 ) ) ;
#2644 = ORIENTED_EDGE ( 'NONE', *, *, #450, .T. ) ;
#2645 = CARTESIAN_POINT ( 'NONE',  ( 1.066799999999999971, -0.7747000000000000552, 2.336800000000000210 ) ) ;
#2646 = CIRCLE ( 'NONE', #2013, 0.2031999999999999640 ) ;
#2647 = CARTESIAN_POINT ( 'NONE',  ( 0.000000000000000000, 0.6350000000000000089, -1.967191835857285234E-17 ) ) ;
#2648 = CARTESIAN_POINT ( 'NONE',  ( 1.143000000000000016, -4.572000000000000064, 7.620000000000000107 ) ) ;
#2649 = DIRECTION ( 'NONE',  ( 0.000000000000000000, 0.000000000000000000, 1.000000000000000000 ) ) ;
#2650 = VERTEX_POINT ( 'NONE', #1673 ) ;
#2651 = AXIS2_PLACEMENT_3D ( 'NONE', #2273, #506, #1784 ) ;
#2652 = DIRECTION ( 'NONE',  ( 1.000000000000000000, 0.000000000000000000, 0.000000000000000000 ) ) ;
#2653 = DIRECTION ( 'NONE',  ( 0.000000000000000000, -1.000000000000000000, 0.000000000000000000 ) ) ;
#2654 = ADVANCED_FACE ( 'NONE', ( #1172 ), #2202, .T. ) ;
#2655 = CARTESIAN_POINT ( 'NONE',  ( 2.247900000000000009, -5.410200000000000564, -3.505199999999999871 ) ) ;
#2656 = ORIENTED_EDGE ( 'NONE', *, *, #1837, .T. ) ;
#2657 = FACE_OUTER_BOUND ( 'NONE', #798, .T. ) ;
#2658 = CARTESIAN_POINT ( 'NONE',  ( 2.247900000000000009, -5.410200000000000564, 3.505199999999999871 ) ) ;
#2659 = ORIENTED_EDGE ( 'NONE', *, *, #3217, .F. ) ;
#2660 = VECTOR ( 'NONE', #847, 1000.000000000000000 ) ;
#2661 = DIRECTION ( 'NONE',  ( 0.000000000000000000, 0.000000000000000000, -1.000000000000000000 ) ) ;
#2662 = ORIENTED_EDGE ( 'NONE', *, *, #1648, .F. ) ;
#2663 = DIRECTION ( 'NONE',  ( -0.000000000000000000, 1.000000000000000000, 0.000000000000000000 ) ) ;
#2664 = FACE_OUTER_BOUND ( 'NONE', #2226, .T. ) ;
#2665 = CARTESIAN_POINT ( 'NONE',  ( 1.143000000000000016, -3.810000000000000053, -3.131776669576830319 ) ) ;
#2666 = AXIS2_PLACEMENT_3D ( 'NONE', #113, #1167, #1912 ) ;
#2667 = ORIENTED_EDGE ( 'NONE', *, *, #559, .T. ) ;
#2668 = AXIS2_PLACEMENT_3D ( 'NONE', #1538, #1807, #1749 ) ;
#2669 = CARTESIAN_POINT ( 'NONE',  ( 1.422400000000000109, 0.000000000000000000, -3.048000000000000043 ) ) ;
#2670 = LINE ( 'NONE', #2908, #1204 ) ;
#2671 = CARTESIAN_POINT ( 'NONE',  ( 1.066799999999999971, 0.000000000000000000, -3.202945458813109880 ) ) ;
#2672 = VERTEX_POINT ( 'NONE', #631 ) ;
#2673 = EDGE_CURVE ( 'NONE', #1925, #1175, #328, .T. ) ;
#2674 = PRODUCT_DEFINITION_FORMATION_WITH_SPECIFIED_SOURCE ( 'ANY', '', #2212, .NOT_KNOWN. ) ;
#2675 = CARTESIAN_POINT ( 'NONE',  ( 0.000000000000000000, 1.600200000000000067, -1.117600525558065883 ) ) ;
#2676 = EDGE_LOOP ( 'NONE', ( #1147, #2619, #1867, #2998, #2805 ) ) ;
#2677 = ADVANCED_FACE ( 'NONE', ( #1655 ), #2381, .F. ) ;
#2678 = ADVANCED_FACE ( 'NONE', ( #2181 ), #3211, .F. ) ;
#2679 = CARTESIAN_POINT ( 'NONE',  ( 1.612900000000000000, -5.359399999999999942, 3.124200000000000088 ) ) ;
#2680 = ORIENTED_EDGE ( 'NONE', *, *, #1990, .T. ) ;
#2681 = DIRECTION ( 'NONE',  ( 0.000000000000000000, 1.000000000000000000, 0.000000000000000000 ) ) ;
#2682 = DIRECTION ( 'NONE',  ( 0.000000000000000000, -1.000000000000000000, 0.000000000000000000 ) ) ;
#2683 = VERTEX_POINT ( 'NONE', #2919 ) ;
#2684 = CARTESIAN_POINT ( 'NONE',  ( -2.247900000000000009, -4.953000000000000291, 2.108200000000000074 ) ) ;
#2685 = LINE ( 'NONE', #1328, #2112 ) ;
#2686 = ADVANCED_FACE ( 'NONE', ( #2127 ), #617, .F. ) ;
#2687 = CARTESIAN_POINT ( 'NONE',  ( 0.000000000000000000, 0.4291486590342424856, -0.8256246334882449966 ) ) ;
#2688 = VERTEX_POINT ( 'NONE', #1409 ) ;
#2689 = EDGE_LOOP ( 'NONE', ( #634, #1357, #2923, #627, #1320 ) ) ;
#2690 = LINE ( 'NONE', #103, #843 ) ;
#2691 = UNCERTAINTY_MEASURE_WITH_UNIT (LENGTH_MEASURE( 1.000000000000000082E-05 ), #2402, 'distance_accuracy_value', 'NONE');
#2692 = ORIENTED_EDGE ( 'NONE', *, *, #1342, .T. ) ;
#2693 = APPLICATION_CONTEXT ( 'automotive_design' ) ;
#2694 = ADVANCED_FACE ( 'NONE', ( #362 ), #2903, .F. ) ;
#2695 = CARTESIAN_POINT ( 'NONE',  ( 0.000000000000000000, 1.600200000000000067, 0.000000000000000000 ) ) ;
#2696 = ORIENTED_EDGE ( 'NONE', *, *, #3239, .T. ) ;
#2697 = EDGE_CURVE ( 'NONE', #2046, #1816, #3088, .T. ) ;
#2698 = FACE_OUTER_BOUND ( 'NONE', #2009, .T. ) ;
#2699 = AXIS2_PLACEMENT_3D ( 'NONE', #2173, #1627, #3164 ) ;
#2700 = ORIENTED_EDGE ( 'NONE', *, *, #3045, .F. ) ;
#2701 = DIRECTION ( 'NONE',  ( 0.000000000000000000, 1.000000000000000000, 0.000000000000000000 ) ) ;
#2702 = CARTESIAN_POINT ( 'NONE',  ( -1.739900000000000002, -5.410200000000000564, 2.616200000000000081 ) ) ;
#2703 = LINE ( 'NONE', #2487, #2490 ) ;
#2704 = VECTOR ( 'NONE', #1954, 1000.000000000000000 ) ;
#2705 = VERTEX_POINT ( 'NONE', #896 ) ;
#2706 = ORIENTED_EDGE ( 'NONE', *, *, #2084, .F. ) ;
#2707 = PLANE ( 'NONE',  #986 ) ;
#2708 = PLANE ( 'NONE',  #1794 ) ;
#2709 = ORIENTED_EDGE ( 'NONE', *, *, #1171, .F. ) ;
#2710 = DIRECTION ( 'NONE',  ( 0.000000000000000000, 1.000000000000000000, 0.000000000000000000 ) ) ;
#2711 = ORIENTED_EDGE ( 'NONE', *, *, #2938, .F. ) ;
#2712 = EDGE_CURVE ( 'NONE', #3221, #1559, #3131, .T. ) ;
#2713 = ADVANCED_FACE ( 'NONE', ( #2399 ), #92, .F. ) ;
#2714 = ORIENTED_EDGE ( 'NONE', *, *, #218, .F. ) ;
#2715 = DIRECTION ( 'NONE',  ( 0.000000000000000000, 1.000000000000000000, 0.000000000000000000 ) ) ;
#2716 = VECTOR ( 'NONE', #1118, 1000.000000000000114 ) ;
#2717 = DIRECTION ( 'NONE',  ( 0.000000000000000000, -0.9702957262759963619, 0.2419218955996680909 ) ) ;
#2718 = CARTESIAN_POINT ( 'NONE',  ( -2.247900000000000009, -0.7873999999999999888, 3.505199999999999871 ) ) ;
#2719 = ORIENTED_EDGE ( 'NONE', *, *, #235, .F. ) ;
#2720 = VERTEX_POINT ( 'NONE', #860 ) ;
#2721 = VECTOR ( 'NONE', #2963, 1000.000000000000000 ) ;
#2722 = DIRECTION ( 'NONE',  ( 0.000000000000000000, 0.000000000000000000, 1.000000000000000000 ) ) ;
#2723 = CARTESIAN_POINT ( 'NONE',  ( 1.066799999999999971, -0.7747000000000000552, -2.336800000000000210 ) ) ;
#2724 = ORIENTED_EDGE ( 'NONE', *, *, #1547, .T. ) ;
#2725 = CIRCLE ( 'NONE', #1876, 0.2031999999999999640 ) ;
#2726 = VECTOR ( 'NONE', #2894, 1000.000000000000000 ) ;
#2727 = FACE_OUTER_BOUND ( 'NONE', #1633, .T. ) ;
#2728 = ORIENTED_EDGE ( 'NONE', *, *, #4, .F. ) ;
#2729 = VECTOR ( 'NONE', #2771, 1000.000000000000000 ) ;
#2730 = DIRECTION ( 'NONE',  ( 1.000000000000000000, 0.000000000000000000, 0.000000000000000000 ) ) ;
#2731 = PRODUCT_CONTEXT ( 'NONE', #1778, 'mechanical' ) ;
#2732 = CIRCLE ( 'NONE', #2149, 0.2539999999999998925 ) ;
#2733 = ORIENTED_EDGE ( 'NONE', *, *, #1998, .T. ) ;
#2734 = FACE_OUTER_BOUND ( 'NONE', #1535, .T. ) ;
#2735 = CARTESIAN_POINT ( 'NONE',  ( 1.143000000000000016, -4.368800000000000239, -3.454399999999999693 ) ) ;
#2736 = ADVANCED_FACE ( 'NONE', ( #2664 ), #1392, .T. ) ;
#2737 = ORIENTED_EDGE ( 'NONE', *, *, #1154, .F. ) ;
#2738 = ORIENTED_EDGE ( 'NONE', *, *, #2893, .F. ) ;
#2739 = EDGE_CURVE ( 'NONE', #518, #3050, #878, .T. ) ;
#2740 = DIRECTION ( 'NONE',  ( 0.000000000000000000, -1.000000000000000000, 0.000000000000000000 ) ) ;
#2741 = APPLICATION_CONTEXT ( 'automotive_design' ) ;
#2742 = CARTESIAN_POINT ( 'NONE',  ( -0.1905000000000000027, 1.346200000000000063, 1.984778818911570042 ) ) ;
#2743 = ORIENTED_EDGE ( 'NONE', *, *, #295, .T. ) ;
#2744 = DIRECTION ( 'NONE',  ( 0.000000000000000000, -1.000000000000000000, 0.000000000000000000 ) ) ;
#2745 = CARTESIAN_POINT ( 'NONE',  ( 1.270000000000000018, 0.000000000000000000, -2.540000000000000036 ) ) ;
#2746 = VERTEX_POINT ( 'NONE', #2581 ) ;
#2747 = CIRCLE ( 'NONE', #921, 0.3810000000000000608 ) ;
#2748 = SHAPE_REPRESENTATION ( 'GP-body', ( #2952 ), #1283 ) ;
#2749 = DIRECTION ( 'NONE',  ( 0.000000000000000000, 1.000000000000000000, 0.000000000000000000 ) ) ;
#2750 = VECTOR ( 'NONE', #1370, 1000.000000000000000 ) ;
#2751 = APPLICATION_PROTOCOL_DEFINITION ( 'draft international standard', 'automotive_design', 1998, #3049 ) ;
#2752 = ORIENTED_EDGE ( 'NONE', *, *, #1144, .F. ) ;
#2753 = CARTESIAN_POINT ( 'NONE',  ( 1.422400000000000109, 0.02540000000000000244, -3.048000000000000043 ) ) ;
#2754 = PLANE ( 'NONE',  #236 ) ;
#2755 = ORIENTED_EDGE ( 'NONE', *, *, #725, .F. ) ;
#2756 = ORIENTED_EDGE ( 'NONE', *, *, #1342, .F. ) ;
#2757 = PRODUCT_RELATED_PRODUCT_CATEGORY ( 'part', '', ( #2212 ) ) ;
#2758 = DIRECTION ( 'NONE',  ( 0.000000000000000000, 0.000000000000000000, -1.000000000000000000 ) ) ;
#2759 = AXIS2_PLACEMENT_3D ( 'NONE', #2735, #2218, #2997 ) ;
#2760 = CARTESIAN_POINT ( 'NONE',  ( -2.247900000000000009, -0.7873999999999999888, -2.336800000000000210 ) ) ;
#2761 = CIRCLE ( 'NONE', #2174, 1.993899999999999784 ) ;
#2762 = EDGE_LOOP ( 'NONE', ( #1838, #1469 ) ) ;
#2763 = CARTESIAN_POINT ( 'NONE',  ( 1.143000000000000016, -4.572000000000000064, -3.505199999999999871 ) ) ;
#2764 = VECTOR ( 'NONE', #3100, 1000.000000000000000 ) ;
#2765 = DIRECTION ( 'NONE',  ( 0.000000000000000000, -1.000000000000000000, 0.000000000000000000 ) ) ;
#2766 = ORIENTED_EDGE ( 'NONE', *, *, #2098, .T. ) ;
#2767 = CARTESIAN_POINT ( 'NONE',  ( 0.1905000000000000027, 1.600200000000000067, 2.095500000000000362 ) ) ;
#2768 = CARTESIAN_POINT ( 'NONE',  ( 1.270000000000000018, -4.064000000000000057, 2.336800000000000210 ) ) ;
#2769 = LINE ( 'NONE', #232, #175 ) ;
#2770 = DIRECTION ( 'NONE',  ( 0.000000000000000000, 1.000000000000000000, 0.000000000000000000 ) ) ;
#2771 = DIRECTION ( 'NONE',  ( 0.000000000000000000, -1.000000000000000000, 0.000000000000000000 ) ) ;
#2772 = VECTOR ( 'NONE', #2170, 1000.000000000000000 ) ;
#2773 = ORIENTED_EDGE ( 'NONE', *, *, #152, .F. ) ;
#2774 = ORIENTED_EDGE ( 'NONE', *, *, #1759, .T. ) ;
#2775 = CARTESIAN_POINT ( 'NONE',  ( -1.612900000000000000, -5.410200000000000564, -3.124200000000000088 ) ) ;
#2776 = DIRECTION ( 'NONE',  ( -0.000000000000000000, 1.000000000000000000, 0.000000000000000000 ) ) ;
#2777 = AXIS2_PLACEMENT_3D ( 'NONE', #1723, #2749, #2730 ) ;
#2778 = ORIENTED_EDGE ( 'NONE', *, *, #510, .T. ) ;
#2779 = DIRECTION ( 'NONE',  ( 0.000000000000000000, -1.000000000000000000, 0.000000000000000000 ) ) ;
#2780 = PLANE ( 'NONE',  #1785 ) ;
#2781 = VERTEX_POINT ( 'NONE', #3331 ) ;
#2782 = ADVANCED_FACE ( 'NONE', ( #1824 ), #1079, .F. ) ;
#2783 = EDGE_CURVE ( 'NONE', #2131, #348, #2061, .T. ) ;
#2784 = FACE_OUTER_BOUND ( 'NONE', #2869, .T. ) ;
#2785 = DIRECTION ( 'NONE',  ( 0.000000000000000000, 0.000000000000000000, -1.000000000000000000 ) ) ;
#2786 = CARTESIAN_POINT ( 'NONE',  ( -1.866900000000000004, -5.410200000000000564, -2.870199999999999640 ) ) ;
#2787 = AXIS2_PLACEMENT_3D ( 'NONE', #108, #1129, #1908 ) ;
#2788 = VERTEX_POINT ( 'NONE', #2884 ) ;
#2789 = ORIENTED_EDGE ( 'NONE', *, *, #2893, .T. ) ;
#2790 = DIRECTION ( 'NONE',  ( 1.000000000000000000, 0.000000000000000000, 0.000000000000000000 ) ) ;
#2791 = EDGE_CURVE ( 'NONE', #2238, #2274, #1323, .T. ) ;
#2792 = DIRECTION ( 'NONE',  ( 1.000000000000000000, 0.000000000000000000, 0.000000000000000000 ) ) ;
#2793 = ORIENTED_EDGE ( 'NONE', *, *, #3039, .F. ) ;
#2794 = CARTESIAN_POINT ( 'NONE',  ( 0.000000000000000000, 0.000000000000000000, 0.000000000000000000 ) ) ;
#2795 = EDGE_CURVE ( 'NONE', #483, #956, #3137, .T. ) ;
#2796 = FACE_OUTER_BOUND ( 'NONE', #2092, .T. ) ;
#2797 = VERTEX_POINT ( 'NONE', #2351 ) ;
#2798 = EDGE_CURVE ( 'NONE', #2914, #1373, #2015, .T. ) ;
#2799 = EDGE_CURVE ( 'NONE', #3325, #894, #1017, .T. ) ;
#2800 = ORIENTED_EDGE ( 'NONE', *, *, #1895, .F. ) ;
#2801 = CARTESIAN_POINT ( 'NONE',  ( -1.422400000000000109, 0.000000000000000000, -3.048000000000000043 ) ) ;
#2802 = AXIS2_PLACEMENT_3D ( 'NONE', #3074, #2593, #757 ) ;
#2803 = LINE ( 'NONE', #2299, #1012 ) ;
#2804 = APPLICATION_CONTEXT ( 'automotive_design' ) ;
#2805 = ORIENTED_EDGE ( 'NONE', *, *, #1216, .F. ) ;
#2806 = CARTESIAN_POINT ( 'NONE',  ( -2.247900000000000009, -5.410200000000000564, 3.505199999999999871 ) ) ;
#2807 = CARTESIAN_POINT ( 'NONE',  ( 1.143000000000000016, -4.368800000000000239, -3.454399999999999693 ) ) ;
#2808 = VERTEX_POINT ( 'NONE', #2817 ) ;
#2809 = AXIS2_PLACEMENT_3D ( 'NONE', #296, #2110, #796 ) ;
#2810 = DIRECTION ( 'NONE',  ( 0.000000000000000000, 0.000000000000000000, -1.000000000000000000 ) ) ;
#2811 = AXIS2_PLACEMENT_3D ( 'NONE', #378, #599, #2433 ) ;
#2812 = FACE_OUTER_BOUND ( 'NONE', #1182, .T. ) ;
#2813 = ORIENTED_EDGE ( 'NONE', *, *, #2951, .F. ) ;
#2814 = VECTOR ( 'NONE', #12, 1000.000000000000114 ) ;
#2815 = ADVANCED_FACE ( 'NONE', ( #1305 ), #762, .F. ) ;
#2816 = CARTESIAN_POINT ( 'NONE',  ( -2.247900000000000009, -0.7747000000000000552, 2.336800000000000210 ) ) ;
#2817 = CARTESIAN_POINT ( 'NONE',  ( -1.866900000000000004, -5.359399999999999942, 2.870199999999999640 ) ) ;
#2818 =( NAMED_UNIT ( * ) SI_UNIT ( $, .STERADIAN. ) SOLID_ANGLE_UNIT ( ) );
#2819 = CARTESIAN_POINT ( 'NONE',  ( 1.422400000000000109, 0.02540000000000000244, -3.048000000000000043 ) ) ;
#2820 = ADVANCED_FACE ( 'NONE', ( #548 ), #1795, .F. ) ;
#2821 = ORIENTED_EDGE ( 'NONE', *, *, #643, .T. ) ;
#2822 = DIRECTION ( 'NONE',  ( 0.000000000000000000, 0.000000000000000000, 1.000000000000000000 ) ) ;
#2823 = CARTESIAN_POINT ( 'NONE',  ( 1.270000000000000018, 0.000000000000000000, 2.540000000000000036 ) ) ;
#2824 = EDGE_CURVE ( 'NONE', #1111, #3121, #1585, .T. ) ;
#2825 = PRODUCT_DEFINITION_CONTEXT ( 'detailed design', #960, 'design' ) ;
#2826 = ORIENTED_EDGE ( 'NONE', *, *, #1998, .F. ) ;
#2827 = DIRECTION ( 'NONE',  ( 0.000000000000000000, 0.000000000000000000, -1.000000000000000000 ) ) ;
#2828 = AXIS2_PLACEMENT_3D ( 'NONE', #1495, #700, #1727 ) ;
#2829 = LINE ( 'NONE', #31, #2319 ) ;
#2830 = VERTEX_POINT ( 'NONE', #247 ) ;
#2831 = EDGE_CURVE ( 'NONE', #1020, #1180, #1900, .T. ) ;
#2832 = FACE_OUTER_BOUND ( 'NONE', #2364, .T. ) ;
#2833 = DIRECTION ( 'NONE',  ( -0.000000000000000000, 1.000000000000000000, 0.000000000000000000 ) ) ;
#2834 = DIRECTION ( 'NONE',  ( 1.000000000000000000, 0.000000000000000000, 0.000000000000000000 ) ) ;
#2835 = CARTESIAN_POINT ( 'NONE',  ( -1.945645458813115125, 0.000000000000000000, 3.505199999999999871 ) ) ;
#2836 = AXIS2_PLACEMENT_3D ( 'NONE', #2310, #2057, #3087 ) ;
#2837 = ORIENTED_EDGE ( 'NONE', *, *, #2532, .T. ) ;
#2838 = DIRECTION ( 'NONE',  ( 0.000000000000000000, 0.000000000000000000, -1.000000000000000000 ) ) ;
#2839 = EDGE_CURVE ( 'NONE', #3236, #1890, #1084, .T. ) ;
#2840 = DIRECTION ( 'NONE',  ( 0.000000000000000000, -1.000000000000000000, 0.000000000000000000 ) ) ;
#2841 = EDGE_CURVE ( 'NONE', #620, #881, #555, .T. ) ;
#2842 = ORIENTED_EDGE ( 'NONE', *, *, #3057, .F. ) ;
#2843 = AXIS2_PLACEMENT_3D ( 'NONE', #1443, #1169, #649 ) ;
#2844 = CARTESIAN_POINT ( 'NONE',  ( -1.866900000000000004, -4.953000000000000291, 2.108200000000000074 ) ) ;
#2845 = DIRECTION ( 'NONE',  ( 1.000000000000000000, -2.962688750897935698E-17, -1.188269555410254914E-16 ) ) ;
#2846 = VERTEX_POINT ( 'NONE', #514 ) ;
#2847 = ORIENTED_EDGE ( 'NONE', *, *, #561, .T. ) ;
#2848 = LINE ( 'NONE', #2093, #2750 ) ;
#2849 = CARTESIAN_POINT ( 'NONE',  ( -1.143000000000000016, -4.572000000000000064, 7.620000000000000107 ) ) ;
#2850 = PLANE ( 'NONE',  #2129 ) ;
#2851 = CARTESIAN_POINT ( 'NONE',  ( 0.000000000000000000, 0.000000000000000000, 0.000000000000000000 ) ) ;
#2852 = ORIENTED_EDGE ( 'NONE', *, *, #210, .T. ) ;
#2853 = DIRECTION ( 'NONE',  ( -1.000000000000000000, 0.000000000000000000, 0.000000000000000000 ) ) ;
#2854 = PRESENTATION_LAYER_ASSIGNMENT (  '', '', ( #546 ) ) ;
#2855 = FACE_OUTER_BOUND ( 'NONE', #391, .T. ) ;
#2856 = PRODUCT_RELATED_PRODUCT_CATEGORY ( 'part', '', ( #410 ) ) ;
#2857 = EDGE_CURVE ( 'NONE', #370, #794, #2562, .T. ) ;
#2858 = ORIENTED_EDGE ( 'NONE', *, *, #193, .T. ) ;
#2859 = LINE ( 'NONE', #1773, #262 ) ;
#2860 = DIRECTION ( 'NONE',  ( 1.000000000000000000, 0.000000000000000000, 0.000000000000000000 ) ) ;
#2861 = AXIS2_PLACEMENT_3D ( 'NONE', #1376, #369, #101 ) ;
#2862 = VERTEX_POINT ( 'NONE', #2366 ) ;
#2863 = VECTOR ( 'NONE', #3202, 1000.000000000000000 ) ;
#2864 = MECHANICAL_DESIGN_GEOMETRIC_PRESENTATION_REPRESENTATION (  '', ( #1848 ), #2442 ) ;
#2865 = VERTEX_POINT ( 'NONE', #2867 ) ;
#2866 = CARTESIAN_POINT ( 'NONE',  ( 1.422400000000000109, 0.02540000000000000244, 3.048000000000000043 ) ) ;
#2867 = CARTESIAN_POINT ( 'NONE',  ( -1.422400000000000109, 0.000000000000000000, -2.405595833397919936 ) ) ;
#2868 = FILL_AREA_STYLE ('',( #1570 ) ) ;
#2869 = EDGE_LOOP ( 'NONE', ( #2637, #2719, #3286, #552 ) ) ;
#2870 = CARTESIAN_POINT ( 'NONE',  ( 2.243024926755050164, -0.7747000000000000552, -2.336800000000000210 ) ) ;
#2871 = DIRECTION ( 'NONE',  ( 0.000000000000000000, -0.9702957262759964729, 0.2419218955996681186 ) ) ;
#2872 = CARTESIAN_POINT ( 'NONE',  ( 0.000000000000000000, -1.206500000000000128, 0.000000000000000000 ) ) ;
#2873 = ORIENTED_EDGE ( 'NONE', *, *, #2144, .F. ) ;
#2874 = DIRECTION ( 'NONE',  ( 0.000000000000000000, -1.000000000000000000, 0.000000000000000000 ) ) ;
#2875 = DIRECTION ( 'NONE',  ( 0.000000000000000000, 1.000000000000000000, 0.000000000000000000 ) ) ;
#2876 = VERTEX_POINT ( 'NONE', #1569 ) ;
#2877 = EDGE_CURVE ( 'NONE', #2672, #1757, #53, .T. ) ;
#2878 = CARTESIAN_POINT ( 'NONE',  ( -2.247900000000000009, -4.953000000000000291, 2.108200000000000074 ) ) ;
#2879 = ORIENTED_EDGE ( 'NONE', *, *, #3318, .T. ) ;
#2880 = VECTOR ( 'NONE', #1695, 1000.000000000000000 ) ;
#2881 = ADVANCED_FACE ( 'NONE', ( #2064 ), #3094, .F. ) ;
#2882 = FACE_OUTER_BOUND ( 'NONE', #2317, .T. ) ;
#2883 = EDGE_CURVE ( 'NONE', #3125, #3040, #1222, .T. ) ;
#2884 = CARTESIAN_POINT ( 'NONE',  ( -1.422400000000000109, 0.000000000000000000, 0.1344041666020814041 ) ) ;
#2885 = DIRECTION ( 'NONE',  ( -1.000000000000000000, 0.000000000000000000, 0.000000000000000000 ) ) ;
#2886 = ORIENTED_EDGE ( 'NONE', *, *, #2530, .F. ) ;
#2887 = DIRECTION ( 'NONE',  ( -0.000000000000000000, 1.000000000000000000, 0.000000000000000000 ) ) ;
#2888 = AXIS2_PLACEMENT_3D ( 'NONE', #444, #463, #943 ) ;
#2889 = CARTESIAN_POINT ( 'NONE',  ( -2.247900000000000009, -1.206500000000000128, -2.336800000000000210 ) ) ;
#2890 = CARTESIAN_POINT ( 'NONE',  ( 1.066799999999999971, -1.206500000000000128, 3.505199999999999871 ) ) ;
#2891 = VECTOR ( 'NONE', #1660, 1000.000000000000000 ) ;
#2892 = EDGE_LOOP ( 'NONE', ( #1789, #1004, #1702, #2667 ) ) ;
#2893 = EDGE_CURVE ( 'NONE', #2830, #2781, #201, .T. ) ;
#2894 = DIRECTION ( 'NONE',  ( 0.000000000000000000, 0.000000000000000000, -1.000000000000000000 ) ) ;
#2895 = VECTOR ( 'NONE', #1093, 1000.000000000000000 ) ;
#2896 = CYLINDRICAL_SURFACE ( 'NONE', #1077, 0.2032000000000001583 ) ;
#2897 = ORIENTED_EDGE ( 'NONE', *, *, #2371, .F. ) ;
#2898 = EDGE_CURVE ( 'NONE', #1036, #2519, #3278, .T. ) ;
#2899 = LINE ( 'NONE', #1351, #484 ) ;
#2900 = ORIENTED_EDGE ( 'NONE', *, *, #295, .F. ) ;
#2901 = DIRECTION ( 'NONE',  ( 0.000000000000000000, 0.000000000000000000, -1.000000000000000000 ) ) ;
#2902 = EDGE_CURVE ( 'NONE', #1413, #1657, #611, .T. ) ;
#2903 = CYLINDRICAL_SURFACE ( 'NONE', #1252, 1.117600525558065883 ) ;
#2904 = CYLINDRICAL_SURFACE ( 'NONE', #832, 0.2539999999999998925 ) ;
#2905 = SHAPE_REPRESENTATION_RELATIONSHIP ( 'NONE' , 'NONE' ,  #1957, #1989 ) ;
#2906 = ORIENTED_EDGE ( 'NONE', *, *, #2368, .T. ) ;
#2907 = CARTESIAN_POINT ( 'NONE',  ( -1.270000000000000018, -4.064000000000000057, 2.743200000000000305 ) ) ;
#2908 = CARTESIAN_POINT ( 'NONE',  ( -2.247900000000000009, -1.206500000000000128, 3.505199999999999871 ) ) ;
#2909 = LINE ( 'NONE', #2099, #1571 ) ;
#2910 = ORIENTED_EDGE ( 'NONE', *, *, #2290, .F. ) ;
#2911 = DIRECTION ( 'NONE',  ( -1.000000000000000000, 0.000000000000000000, 0.000000000000000000 ) ) ;
#2912 = AXIS2_PLACEMENT_3D ( 'NONE', #91, #795, #3174 ) ;
#2913 = LINE ( 'NONE', #626, #2161 ) ;
#2914 = VERTEX_POINT ( 'NONE', #1590 ) ;
#2915 = CARTESIAN_POINT ( 'NONE',  ( -2.247900000000000009, -1.206500000000000128, 3.505199999999999871 ) ) ;
#2916 = ORIENTED_EDGE ( 'NONE', *, *, #3201, .F. ) ;
#2917 = CARTESIAN_POINT ( 'NONE',  ( -1.270000000000000018, 0.000000000000000000, -2.540000000000000036 ) ) ;
#2918 = AXIS2_PLACEMENT_3D ( 'NONE', #7, #1842, #3108 ) ;
#2919 = CARTESIAN_POINT ( 'NONE',  ( -1.945645458813115125, 0.000000000000000000, -0.4360056864307035318 ) ) ;
#2920 =( LENGTH_UNIT ( ) NAMED_UNIT ( * ) SI_UNIT ( .MILLI., .METRE. ) );
#2921 = DIRECTION ( 'NONE',  ( 0.000000000000000000, 0.000000000000000000, 1.000000000000000000 ) ) ;
#2922 = EDGE_CURVE ( 'NONE', #2602, #1682, #1124, .T. ) ;
#2923 = ORIENTED_EDGE ( 'NONE', *, *, #685, .T. ) ;
#2924 = AXIS2_PLACEMENT_3D ( 'NONE', #1277, #2305, #1056 ) ;
#2925 = LINE ( 'NONE', #1915, #889 ) ;
#2926 = EDGE_CURVE ( 'NONE', #2485, #1799, #3144, .T. ) ;
#2927 = CARTESIAN_POINT ( 'NONE',  ( -1.270000000000000018, 0.000000000000000000, -2.540000000000000036 ) ) ;
#2928 = CARTESIAN_POINT ( 'NONE',  ( 1.866900000000000004, -5.410200000000000564, 2.616200000000000081 ) ) ;
#2929 = ORIENTED_EDGE ( 'NONE', *, *, #3177, .T. ) ;
#2930 = EDGE_CURVE ( 'NONE', #2705, #2830, #983, .T. ) ;
#2931 = CARTESIAN_POINT ( 'NONE',  ( 1.066799999999999971, -0.7747000000000000552, -2.336800000000000210 ) ) ;
#2932 = EDGE_CURVE ( 'NONE', #2519, #1111, #2909, .T. ) ;
#2933 = DIRECTION ( 'NONE',  ( 0.000000000000000000, 0.000000000000000000, 1.000000000000000000 ) ) ;
#2934 = VERTEX_POINT ( 'NONE', #2618 ) ;
#2935 = CARTESIAN_POINT ( 'NONE',  ( 1.866900000000000004, -4.953000000000000291, 2.616200000000000081 ) ) ;
#2936 = ORIENTED_EDGE ( 'NONE', *, *, #2965, .F. ) ;
#2937 = CARTESIAN_POINT ( 'NONE',  ( 2.247900000000000009, -4.953000000000000291, 2.108200000000000074 ) ) ;
#2938 = EDGE_CURVE ( 'NONE', #1303, #1128, #335, .T. ) ;
#2939 = DIRECTION ( 'NONE',  ( 0.000000000000000000, 0.000000000000000000, 1.000000000000000000 ) ) ;
#2940 = CARTESIAN_POINT ( 'NONE',  ( 1.066799999999999971, -0.7747000000000000552, 2.336800000000000210 ) ) ;
#2941 = AXIS2_PLACEMENT_3D ( 'NONE', #698, #2213, #931 ) ;
#2942 = APPLICATION_PROTOCOL_DEFINITION ( 'draft international standard', 'automotive_design', 1998, #2741 ) ;
#2943 = VERTEX_POINT ( 'NONE', #2928 ) ;
#2944 = LINE ( 'NONE', #299, #2772 ) ;
#2945 = LINE ( 'NONE', #1882, #1680 ) ;
#2946 = PLANE ( 'NONE',  #557 ) ;
#2947 = ORIENTED_EDGE ( 'NONE', *, *, #2471, .F. ) ;
#2948 = EDGE_LOOP ( 'NONE', ( #376, #1975, #388, #2526, #68, #807, #2536, #1665, #409, #1971 ) ) ;
#2949 = LINE ( 'NONE', #322, #2726 ) ;
#2950 = EDGE_CURVE ( 'NONE', #2862, #3146, #867, .T. ) ;
#2951 = EDGE_CURVE ( 'NONE', #2876, #2862, #2537, .T. ) ;
#2952 = AXIS2_PLACEMENT_3D ( 'NONE', #2851, #2649, #568 ) ;
#2953 = ORIENTED_EDGE ( 'NONE', *, *, #642, .T. ) ;
#2954 = DIRECTION ( 'NONE',  ( 0.000000000000000000, -1.000000000000000000, 0.000000000000000000 ) ) ;
#2955 = ORIENTED_EDGE ( 'NONE', *, *, #682, .F. ) ;
#2956 = PLANE ( 'NONE',  #2666 ) ;
#2957 = ORIENTED_EDGE ( 'NONE', *, *, #1547, .F. ) ;
#2958 = CARTESIAN_POINT ( 'NONE',  ( -1.066799999999999971, -1.206500000000000128, -3.505199999999999871 ) ) ;
#2959 = CARTESIAN_POINT ( 'NONE',  ( -1.270000000000000018, -4.064000000000000057, 2.540000000000000036 ) ) ;
#2960 = LINE ( 'NONE', #2718, #1953 ) ;
#2961 = ORIENTED_EDGE ( 'NONE', *, *, #2791, .T. ) ;
#2962 = ORIENTED_EDGE ( 'NONE', *, *, #411, .T. ) ;
#2963 = DIRECTION ( 'NONE',  ( 0.000000000000000000, 0.000000000000000000, 1.000000000000000000 ) ) ;
#2964 = CARTESIAN_POINT ( 'NONE',  ( 0.1905000000000000027, 1.346200000000000063, 2.095500000000000362 ) ) ;
#2965 = EDGE_CURVE ( 'NONE', #360, #2000, #2646, .T. ) ;
#2966 = UNCERTAINTY_MEASURE_WITH_UNIT (LENGTH_MEASURE( 1.000000000000000082E-05 ), #2920, 'distance_accuracy_value', 'NONE');
#2967 = ORIENTED_EDGE ( 'NONE', *, *, #152, .T. ) ;
#2968 = MECHANICAL_DESIGN_GEOMETRIC_PRESENTATION_REPRESENTATION (  '', ( #546 ), #2214 ) ;
#2969 = ADVANCED_FACE ( 'NONE', ( #1399 ), #2946, .T. ) ;
#2970 = DIRECTION ( 'NONE',  ( 0.000000000000000000, 0.000000000000000000, -1.000000000000000000 ) ) ;
#2971 = ORIENTED_EDGE ( 'NONE', *, *, #2208, .F. ) ;
#2972 = LINE ( 'NONE', #130, #1054 ) ;
#2973 = ITEM_DEFINED_TRANSFORMATION ( 'NONE', 'NONE', #1061,  #2952 ) ;
#2974 = CIRCLE ( 'NONE', #14, 0.2032000000000000195 ) ;
#2975 = ORIENTED_EDGE ( 'NONE', *, *, #817, .F. ) ;
#2976 = DIRECTION ( 'NONE',  ( 1.000000000000000000, 0.000000000000000000, 0.000000000000000000 ) ) ;
#2977 = CARTESIAN_POINT ( 'NONE',  ( -2.247900000000000009, -5.410200000000000564, 2.108200000000000074 ) ) ;
#2978 = CIRCLE ( 'NONE', #183, 0.2031999999999999640 ) ;
#2979 = CARTESIAN_POINT ( 'NONE',  ( -2.247900000000000009, -5.359399999999999942, 2.108200000000000074 ) ) ;
#2980 = CIRCLE ( 'NONE', #1523, 0.2031999999999999640 ) ;
#2981 = VECTOR ( 'NONE', #2011, 1000.000000000000000 ) ;
#2982 = VERTEX_POINT ( 'NONE', #1142 ) ;
#2983 = ORIENTED_EDGE ( 'NONE', *, *, #3239, .F. ) ;
#2984 = DIRECTION ( 'NONE',  ( 0.000000000000000000, -0.2419218955996678688, -0.9702957262759963619 ) ) ;
#2985 = CARTESIAN_POINT ( 'NONE',  ( 1.739900000000000002, -5.359399999999999942, 2.616200000000000081 ) ) ;
#2986 = ORIENTED_EDGE ( 'NONE', *, *, #581, .F. ) ;
#2987 = CARTESIAN_POINT ( 'NONE',  ( 1.143000000000000016, -4.368800000000000239, 3.454399999999999693 ) ) ;
#2988 = ORIENTED_EDGE ( 'NONE', *, *, #415, .F. ) ;
#2989 = EDGE_CURVE ( 'NONE', #503, #2746, #2222, .T. ) ;
#2990 = LINE ( 'NONE', #1704, #85 ) ;
#2991 = SHAPE_DEFINITION_REPRESENTATION ( #1435, #1505 ) ;
#2992 = ADVANCED_FACE ( 'NONE', ( #850 ), #3203, .T. ) ;
#2993 = ORIENTED_EDGE ( 'NONE', *, *, #1025, .F. ) ;
#2994 = CARTESIAN_POINT ( 'NONE',  ( 1.066799999999999971, -0.7747000000000000552, 3.505199999999999871 ) ) ;
#2995 = PRODUCT_DEFINITION_SHAPE ( 'NONE', 'NONE',  #857 ) ;
#2996 = VECTOR ( 'NONE', #1941, 1000.000000000000000 ) ;
#2997 = DIRECTION ( 'NONE',  ( -1.000000000000000000, 0.000000000000000000, 0.000000000000000000 ) ) ;
#2998 = ORIENTED_EDGE ( 'NONE', *, *, #1898, .F. ) ;
#2999 = VECTOR ( 'NONE', #1030, 1000.000000000000000 ) ;
#3000 = ORIENTED_EDGE ( 'NONE', *, *, #304, .F. ) ;
#3001 = AXIS2_PLACEMENT_3D ( 'NONE', #656, #2461, #922 ) ;
#3002 = CARTESIAN_POINT ( 'NONE',  ( -1.066799999999999971, -0.7747000000000000552, 3.505199999999999871 ) ) ;
#3003 = LINE ( 'NONE', #690, #456 ) ;
#3004 = ORIENTED_EDGE ( 'NONE', *, *, #1278, .T. ) ;
#3005 = CARTESIAN_POINT ( 'NONE',  ( -1.422400000000000109, 0.000000000000000000, -3.048000000000000043 ) ) ;
#3006 = VECTOR ( 'NONE', #2165, 1000.000000000000000 ) ;
#3007 = VECTOR ( 'NONE', #2291, 1000.000000000000000 ) ;
#3008 = FACE_OUTER_BOUND ( 'NONE', #2390, .T. ) ;
#3009 = ORIENTED_EDGE ( 'NONE', *, *, #1276, .T. ) ;
#3010 = DIRECTION ( 'NONE',  ( 0.000000000000000000, 0.000000000000000000, 1.000000000000000000 ) ) ;
#3011 = AXIS2_PLACEMENT_3D ( 'NONE', #1634, #1075, #596 ) ;
#3012 = EDGE_CURVE ( 'NONE', #2220, #380, #3181, .T. ) ;
#3013 = SHAPE_REPRESENTATION ( 'G-actuator', ( #2952 ), #3224 ) ;
#3014 = ORIENTED_EDGE ( 'NONE', *, *, #309, .F. ) ;
#3015 = FACE_OUTER_BOUND ( 'NONE', #989, .T. ) ;
#3016 = CARTESIAN_POINT ( 'NONE',  ( 0.000000000000000000, 0.000000000000000000, 0.000000000000000000 ) ) ;
#3017 = ORIENTED_EDGE ( 'NONE', *, *, #461, .T. ) ;
#3018 = ORIENTED_EDGE ( 'NONE', *, *, #605, .T. ) ;
#3019 = CYLINDRICAL_SURFACE ( 'NONE', #2032, 0.2032000000000001583 ) ;
#3020 = CARTESIAN_POINT ( 'NONE',  ( -0.1905000000000000027, 1.515566191433210141, 1.814585428693490154 ) ) ;
#3021 = ORIENTED_EDGE ( 'NONE', *, *, #2248, .T. ) ;
#3022 = CARTESIAN_POINT ( 'NONE',  ( 2.247900000000000009, -5.410200000000000564, 2.108200000000000074 ) ) ;
#3023 = CARTESIAN_POINT ( 'NONE',  ( -2.247900000000000009, -1.206500000000000128, -3.505199999999999871 ) ) ;
#3024 = VERTEX_POINT ( 'NONE', #623 ) ;
#3025 = PRODUCT ( 'G12AP', 'G12AP', '', ( #1476 ) ) ;
#3026 = AXIS2_PLACEMENT_3D ( 'NONE', #1284, #2292, #2311 ) ;
#3027 = LINE ( 'NONE', #1965, #1763 ) ;
#3028 = CARTESIAN_POINT ( 'NONE',  ( -2.243024926755050164, -0.7747000000000000552, 3.505199999999999871 ) ) ;
#3029 = CARTESIAN_POINT ( 'NONE',  ( -1.422400000000000109, 0.02540000000000000244, 3.048000000000000043 ) ) ;
#3030 = LINE ( 'NONE', #248, #2401 ) ;
#3031 = DIRECTION ( 'NONE',  ( 0.000000000000000000, -1.000000000000000000, 0.000000000000000000 ) ) ;
#3032 = EDGE_LOOP ( 'NONE', ( #1279, #2169, #1685, #1667 ) ) ;
#3033 = VERTEX_POINT ( 'NONE', #1644 ) ;
#3034 = FACE_OUTER_BOUND ( 'NONE', #2017, .T. ) ;
#3035 = ADVANCED_FACE ( 'NONE', ( #1361 ), #1866, .T. ) ;
#3036 = AXIS2_PLACEMENT_3D ( 'NONE', #2613, #2049, #3079 ) ;
#3037 = CARTESIAN_POINT ( 'NONE',  ( -1.143000000000000016, -4.572000000000000064, 3.505199999999999871 ) ) ;
#3038 = VECTOR ( 'NONE', #2508, 1000.000000000000000 ) ;
#3039 = EDGE_CURVE ( 'NONE', #2596, #925, #1841, .T. ) ;
#3040 = VERTEX_POINT ( 'NONE', #2389 ) ;
#3041 = EDGE_CURVE ( 'NONE', #1206, #2650, #2974, .T. ) ;
#3042 = CARTESIAN_POINT ( 'NONE',  ( -1.270000000000000018, -4.064000000000000057, 0.2032000000000000195 ) ) ;
#3043 = VECTOR ( 'NONE', #27, 1000.000000000000000 ) ;
#3044 = VERTEX_POINT ( 'NONE', #62 ) ;
#3045 = EDGE_CURVE ( 'NONE', #2781, #1652, #1085, .T. ) ;
#3046 = FACE_OUTER_BOUND ( 'NONE', #3253, .T. ) ;
#3047 = CYLINDRICAL_SURFACE ( 'NONE', #1631, 0.2032000000000001583 ) ;
#3048 = PLANE ( 'NONE',  #2304 ) ;
#3049 = APPLICATION_CONTEXT ( 'automotive_design' ) ;
#3050 = VERTEX_POINT ( 'NONE', #2890 ) ;
#3051 = EDGE_LOOP ( 'NONE', ( #149, #2543, #1529, #2244 ) ) ;
#3052 = EDGE_CURVE ( 'NONE', #2808, #2480, #591, .T. ) ;
#3053 = FACE_OUTER_BOUND ( 'NONE', #1227, .T. ) ;
#3054 = CARTESIAN_POINT ( 'NONE',  ( -1.270000000000000018, -4.064000000000000057, 2.743200000000000305 ) ) ;
#3055 = AXIS2_PLACEMENT_3D ( 'NONE', #1780, #748, #2267 ) ;
#3056 = ORIENTED_EDGE ( 'NONE', *, *, #80, .F. ) ;
#3057 = EDGE_CURVE ( 'NONE', #3276, #2788, #2703, .T. ) ;
#3058 = DIRECTION ( 'NONE',  ( 0.000000000000000000, -1.000000000000000000, 0.000000000000000000 ) ) ;
#3059 = ADVANCED_FACE ( 'NONE', ( #1729 ), #184, .T. ) ;
#3060 = CARTESIAN_POINT ( 'NONE',  ( 1.422400000000000109, 0.000000000000000000, 3.048000000000000043 ) ) ;
#3061 = ORIENTED_EDGE ( 'NONE', *, *, #1855, .T. ) ;
#3062 = VECTOR ( 'NONE', #749, 1000.000000000000000 ) ;
#3063 = VERTEX_POINT ( 'NONE', #919 ) ;
#3064 = B_SPLINE_CURVE_WITH_KNOTS ( 'NONE', 3,
 ( #2742, #1483, #3020, #923 ),
 .UNSPECIFIED., .F., .F.,
 ( 4, 4 ),
 ( 0.0005353190788975410903, 0.0008954774442896000020 ),
 .UNSPECIFIED. ) ;
#3065 = CARTESIAN_POINT ( 'NONE',  ( 1.739900000000000002, -4.953000000000000291, 2.616200000000000081 ) ) ;
#3066 = CARTESIAN_POINT ( 'NONE',  ( 1.143000000000000016, -4.572000000000000064, 3.454399999999999693 ) ) ;
#3067 = AXIS2_PLACEMENT_3D ( 'NONE', #2745, #1721, #390 ) ;
#3068 = ORIENTED_EDGE ( 'NONE', *, *, #461, .F. ) ;
#3069 = DIRECTION ( 'NONE',  ( 0.000000000000000000, -1.000000000000000000, 0.000000000000000000 ) ) ;
#3070 = LINE ( 'NONE', #753, #1313 ) ;
#3071 = ORIENTED_EDGE ( 'NONE', *, *, #890, .T. ) ;
#3072 = CARTESIAN_POINT ( 'NONE',  ( -2.247900000000000009, -0.7873999999999999888, -2.336800000000000210 ) ) ;
#3073 = EDGE_CURVE ( 'NONE', #812, #3141, #1430, .T. ) ;
#3074 = CARTESIAN_POINT ( 'NONE',  ( -1.422400000000000109, 0.02540000000000000244, -3.048000000000000043 ) ) ;
#3075 = VERTEX_POINT ( 'NONE', #1225 ) ;
#3076 = EDGE_CURVE ( 'NONE', #483, #1548, #1479, .T. ) ;
#3077 = DIRECTION ( 'NONE',  ( -3.671838701161650202E-16, 0.000000000000000000, -1.000000000000000000 ) ) ;
#3078 = CIRCLE ( 'NONE', #3185, 1.993899999999999784 ) ;
#3079 = DIRECTION ( 'NONE',  ( -1.000000000000000000, 0.000000000000000000, 0.000000000000000000 ) ) ;
#3080 = CARTESIAN_POINT ( 'NONE',  ( 1.422400000000000109, 0.000000000000000000, 3.048000000000000043 ) ) ;
#3081 = DIRECTION ( 'NONE',  ( 1.000000000000000000, 0.000000000000000000, 0.000000000000000000 ) ) ;
#3082 = ORIENTED_EDGE ( 'NONE', *, *, #498, .T. ) ;
#3083 = DIRECTION ( 'NONE',  ( -0.000000000000000000, 1.000000000000000000, 0.000000000000000000 ) ) ;
#3084 = PLANE ( 'NONE',  #2651 ) ;
#3085 = ORIENTED_EDGE ( 'NONE', *, *, #2331, .F. ) ;
#3086 = AXIS2_PLACEMENT_3D ( 'NONE', #2425, #1918, #3124 ) ;
#3087 = DIRECTION ( 'NONE',  ( 1.000000000000000000, 0.000000000000000000, 0.000000000000000000 ) ) ;
#3088 = CIRCLE ( 'NONE', #2811, 0.2031999999999999640 ) ;
#3089 = LINE ( 'NONE', #228, #862 ) ;
#3090 = ORIENTED_EDGE ( 'NONE', *, *, #909, .T. ) ;
#3091 = VECTOR ( 'NONE', #2054, 1000.000000000000000 ) ;
#3092 = DIRECTION ( 'NONE',  ( 0.000000000000000000, 0.000000000000000000, 1.000000000000000000 ) ) ;
#3093 = ADVANCED_FACE ( 'NONE', ( #1208 ), #136, .F. ) ;
#3094 = PLANE ( 'NONE',  #716 ) ;
#3095 = ADVANCED_FACE ( 'NONE', ( #3251 ), #3284, .T. ) ;
#3096 = DIRECTION ( 'NONE',  ( 0.000000000000000000, -0.9702957262759964729, 0.2419218955996681186 ) ) ;
#3097 = ORIENTED_EDGE ( 'NONE', *, *, #643, .F. ) ;
#3098 = CARTESIAN_POINT ( 'NONE',  ( -1.422400000000000109, 0.000000000000000000, -3.048000000000000043 ) ) ;
#3099 = AXIS2_PLACEMENT_3D ( 'NONE', #2025, #1275, #2790 ) ;
#3100 = DIRECTION ( 'NONE',  ( 1.855874995695829758E-16, 0.000000000000000000, 1.000000000000000000 ) ) ;
#3101 = EDGE_LOOP ( 'NONE', ( #2193, #2157, #292, #2773, #2659 ) ) ;
#3102 = DIRECTION ( 'NONE',  ( 0.000000000000000000, 0.000000000000000000, 1.000000000000000000 ) ) ;
#3103 = VECTOR ( 'NONE', #1878, 1000.000000000000000 ) ;
#3104 = FACE_OUTER_BOUND ( 'NONE', #3220, .T. ) ;
#3105 = ORIENTED_EDGE ( 'NONE', *, *, #781, .F. ) ;
#3106 = ORIENTED_EDGE ( 'NONE', *, *, #1508, .F. ) ;
#3107 = CARTESIAN_POINT ( 'NONE',  ( 0.000000000000000000, 4.692822139436212403, -1.888677827132303255 ) ) ;
#3108 = DIRECTION ( 'NONE',  ( 0.000000000000000000, 0.000000000000000000, 1.000000000000000000 ) ) ;
#3109 = SURFACE_STYLE_FILL_AREA ( #2868 ) ;
#3110 = ORIENTED_EDGE ( 'NONE', *, *, #1500, .T. ) ;
#3111 = DIRECTION ( 'NONE',  ( 1.000000000000000000, 0.000000000000000000, 0.000000000000000000 ) ) ;
#3112 = CARTESIAN_POINT ( 'NONE',  ( 1.066799999999999971, -1.206500000000000128, -2.336800000000000210 ) ) ;
#3113 = ORIENTED_EDGE ( 'NONE', *, *, #1405, .T. ) ;
#3114 = DIRECTION ( 'NONE',  ( -1.000000000000000000, 0.000000000000000000, 0.000000000000000000 ) ) ;
#3115 = DIRECTION ( 'NONE',  ( 0.000000000000000000, 0.000000000000000000, -1.000000000000000000 ) ) ;
#3116 = ORIENTED_EDGE ( 'NONE', *, *, #464, .F. ) ;
#3117 = ORIENTED_EDGE ( 'NONE', *, *, #1592, .F. ) ;
#3118 = LINE ( 'NONE', #2645, #1190 ) ;
#3119 = DIRECTION ( 'NONE',  ( 0.000000000000000000, -0.2419218955996673692, -0.9702957262759964729 ) ) ;
#3120 = CARTESIAN_POINT ( 'NONE',  ( 1.066799999999999971, -1.206500000000000128, 2.336800000000000210 ) ) ;
#3121 = VERTEX_POINT ( 'NONE', #972 ) ;
#3122 = DIRECTION ( 'NONE',  ( 0.000000000000000000, -1.000000000000000000, 0.000000000000000000 ) ) ;
#3123 = DIRECTION ( 'NONE',  ( 0.000000000000000000, 0.000000000000000000, -1.000000000000000000 ) ) ;
#3124 = DIRECTION ( 'NONE',  ( 1.000000000000000000, 0.000000000000000000, 0.000000000000000000 ) ) ;
#3125 = VERTEX_POINT ( 'NONE', #669 ) ;
#3126 = FILL_AREA_STYLE_COLOUR ( '', #2018 ) ;
#3127 = ADVANCED_FACE ( 'NONE', ( #2504 ), #2186, .T. ) ;
#3128 = LINE ( 'NONE', #594, #2005 ) ;
#3129 = ADVANCED_FACE ( 'NONE', ( #1969 ), #2754, .T. ) ;
#3130 = ORIENTED_EDGE ( 'NONE', *, *, #2831, .F. ) ;
#3131 = CIRCLE ( 'NONE', #1629, 0.8508999999999996566 ) ;
#3132 = VECTOR ( 'NONE', #3291, 1000.000000000000000 ) ;
#3133 = VECTOR ( 'NONE', #707, 1000.000000000000227 ) ;
#3134 = DIRECTION ( 'NONE',  ( 0.000000000000000000, 0.000000000000000000, -1.000000000000000000 ) ) ;
#3135 = ORIENTED_EDGE ( 'NONE', *, *, #2455, .T. ) ;
#3136 = CARTESIAN_POINT ( 'NONE',  ( -1.143000000000000016, -3.810000000000000053, 7.620000000000000107 ) ) ;
#3137 = LINE ( 'NONE', #1861, #2275 ) ;
#3138 = CARTESIAN_POINT ( 'NONE',  ( -1.422400000000000109, 0.000000000000000000, 2.674404166602074806 ) ) ;
#3139 = CARTESIAN_POINT ( 'NONE',  ( 0.000000000000000000, 0.000000000000000000, 0.000000000000000000 ) ) ;
#3140 = EDGE_CURVE ( 'NONE', #556, #1346, #1933, .T. ) ;
#3141 = VERTEX_POINT ( 'NONE', #1461 ) ;
#3142 = DIRECTION ( 'NONE',  ( 1.855874995695829758E-16, 0.000000000000000000, 1.000000000000000000 ) ) ;
#3143 = CARTESIAN_POINT ( 'NONE',  ( 2.247900000000000009, -5.410200000000000564, -3.505199999999999871 ) ) ;
#3144 = LINE ( 'NONE', #2655, #1790 ) ;
#3145 = EDGE_CURVE ( 'NONE', #326, #905, #1674, .T. ) ;
#3146 = VERTEX_POINT ( 'NONE', #206 ) ;
#3147 = CARTESIAN_POINT ( 'NONE',  ( -1.270000000000000018, -4.064000000000000057, -2.540000000000000036 ) ) ;
#3148 = FACE_OUTER_BOUND ( 'NONE', #2578, .T. ) ;
#3149 = EDGE_CURVE ( 'NONE', #2037, #539, #2960, .T. ) ;
#3150 = ORIENTED_EDGE ( 'NONE', *, *, #702, .F. ) ;
#3151 = CIRCLE ( 'NONE', #2828, 1.993899999999999784 ) ;
#3152 = PLANE ( 'NONE',  #1122 ) ;
#3153 = EDGE_LOOP ( 'NONE', ( #2936, #3117 ) ) ;
#3154 = AXIS2_PLACEMENT_3D ( 'NONE', #1006, #269, #2822 ) ;
#3155 = DIRECTION ( 'NONE',  ( -0.000000000000000000, 1.000000000000000000, 0.000000000000000000 ) ) ;
#3156 = CARTESIAN_POINT ( 'NONE',  ( 1.270000000000000018, -4.064000000000000057, -2.540000000000000036 ) ) ;
#3157 = CARTESIAN_POINT ( 'NONE',  ( 1.612900000000000000, -5.410200000000000564, 3.124200000000000088 ) ) ;
#3158 = DIRECTION ( 'NONE',  ( 0.000000000000000000, 0.000000000000000000, 1.000000000000000000 ) ) ;
#3159 = ORIENTED_EDGE ( 'NONE', *, *, #3285, .F. ) ;
#3160 = CARTESIAN_POINT ( 'NONE',  ( -1.066799999999999971, -0.7747000000000000552, -2.336800000000000210 ) ) ;
#3161 = AXIS2_PLACEMENT_3D ( 'NONE', #810, #1891, #1583 ) ;
#3162 = CARTESIAN_POINT ( 'NONE',  ( 1.270000000000000018, 0.000000000000000000, -2.540000000000000036 ) ) ;
#3163 = AXIS2_PLACEMENT_3D ( 'NONE', #3323, #1578, #1263 ) ;
#3164 = DIRECTION ( 'NONE',  ( 0.000000000000000000, 0.000000000000000000, -1.000000000000000000 ) ) ;
#3165 = ORIENTED_EDGE ( 'NONE', *, *, #3140, .T. ) ;
#3166 = VECTOR ( 'NONE', #893, 1000.000000000000000 ) ;
#3167 = CARTESIAN_POINT ( 'NONE',  ( -1.270000000000000018, -4.064000000000000057, -2.540000000000000036 ) ) ;
#3168 = ORIENTED_EDGE ( 'NONE', *, *, #2062, .F. ) ;
#3169 = ADVANCED_FACE ( 'NONE', ( #2457 ), #3266, .T. ) ;
#3170 = EDGE_CURVE ( 'NONE', #2982, #1286, #701, .T. ) ;
#3171 = DIRECTION ( 'NONE',  ( 0.000000000000000000, -1.000000000000000000, 0.000000000000000000 ) ) ;
#3172 = VERTEX_POINT ( 'NONE', #1173 ) ;
#3173 = EDGE_CURVE ( 'NONE', #173, #3221, #2203, .T. ) ;
#3174 = DIRECTION ( 'NONE',  ( 1.000000000000000000, 0.000000000000000000, 0.000000000000000000 ) ) ;
#3175 = DIRECTION ( 'NONE',  ( 0.000000000000000000, 0.000000000000000000, -1.000000000000000000 ) ) ;
#3176 = LINE ( 'NONE', #2665, #1103 ) ;
#3177 = EDGE_CURVE ( 'NONE', #1657, #384, #383, .T. ) ;
#3178 = ORIENTED_EDGE ( 'NONE', *, *, #2839, .T. ) ;
#3179 = DIRECTION ( 'NONE',  ( 0.000000000000000000, -1.000000000000000000, 0.000000000000000000 ) ) ;
#3180 = DIRECTION ( 'NONE',  ( -1.000000000000000000, 0.000000000000000000, 0.000000000000000000 ) ) ;
#3181 = LINE ( 'NONE', #1901, #1419 ) ;
#3182 = VERTEX_POINT ( 'NONE', #3066 ) ;
#3183 = VECTOR ( 'NONE', #1043, 1000.000000000000000 ) ;
#3184 = DIRECTION ( 'NONE',  ( 0.000000000000000000, 0.000000000000000000, 1.000000000000000000 ) ) ;
#3185 = AXIS2_PLACEMENT_3D ( 'NONE', #21, #825, #2612 ) ;
#3186 = ADVANCED_FACE ( 'NONE', ( #1496 ), #2337, .T. ) ;
#3187 = CYLINDRICAL_SURFACE ( 'NONE', #708, 0.2032000000000001583 ) ;
#3188 = ORIENTED_EDGE ( 'NONE', *, *, #538, .T. ) ;
#3189 = DIRECTION ( 'NONE',  ( 0.000000000000000000, -1.000000000000000000, 0.000000000000000000 ) ) ;
#3190 = EDGE_LOOP ( 'NONE', ( #102, #2714, #863, #1532, #458 ) ) ;
#3191 = CARTESIAN_POINT ( 'NONE',  ( 1.368665906350085159E-16, 0.000000000000000000, 1.117600525558065883 ) ) ;
#3192 = VECTOR ( 'NONE', #2314, 1000.000000000000000 ) ;
#3193 = DIRECTION ( 'NONE',  ( 0.000000000000000000, 0.000000000000000000, -1.000000000000000000 ) ) ;
#3194 = DIRECTION ( 'NONE',  ( -1.000000000000000000, 0.000000000000000000, 0.000000000000000000 ) ) ;
#3195 = ITEM_DEFINED_TRANSFORMATION ( 'NONE', 'NONE', #527,  #741 ) ;
#3196 = VECTOR ( 'NONE', #2521, 1000.000000000000000 ) ;
#3197 = ADVANCED_FACE ( 'NONE', ( #764 ), #2549, .T. ) ;
#3198 = EDGE_LOOP ( 'NONE', ( #2041, #94, #846, #2696, #531, #2947, #562, #822, #2625, #1820, #2280, #2709 ) ) ;
#3199 = VECTOR ( 'NONE', #910, 1000.000000000000000 ) ;
#3200 = CARTESIAN_POINT ( 'NONE',  ( 1.945645458813115125, 0.000000000000000000, 3.505199999999999871 ) ) ;
#3201 = EDGE_CURVE ( 'NONE', #2602, #1752, #1751, .T. ) ;
#3202 = DIRECTION ( 'NONE',  ( 0.000000000000000000, 0.000000000000000000, -1.000000000000000000 ) ) ;
#3203 = PLANE ( 'NONE',  #1199 ) ;
#3204 = ORIENTED_EDGE ( 'NONE', *, *, #1602, .F. ) ;
#3205 = LINE ( 'NONE', #888, #1573 ) ;
#3206 = DIRECTION ( 'NONE',  ( 0.000000000000000000, 0.000000000000000000, -1.000000000000000000 ) ) ;
#3207 = EDGE_LOOP ( 'NONE', ( #1567, #32, #229, #2113 ) ) ;
#3208 = VECTOR ( 'NONE', #3142, 1000.000000000000000 ) ;
#3209 = DIRECTION ( 'NONE',  ( 0.000000000000000000, -1.000000000000000000, 0.000000000000000000 ) ) ;
#3210 = ORIENTED_EDGE ( 'NONE', *, *, #517, .F. ) ;
#3211 = PLANE ( 'NONE',  #505 ) ;
#3212 = LINE ( 'NONE', #1410, #2716 ) ;
#3213 = CIRCLE ( 'NONE', #732, 1.993899999999999784 ) ;
#3214 = PRODUCT_CONTEXT ( 'NONE', #2741, 'mechanical' ) ;
#3215 = ORIENTED_EDGE ( 'NONE', *, *, #2634, .T. ) ;
#3216 = DIRECTION ( 'NONE',  ( -1.000000000000000000, 0.000000000000000000, 0.000000000000000000 ) ) ;
#3217 = EDGE_CURVE ( 'NONE', #1362, #569, #23, .T. ) ;
#3218 = DIRECTION ( 'NONE',  ( -1.000000000000000000, 0.000000000000000000, 0.000000000000000000 ) ) ;
#3219 = CARTESIAN_POINT ( 'NONE',  ( -1.270000000000000018, -4.064000000000000057, 0.000000000000000000 ) ) ;
#3220 = EDGE_LOOP ( 'NONE', ( #2301, #1213, #2906, #1295, #687 ) ) ;
#3221 = VERTEX_POINT ( 'NONE', #2283 ) ;
#3222 = DIRECTION ( 'NONE',  ( -0.000000000000000000, 1.000000000000000000, 0.000000000000000000 ) ) ;
#3223 = CARTESIAN_POINT ( 'NONE',  ( -1.945645458813115125, 0.000000000000000000, 3.505199999999999871 ) ) ;
#3224 =( GEOMETRIC_REPRESENTATION_CONTEXT ( 3 ) GLOBAL_UNCERTAINTY_ASSIGNED_CONTEXT ( ( #212 ) ) GLOBAL_UNIT_ASSIGNED_CONTEXT ( ( #1119, #1586, #2601 ) ) REPRESENTATION_CONTEXT ( 'NONE', 'WORKASPACE' ) );
#3225 = ORIENTED_EDGE ( 'NONE', *, *, #685, .F. ) ;
#3226 = VECTOR ( 'NONE', #3189, 1000.000000000000000 ) ;
#3227 = DIRECTION ( 'NONE',  ( -1.000000000000000000, 0.000000000000000000, 0.000000000000000000 ) ) ;
#3228 = VERTEX_POINT ( 'NONE', #2066 ) ;
#3229 = SHAPE_REPRESENTATION ( 'G12AP', ( #959, #527 ), #1705 ) ;
#3230 = LINE ( 'NONE', #1183, #204 ) ;
#3231 = ORIENTED_EDGE ( 'NONE', *, *, #551, .F. ) ;
#3232 = FACE_OUTER_BOUND ( 'NONE', #3190, .T. ) ;
#3233 = CARTESIAN_POINT ( 'NONE',  ( 1.066799999999999971, -0.7873999999999999888, -3.505199999999999871 ) ) ;
#3234 = DIRECTION ( 'NONE',  ( 0.000000000000000000, -0.9702957262759963619, 0.2419218955996680909 ) ) ;
#3235 = ORIENTED_EDGE ( 'NONE', *, *, #1811, .F. ) ;
#3236 = VERTEX_POINT ( 'NONE', #3315 ) ;
#3237 = CARTESIAN_POINT ( 'NONE',  ( -2.247900000000000009, -0.7873999999999999888, 3.505199999999999871 ) ) ;
#3238 = LINE ( 'NONE', #2207, #2114 ) ;
#3239 = EDGE_CURVE ( 'NONE', #2485, #1925, #2803, .T. ) ;
#3240 = ORIENTED_EDGE ( 'NONE', *, *, #2824, .T. ) ;
#3241 = AXIS2_PLACEMENT_3D ( 'NONE', #2675, #1402, #1594 ) ;
#3242 = EDGE_CURVE ( 'NONE', #2797, #1027, #1239, .T. ) ;
#3243 = DIRECTION ( 'NONE',  ( 0.000000000000000000, 0.000000000000000000, -1.000000000000000000 ) ) ;
#3244 = ORIENTED_EDGE ( 'NONE', *, *, #2831, .T. ) ;
#3245 = CARTESIAN_POINT ( 'NONE',  ( -1.270000000000000018, 0.000000000000000000, -2.540000000000000036 ) ) ;
#3246 = VECTOR ( 'NONE', #1808, 1000.000000000000000 ) ;
#3247 = ORIENTED_EDGE ( 'NONE', *, *, #2857, .F. ) ;
#3248 = LINE ( 'NONE', #901, #1396 ) ;
#3249 = DIRECTION ( 'NONE',  ( 0.000000000000000000, -0.9702957262759964729, 0.2419218955996681186 ) ) ;
#3250 = VECTOR ( 'NONE', #2456, 1000.000000000000114 ) ;
#3251 = FACE_OUTER_BOUND ( 'NONE', #1040, .T. ) ;
#3252 = VECTOR ( 'NONE', #2223, 1000.000000000000000 ) ;
#3253 = EDGE_LOOP ( 'NONE', ( #1967, #1138, #3021, #1863, #750 ) ) ;
#3254 = CARTESIAN_POINT ( 'NONE',  ( -1.270000000000000018, -4.064000000000000057, 2.540000000000000036 ) ) ;
#3255 = LINE ( 'NONE', #2509, #2704 ) ;
#3256 = VERTEX_POINT ( 'NONE', #3299 ) ;
#3257 = CARTESIAN_POINT ( 'NONE',  ( 1.270000000000000018, -4.064000000000000057, 2.540000000000000036 ) ) ;
#3258 = PRODUCT_RELATED_PRODUCT_CATEGORY ( 'part', '', ( #2266 ) ) ;
#3259 = EDGE_CURVE ( 'NONE', #1062, #1615, #988, .T. ) ;
#3260 = CARTESIAN_POINT ( 'NONE',  ( 1.143000000000000016, -4.368800000000000239, 3.454399999999999693 ) ) ;
#3261 = ORIENTED_EDGE ( 'NONE', *, *, #784, .T. ) ;
#3262 = LINE ( 'NONE', #681, #1490 ) ;
#3263 = VERTEX_POINT ( 'NONE', #1511 ) ;
#3264 = AXIS2_PLACEMENT_3D ( 'NONE', #2753, #1001, #3265 ) ;
#3265 = DIRECTION ( 'NONE',  ( 1.000000000000000000, 0.000000000000000000, 0.000000000000000000 ) ) ;
#3266 = CYLINDRICAL_SURFACE ( 'NONE', #1170, 1.993899999999999784 ) ;
#3267 = ORIENTED_EDGE ( 'NONE', *, *, #786, .T. ) ;
#3268 = CIRCLE ( 'NONE', #2668, 0.2539999999999998925 ) ;
#3269 = ORIENTED_EDGE ( 'NONE', *, *, #725, .T. ) ;
#3270 = CARTESIAN_POINT ( 'NONE',  ( 1.270000000000000018, 0.000000000000000000, 2.540000000000000036 ) ) ;
#3271 = CARTESIAN_POINT ( 'NONE',  ( -1.270000000000000018, -4.064000000000000057, 0.2032000000000000195 ) ) ;
#3272 = ORIENTED_EDGE ( 'NONE', *, *, #1378, .T. ) ;
#3273 = CARTESIAN_POINT ( 'NONE',  ( 2.243024926755050164, -0.7747000000000000552, 2.336800000000000210 ) ) ;
#3274 = AXIS2_PLACEMENT_3D ( 'NONE', #2088, #3114, #3184 ) ;
#3275 = FACE_OUTER_BOUND ( 'NONE', #1163, .T. ) ;
#3276 = VERTEX_POINT ( 'NONE', #1019 ) ;
#3277 = DIRECTION ( 'NONE',  ( 0.000000000000000000, 0.000000000000000000, -1.000000000000000000 ) ) ;
#3278 = LINE ( 'NONE', #3028, #659 ) ;
#3279 = ADVANCED_FACE ( 'NONE', ( #3333 ), #3048, .F. ) ;
#3280 = VECTOR ( 'NONE', #3171, 1000.000000000000000 ) ;
#3281 = DIRECTION ( 'NONE',  ( 0.000000000000000000, -1.000000000000000000, 0.000000000000000000 ) ) ;
#3282 = CARTESIAN_POINT ( 'NONE',  ( 1.143000000000000016, -5.410200000000000564, 3.505199999999999871 ) ) ;
#3283 = EDGE_CURVE ( 'NONE', #1196, #1580, #473, .T. ) ;
#3284 = PLANE ( 'NONE',  #1308 ) ;
#3285 = EDGE_CURVE ( 'NONE', #1612, #2480, #1766, .T. ) ;
#3286 = ORIENTED_EDGE ( 'NONE', *, *, #1425, .F. ) ;
#3287 = ORIENTED_EDGE ( 'NONE', *, *, #1385, .F. ) ;
#3288 = CARTESIAN_POINT ( 'NONE',  ( 0.1905000000000000027, 1.346200000000000063, 1.714500000000000135 ) ) ;
#3289 = LINE ( 'NONE', #2491, #1745 ) ;
#3290 = ORIENTED_EDGE ( 'NONE', *, *, #1319, .F. ) ;
#3291 = DIRECTION ( 'NONE',  ( 0.000000000000000000, 0.000000000000000000, 1.000000000000000000 ) ) ;
#3292 = ADVANCED_FACE ( 'NONE', ( #1542 ), #2564, .F. ) ;
#3293 = CARTESIAN_POINT ( 'NONE',  ( 1.422400000000000109, 0.02540000000000000244, 3.048000000000000043 ) ) ;
#3294 = ORIENTED_EDGE ( 'NONE', *, *, #3052, .T. ) ;
#3295 = VECTOR ( 'NONE', #2279, 1000.000000000000000 ) ;
#3296 = VECTOR ( 'NONE', #1247, 1000.000000000000000 ) ;
#3297 = DIRECTION ( 'NONE',  ( 0.000000000000000000, 0.000000000000000000, 1.000000000000000000 ) ) ;
#3298 = CARTESIAN_POINT ( 'NONE',  ( -1.270000000000000018, -4.064000000000000057, 2.540000000000000036 ) ) ;
#3299 = CARTESIAN_POINT ( 'NONE',  ( 1.866900000000000004, -5.359399999999999942, 2.108200000000000074 ) ) ;
#3300 = EDGE_CURVE ( 'NONE', #462, #1477, #1272, .T. ) ;
#3301 = AXIS2_PLACEMENT_3D ( 'NONE', #2419, #2150, #3175 ) ;
#3302 = ADVANCED_FACE ( 'NONE', ( #2035 ), #2143, .T. ) ;
#3303 = ORIENTED_EDGE ( 'NONE', *, *, #2368, .F. ) ;
#3304 = ORIENTED_EDGE ( 'NONE', *, *, #2081, .T. ) ;
#3305 = CARTESIAN_POINT ( 'NONE',  ( -2.247900000000000009, -0.7873999999999999888, 2.336800000000000210 ) ) ;
#3306 = VECTOR ( 'NONE', #2217, 1000.000000000000000 ) ;
#3307 = DIRECTION ( 'NONE',  ( -1.000000000000000000, 0.000000000000000000, -1.855874995695829758E-16 ) ) ;
#3308 = VECTOR ( 'NONE', #1885, 1000.000000000000000 ) ;
#3309 = ORIENTED_EDGE ( 'NONE', *, *, #1948, .F. ) ;
#3310 = CARTESIAN_POINT ( 'NONE',  ( -1.143000000000000016, -4.572000000000000064, 7.620000000000000107 ) ) ;
#3311 = CARTESIAN_POINT ( 'NONE',  ( -1.422400000000000109, 0.02540000000000000244, 3.048000000000000043 ) ) ;
#3312 = ORIENTED_EDGE ( 'NONE', *, *, #1916, .F. ) ;
#3313 = CARTESIAN_POINT ( 'NONE',  ( -1.066799999999999971, -1.206500000000000128, 3.505199999999999871 ) ) ;
#3314 = PLANE ( 'NONE',  #1475 ) ;
#3315 = CARTESIAN_POINT ( 'NONE',  ( 0.000000000000000000, 5.154677053370846807, -1.611167397644622357 ) ) ;
#3316 = ORIENTED_EDGE ( 'NONE', *, *, #2327, .T. ) ;
#3317 = FACE_OUTER_BOUND ( 'NONE', #1161, .T. ) ;
#3318 = EDGE_CURVE ( 'NONE', #894, #911, #9, .T. ) ;
#3319 = LINE ( 'NONE', #537, #874 ) ;
#3320 = AXIS2_PLACEMENT_3D ( 'NONE', #209, #1715, #2984 ) ;
#3321 = EDGE_CURVE ( 'NONE', #925, #1413, #1558, .T. ) ;
#3322 = ORIENTED_EDGE ( 'NONE', *, *, #3321, .F. ) ;
#3323 = CARTESIAN_POINT ( 'NONE',  ( 1.612900000000000000, -5.359399999999999942, 2.870199999999999640 ) ) ;
#3324 = CARTESIAN_POINT ( 'NONE',  ( -2.247900000000000009, -5.410200000000000564, 2.336800000000000210 ) ) ;
#3325 = VERTEX_POINT ( 'NONE', #1135 ) ;
#3326 =( GEOMETRIC_REPRESENTATION_CONTEXT ( 3 ) GLOBAL_UNCERTAINTY_ASSIGNED_CONTEXT ( ( #2691 ) ) GLOBAL_UNIT_ASSIGNED_CONTEXT ( ( #2402, #1928, #647 ) ) REPRESENTATION_CONTEXT ( 'NONE', 'WORKASPACE' ) );
#3327 = AXIS2_PLACEMENT_3D ( 'NONE', #2348, #1063, #2332 ) ;
#3328 =( REPRESENTATION_RELATIONSHIP ('NONE','NONE', #1505, #2748 ) REPRESENTATION_RELATIONSHIP_WITH_TRANSFORMATION ( #2973 )SHAPE_REPRESENTATION_RELATIONSHIP( ) );
#3329 = VECTOR ( 'NONE', #1307, 1000.000000000000000 ) ;
#3330 = DIRECTION ( 'NONE',  ( 1.000000000000000000, 0.000000000000000000, 0.000000000000000000 ) ) ;
#3331 = CARTESIAN_POINT ( 'NONE',  ( 1.945645458813115125, -6.505213034913039423E-16, -3.202945458813109880 ) ) ;
#3332 = DIRECTION ( 'NONE',  ( -1.000000000000000000, 0.000000000000000000, 0.000000000000000000 ) ) ;
#3333 = FACE_OUTER_BOUND ( 'NONE', #1960, .T. ) ;
#3334 = ORIENTED_EDGE ( 'NONE', *, *, #2697, .T. ) ;
#3335 = NEXT_ASSEMBLY_USAGE_OCCURRENCE ( 'NAUO1', ' ', ' ', #857, #2024, $ ) ;
#3336 = NEXT_ASSEMBLY_USAGE_OCCURRENCE ( 'NAUO2', ' ', ' ', #2024, #1520, $ ) ;
#3337 = NEXT_ASSEMBLY_USAGE_OCCURRENCE ( 'NAUO3', ' ', ' ', #2024, #2306, $ ) ;
#3338 = NEXT_ASSEMBLY_USAGE_OCCURRENCE ( 'NAUO4', ' ', ' ', #2024, #2060, $ ) ;
ENDSEC;
END-ISO-10303-21;
