ISO-10303-21;
HEADER;
/* Generated by software containing ST-Developer
 * from STEP Tools, Inc. (www.steptools.com) 
 */
/* OPTION: strings as raw bytes, not using required /X/ escapes */

FILE_DESCRIPTION(
/* description */ ('Unknown'),
/* implementation_level */ '2;1');

FILE_NAME(
/* name */ 'TLV1117-33IDCY',
/* time_stamp */ '2025-08-07T22:10:48+02:00',
/* author */ ('Unknown'),
/* organization */ ('Unknown'),
/* preprocessor_version */ 'ST-DEVELOPER v19.4',
/* originating_system */ 'Solid Edge',
/* authorisation */ 'Unknown');

FILE_SCHEMA (('AUTOMOTIVE_DESIGN {1 0 10303 214 3 1 1}'));
ENDSEC;

DATA;
#10=PROPERTY_DEFINITION_REPRESENTATION(#14,#12);
#11=PROPERTY_DEFINITION_REPRESENTATION(#15,#13);
#12=REPRESENTATION('',(#16),#3337);
#13=REPRESENTATION('',(#17),#3337);
#14=PROPERTY_DEFINITION('pmi validation property','',#3342);
#15=PROPERTY_DEFINITION('pmi validation property','',#3342);
#16=VALUE_REPRESENTATION_ITEM('number of annotations',COUNT_MEASURE(0.));
#17=VALUE_REPRESENTATION_ITEM('number of views',COUNT_MEASURE(0.));
#18=SHAPE_REPRESENTATION_RELATIONSHIP('','',#2187,#19);
#19=ADVANCED_BREP_SHAPE_REPRESENTATION('',(#2185),#3337);
#20=ELLIPSE('',#2213,0.0530067326117061,0.0499999999999999);
#21=ELLIPSE('',#2215,0.126232775863358,0.125);
#22=ELLIPSE('',#2218,0.0530067326117061,0.0499999999999999);
#23=ELLIPSE('',#2220,0.126232775863358,0.125);
#24=ELLIPSE('',#2224,0.13220984770322,0.125);
#25=ELLIPSE('',#2226,0.126131061885894,0.125);
#26=ELLIPSE('',#2228,0.126131061885894,0.125);
#27=ELLIPSE('',#2230,0.0527640481053454,0.0499999999999999);
#28=ELLIPSE('',#2235,0.0527640481053454,0.0499999999999999);
#29=ELLIPSE('',#2238,0.13220984770322,0.125);
#30=ELLIPSE('',#2245,0.0530067326117061,0.0499999999999999);
#31=ELLIPSE('',#2246,0.0530067326117061,0.0499999999999999);
#32=ELLIPSE('',#2247,0.126232775863358,0.125);
#33=ELLIPSE('',#2250,0.126232775863358,0.125);
#34=ELLIPSE('',#2288,0.0527640481053454,0.0499999999999999);
#35=ELLIPSE('',#2289,0.126131061885894,0.125);
#36=ELLIPSE('',#2291,0.0527640481053454,0.0499999999999999);
#37=ELLIPSE('',#2294,0.126131061885894,0.125);
#38=ELLIPSE('',#2299,0.13220984770322,0.125);
#39=ELLIPSE('',#2302,0.13220984770322,0.125);
#40=(
BOUNDED_SURFACE()
B_SPLINE_SURFACE(3,2,((#2883,#2884,#2885),(#2886,#2887,#2888),(#2889,#2890,
#2891),(#2892,#2893,#2894)),.UNSPECIFIED.,.F.,.F.,.F.)
B_SPLINE_SURFACE_WITH_KNOTS((4,4),(3,3),(2.38537587496945,3.89780943221013),
(0.,1.),.PIECEWISE_BEZIER_KNOTS.)
GEOMETRIC_REPRESENTATION_ITEM()
RATIONAL_B_SPLINE_SURFACE(((1.,0.787881750313529,1.),(1.,0.824328118404966,
1.),(1.,0.824328118405018,1.),(1.,0.787881750313528,1.)))
REPRESENTATION_ITEM('')
SURFACE()
);
#41=(
BOUNDED_SURFACE()
B_SPLINE_SURFACE(3,2,((#2906,#2907,#2908),(#2909,#2910,#2911),(#2912,#2913,
#2914),(#2915,#2916,#2917)),.UNSPECIFIED.,.F.,.F.,.F.)
B_SPLINE_SURFACE_WITH_KNOTS((4,4),(3,3),(2.38537587496945,3.89780943221014),
(0.,1.),.PIECEWISE_BEZIER_KNOTS.)
GEOMETRIC_REPRESENTATION_ITEM()
RATIONAL_B_SPLINE_SURFACE(((1.,0.787881750313529,1.),(1.,0.824328118404946,
1.),(1.,0.824328118404948,1.),(1.,0.787881750313527,1.)))
REPRESENTATION_ITEM('')
SURFACE()
);
#42=(
BOUNDED_SURFACE()
B_SPLINE_SURFACE(3,2,((#2939,#2940,#2941),(#2942,#2943,#2944),(#2945,#2946,
#2947),(#2948,#2949,#2950)),.UNSPECIFIED.,.F.,.F.,.F.)
B_SPLINE_SURFACE_WITH_KNOTS((4,4),(3,3),(5.52467769446465,7.04169291989452),
(0.,1.),.PIECEWISE_BEZIER_KNOTS.)
GEOMETRIC_REPRESENTATION_ITEM()
RATIONAL_B_SPLINE_SURFACE(((1.,0.784809413611409,1.),(1.,0.820202945622494,
1.),(1.,0.820202945622389,1.),(1.,0.784809413611409,1.)))
REPRESENTATION_ITEM('')
SURFACE()
);
#43=(
BOUNDED_SURFACE()
B_SPLINE_SURFACE(3,2,((#2966,#2967,#2968),(#2969,#2970,#2971),(#2972,#2973,
#2974),(#2975,#2976,#2977)),.UNSPECIFIED.,.F.,.F.,.F.)
B_SPLINE_SURFACE_WITH_KNOTS((4,4),(3,3),(5.52467769446466,7.04169291989452),
(0.,1.),.PIECEWISE_BEZIER_KNOTS.)
GEOMETRIC_REPRESENTATION_ITEM()
RATIONAL_B_SPLINE_SURFACE(((1.,0.784809413611409,1.),(1.,0.820202945622388,
1.),(1.,0.820202945622476,1.),(1.,0.784809413611407,1.)))
REPRESENTATION_ITEM('')
SURFACE()
);
#44=(
BOUNDED_SURFACE()
B_SPLINE_SURFACE(3,2,((#3009,#3010,#3011),(#3012,#3013,#3014),(#3015,#3016,
#3017),(#3018,#3019,#3020)),.UNSPECIFIED.,.F.,.F.,.F.)
B_SPLINE_SURFACE_WITH_KNOTS((4,4),(3,3),(2.38537587496945,3.89780943221014),
(0.,1.),.PIECEWISE_BEZIER_KNOTS.)
GEOMETRIC_REPRESENTATION_ITEM()
RATIONAL_B_SPLINE_SURFACE(((1.,0.787881750313529,1.),(1.,0.824328118405002,
1.),(1.,0.824328118404934,1.),(1.,0.787881750313528,1.)))
REPRESENTATION_ITEM('')
SURFACE()
);
#45=(
BOUNDED_SURFACE()
B_SPLINE_SURFACE(3,2,((#3024,#3025,#3026),(#3027,#3028,#3029),(#3030,#3031,
#3032),(#3033,#3034,#3035)),.UNSPECIFIED.,.F.,.F.,.F.)
B_SPLINE_SURFACE_WITH_KNOTS((4,4),(3,3),(2.38537587496945,3.89780943221013),
(0.,1.),.PIECEWISE_BEZIER_KNOTS.)
GEOMETRIC_REPRESENTATION_ITEM()
RATIONAL_B_SPLINE_SURFACE(((1.,0.787881750313528,1.),(1.,0.824328118404989,
1.),(1.,0.824328118405028,1.),(1.,0.787881750313527,1.)))
REPRESENTATION_ITEM('')
SURFACE()
);
#46=(
BOUNDED_SURFACE()
B_SPLINE_SURFACE(3,2,((#3161,#3162,#3163),(#3164,#3165,#3166),(#3167,#3168,
#3169),(#3170,#3171,#3172)),.UNSPECIFIED.,.F.,.F.,.F.)
B_SPLINE_SURFACE_WITH_KNOTS((4,4),(3,3),(5.52467769446465,7.04169291989453),
(0.,1.),.PIECEWISE_BEZIER_KNOTS.)
GEOMETRIC_REPRESENTATION_ITEM()
RATIONAL_B_SPLINE_SURFACE(((1.,0.784809413611409,1.),(1.,0.820202945622523,
1.),(1.,0.820202945622336,1.),(1.,0.784809413611409,1.)))
REPRESENTATION_ITEM('')
SURFACE()
);
#47=(
BOUNDED_SURFACE()
B_SPLINE_SURFACE(3,2,((#3188,#3189,#3190),(#3191,#3192,#3193),(#3194,#3195,
#3196),(#3197,#3198,#3199)),.UNSPECIFIED.,.F.,.F.,.F.)
B_SPLINE_SURFACE_WITH_KNOTS((4,4),(3,3),(5.52467769446465,7.04169291989452),
(0.,1.),.PIECEWISE_BEZIER_KNOTS.)
GEOMETRIC_REPRESENTATION_ITEM()
RATIONAL_B_SPLINE_SURFACE(((1.,0.784809413611409,1.),(1.,0.820202945622412,
1.),(1.,0.820202945622477,1.),(1.,0.784809413611408,1.)))
REPRESENTATION_ITEM('')
SURFACE()
);
#48=PLANE('',#2192);
#49=PLANE('',#2196);
#50=PLANE('',#2197);
#51=PLANE('',#2198);
#52=PLANE('',#2202);
#53=PLANE('',#2206);
#54=PLANE('',#2207);
#55=PLANE('',#2208);
#56=PLANE('',#2209);
#57=PLANE('',#2210);
#58=PLANE('',#2211);
#59=PLANE('',#2244);
#60=PLANE('',#2254);
#61=PLANE('',#2258);
#62=PLANE('',#2259);
#63=PLANE('',#2260);
#64=PLANE('',#2264);
#65=PLANE('',#2271);
#66=PLANE('',#2275);
#67=PLANE('',#2276);
#68=PLANE('',#2277);
#69=PLANE('',#2281);
#70=PLANE('',#2285);
#71=PLANE('',#2286);
#72=PLANE('',#2290);
#73=PLANE('',#2292);
#74=PLANE('',#2295);
#75=PLANE('',#2296);
#76=PLANE('',#2297);
#77=PLANE('',#2303);
#78=PLANE('',#2304);
#79=PLANE('',#2305);
#80=PLANE('',#2306);
#81=PLANE('',#2307);
#82=PLANE('',#2308);
#83=PLANE('',#2312);
#84=PLANE('',#2313);
#85=PLANE('',#2314);
#86=PLANE('',#2319);
#87=PLANE('',#2325);
#88=PLANE('',#2326);
#89=PLANE('',#2327);
#90=PLANE('',#2329);
#91=PLANE('',#2331);
#92=PLANE('',#2332);
#93=PLANE('',#2334);
#94=LINE('',#2794,#254);
#95=LINE('',#2798,#255);
#96=LINE('',#2800,#256);
#97=LINE('',#2802,#257);
#98=LINE('',#2804,#258);
#99=LINE('',#2810,#259);
#100=LINE('',#2812,#260);
#101=LINE('',#2814,#261);
#102=LINE('',#2816,#262);
#103=LINE('',#2818,#263);
#104=LINE('',#2820,#264);
#105=LINE('',#2822,#265);
#106=LINE('',#2824,#266);
#107=LINE('',#2826,#267);
#108=LINE('',#2828,#268);
#109=LINE('',#2834,#269);
#110=LINE('',#2836,#270);
#111=LINE('',#2838,#271);
#112=LINE('',#2840,#272);
#113=LINE('',#2846,#273);
#114=LINE('',#2848,#274);
#115=LINE('',#2850,#275);
#116=LINE('',#2852,#276);
#117=LINE('',#2854,#277);
#118=LINE('',#2856,#278);
#119=LINE('',#2858,#279);
#120=LINE('',#2860,#280);
#121=LINE('',#2862,#281);
#122=LINE('',#2864,#282);
#123=LINE('',#2867,#283);
#124=LINE('',#2869,#284);
#125=LINE('',#2871,#285);
#126=LINE('',#2873,#286);
#127=LINE('',#2874,#287);
#128=LINE('',#2876,#288);
#129=LINE('',#2878,#289);
#130=LINE('',#2880,#290);
#131=LINE('',#2882,#291);
#132=LINE('',#2903,#292);
#133=LINE('',#2924,#293);
#134=LINE('',#2928,#294);
#135=LINE('',#2930,#295);
#136=LINE('',#2934,#296);
#137=LINE('',#2938,#297);
#138=LINE('',#2962,#298);
#139=LINE('',#2965,#299);
#140=LINE('',#2982,#300);
#141=LINE('',#2984,#301);
#142=LINE('',#2991,#302);
#143=LINE('',#2992,#303);
#144=LINE('',#2997,#304);
#145=LINE('',#2998,#305);
#146=LINE('',#3000,#306);
#147=LINE('',#3002,#307);
#148=LINE('',#3008,#308);
#149=LINE('',#3043,#309);
#150=LINE('',#3047,#310);
#151=LINE('',#3049,#311);
#152=LINE('',#3051,#312);
#153=LINE('',#3053,#313);
#154=LINE('',#3057,#314);
#155=LINE('',#3061,#315);
#156=LINE('',#3063,#316);
#157=LINE('',#3065,#317);
#158=LINE('',#3067,#318);
#159=LINE('',#3069,#319);
#160=LINE('',#3071,#320);
#161=LINE('',#3073,#321);
#162=LINE('',#3075,#322);
#163=LINE('',#3077,#323);
#164=LINE('',#3081,#324);
#165=LINE('',#3085,#325);
#166=LINE('',#3087,#326);
#167=LINE('',#3089,#327);
#168=LINE('',#3093,#328);
#169=LINE('',#3100,#329);
#170=LINE('',#3104,#330);
#171=LINE('',#3106,#331);
#172=LINE('',#3108,#332);
#173=LINE('',#3110,#333);
#174=LINE('',#3114,#334);
#175=LINE('',#3118,#335);
#176=LINE('',#3120,#336);
#177=LINE('',#3122,#337);
#178=LINE('',#3124,#338);
#179=LINE('',#3126,#339);
#180=LINE('',#3128,#340);
#181=LINE('',#3130,#341);
#182=LINE('',#3132,#342);
#183=LINE('',#3134,#343);
#184=LINE('',#3138,#344);
#185=LINE('',#3142,#345);
#186=LINE('',#3144,#346);
#187=LINE('',#3146,#347);
#188=LINE('',#3150,#348);
#189=LINE('',#3154,#349);
#190=LINE('',#3156,#350);
#191=LINE('',#3158,#351);
#192=LINE('',#3160,#352);
#193=LINE('',#3179,#353);
#194=LINE('',#3183,#354);
#195=LINE('',#3185,#355);
#196=LINE('',#3187,#356);
#197=LINE('',#3204,#357);
#198=LINE('',#3206,#358);
#199=LINE('',#3209,#359);
#200=LINE('',#3210,#360);
#201=LINE('',#3212,#361);
#202=LINE('',#3215,#362);
#203=LINE('',#3216,#363);
#204=LINE('',#3218,#364);
#205=LINE('',#3222,#365);
#206=LINE('',#3224,#366);
#207=LINE('',#3228,#367);
#208=LINE('',#3230,#368);
#209=LINE('',#3232,#369);
#210=LINE('',#3234,#370);
#211=LINE('',#3236,#371);
#212=LINE('',#3238,#372);
#213=LINE('',#3240,#373);
#214=LINE('',#3242,#374);
#215=LINE('',#3244,#375);
#216=LINE('',#3246,#376);
#217=LINE('',#3248,#377);
#218=LINE('',#3250,#378);
#219=LINE('',#3252,#379);
#220=LINE('',#3254,#380);
#221=LINE('',#3256,#381);
#222=LINE('',#3258,#382);
#223=LINE('',#3260,#383);
#224=LINE('',#3262,#384);
#225=LINE('',#3263,#385);
#226=LINE('',#3264,#386);
#227=LINE('',#3266,#387);
#228=LINE('',#3269,#388);
#229=LINE('',#3270,#389);
#230=LINE('',#3272,#390);
#231=LINE('',#3276,#391);
#232=LINE('',#3280,#392);
#233=LINE('',#3282,#393);
#234=LINE('',#3284,#394);
#235=LINE('',#3288,#395);
#236=LINE('',#3292,#396);
#237=LINE('',#3294,#397);
#238=LINE('',#3296,#398);
#239=LINE('',#3300,#399);
#240=LINE('',#3304,#400);
#241=LINE('',#3306,#401);
#242=LINE('',#3308,#402);
#243=LINE('',#3312,#403);
#244=LINE('',#3316,#404);
#245=LINE('',#3317,#405);
#246=LINE('',#3319,#406);
#247=LINE('',#3321,#407);
#248=LINE('',#3323,#408);
#249=LINE('',#3325,#409);
#250=LINE('',#3327,#410);
#251=LINE('',#3329,#411);
#252=LINE('',#3332,#412);
#253=LINE('',#3334,#413);
#254=VECTOR('',#2341,1000.);
#255=VECTOR('',#2344,1000.);
#256=VECTOR('',#2347,1000.);
#257=VECTOR('',#2348,1000.);
#258=VECTOR('',#2349,1000.);
#259=VECTOR('',#2356,1000.);
#260=VECTOR('',#2359,1000.);
#261=VECTOR('',#2360,1000.);
#262=VECTOR('',#2361,1000.);
#263=VECTOR('',#2364,1000.);
#264=VECTOR('',#2365,1000.);
#265=VECTOR('',#2366,1000.);
#266=VECTOR('',#2369,1000.);
#267=VECTOR('',#2370,1000.);
#268=VECTOR('',#2371,1000.);
#269=VECTOR('',#2378,1000.);
#270=VECTOR('',#2381,1000.);
#271=VECTOR('',#2382,1000.);
#272=VECTOR('',#2383,1000.);
#273=VECTOR('',#2390,1000.);
#274=VECTOR('',#2393,1000.);
#275=VECTOR('',#2394,1000.);
#276=VECTOR('',#2395,1000.);
#277=VECTOR('',#2398,1000.);
#278=VECTOR('',#2399,1000.);
#279=VECTOR('',#2402,1000.);
#280=VECTOR('',#2403,1000.);
#281=VECTOR('',#2406,1000.);
#282=VECTOR('',#2409,1000.);
#283=VECTOR('',#2410,1000.);
#284=VECTOR('',#2411,1000.);
#285=VECTOR('',#2412,1000.);
#286=VECTOR('',#2413,1000.);
#287=VECTOR('',#2414,1000.);
#288=VECTOR('',#2415,1000.);
#289=VECTOR('',#2418,1000.);
#290=VECTOR('',#2419,1000.);
#291=VECTOR('',#2420,1000.);
#292=VECTOR('',#2431,1000.);
#293=VECTOR('',#2442,1000.);
#294=VECTOR('',#2445,1000.);
#295=VECTOR('',#2448,1000.);
#296=VECTOR('',#2453,1000.);
#297=VECTOR('',#2456,1000.);
#298=VECTOR('',#2469,1000.);
#299=VECTOR('',#2472,1000.);
#300=VECTOR('',#2479,1000.);
#301=VECTOR('',#2482,1000.);
#302=VECTOR('',#2489,1000.);
#303=VECTOR('',#2490,1000.);
#304=VECTOR('',#2495,1000.);
#305=VECTOR('',#2496,1000.);
#306=VECTOR('',#2499,1000.);
#307=VECTOR('',#2500,1000.);
#308=VECTOR('',#2507,1000.);
#309=VECTOR('',#2520,1000.);
#310=VECTOR('',#2523,1000.);
#311=VECTOR('',#2526,1000.);
#312=VECTOR('',#2527,1000.);
#313=VECTOR('',#2528,1000.);
#314=VECTOR('',#2533,1000.);
#315=VECTOR('',#2538,1000.);
#316=VECTOR('',#2539,1000.);
#317=VECTOR('',#2540,1000.);
#318=VECTOR('',#2543,1000.);
#319=VECTOR('',#2544,1000.);
#320=VECTOR('',#2545,1000.);
#321=VECTOR('',#2548,1000.);
#322=VECTOR('',#2549,1000.);
#323=VECTOR('',#2550,1000.);
#324=VECTOR('',#2555,1000.);
#325=VECTOR('',#2560,1000.);
#326=VECTOR('',#2561,1000.);
#327=VECTOR('',#2562,1000.);
#328=VECTOR('',#2567,1000.);
#329=VECTOR('',#2574,1000.);
#330=VECTOR('',#2577,1000.);
#331=VECTOR('',#2580,1000.);
#332=VECTOR('',#2581,1000.);
#333=VECTOR('',#2582,1000.);
#334=VECTOR('',#2587,1000.);
#335=VECTOR('',#2592,1000.);
#336=VECTOR('',#2593,1000.);
#337=VECTOR('',#2594,1000.);
#338=VECTOR('',#2597,1000.);
#339=VECTOR('',#2598,1000.);
#340=VECTOR('',#2599,1000.);
#341=VECTOR('',#2602,1000.);
#342=VECTOR('',#2603,1000.);
#343=VECTOR('',#2604,1000.);
#344=VECTOR('',#2609,1000.);
#345=VECTOR('',#2614,1000.);
#346=VECTOR('',#2615,1000.);
#347=VECTOR('',#2616,1000.);
#348=VECTOR('',#2621,1000.);
#349=VECTOR('',#2626,1000.);
#350=VECTOR('',#2627,1000.);
#351=VECTOR('',#2628,1000.);
#352=VECTOR('',#2631,1000.);
#353=VECTOR('',#2640,1000.);
#354=VECTOR('',#2645,1000.);
#355=VECTOR('',#2646,1000.);
#356=VECTOR('',#2647,1000.);
#357=VECTOR('',#2654,1000.);
#358=VECTOR('',#2657,1000.);
#359=VECTOR('',#2658,1000.);
#360=VECTOR('',#2659,1000.);
#361=VECTOR('',#2662,1000.);
#362=VECTOR('',#2663,1000.);
#363=VECTOR('',#2664,1000.);
#364=VECTOR('',#2667,1000.);
#365=VECTOR('',#2672,1000.);
#366=VECTOR('',#2675,1000.);
#367=VECTOR('',#2680,1000.);
#368=VECTOR('',#2681,1000.);
#369=VECTOR('',#2684,1000.);
#370=VECTOR('',#2685,1000.);
#371=VECTOR('',#2688,1000.);
#372=VECTOR('',#2691,1000.);
#373=VECTOR('',#2692,1000.);
#374=VECTOR('',#2695,1000.);
#375=VECTOR('',#2696,1000.);
#376=VECTOR('',#2699,1000.);
#377=VECTOR('',#2702,1000.);
#378=VECTOR('',#2703,1000.);
#379=VECTOR('',#2706,1000.);
#380=VECTOR('',#2709,1000.);
#381=VECTOR('',#2710,1000.);
#382=VECTOR('',#2713,1000.);
#383=VECTOR('',#2714,1000.);
#384=VECTOR('',#2715,1000.);
#385=VECTOR('',#2716,1000.);
#386=VECTOR('',#2717,1000.);
#387=VECTOR('',#2720,1000.);
#388=VECTOR('',#2721,1000.);
#389=VECTOR('',#2722,1000.);
#390=VECTOR('',#2725,1000.);
#391=VECTOR('',#2728,1000.);
#392=VECTOR('',#2731,1000.);
#393=VECTOR('',#2732,1000.);
#394=VECTOR('',#2733,1000.);
#395=VECTOR('',#2736,1000.);
#396=VECTOR('',#2739,1000.);
#397=VECTOR('',#2742,1000.);
#398=VECTOR('',#2743,1000.);
#399=VECTOR('',#2746,1000.);
#400=VECTOR('',#2749,1000.);
#401=VECTOR('',#2750,1000.);
#402=VECTOR('',#2751,1000.);
#403=VECTOR('',#2754,1000.);
#404=VECTOR('',#2759,1000.);
#405=VECTOR('',#2760,1000.);
#406=VECTOR('',#2763,1000.);
#407=VECTOR('',#2766,1000.);
#408=VECTOR('',#2769,1000.);
#409=VECTOR('',#2772,1000.);
#410=VECTOR('',#2775,1000.);
#411=VECTOR('',#2778,1000.);
#412=VECTOR('',#2783,1000.);
#413=VECTOR('',#2786,1000.);
#414=ORIENTED_EDGE('',*,*,#870,.F.);
#415=ORIENTED_EDGE('',*,*,#871,.F.);
#416=ORIENTED_EDGE('',*,*,#872,.T.);
#417=ORIENTED_EDGE('',*,*,#873,.T.);
#418=ORIENTED_EDGE('',*,*,#874,.F.);
#419=ORIENTED_EDGE('',*,*,#873,.F.);
#420=ORIENTED_EDGE('',*,*,#875,.T.);
#421=ORIENTED_EDGE('',*,*,#876,.T.);
#422=ORIENTED_EDGE('',*,*,#877,.F.);
#423=ORIENTED_EDGE('',*,*,#876,.F.);
#424=ORIENTED_EDGE('',*,*,#878,.T.);
#425=ORIENTED_EDGE('',*,*,#879,.T.);
#426=ORIENTED_EDGE('',*,*,#880,.F.);
#427=ORIENTED_EDGE('',*,*,#879,.F.);
#428=ORIENTED_EDGE('',*,*,#881,.T.);
#429=ORIENTED_EDGE('',*,*,#882,.T.);
#430=ORIENTED_EDGE('',*,*,#883,.F.);
#431=ORIENTED_EDGE('',*,*,#882,.F.);
#432=ORIENTED_EDGE('',*,*,#884,.T.);
#433=ORIENTED_EDGE('',*,*,#885,.T.);
#434=ORIENTED_EDGE('',*,*,#886,.F.);
#435=ORIENTED_EDGE('',*,*,#885,.F.);
#436=ORIENTED_EDGE('',*,*,#887,.T.);
#437=ORIENTED_EDGE('',*,*,#888,.T.);
#438=ORIENTED_EDGE('',*,*,#889,.F.);
#439=ORIENTED_EDGE('',*,*,#888,.F.);
#440=ORIENTED_EDGE('',*,*,#890,.T.);
#441=ORIENTED_EDGE('',*,*,#891,.T.);
#442=ORIENTED_EDGE('',*,*,#892,.F.);
#443=ORIENTED_EDGE('',*,*,#891,.F.);
#444=ORIENTED_EDGE('',*,*,#893,.T.);
#445=ORIENTED_EDGE('',*,*,#894,.T.);
#446=ORIENTED_EDGE('',*,*,#895,.F.);
#447=ORIENTED_EDGE('',*,*,#894,.F.);
#448=ORIENTED_EDGE('',*,*,#896,.T.);
#449=ORIENTED_EDGE('',*,*,#897,.T.);
#450=ORIENTED_EDGE('',*,*,#898,.T.);
#451=ORIENTED_EDGE('',*,*,#899,.F.);
#452=ORIENTED_EDGE('',*,*,#900,.F.);
#453=ORIENTED_EDGE('',*,*,#897,.F.);
#454=ORIENTED_EDGE('',*,*,#901,.F.);
#455=ORIENTED_EDGE('',*,*,#902,.T.);
#456=ORIENTED_EDGE('',*,*,#870,.T.);
#457=ORIENTED_EDGE('',*,*,#874,.T.);
#458=ORIENTED_EDGE('',*,*,#877,.T.);
#459=ORIENTED_EDGE('',*,*,#880,.T.);
#460=ORIENTED_EDGE('',*,*,#883,.T.);
#461=ORIENTED_EDGE('',*,*,#886,.T.);
#462=ORIENTED_EDGE('',*,*,#889,.T.);
#463=ORIENTED_EDGE('',*,*,#892,.T.);
#464=ORIENTED_EDGE('',*,*,#895,.T.);
#465=ORIENTED_EDGE('',*,*,#900,.T.);
#466=ORIENTED_EDGE('',*,*,#902,.F.);
#467=ORIENTED_EDGE('',*,*,#903,.T.);
#468=ORIENTED_EDGE('',*,*,#904,.T.);
#469=ORIENTED_EDGE('',*,*,#871,.T.);
#470=ORIENTED_EDGE('',*,*,#904,.F.);
#471=ORIENTED_EDGE('',*,*,#905,.T.);
#472=ORIENTED_EDGE('',*,*,#898,.F.);
#473=ORIENTED_EDGE('',*,*,#896,.F.);
#474=ORIENTED_EDGE('',*,*,#893,.F.);
#475=ORIENTED_EDGE('',*,*,#890,.F.);
#476=ORIENTED_EDGE('',*,*,#887,.F.);
#477=ORIENTED_EDGE('',*,*,#884,.F.);
#478=ORIENTED_EDGE('',*,*,#881,.F.);
#479=ORIENTED_EDGE('',*,*,#878,.F.);
#480=ORIENTED_EDGE('',*,*,#875,.F.);
#481=ORIENTED_EDGE('',*,*,#872,.F.);
#482=ORIENTED_EDGE('',*,*,#906,.T.);
#483=ORIENTED_EDGE('',*,*,#907,.T.);
#484=ORIENTED_EDGE('',*,*,#908,.T.);
#485=ORIENTED_EDGE('',*,*,#909,.T.);
#486=ORIENTED_EDGE('',*,*,#910,.T.);
#487=ORIENTED_EDGE('',*,*,#899,.T.);
#488=ORIENTED_EDGE('',*,*,#911,.T.);
#489=ORIENTED_EDGE('',*,*,#912,.T.);
#490=ORIENTED_EDGE('',*,*,#905,.F.);
#491=ORIENTED_EDGE('',*,*,#903,.F.);
#492=ORIENTED_EDGE('',*,*,#901,.T.);
#493=ORIENTED_EDGE('',*,*,#910,.F.);
#494=ORIENTED_EDGE('',*,*,#913,.T.);
#495=ORIENTED_EDGE('',*,*,#914,.T.);
#496=ORIENTED_EDGE('',*,*,#915,.T.);
#497=ORIENTED_EDGE('',*,*,#911,.F.);
#498=ORIENTED_EDGE('',*,*,#916,.T.);
#499=ORIENTED_EDGE('',*,*,#917,.F.);
#500=ORIENTED_EDGE('',*,*,#918,.F.);
#501=ORIENTED_EDGE('',*,*,#919,.F.);
#502=ORIENTED_EDGE('',*,*,#918,.T.);
#503=ORIENTED_EDGE('',*,*,#920,.F.);
#504=ORIENTED_EDGE('',*,*,#921,.F.);
#505=ORIENTED_EDGE('',*,*,#907,.F.);
#506=ORIENTED_EDGE('',*,*,#921,.T.);
#507=ORIENTED_EDGE('',*,*,#922,.F.);
#508=ORIENTED_EDGE('',*,*,#923,.F.);
#509=ORIENTED_EDGE('',*,*,#924,.F.);
#510=ORIENTED_EDGE('',*,*,#923,.T.);
#511=ORIENTED_EDGE('',*,*,#925,.F.);
#512=ORIENTED_EDGE('',*,*,#926,.T.);
#513=ORIENTED_EDGE('',*,*,#927,.F.);
#514=ORIENTED_EDGE('',*,*,#908,.F.);
#515=ORIENTED_EDGE('',*,*,#924,.T.);
#516=ORIENTED_EDGE('',*,*,#928,.F.);
#517=ORIENTED_EDGE('',*,*,#929,.F.);
#518=ORIENTED_EDGE('',*,*,#930,.F.);
#519=ORIENTED_EDGE('',*,*,#931,.T.);
#520=ORIENTED_EDGE('',*,*,#913,.F.);
#521=ORIENTED_EDGE('',*,*,#909,.F.);
#522=ORIENTED_EDGE('',*,*,#929,.T.);
#523=ORIENTED_EDGE('',*,*,#932,.F.);
#524=ORIENTED_EDGE('',*,*,#933,.T.);
#525=ORIENTED_EDGE('',*,*,#934,.F.);
#526=ORIENTED_EDGE('',*,*,#935,.F.);
#527=ORIENTED_EDGE('',*,*,#936,.F.);
#528=ORIENTED_EDGE('',*,*,#937,.T.);
#529=ORIENTED_EDGE('',*,*,#938,.F.);
#530=ORIENTED_EDGE('',*,*,#939,.F.);
#531=ORIENTED_EDGE('',*,*,#940,.F.);
#532=ORIENTED_EDGE('',*,*,#941,.T.);
#533=ORIENTED_EDGE('',*,*,#931,.F.);
#534=ORIENTED_EDGE('',*,*,#939,.T.);
#535=ORIENTED_EDGE('',*,*,#942,.F.);
#536=ORIENTED_EDGE('',*,*,#935,.T.);
#537=ORIENTED_EDGE('',*,*,#914,.F.);
#538=ORIENTED_EDGE('',*,*,#941,.F.);
#539=ORIENTED_EDGE('',*,*,#943,.F.);
#540=ORIENTED_EDGE('',*,*,#944,.F.);
#541=ORIENTED_EDGE('',*,*,#919,.T.);
#542=ORIENTED_EDGE('',*,*,#906,.F.);
#543=ORIENTED_EDGE('',*,*,#945,.F.);
#544=ORIENTED_EDGE('',*,*,#946,.F.);
#545=ORIENTED_EDGE('',*,*,#947,.F.);
#546=ORIENTED_EDGE('',*,*,#916,.F.);
#547=ORIENTED_EDGE('',*,*,#948,.F.);
#548=ORIENTED_EDGE('',*,*,#949,.T.);
#549=ORIENTED_EDGE('',*,*,#950,.F.);
#550=ORIENTED_EDGE('',*,*,#933,.F.);
#551=ORIENTED_EDGE('',*,*,#951,.F.);
#552=ORIENTED_EDGE('',*,*,#915,.F.);
#553=ORIENTED_EDGE('',*,*,#934,.T.);
#554=ORIENTED_EDGE('',*,*,#952,.F.);
#555=ORIENTED_EDGE('',*,*,#953,.F.);
#556=ORIENTED_EDGE('',*,*,#945,.T.);
#557=ORIENTED_EDGE('',*,*,#912,.F.);
#558=ORIENTED_EDGE('',*,*,#954,.T.);
#559=ORIENTED_EDGE('',*,*,#925,.T.);
#560=ORIENTED_EDGE('',*,*,#922,.T.);
#561=ORIENTED_EDGE('',*,*,#920,.T.);
#562=ORIENTED_EDGE('',*,*,#917,.T.);
#563=ORIENTED_EDGE('',*,*,#947,.T.);
#564=ORIENTED_EDGE('',*,*,#955,.T.);
#565=ORIENTED_EDGE('',*,*,#956,.T.);
#566=ORIENTED_EDGE('',*,*,#946,.T.);
#567=ORIENTED_EDGE('',*,*,#957,.F.);
#568=ORIENTED_EDGE('',*,*,#958,.F.);
#569=ORIENTED_EDGE('',*,*,#955,.F.);
#570=ORIENTED_EDGE('',*,*,#959,.T.);
#571=ORIENTED_EDGE('',*,*,#960,.F.);
#572=ORIENTED_EDGE('',*,*,#926,.F.);
#573=ORIENTED_EDGE('',*,*,#954,.F.);
#574=ORIENTED_EDGE('',*,*,#961,.T.);
#575=ORIENTED_EDGE('',*,*,#962,.F.);
#576=ORIENTED_EDGE('',*,*,#963,.F.);
#577=ORIENTED_EDGE('',*,*,#964,.T.);
#578=ORIENTED_EDGE('',*,*,#965,.T.);
#579=ORIENTED_EDGE('',*,*,#966,.F.);
#580=ORIENTED_EDGE('',*,*,#967,.F.);
#581=ORIENTED_EDGE('',*,*,#962,.T.);
#582=ORIENTED_EDGE('',*,*,#968,.T.);
#583=ORIENTED_EDGE('',*,*,#969,.F.);
#584=ORIENTED_EDGE('',*,*,#970,.F.);
#585=ORIENTED_EDGE('',*,*,#966,.T.);
#586=ORIENTED_EDGE('',*,*,#971,.T.);
#587=ORIENTED_EDGE('',*,*,#972,.F.);
#588=ORIENTED_EDGE('',*,*,#973,.F.);
#589=ORIENTED_EDGE('',*,*,#969,.T.);
#590=ORIENTED_EDGE('',*,*,#974,.T.);
#591=ORIENTED_EDGE('',*,*,#975,.F.);
#592=ORIENTED_EDGE('',*,*,#976,.F.);
#593=ORIENTED_EDGE('',*,*,#972,.T.);
#594=ORIENTED_EDGE('',*,*,#977,.T.);
#595=ORIENTED_EDGE('',*,*,#978,.F.);
#596=ORIENTED_EDGE('',*,*,#979,.F.);
#597=ORIENTED_EDGE('',*,*,#975,.T.);
#598=ORIENTED_EDGE('',*,*,#980,.T.);
#599=ORIENTED_EDGE('',*,*,#981,.F.);
#600=ORIENTED_EDGE('',*,*,#982,.F.);
#601=ORIENTED_EDGE('',*,*,#978,.T.);
#602=ORIENTED_EDGE('',*,*,#983,.T.);
#603=ORIENTED_EDGE('',*,*,#984,.F.);
#604=ORIENTED_EDGE('',*,*,#985,.F.);
#605=ORIENTED_EDGE('',*,*,#981,.T.);
#606=ORIENTED_EDGE('',*,*,#986,.T.);
#607=ORIENTED_EDGE('',*,*,#987,.F.);
#608=ORIENTED_EDGE('',*,*,#988,.F.);
#609=ORIENTED_EDGE('',*,*,#984,.T.);
#610=ORIENTED_EDGE('',*,*,#989,.T.);
#611=ORIENTED_EDGE('',*,*,#990,.F.);
#612=ORIENTED_EDGE('',*,*,#991,.F.);
#613=ORIENTED_EDGE('',*,*,#992,.T.);
#614=ORIENTED_EDGE('',*,*,#993,.T.);
#615=ORIENTED_EDGE('',*,*,#994,.F.);
#616=ORIENTED_EDGE('',*,*,#995,.F.);
#617=ORIENTED_EDGE('',*,*,#990,.T.);
#618=ORIENTED_EDGE('',*,*,#996,.T.);
#619=ORIENTED_EDGE('',*,*,#997,.F.);
#620=ORIENTED_EDGE('',*,*,#998,.F.);
#621=ORIENTED_EDGE('',*,*,#994,.T.);
#622=ORIENTED_EDGE('',*,*,#999,.T.);
#623=ORIENTED_EDGE('',*,*,#1000,.F.);
#624=ORIENTED_EDGE('',*,*,#1001,.F.);
#625=ORIENTED_EDGE('',*,*,#997,.T.);
#626=ORIENTED_EDGE('',*,*,#1002,.T.);
#627=ORIENTED_EDGE('',*,*,#1003,.F.);
#628=ORIENTED_EDGE('',*,*,#1004,.F.);
#629=ORIENTED_EDGE('',*,*,#1000,.T.);
#630=ORIENTED_EDGE('',*,*,#1005,.T.);
#631=ORIENTED_EDGE('',*,*,#1006,.F.);
#632=ORIENTED_EDGE('',*,*,#1007,.F.);
#633=ORIENTED_EDGE('',*,*,#1003,.T.);
#634=ORIENTED_EDGE('',*,*,#1008,.T.);
#635=ORIENTED_EDGE('',*,*,#1009,.F.);
#636=ORIENTED_EDGE('',*,*,#1010,.F.);
#637=ORIENTED_EDGE('',*,*,#1006,.T.);
#638=ORIENTED_EDGE('',*,*,#1011,.T.);
#639=ORIENTED_EDGE('',*,*,#1012,.F.);
#640=ORIENTED_EDGE('',*,*,#1013,.F.);
#641=ORIENTED_EDGE('',*,*,#1009,.T.);
#642=ORIENTED_EDGE('',*,*,#1014,.T.);
#643=ORIENTED_EDGE('',*,*,#1015,.F.);
#644=ORIENTED_EDGE('',*,*,#1016,.F.);
#645=ORIENTED_EDGE('',*,*,#1012,.T.);
#646=ORIENTED_EDGE('',*,*,#928,.T.);
#647=ORIENTED_EDGE('',*,*,#927,.T.);
#648=ORIENTED_EDGE('',*,*,#1017,.T.);
#649=ORIENTED_EDGE('',*,*,#1018,.T.);
#650=ORIENTED_EDGE('',*,*,#1019,.T.);
#651=ORIENTED_EDGE('',*,*,#932,.T.);
#652=ORIENTED_EDGE('',*,*,#1020,.T.);
#653=ORIENTED_EDGE('',*,*,#940,.T.);
#654=ORIENTED_EDGE('',*,*,#930,.T.);
#655=ORIENTED_EDGE('',*,*,#1019,.F.);
#656=ORIENTED_EDGE('',*,*,#1021,.T.);
#657=ORIENTED_EDGE('',*,*,#1022,.F.);
#658=ORIENTED_EDGE('',*,*,#937,.F.);
#659=ORIENTED_EDGE('',*,*,#1023,.F.);
#660=ORIENTED_EDGE('',*,*,#943,.T.);
#661=ORIENTED_EDGE('',*,*,#942,.T.);
#662=ORIENTED_EDGE('',*,*,#938,.T.);
#663=ORIENTED_EDGE('',*,*,#1022,.T.);
#664=ORIENTED_EDGE('',*,*,#1024,.T.);
#665=ORIENTED_EDGE('',*,*,#1025,.T.);
#666=ORIENTED_EDGE('',*,*,#951,.T.);
#667=ORIENTED_EDGE('',*,*,#936,.T.);
#668=ORIENTED_EDGE('',*,*,#1026,.T.);
#669=ORIENTED_EDGE('',*,*,#948,.T.);
#670=ORIENTED_EDGE('',*,*,#944,.T.);
#671=ORIENTED_EDGE('',*,*,#953,.T.);
#672=ORIENTED_EDGE('',*,*,#1027,.T.);
#673=ORIENTED_EDGE('',*,*,#1028,.T.);
#674=ORIENTED_EDGE('',*,*,#1029,.F.);
#675=ORIENTED_EDGE('',*,*,#1030,.F.);
#676=ORIENTED_EDGE('',*,*,#949,.F.);
#677=ORIENTED_EDGE('',*,*,#1025,.F.);
#678=ORIENTED_EDGE('',*,*,#952,.T.);
#679=ORIENTED_EDGE('',*,*,#950,.T.);
#680=ORIENTED_EDGE('',*,*,#1031,.T.);
#681=ORIENTED_EDGE('',*,*,#1027,.F.);
#682=ORIENTED_EDGE('',*,*,#1032,.F.);
#683=ORIENTED_EDGE('',*,*,#1033,.F.);
#684=ORIENTED_EDGE('',*,*,#1015,.T.);
#685=ORIENTED_EDGE('',*,*,#1034,.T.);
#686=ORIENTED_EDGE('',*,*,#1035,.F.);
#687=ORIENTED_EDGE('',*,*,#1036,.F.);
#688=ORIENTED_EDGE('',*,*,#987,.T.);
#689=ORIENTED_EDGE('',*,*,#1037,.T.);
#690=ORIENTED_EDGE('',*,*,#1038,.F.);
#691=ORIENTED_EDGE('',*,*,#957,.T.);
#692=ORIENTED_EDGE('',*,*,#1026,.F.);
#693=ORIENTED_EDGE('',*,*,#1039,.T.);
#694=ORIENTED_EDGE('',*,*,#958,.T.);
#695=ORIENTED_EDGE('',*,*,#1040,.F.);
#696=ORIENTED_EDGE('',*,*,#959,.F.);
#697=ORIENTED_EDGE('',*,*,#956,.F.);
#698=ORIENTED_EDGE('',*,*,#1017,.F.);
#699=ORIENTED_EDGE('',*,*,#960,.T.);
#700=ORIENTED_EDGE('',*,*,#1041,.F.);
#701=ORIENTED_EDGE('',*,*,#1042,.F.);
#702=ORIENTED_EDGE('',*,*,#1043,.F.);
#703=ORIENTED_EDGE('',*,*,#1044,.T.);
#704=ORIENTED_EDGE('',*,*,#963,.T.);
#705=ORIENTED_EDGE('',*,*,#967,.T.);
#706=ORIENTED_EDGE('',*,*,#970,.T.);
#707=ORIENTED_EDGE('',*,*,#973,.T.);
#708=ORIENTED_EDGE('',*,*,#976,.T.);
#709=ORIENTED_EDGE('',*,*,#979,.T.);
#710=ORIENTED_EDGE('',*,*,#982,.T.);
#711=ORIENTED_EDGE('',*,*,#985,.T.);
#712=ORIENTED_EDGE('',*,*,#988,.T.);
#713=ORIENTED_EDGE('',*,*,#1036,.T.);
#714=ORIENTED_EDGE('',*,*,#1045,.F.);
#715=ORIENTED_EDGE('',*,*,#1046,.T.);
#716=ORIENTED_EDGE('',*,*,#964,.F.);
#717=ORIENTED_EDGE('',*,*,#1044,.F.);
#718=ORIENTED_EDGE('',*,*,#1046,.F.);
#719=ORIENTED_EDGE('',*,*,#1047,.T.);
#720=ORIENTED_EDGE('',*,*,#1037,.F.);
#721=ORIENTED_EDGE('',*,*,#986,.F.);
#722=ORIENTED_EDGE('',*,*,#983,.F.);
#723=ORIENTED_EDGE('',*,*,#980,.F.);
#724=ORIENTED_EDGE('',*,*,#977,.F.);
#725=ORIENTED_EDGE('',*,*,#974,.F.);
#726=ORIENTED_EDGE('',*,*,#971,.F.);
#727=ORIENTED_EDGE('',*,*,#968,.F.);
#728=ORIENTED_EDGE('',*,*,#965,.F.);
#729=ORIENTED_EDGE('',*,*,#961,.F.);
#730=ORIENTED_EDGE('',*,*,#1048,.F.);
#731=ORIENTED_EDGE('',*,*,#1049,.T.);
#732=ORIENTED_EDGE('',*,*,#991,.T.);
#733=ORIENTED_EDGE('',*,*,#995,.T.);
#734=ORIENTED_EDGE('',*,*,#998,.T.);
#735=ORIENTED_EDGE('',*,*,#1001,.T.);
#736=ORIENTED_EDGE('',*,*,#1004,.T.);
#737=ORIENTED_EDGE('',*,*,#1007,.T.);
#738=ORIENTED_EDGE('',*,*,#1010,.T.);
#739=ORIENTED_EDGE('',*,*,#1013,.T.);
#740=ORIENTED_EDGE('',*,*,#1016,.T.);
#741=ORIENTED_EDGE('',*,*,#1033,.T.);
#742=ORIENTED_EDGE('',*,*,#1050,.F.);
#743=ORIENTED_EDGE('',*,*,#1051,.T.);
#744=ORIENTED_EDGE('',*,*,#992,.F.);
#745=ORIENTED_EDGE('',*,*,#1049,.F.);
#746=ORIENTED_EDGE('',*,*,#1051,.F.);
#747=ORIENTED_EDGE('',*,*,#1052,.T.);
#748=ORIENTED_EDGE('',*,*,#1034,.F.);
#749=ORIENTED_EDGE('',*,*,#1014,.F.);
#750=ORIENTED_EDGE('',*,*,#1011,.F.);
#751=ORIENTED_EDGE('',*,*,#1008,.F.);
#752=ORIENTED_EDGE('',*,*,#1005,.F.);
#753=ORIENTED_EDGE('',*,*,#1002,.F.);
#754=ORIENTED_EDGE('',*,*,#999,.F.);
#755=ORIENTED_EDGE('',*,*,#996,.F.);
#756=ORIENTED_EDGE('',*,*,#993,.F.);
#757=ORIENTED_EDGE('',*,*,#989,.F.);
#758=ORIENTED_EDGE('',*,*,#1053,.F.);
#759=ORIENTED_EDGE('',*,*,#1023,.T.);
#760=ORIENTED_EDGE('',*,*,#1020,.F.);
#761=ORIENTED_EDGE('',*,*,#1018,.F.);
#762=ORIENTED_EDGE('',*,*,#1042,.T.);
#763=ORIENTED_EDGE('',*,*,#1054,.F.);
#764=ORIENTED_EDGE('',*,*,#1029,.T.);
#765=ORIENTED_EDGE('',*,*,#1024,.F.);
#766=ORIENTED_EDGE('',*,*,#1021,.F.);
#767=ORIENTED_EDGE('',*,*,#1055,.F.);
#768=ORIENTED_EDGE('',*,*,#1031,.F.);
#769=ORIENTED_EDGE('',*,*,#1030,.T.);
#770=ORIENTED_EDGE('',*,*,#1056,.F.);
#771=ORIENTED_EDGE('',*,*,#1057,.F.);
#772=ORIENTED_EDGE('',*,*,#1039,.F.);
#773=ORIENTED_EDGE('',*,*,#1028,.F.);
#774=ORIENTED_EDGE('',*,*,#1041,.T.);
#775=ORIENTED_EDGE('',*,*,#1040,.T.);
#776=ORIENTED_EDGE('',*,*,#1038,.T.);
#777=ORIENTED_EDGE('',*,*,#1057,.T.);
#778=ORIENTED_EDGE('',*,*,#1058,.T.);
#779=ORIENTED_EDGE('',*,*,#1059,.T.);
#780=ORIENTED_EDGE('',*,*,#1060,.T.);
#781=ORIENTED_EDGE('',*,*,#1035,.T.);
#782=ORIENTED_EDGE('',*,*,#1061,.T.);
#783=ORIENTED_EDGE('',*,*,#1032,.T.);
#784=ORIENTED_EDGE('',*,*,#1062,.T.);
#785=ORIENTED_EDGE('',*,*,#1054,.T.);
#786=ORIENTED_EDGE('',*,*,#1063,.T.);
#787=ORIENTED_EDGE('',*,*,#1064,.T.);
#788=ORIENTED_EDGE('',*,*,#1058,.F.);
#789=ORIENTED_EDGE('',*,*,#1056,.T.);
#790=ORIENTED_EDGE('',*,*,#1055,.T.);
#791=ORIENTED_EDGE('',*,*,#1053,.T.);
#792=ORIENTED_EDGE('',*,*,#1062,.F.);
#793=ORIENTED_EDGE('',*,*,#1052,.F.);
#794=ORIENTED_EDGE('',*,*,#1050,.T.);
#795=ORIENTED_EDGE('',*,*,#1048,.T.);
#796=ORIENTED_EDGE('',*,*,#1061,.F.);
#797=ORIENTED_EDGE('',*,*,#1047,.F.);
#798=ORIENTED_EDGE('',*,*,#1045,.T.);
#799=ORIENTED_EDGE('',*,*,#1043,.T.);
#800=ORIENTED_EDGE('',*,*,#1060,.F.);
#801=ORIENTED_EDGE('',*,*,#1065,.F.);
#802=ORIENTED_EDGE('',*,*,#1064,.F.);
#803=ORIENTED_EDGE('',*,*,#1066,.T.);
#804=ORIENTED_EDGE('',*,*,#1067,.T.);
#805=ORIENTED_EDGE('',*,*,#1068,.T.);
#806=ORIENTED_EDGE('',*,*,#1069,.T.);
#807=ORIENTED_EDGE('',*,*,#1070,.T.);
#808=ORIENTED_EDGE('',*,*,#1071,.T.);
#809=ORIENTED_EDGE('',*,*,#1072,.T.);
#810=ORIENTED_EDGE('',*,*,#1073,.T.);
#811=ORIENTED_EDGE('',*,*,#1074,.T.);
#812=ORIENTED_EDGE('',*,*,#1075,.T.);
#813=ORIENTED_EDGE('',*,*,#1076,.T.);
#814=ORIENTED_EDGE('',*,*,#1077,.F.);
#815=ORIENTED_EDGE('',*,*,#1065,.T.);
#816=ORIENTED_EDGE('',*,*,#1078,.F.);
#817=ORIENTED_EDGE('',*,*,#1079,.F.);
#818=ORIENTED_EDGE('',*,*,#1080,.F.);
#819=ORIENTED_EDGE('',*,*,#1081,.F.);
#820=ORIENTED_EDGE('',*,*,#1082,.F.);
#821=ORIENTED_EDGE('',*,*,#1083,.F.);
#822=ORIENTED_EDGE('',*,*,#1084,.F.);
#823=ORIENTED_EDGE('',*,*,#1085,.F.);
#824=ORIENTED_EDGE('',*,*,#1086,.F.);
#825=ORIENTED_EDGE('',*,*,#1087,.F.);
#826=ORIENTED_EDGE('',*,*,#1081,.T.);
#827=ORIENTED_EDGE('',*,*,#1088,.F.);
#828=ORIENTED_EDGE('',*,*,#1073,.F.);
#829=ORIENTED_EDGE('',*,*,#1089,.T.);
#830=ORIENTED_EDGE('',*,*,#1082,.T.);
#831=ORIENTED_EDGE('',*,*,#1089,.F.);
#832=ORIENTED_EDGE('',*,*,#1072,.F.);
#833=ORIENTED_EDGE('',*,*,#1090,.T.);
#834=ORIENTED_EDGE('',*,*,#1083,.T.);
#835=ORIENTED_EDGE('',*,*,#1090,.F.);
#836=ORIENTED_EDGE('',*,*,#1071,.F.);
#837=ORIENTED_EDGE('',*,*,#1091,.T.);
#838=ORIENTED_EDGE('',*,*,#1084,.T.);
#839=ORIENTED_EDGE('',*,*,#1091,.F.);
#840=ORIENTED_EDGE('',*,*,#1070,.F.);
#841=ORIENTED_EDGE('',*,*,#1092,.T.);
#842=ORIENTED_EDGE('',*,*,#1085,.T.);
#843=ORIENTED_EDGE('',*,*,#1092,.F.);
#844=ORIENTED_EDGE('',*,*,#1069,.F.);
#845=ORIENTED_EDGE('',*,*,#1093,.T.);
#846=ORIENTED_EDGE('',*,*,#1086,.T.);
#847=ORIENTED_EDGE('',*,*,#1093,.F.);
#848=ORIENTED_EDGE('',*,*,#1068,.F.);
#849=ORIENTED_EDGE('',*,*,#1094,.T.);
#850=ORIENTED_EDGE('',*,*,#1087,.T.);
#851=ORIENTED_EDGE('',*,*,#1094,.F.);
#852=ORIENTED_EDGE('',*,*,#1067,.F.);
#853=ORIENTED_EDGE('',*,*,#1095,.T.);
#854=ORIENTED_EDGE('',*,*,#1063,.F.);
#855=ORIENTED_EDGE('',*,*,#1077,.T.);
#856=ORIENTED_EDGE('',*,*,#1095,.F.);
#857=ORIENTED_EDGE('',*,*,#1066,.F.);
#858=ORIENTED_EDGE('',*,*,#1059,.F.);
#859=ORIENTED_EDGE('',*,*,#1076,.F.);
#860=ORIENTED_EDGE('',*,*,#1096,.T.);
#861=ORIENTED_EDGE('',*,*,#1078,.T.);
#862=ORIENTED_EDGE('',*,*,#1079,.T.);
#863=ORIENTED_EDGE('',*,*,#1096,.F.);
#864=ORIENTED_EDGE('',*,*,#1075,.F.);
#865=ORIENTED_EDGE('',*,*,#1097,.T.);
#866=ORIENTED_EDGE('',*,*,#1080,.T.);
#867=ORIENTED_EDGE('',*,*,#1097,.F.);
#868=ORIENTED_EDGE('',*,*,#1074,.F.);
#869=ORIENTED_EDGE('',*,*,#1088,.T.);
#870=EDGE_CURVE('',#1098,#1099,#1242,.T.);
#871=EDGE_CURVE('',#1100,#1098,#94,.T.);
#872=EDGE_CURVE('',#1100,#1101,#1243,.T.);
#873=EDGE_CURVE('',#1101,#1099,#95,.T.);
#874=EDGE_CURVE('',#1099,#1102,#96,.T.);
#875=EDGE_CURVE('',#1101,#1103,#97,.T.);
#876=EDGE_CURVE('',#1103,#1102,#98,.T.);
#877=EDGE_CURVE('',#1102,#1104,#1244,.T.);
#878=EDGE_CURVE('',#1103,#1105,#1245,.T.);
#879=EDGE_CURVE('',#1105,#1104,#99,.T.);
#880=EDGE_CURVE('',#1104,#1106,#100,.T.);
#881=EDGE_CURVE('',#1105,#1107,#101,.T.);
#882=EDGE_CURVE('',#1107,#1106,#102,.T.);
#883=EDGE_CURVE('',#1106,#1108,#103,.T.);
#884=EDGE_CURVE('',#1107,#1109,#104,.T.);
#885=EDGE_CURVE('',#1109,#1108,#105,.T.);
#886=EDGE_CURVE('',#1108,#1110,#106,.T.);
#887=EDGE_CURVE('',#1109,#1111,#107,.T.);
#888=EDGE_CURVE('',#1111,#1110,#108,.T.);
#889=EDGE_CURVE('',#1110,#1112,#1246,.T.);
#890=EDGE_CURVE('',#1111,#1113,#1247,.T.);
#891=EDGE_CURVE('',#1113,#1112,#109,.T.);
#892=EDGE_CURVE('',#1112,#1114,#110,.T.);
#893=EDGE_CURVE('',#1113,#1115,#111,.T.);
#894=EDGE_CURVE('',#1115,#1114,#112,.T.);
#895=EDGE_CURVE('',#1114,#1116,#1248,.T.);
#896=EDGE_CURVE('',#1115,#1117,#1249,.T.);
#897=EDGE_CURVE('',#1117,#1116,#113,.T.);
#898=EDGE_CURVE('',#1117,#1118,#114,.T.);
#899=EDGE_CURVE('',#1119,#1118,#115,.T.);
#900=EDGE_CURVE('',#1116,#1119,#116,.T.);
#901=EDGE_CURVE('',#1120,#1119,#117,.T.);
#902=EDGE_CURVE('',#1120,#1098,#118,.T.);
#903=EDGE_CURVE('',#1120,#1121,#119,.T.);
#904=EDGE_CURVE('',#1121,#1100,#120,.T.);
#905=EDGE_CURVE('',#1121,#1118,#121,.T.);
#906=EDGE_CURVE('',#1122,#1123,#122,.T.);
#907=EDGE_CURVE('',#1123,#1124,#123,.T.);
#908=EDGE_CURVE('',#1124,#1125,#124,.F.);
#909=EDGE_CURVE('',#1125,#1126,#125,.T.);
#910=EDGE_CURVE('',#1126,#1119,#126,.T.);
#911=EDGE_CURVE('',#1118,#1127,#127,.T.);
#912=EDGE_CURVE('',#1127,#1122,#128,.T.);
#913=EDGE_CURVE('',#1126,#1128,#129,.F.);
#914=EDGE_CURVE('',#1128,#1129,#130,.F.);
#915=EDGE_CURVE('',#1129,#1127,#131,.T.);
#916=EDGE_CURVE('',#1130,#1131,#1250,.T.);
#917=EDGE_CURVE('',#1132,#1131,#20,.F.);
#918=EDGE_CURVE('',#1123,#1132,#1251,.T.);
#919=EDGE_CURVE('',#1130,#1123,#21,.F.);
#920=EDGE_CURVE('',#1133,#1132,#132,.F.);
#921=EDGE_CURVE('',#1124,#1133,#1252,.T.);
#922=EDGE_CURVE('',#1134,#1133,#22,.F.);
#923=EDGE_CURVE('',#1135,#1134,#1253,.T.);
#924=EDGE_CURVE('',#1124,#1135,#23,.F.);
#925=EDGE_CURVE('',#1136,#1134,#133,.F.);
#926=EDGE_CURVE('',#1136,#1137,#1254,.T.);
#927=EDGE_CURVE('',#1135,#1137,#134,.T.);
#928=EDGE_CURVE('',#1138,#1135,#135,.T.);
#929=EDGE_CURVE('',#1125,#1138,#24,.F.);
#930=EDGE_CURVE('',#1139,#1140,#136,.T.);
#931=EDGE_CURVE('',#1139,#1128,#25,.T.);
#932=EDGE_CURVE('',#1140,#1138,#137,.T.);
#933=EDGE_CURVE('',#1141,#1142,#1255,.T.);
#934=EDGE_CURVE('',#1129,#1142,#26,.T.);
#935=EDGE_CURVE('',#1143,#1129,#1256,.T.);
#936=EDGE_CURVE('',#1141,#1143,#27,.T.);
#937=EDGE_CURVE('',#1144,#1145,#1257,.T.);
#938=EDGE_CURVE('',#1146,#1145,#138,.T.);
#939=EDGE_CURVE('',#1139,#1146,#1258,.T.);
#940=EDGE_CURVE('',#1144,#1139,#139,.F.);
#941=EDGE_CURVE('',#1147,#1128,#1259,.T.);
#942=EDGE_CURVE('',#1147,#1146,#28,.T.);
#943=EDGE_CURVE('',#1143,#1147,#140,.T.);
#944=EDGE_CURVE('',#1130,#1148,#141,.F.);
#945=EDGE_CURVE('',#1148,#1122,#29,.F.);
#946=EDGE_CURVE('',#1149,#1150,#1260,.T.);
#947=EDGE_CURVE('',#1131,#1149,#142,.F.);
#948=EDGE_CURVE('',#1150,#1130,#143,.T.);
#949=EDGE_CURVE('',#1151,#1152,#1261,.T.);
#950=EDGE_CURVE('',#1142,#1152,#144,.F.);
#951=EDGE_CURVE('',#1151,#1141,#145,.T.);
#952=EDGE_CURVE('',#1153,#1142,#146,.F.);
#953=EDGE_CURVE('',#1148,#1153,#147,.T.);
#954=EDGE_CURVE('',#1154,#1136,#30,.F.);
#955=EDGE_CURVE('',#1149,#1155,#31,.F.);
#956=EDGE_CURVE('',#1155,#1154,#148,.F.);
#957=EDGE_CURVE('',#1156,#1150,#32,.F.);
#958=EDGE_CURVE('',#1155,#1156,#1262,.T.);
#959=EDGE_CURVE('',#1154,#1157,#1263,.T.);
#960=EDGE_CURVE('',#1137,#1157,#33,.F.);
#961=EDGE_CURVE('',#1158,#1159,#1264,.T.);
#962=EDGE_CURVE('',#1160,#1159,#149,.T.);
#963=EDGE_CURVE('',#1161,#1160,#1265,.T.);
#964=EDGE_CURVE('',#1161,#1158,#150,.T.);
#965=EDGE_CURVE('',#1159,#1162,#151,.T.);
#966=EDGE_CURVE('',#1163,#1162,#152,.T.);
#967=EDGE_CURVE('',#1160,#1163,#153,.T.);
#968=EDGE_CURVE('',#1162,#1164,#1266,.T.);
#969=EDGE_CURVE('',#1165,#1164,#154,.T.);
#970=EDGE_CURVE('',#1163,#1165,#1267,.T.);
#971=EDGE_CURVE('',#1164,#1166,#155,.T.);
#972=EDGE_CURVE('',#1167,#1166,#156,.T.);
#973=EDGE_CURVE('',#1165,#1167,#157,.T.);
#974=EDGE_CURVE('',#1166,#1168,#158,.T.);
#975=EDGE_CURVE('',#1169,#1168,#159,.T.);
#976=EDGE_CURVE('',#1167,#1169,#160,.T.);
#977=EDGE_CURVE('',#1168,#1170,#161,.T.);
#978=EDGE_CURVE('',#1171,#1170,#162,.T.);
#979=EDGE_CURVE('',#1169,#1171,#163,.T.);
#980=EDGE_CURVE('',#1170,#1172,#1268,.T.);
#981=EDGE_CURVE('',#1173,#1172,#164,.T.);
#982=EDGE_CURVE('',#1171,#1173,#1269,.T.);
#983=EDGE_CURVE('',#1172,#1174,#165,.T.);
#984=EDGE_CURVE('',#1175,#1174,#166,.T.);
#985=EDGE_CURVE('',#1173,#1175,#167,.T.);
#986=EDGE_CURVE('',#1174,#1176,#1270,.T.);
#987=EDGE_CURVE('',#1177,#1176,#168,.T.);
#988=EDGE_CURVE('',#1175,#1177,#1271,.T.);
#989=EDGE_CURVE('',#1178,#1179,#1272,.T.);
#990=EDGE_CURVE('',#1180,#1179,#169,.T.);
#991=EDGE_CURVE('',#1181,#1180,#1273,.T.);
#992=EDGE_CURVE('',#1181,#1178,#170,.T.);
#993=EDGE_CURVE('',#1179,#1182,#171,.T.);
#994=EDGE_CURVE('',#1183,#1182,#172,.T.);
#995=EDGE_CURVE('',#1180,#1183,#173,.T.);
#996=EDGE_CURVE('',#1182,#1184,#1274,.T.);
#997=EDGE_CURVE('',#1185,#1184,#174,.T.);
#998=EDGE_CURVE('',#1183,#1185,#1275,.T.);
#999=EDGE_CURVE('',#1184,#1186,#175,.T.);
#1000=EDGE_CURVE('',#1187,#1186,#176,.T.);
#1001=EDGE_CURVE('',#1185,#1187,#177,.T.);
#1002=EDGE_CURVE('',#1186,#1188,#178,.T.);
#1003=EDGE_CURVE('',#1189,#1188,#179,.T.);
#1004=EDGE_CURVE('',#1187,#1189,#180,.T.);
#1005=EDGE_CURVE('',#1188,#1190,#181,.T.);
#1006=EDGE_CURVE('',#1191,#1190,#182,.T.);
#1007=EDGE_CURVE('',#1189,#1191,#183,.T.);
#1008=EDGE_CURVE('',#1190,#1192,#1276,.T.);
#1009=EDGE_CURVE('',#1193,#1192,#184,.T.);
#1010=EDGE_CURVE('',#1191,#1193,#1277,.T.);
#1011=EDGE_CURVE('',#1192,#1194,#185,.T.);
#1012=EDGE_CURVE('',#1195,#1194,#186,.T.);
#1013=EDGE_CURVE('',#1193,#1195,#187,.T.);
#1014=EDGE_CURVE('',#1194,#1196,#1278,.T.);
#1015=EDGE_CURVE('',#1197,#1196,#188,.T.);
#1016=EDGE_CURVE('',#1195,#1197,#1279,.T.);
#1017=EDGE_CURVE('',#1137,#1198,#189,.F.);
#1018=EDGE_CURVE('',#1198,#1199,#190,.T.);
#1019=EDGE_CURVE('',#1199,#1140,#191,.T.);
#1020=EDGE_CURVE('',#1199,#1144,#192,.F.);
#1021=EDGE_CURVE('',#1200,#1201,#1280,.T.);
#1022=EDGE_CURVE('',#1145,#1201,#34,.T.);
#1023=EDGE_CURVE('',#1200,#1144,#35,.T.);
#1024=EDGE_CURVE('',#1201,#1202,#193,.T.);
#1025=EDGE_CURVE('',#1202,#1151,#36,.T.);
#1026=EDGE_CURVE('',#1203,#1150,#194,.T.);
#1027=EDGE_CURVE('',#1153,#1204,#195,.T.);
#1028=EDGE_CURVE('',#1204,#1203,#196,.T.);
#1029=EDGE_CURVE('',#1205,#1202,#1281,.T.);
#1030=EDGE_CURVE('',#1152,#1205,#37,.T.);
#1031=EDGE_CURVE('',#1152,#1204,#197,.T.);
#1032=EDGE_CURVE('',#1206,#1207,#198,.T.);
#1033=EDGE_CURVE('',#1197,#1206,#199,.T.);
#1034=EDGE_CURVE('',#1196,#1207,#200,.T.);
#1035=EDGE_CURVE('',#1208,#1209,#201,.T.);
#1036=EDGE_CURVE('',#1177,#1208,#202,.T.);
#1037=EDGE_CURVE('',#1176,#1209,#203,.T.);
#1038=EDGE_CURVE('',#1156,#1210,#204,.F.);
#1039=EDGE_CURVE('',#1203,#1210,#38,.T.);
#1040=EDGE_CURVE('',#1157,#1156,#205,.T.);
#1041=EDGE_CURVE('',#1211,#1157,#206,.T.);
#1042=EDGE_CURVE('',#1198,#1211,#39,.F.);
#1043=EDGE_CURVE('',#1212,#1208,#207,.T.);
#1044=EDGE_CURVE('',#1212,#1161,#208,.T.);
#1045=EDGE_CURVE('',#1213,#1212,#209,.T.);
#1046=EDGE_CURVE('',#1213,#1158,#210,.T.);
#1047=EDGE_CURVE('',#1213,#1209,#211,.T.);
#1048=EDGE_CURVE('',#1214,#1206,#212,.T.);
#1049=EDGE_CURVE('',#1214,#1181,#213,.T.);
#1050=EDGE_CURVE('',#1215,#1214,#214,.T.);
#1051=EDGE_CURVE('',#1215,#1178,#215,.T.);
#1052=EDGE_CURVE('',#1215,#1207,#216,.T.);
#1053=EDGE_CURVE('',#1200,#1216,#217,.T.);
#1054=EDGE_CURVE('',#1216,#1211,#218,.T.);
#1055=EDGE_CURVE('',#1205,#1200,#219,.F.);
#1056=EDGE_CURVE('',#1217,#1205,#220,.F.);
#1057=EDGE_CURVE('',#1210,#1217,#221,.T.);
#1058=EDGE_CURVE('',#1217,#1218,#222,.T.);
#1059=EDGE_CURVE('',#1218,#1219,#223,.T.);
#1060=EDGE_CURVE('',#1219,#1208,#224,.T.);
#1061=EDGE_CURVE('',#1209,#1206,#225,.T.);
#1062=EDGE_CURVE('',#1207,#1216,#226,.T.);
#1063=EDGE_CURVE('',#1220,#1221,#227,.T.);
#1064=EDGE_CURVE('',#1221,#1218,#228,.T.);
#1065=EDGE_CURVE('',#1220,#1219,#229,.T.);
#1066=EDGE_CURVE('',#1221,#1222,#230,.T.);
#1067=EDGE_CURVE('',#1222,#1223,#1282,.T.);
#1068=EDGE_CURVE('',#1223,#1224,#231,.T.);
#1069=EDGE_CURVE('',#1224,#1225,#1283,.T.);
#1070=EDGE_CURVE('',#1225,#1226,#232,.T.);
#1071=EDGE_CURVE('',#1226,#1227,#233,.T.);
#1072=EDGE_CURVE('',#1227,#1228,#234,.T.);
#1073=EDGE_CURVE('',#1228,#1229,#1284,.T.);
#1074=EDGE_CURVE('',#1229,#1230,#235,.T.);
#1075=EDGE_CURVE('',#1230,#1231,#1285,.T.);
#1076=EDGE_CURVE('',#1231,#1218,#236,.T.);
#1077=EDGE_CURVE('',#1220,#1232,#237,.T.);
#1078=EDGE_CURVE('',#1233,#1219,#238,.T.);
#1079=EDGE_CURVE('',#1234,#1233,#1286,.T.);
#1080=EDGE_CURVE('',#1235,#1234,#239,.T.);
#1081=EDGE_CURVE('',#1236,#1235,#1287,.T.);
#1082=EDGE_CURVE('',#1237,#1236,#240,.T.);
#1083=EDGE_CURVE('',#1238,#1237,#241,.T.);
#1084=EDGE_CURVE('',#1239,#1238,#242,.T.);
#1085=EDGE_CURVE('',#1240,#1239,#1288,.T.);
#1086=EDGE_CURVE('',#1241,#1240,#243,.T.);
#1087=EDGE_CURVE('',#1232,#1241,#1289,.T.);
#1088=EDGE_CURVE('',#1229,#1235,#244,.T.);
#1089=EDGE_CURVE('',#1228,#1236,#245,.T.);
#1090=EDGE_CURVE('',#1227,#1237,#246,.T.);
#1091=EDGE_CURVE('',#1226,#1238,#247,.T.);
#1092=EDGE_CURVE('',#1225,#1239,#248,.T.);
#1093=EDGE_CURVE('',#1224,#1240,#249,.T.);
#1094=EDGE_CURVE('',#1223,#1241,#250,.T.);
#1095=EDGE_CURVE('',#1222,#1232,#251,.T.);
#1096=EDGE_CURVE('',#1231,#1233,#252,.T.);
#1097=EDGE_CURVE('',#1230,#1234,#253,.T.);
#1098=VERTEX_POINT('',#2792);
#1099=VERTEX_POINT('',#2793);
#1100=VERTEX_POINT('',#2795);
#1101=VERTEX_POINT('',#2797);
#1102=VERTEX_POINT('',#2801);
#1103=VERTEX_POINT('',#2803);
#1104=VERTEX_POINT('',#2807);
#1105=VERTEX_POINT('',#2809);
#1106=VERTEX_POINT('',#2813);
#1107=VERTEX_POINT('',#2815);
#1108=VERTEX_POINT('',#2819);
#1109=VERTEX_POINT('',#2821);
#1110=VERTEX_POINT('',#2825);
#1111=VERTEX_POINT('',#2827);
#1112=VERTEX_POINT('',#2831);
#1113=VERTEX_POINT('',#2833);
#1114=VERTEX_POINT('',#2837);
#1115=VERTEX_POINT('',#2839);
#1116=VERTEX_POINT('',#2843);
#1117=VERTEX_POINT('',#2845);
#1118=VERTEX_POINT('',#2849);
#1119=VERTEX_POINT('',#2851);
#1120=VERTEX_POINT('',#2855);
#1121=VERTEX_POINT('',#2859);
#1122=VERTEX_POINT('',#2865);
#1123=VERTEX_POINT('',#2866);
#1124=VERTEX_POINT('',#2868);
#1125=VERTEX_POINT('',#2870);
#1126=VERTEX_POINT('',#2872);
#1127=VERTEX_POINT('',#2875);
#1128=VERTEX_POINT('',#2879);
#1129=VERTEX_POINT('',#2881);
#1130=VERTEX_POINT('',#2896);
#1131=VERTEX_POINT('',#2897);
#1132=VERTEX_POINT('',#2899);
#1133=VERTEX_POINT('',#2904);
#1134=VERTEX_POINT('',#2919);
#1135=VERTEX_POINT('',#2921);
#1136=VERTEX_POINT('',#2925);
#1137=VERTEX_POINT('',#2927);
#1138=VERTEX_POINT('',#2931);
#1139=VERTEX_POINT('',#2935);
#1140=VERTEX_POINT('',#2936);
#1141=VERTEX_POINT('',#2952);
#1142=VERTEX_POINT('',#2953);
#1143=VERTEX_POINT('',#2956);
#1144=VERTEX_POINT('',#2960);
#1145=VERTEX_POINT('',#2961);
#1146=VERTEX_POINT('',#2963);
#1147=VERTEX_POINT('',#2979);
#1148=VERTEX_POINT('',#2985);
#1149=VERTEX_POINT('',#2989);
#1150=VERTEX_POINT('',#2990);
#1151=VERTEX_POINT('',#2995);
#1152=VERTEX_POINT('',#2996);
#1153=VERTEX_POINT('',#3001);
#1154=VERTEX_POINT('',#3005);
#1155=VERTEX_POINT('',#3007);
#1156=VERTEX_POINT('',#3022);
#1157=VERTEX_POINT('',#3037);
#1158=VERTEX_POINT('',#3041);
#1159=VERTEX_POINT('',#3042);
#1160=VERTEX_POINT('',#3044);
#1161=VERTEX_POINT('',#3046);
#1162=VERTEX_POINT('',#3050);
#1163=VERTEX_POINT('',#3052);
#1164=VERTEX_POINT('',#3056);
#1165=VERTEX_POINT('',#3058);
#1166=VERTEX_POINT('',#3062);
#1167=VERTEX_POINT('',#3064);
#1168=VERTEX_POINT('',#3068);
#1169=VERTEX_POINT('',#3070);
#1170=VERTEX_POINT('',#3074);
#1171=VERTEX_POINT('',#3076);
#1172=VERTEX_POINT('',#3080);
#1173=VERTEX_POINT('',#3082);
#1174=VERTEX_POINT('',#3086);
#1175=VERTEX_POINT('',#3088);
#1176=VERTEX_POINT('',#3092);
#1177=VERTEX_POINT('',#3094);
#1178=VERTEX_POINT('',#3098);
#1179=VERTEX_POINT('',#3099);
#1180=VERTEX_POINT('',#3101);
#1181=VERTEX_POINT('',#3103);
#1182=VERTEX_POINT('',#3107);
#1183=VERTEX_POINT('',#3109);
#1184=VERTEX_POINT('',#3113);
#1185=VERTEX_POINT('',#3115);
#1186=VERTEX_POINT('',#3119);
#1187=VERTEX_POINT('',#3121);
#1188=VERTEX_POINT('',#3125);
#1189=VERTEX_POINT('',#3127);
#1190=VERTEX_POINT('',#3131);
#1191=VERTEX_POINT('',#3133);
#1192=VERTEX_POINT('',#3137);
#1193=VERTEX_POINT('',#3139);
#1194=VERTEX_POINT('',#3143);
#1195=VERTEX_POINT('',#3145);
#1196=VERTEX_POINT('',#3149);
#1197=VERTEX_POINT('',#3151);
#1198=VERTEX_POINT('',#3155);
#1199=VERTEX_POINT('',#3157);
#1200=VERTEX_POINT('',#3174);
#1201=VERTEX_POINT('',#3175);
#1202=VERTEX_POINT('',#3180);
#1203=VERTEX_POINT('',#3184);
#1204=VERTEX_POINT('',#3186);
#1205=VERTEX_POINT('',#3201);
#1206=VERTEX_POINT('',#3207);
#1207=VERTEX_POINT('',#3208);
#1208=VERTEX_POINT('',#3213);
#1209=VERTEX_POINT('',#3214);
#1210=VERTEX_POINT('',#3219);
#1211=VERTEX_POINT('',#3225);
#1212=VERTEX_POINT('',#3229);
#1213=VERTEX_POINT('',#3233);
#1214=VERTEX_POINT('',#3239);
#1215=VERTEX_POINT('',#3243);
#1216=VERTEX_POINT('',#3249);
#1217=VERTEX_POINT('',#3255);
#1218=VERTEX_POINT('',#3259);
#1219=VERTEX_POINT('',#3261);
#1220=VERTEX_POINT('',#3267);
#1221=VERTEX_POINT('',#3268);
#1222=VERTEX_POINT('',#3273);
#1223=VERTEX_POINT('',#3275);
#1224=VERTEX_POINT('',#3277);
#1225=VERTEX_POINT('',#3279);
#1226=VERTEX_POINT('',#3281);
#1227=VERTEX_POINT('',#3283);
#1228=VERTEX_POINT('',#3285);
#1229=VERTEX_POINT('',#3287);
#1230=VERTEX_POINT('',#3289);
#1231=VERTEX_POINT('',#3291);
#1232=VERTEX_POINT('',#3295);
#1233=VERTEX_POINT('',#3297);
#1234=VERTEX_POINT('',#3299);
#1235=VERTEX_POINT('',#3301);
#1236=VERTEX_POINT('',#3303);
#1237=VERTEX_POINT('',#3305);
#1238=VERTEX_POINT('',#3307);
#1239=VERTEX_POINT('',#3309);
#1240=VERTEX_POINT('',#3311);
#1241=VERTEX_POINT('',#3313);
#1242=CIRCLE('',#2190,0.6);
#1243=CIRCLE('',#2191,0.6);
#1244=CIRCLE('',#2194,0.2);
#1245=CIRCLE('',#2195,0.2);
#1246=CIRCLE('',#2200,0.5);
#1247=CIRCLE('',#2201,0.5);
#1248=CIRCLE('',#2204,0.3);
#1249=CIRCLE('',#2205,0.3);
#1250=CIRCLE('',#2212,0.075);
#1251=CIRCLE('',#2214,0.075);
#1252=CIRCLE('',#2217,0.075);
#1253=CIRCLE('',#2219,0.075);
#1254=CIRCLE('',#2222,0.075);
#1255=CIRCLE('',#2227,0.075);
#1256=CIRCLE('',#2229,0.075);
#1257=CIRCLE('',#2232,0.075);
#1258=CIRCLE('',#2233,0.075);
#1259=CIRCLE('',#2234,0.075);
#1260=CIRCLE('',#2240,0.075);
#1261=CIRCLE('',#2242,0.075);
#1262=CIRCLE('',#2248,0.075);
#1263=CIRCLE('',#2249,0.075);
#1264=CIRCLE('',#2252,0.582299822031014);
#1265=CIRCLE('',#2253,0.582299822031014);
#1266=CIRCLE('',#2256,0.199215936651899);
#1267=CIRCLE('',#2257,0.199215936651899);
#1268=CIRCLE('',#2262,0.499215936651899);
#1269=CIRCLE('',#2263,0.499215936651899);
#1270=CIRCLE('',#2266,0.282299822031015);
#1271=CIRCLE('',#2267,0.282299822031015);
#1272=CIRCLE('',#2269,0.582299822031014);
#1273=CIRCLE('',#2270,0.582299822031014);
#1274=CIRCLE('',#2273,0.199215936651899);
#1275=CIRCLE('',#2274,0.199215936651899);
#1276=CIRCLE('',#2279,0.499215936651899);
#1277=CIRCLE('',#2280,0.499215936651899);
#1278=CIRCLE('',#2283,0.282299822031015);
#1279=CIRCLE('',#2284,0.282299822031015);
#1280=CIRCLE('',#2287,0.075);
#1281=CIRCLE('',#2293,0.075);
#1282=CIRCLE('',#2315,0.582299822031014);
#1283=CIRCLE('',#2316,0.199215936651899);
#1284=CIRCLE('',#2317,0.499215936651899);
#1285=CIRCLE('',#2318,0.282299822031015);
#1286=CIRCLE('',#2320,0.282299822031015);
#1287=CIRCLE('',#2321,0.499215936651899);
#1288=CIRCLE('',#2322,0.199215936651899);
#1289=CIRCLE('',#2323,0.582299822031014);
#1290=EDGE_LOOP('',(#414,#415,#416,#417));
#1291=EDGE_LOOP('',(#418,#419,#420,#421));
#1292=EDGE_LOOP('',(#422,#423,#424,#425));
#1293=EDGE_LOOP('',(#426,#427,#428,#429));
#1294=EDGE_LOOP('',(#430,#431,#432,#433));
#1295=EDGE_LOOP('',(#434,#435,#436,#437));
#1296=EDGE_LOOP('',(#438,#439,#440,#441));
#1297=EDGE_LOOP('',(#442,#443,#444,#445));
#1298=EDGE_LOOP('',(#446,#447,#448,#449));
#1299=EDGE_LOOP('',(#450,#451,#452,#453));
#1300=EDGE_LOOP('',(#454,#455,#456,#457,#458,#459,#460,#461,#462,#463,#464,
#465));
#1301=EDGE_LOOP('',(#466,#467,#468,#469));
#1302=EDGE_LOOP('',(#470,#471,#472,#473,#474,#475,#476,#477,#478,#479,#480,
#481));
#1303=EDGE_LOOP('',(#482,#483,#484,#485,#486,#487,#488,#489));
#1304=EDGE_LOOP('',(#490,#491,#492,#493,#494,#495,#496,#497));
#1305=EDGE_LOOP('',(#498,#499,#500,#501));
#1306=EDGE_LOOP('',(#502,#503,#504,#505));
#1307=EDGE_LOOP('',(#506,#507,#508,#509));
#1308=EDGE_LOOP('',(#510,#511,#512,#513));
#1309=EDGE_LOOP('',(#514,#515,#516,#517));
#1310=EDGE_LOOP('',(#518,#519,#520,#521,#522,#523));
#1311=EDGE_LOOP('',(#524,#525,#526,#527));
#1312=EDGE_LOOP('',(#528,#529,#530,#531));
#1313=EDGE_LOOP('',(#532,#533,#534,#535));
#1314=EDGE_LOOP('',(#536,#537,#538,#539));
#1315=EDGE_LOOP('',(#540,#541,#542,#543));
#1316=EDGE_LOOP('',(#544,#545,#546,#547));
#1317=EDGE_LOOP('',(#548,#549,#550,#551));
#1318=EDGE_LOOP('',(#552,#553,#554,#555,#556,#557));
#1319=EDGE_LOOP('',(#558,#559,#560,#561,#562,#563,#564,#565));
#1320=EDGE_LOOP('',(#566,#567,#568,#569));
#1321=EDGE_LOOP('',(#570,#571,#572,#573));
#1322=EDGE_LOOP('',(#574,#575,#576,#577));
#1323=EDGE_LOOP('',(#578,#579,#580,#581));
#1324=EDGE_LOOP('',(#582,#583,#584,#585));
#1325=EDGE_LOOP('',(#586,#587,#588,#589));
#1326=EDGE_LOOP('',(#590,#591,#592,#593));
#1327=EDGE_LOOP('',(#594,#595,#596,#597));
#1328=EDGE_LOOP('',(#598,#599,#600,#601));
#1329=EDGE_LOOP('',(#602,#603,#604,#605));
#1330=EDGE_LOOP('',(#606,#607,#608,#609));
#1331=EDGE_LOOP('',(#610,#611,#612,#613));
#1332=EDGE_LOOP('',(#614,#615,#616,#617));
#1333=EDGE_LOOP('',(#618,#619,#620,#621));
#1334=EDGE_LOOP('',(#622,#623,#624,#625));
#1335=EDGE_LOOP('',(#626,#627,#628,#629));
#1336=EDGE_LOOP('',(#630,#631,#632,#633));
#1337=EDGE_LOOP('',(#634,#635,#636,#637));
#1338=EDGE_LOOP('',(#638,#639,#640,#641));
#1339=EDGE_LOOP('',(#642,#643,#644,#645));
#1340=EDGE_LOOP('',(#646,#647,#648,#649,#650,#651));
#1341=EDGE_LOOP('',(#652,#653,#654,#655));
#1342=EDGE_LOOP('',(#656,#657,#658,#659));
#1343=EDGE_LOOP('',(#660,#661,#662,#663,#664,#665,#666,#667));
#1344=EDGE_LOOP('',(#668,#669,#670,#671,#672,#673));
#1345=EDGE_LOOP('',(#674,#675,#676,#677));
#1346=EDGE_LOOP('',(#678,#679,#680,#681));
#1347=EDGE_LOOP('',(#682,#683,#684,#685));
#1348=EDGE_LOOP('',(#686,#687,#688,#689));
#1349=EDGE_LOOP('',(#690,#691,#692,#693));
#1350=EDGE_LOOP('',(#694,#695,#696,#697));
#1351=EDGE_LOOP('',(#698,#699,#700,#701));
#1352=EDGE_LOOP('',(#702,#703,#704,#705,#706,#707,#708,#709,#710,#711,#712,
#713));
#1353=EDGE_LOOP('',(#714,#715,#716,#717));
#1354=EDGE_LOOP('',(#718,#719,#720,#721,#722,#723,#724,#725,#726,#727,#728,
#729));
#1355=EDGE_LOOP('',(#730,#731,#732,#733,#734,#735,#736,#737,#738,#739,#740,
#741));
#1356=EDGE_LOOP('',(#742,#743,#744,#745));
#1357=EDGE_LOOP('',(#746,#747,#748,#749,#750,#751,#752,#753,#754,#755,#756,
#757));
#1358=EDGE_LOOP('',(#758,#759,#760,#761,#762,#763));
#1359=EDGE_LOOP('',(#764,#765,#766,#767));
#1360=EDGE_LOOP('',(#768,#769,#770,#771,#772,#773));
#1361=EDGE_LOOP('',(#774,#775,#776,#777,#778,#779,#780,#781,#782,#783,#784,
#785));
#1362=EDGE_LOOP('',(#786,#787,#788,#789,#790,#791,#792,#793,#794,#795,#796,
#797,#798,#799,#800,#801));
#1363=EDGE_LOOP('',(#802,#803,#804,#805,#806,#807,#808,#809,#810,#811,#812,
#813));
#1364=EDGE_LOOP('',(#814,#815,#816,#817,#818,#819,#820,#821,#822,#823,#824,
#825));
#1365=EDGE_LOOP('',(#826,#827,#828,#829));
#1366=EDGE_LOOP('',(#830,#831,#832,#833));
#1367=EDGE_LOOP('',(#834,#835,#836,#837));
#1368=EDGE_LOOP('',(#838,#839,#840,#841));
#1369=EDGE_LOOP('',(#842,#843,#844,#845));
#1370=EDGE_LOOP('',(#846,#847,#848,#849));
#1371=EDGE_LOOP('',(#850,#851,#852,#853));
#1372=EDGE_LOOP('',(#854,#855,#856,#857));
#1373=EDGE_LOOP('',(#858,#859,#860,#861));
#1374=EDGE_LOOP('',(#862,#863,#864,#865));
#1375=EDGE_LOOP('',(#866,#867,#868,#869));
#1376=FACE_BOUND('',#1290,.T.);
#1377=FACE_BOUND('',#1291,.T.);
#1378=FACE_BOUND('',#1292,.T.);
#1379=FACE_BOUND('',#1293,.T.);
#1380=FACE_BOUND('',#1294,.T.);
#1381=FACE_BOUND('',#1295,.T.);
#1382=FACE_BOUND('',#1296,.T.);
#1383=FACE_BOUND('',#1297,.T.);
#1384=FACE_BOUND('',#1298,.T.);
#1385=FACE_BOUND('',#1299,.T.);
#1386=FACE_BOUND('',#1300,.T.);
#1387=FACE_BOUND('',#1301,.T.);
#1388=FACE_BOUND('',#1302,.T.);
#1389=FACE_BOUND('',#1303,.T.);
#1390=FACE_BOUND('',#1304,.T.);
#1391=FACE_BOUND('',#1305,.T.);
#1392=FACE_BOUND('',#1306,.T.);
#1393=FACE_BOUND('',#1307,.T.);
#1394=FACE_BOUND('',#1308,.T.);
#1395=FACE_BOUND('',#1309,.T.);
#1396=FACE_BOUND('',#1310,.T.);
#1397=FACE_BOUND('',#1311,.T.);
#1398=FACE_BOUND('',#1312,.T.);
#1399=FACE_BOUND('',#1313,.T.);
#1400=FACE_BOUND('',#1314,.T.);
#1401=FACE_BOUND('',#1315,.T.);
#1402=FACE_BOUND('',#1316,.T.);
#1403=FACE_BOUND('',#1317,.T.);
#1404=FACE_BOUND('',#1318,.T.);
#1405=FACE_BOUND('',#1319,.T.);
#1406=FACE_BOUND('',#1320,.T.);
#1407=FACE_BOUND('',#1321,.T.);
#1408=FACE_BOUND('',#1322,.T.);
#1409=FACE_BOUND('',#1323,.T.);
#1410=FACE_BOUND('',#1324,.T.);
#1411=FACE_BOUND('',#1325,.T.);
#1412=FACE_BOUND('',#1326,.T.);
#1413=FACE_BOUND('',#1327,.T.);
#1414=FACE_BOUND('',#1328,.T.);
#1415=FACE_BOUND('',#1329,.T.);
#1416=FACE_BOUND('',#1330,.T.);
#1417=FACE_BOUND('',#1331,.T.);
#1418=FACE_BOUND('',#1332,.T.);
#1419=FACE_BOUND('',#1333,.T.);
#1420=FACE_BOUND('',#1334,.T.);
#1421=FACE_BOUND('',#1335,.T.);
#1422=FACE_BOUND('',#1336,.T.);
#1423=FACE_BOUND('',#1337,.T.);
#1424=FACE_BOUND('',#1338,.T.);
#1425=FACE_BOUND('',#1339,.T.);
#1426=FACE_BOUND('',#1340,.T.);
#1427=FACE_BOUND('',#1341,.T.);
#1428=FACE_BOUND('',#1342,.T.);
#1429=FACE_BOUND('',#1343,.T.);
#1430=FACE_BOUND('',#1344,.T.);
#1431=FACE_BOUND('',#1345,.T.);
#1432=FACE_BOUND('',#1346,.T.);
#1433=FACE_BOUND('',#1347,.T.);
#1434=FACE_BOUND('',#1348,.T.);
#1435=FACE_BOUND('',#1349,.T.);
#1436=FACE_BOUND('',#1350,.T.);
#1437=FACE_BOUND('',#1351,.T.);
#1438=FACE_BOUND('',#1352,.T.);
#1439=FACE_BOUND('',#1353,.T.);
#1440=FACE_BOUND('',#1354,.T.);
#1441=FACE_BOUND('',#1355,.T.);
#1442=FACE_BOUND('',#1356,.T.);
#1443=FACE_BOUND('',#1357,.T.);
#1444=FACE_BOUND('',#1358,.T.);
#1445=FACE_BOUND('',#1359,.T.);
#1446=FACE_BOUND('',#1360,.T.);
#1447=FACE_BOUND('',#1361,.T.);
#1448=FACE_BOUND('',#1362,.T.);
#1449=FACE_BOUND('',#1363,.T.);
#1450=FACE_BOUND('',#1364,.T.);
#1451=FACE_BOUND('',#1365,.T.);
#1452=FACE_BOUND('',#1366,.T.);
#1453=FACE_BOUND('',#1367,.T.);
#1454=FACE_BOUND('',#1368,.T.);
#1455=FACE_BOUND('',#1369,.T.);
#1456=FACE_BOUND('',#1370,.T.);
#1457=FACE_BOUND('',#1371,.T.);
#1458=FACE_BOUND('',#1372,.T.);
#1459=FACE_BOUND('',#1373,.T.);
#1460=FACE_BOUND('',#1374,.T.);
#1461=FACE_BOUND('',#1375,.T.);
#1462=CYLINDRICAL_SURFACE('',#2189,0.6);
#1463=CYLINDRICAL_SURFACE('',#2193,0.2);
#1464=CYLINDRICAL_SURFACE('',#2199,0.5);
#1465=CYLINDRICAL_SURFACE('',#2203,0.3);
#1466=CYLINDRICAL_SURFACE('',#2216,0.075);
#1467=CYLINDRICAL_SURFACE('',#2221,0.075);
#1468=CYLINDRICAL_SURFACE('',#2223,0.125);
#1469=CYLINDRICAL_SURFACE('',#2225,0.125);
#1470=CYLINDRICAL_SURFACE('',#2231,0.075);
#1471=CYLINDRICAL_SURFACE('',#2236,0.075);
#1472=CYLINDRICAL_SURFACE('',#2237,0.125);
#1473=CYLINDRICAL_SURFACE('',#2239,0.075);
#1474=CYLINDRICAL_SURFACE('',#2241,0.075);
#1475=CYLINDRICAL_SURFACE('',#2243,0.125);
#1476=CYLINDRICAL_SURFACE('',#2251,0.582299822031014);
#1477=CYLINDRICAL_SURFACE('',#2255,0.199215936651899);
#1478=CYLINDRICAL_SURFACE('',#2261,0.499215936651899);
#1479=CYLINDRICAL_SURFACE('',#2265,0.282299822031015);
#1480=CYLINDRICAL_SURFACE('',#2268,0.582299822031014);
#1481=CYLINDRICAL_SURFACE('',#2272,0.199215936651899);
#1482=CYLINDRICAL_SURFACE('',#2278,0.499215936651899);
#1483=CYLINDRICAL_SURFACE('',#2282,0.282299822031015);
#1484=CYLINDRICAL_SURFACE('',#2298,0.125);
#1485=CYLINDRICAL_SURFACE('',#2300,0.075);
#1486=CYLINDRICAL_SURFACE('',#2301,0.125);
#1487=CYLINDRICAL_SURFACE('',#2309,0.125);
#1488=CYLINDRICAL_SURFACE('',#2310,0.075);
#1489=CYLINDRICAL_SURFACE('',#2311,0.125);
#1490=CYLINDRICAL_SURFACE('',#2324,0.499215936651899);
#1491=CYLINDRICAL_SURFACE('',#2328,0.199215936651899);
#1492=CYLINDRICAL_SURFACE('',#2330,0.582299822031014);
#1493=CYLINDRICAL_SURFACE('',#2333,0.282299822031015);
#1494=STYLED_ITEM('',(#1580),#2098);
#1495=STYLED_ITEM('',(#1581),#2099);
#1496=STYLED_ITEM('',(#1582),#2100);
#1497=STYLED_ITEM('',(#1583),#2101);
#1498=STYLED_ITEM('',(#1584),#2102);
#1499=STYLED_ITEM('',(#1585),#2103);
#1500=STYLED_ITEM('',(#1586),#2104);
#1501=STYLED_ITEM('',(#1587),#2105);
#1502=STYLED_ITEM('',(#1588),#2106);
#1503=STYLED_ITEM('',(#1589),#2107);
#1504=STYLED_ITEM('',(#1590),#2108);
#1505=STYLED_ITEM('',(#1591),#2109);
#1506=STYLED_ITEM('',(#1592),#2110);
#1507=STYLED_ITEM('',(#1593),#2111);
#1508=STYLED_ITEM('',(#1594),#2112);
#1509=STYLED_ITEM('',(#1595),#2113);
#1510=STYLED_ITEM('',(#1596),#2114);
#1511=STYLED_ITEM('',(#1597),#2115);
#1512=STYLED_ITEM('',(#1598),#2116);
#1513=STYLED_ITEM('',(#1599),#2117);
#1514=STYLED_ITEM('',(#1600),#2118);
#1515=STYLED_ITEM('',(#1601),#2119);
#1516=STYLED_ITEM('',(#1602),#2120);
#1517=STYLED_ITEM('',(#1603),#2121);
#1518=STYLED_ITEM('',(#1604),#2122);
#1519=STYLED_ITEM('',(#1605),#2123);
#1520=STYLED_ITEM('',(#1606),#2124);
#1521=STYLED_ITEM('',(#1607),#2125);
#1522=STYLED_ITEM('',(#1608),#2126);
#1523=STYLED_ITEM('',(#1609),#2127);
#1524=STYLED_ITEM('',(#1610),#2128);
#1525=STYLED_ITEM('',(#1611),#2129);
#1526=STYLED_ITEM('',(#1612),#2130);
#1527=STYLED_ITEM('',(#1613),#2131);
#1528=STYLED_ITEM('',(#1614),#2132);
#1529=STYLED_ITEM('',(#1615),#2133);
#1530=STYLED_ITEM('',(#1616),#2134);
#1531=STYLED_ITEM('',(#1617),#2135);
#1532=STYLED_ITEM('',(#1618),#2136);
#1533=STYLED_ITEM('',(#1619),#2137);
#1534=STYLED_ITEM('',(#1620),#2138);
#1535=STYLED_ITEM('',(#1621),#2139);
#1536=STYLED_ITEM('',(#1622),#2140);
#1537=STYLED_ITEM('',(#1623),#2141);
#1538=STYLED_ITEM('',(#1624),#2142);
#1539=STYLED_ITEM('',(#1625),#2143);
#1540=STYLED_ITEM('',(#1626),#2144);
#1541=STYLED_ITEM('',(#1627),#2145);
#1542=STYLED_ITEM('',(#1628),#2146);
#1543=STYLED_ITEM('',(#1629),#2147);
#1544=STYLED_ITEM('',(#1630),#2148);
#1545=STYLED_ITEM('',(#1631),#2149);
#1546=STYLED_ITEM('',(#1632),#2150);
#1547=STYLED_ITEM('',(#1633),#2151);
#1548=STYLED_ITEM('',(#1634),#2152);
#1549=STYLED_ITEM('',(#1635),#2153);
#1550=STYLED_ITEM('',(#1636),#2154);
#1551=STYLED_ITEM('',(#1637),#2155);
#1552=STYLED_ITEM('',(#1638),#2156);
#1553=STYLED_ITEM('',(#1639),#2157);
#1554=STYLED_ITEM('',(#1640),#2158);
#1555=STYLED_ITEM('',(#1641),#2159);
#1556=STYLED_ITEM('',(#1642),#2160);
#1557=STYLED_ITEM('',(#1643),#2161);
#1558=STYLED_ITEM('',(#1644),#2162);
#1559=STYLED_ITEM('',(#1645),#2163);
#1560=STYLED_ITEM('',(#1646),#2164);
#1561=STYLED_ITEM('',(#1647),#2165);
#1562=STYLED_ITEM('',(#1648),#2166);
#1563=STYLED_ITEM('',(#1649),#2167);
#1564=STYLED_ITEM('',(#1650),#2168);
#1565=STYLED_ITEM('',(#1651),#2169);
#1566=STYLED_ITEM('',(#1652),#2170);
#1567=STYLED_ITEM('',(#1653),#2171);
#1568=STYLED_ITEM('',(#1654),#2172);
#1569=STYLED_ITEM('',(#1655),#2173);
#1570=STYLED_ITEM('',(#1656),#2174);
#1571=STYLED_ITEM('',(#1657),#2175);
#1572=STYLED_ITEM('',(#1658),#2176);
#1573=STYLED_ITEM('',(#1659),#2177);
#1574=STYLED_ITEM('',(#1660),#2178);
#1575=STYLED_ITEM('',(#1661),#2179);
#1576=STYLED_ITEM('',(#1662),#2180);
#1577=STYLED_ITEM('',(#1663),#2181);
#1578=STYLED_ITEM('',(#1664),#2182);
#1579=STYLED_ITEM('',(#1665),#2183);
#1580=PRESENTATION_STYLE_ASSIGNMENT((#1666));
#1581=PRESENTATION_STYLE_ASSIGNMENT((#1667));
#1582=PRESENTATION_STYLE_ASSIGNMENT((#1668));
#1583=PRESENTATION_STYLE_ASSIGNMENT((#1669));
#1584=PRESENTATION_STYLE_ASSIGNMENT((#1670));
#1585=PRESENTATION_STYLE_ASSIGNMENT((#1671));
#1586=PRESENTATION_STYLE_ASSIGNMENT((#1672));
#1587=PRESENTATION_STYLE_ASSIGNMENT((#1673));
#1588=PRESENTATION_STYLE_ASSIGNMENT((#1674));
#1589=PRESENTATION_STYLE_ASSIGNMENT((#1675));
#1590=PRESENTATION_STYLE_ASSIGNMENT((#1676));
#1591=PRESENTATION_STYLE_ASSIGNMENT((#1677));
#1592=PRESENTATION_STYLE_ASSIGNMENT((#1678));
#1593=PRESENTATION_STYLE_ASSIGNMENT((#1679));
#1594=PRESENTATION_STYLE_ASSIGNMENT((#1680));
#1595=PRESENTATION_STYLE_ASSIGNMENT((#1681));
#1596=PRESENTATION_STYLE_ASSIGNMENT((#1682));
#1597=PRESENTATION_STYLE_ASSIGNMENT((#1683));
#1598=PRESENTATION_STYLE_ASSIGNMENT((#1684));
#1599=PRESENTATION_STYLE_ASSIGNMENT((#1685));
#1600=PRESENTATION_STYLE_ASSIGNMENT((#1686));
#1601=PRESENTATION_STYLE_ASSIGNMENT((#1687));
#1602=PRESENTATION_STYLE_ASSIGNMENT((#1688));
#1603=PRESENTATION_STYLE_ASSIGNMENT((#1689));
#1604=PRESENTATION_STYLE_ASSIGNMENT((#1690));
#1605=PRESENTATION_STYLE_ASSIGNMENT((#1691));
#1606=PRESENTATION_STYLE_ASSIGNMENT((#1692));
#1607=PRESENTATION_STYLE_ASSIGNMENT((#1693));
#1608=PRESENTATION_STYLE_ASSIGNMENT((#1694));
#1609=PRESENTATION_STYLE_ASSIGNMENT((#1695));
#1610=PRESENTATION_STYLE_ASSIGNMENT((#1696));
#1611=PRESENTATION_STYLE_ASSIGNMENT((#1697));
#1612=PRESENTATION_STYLE_ASSIGNMENT((#1698));
#1613=PRESENTATION_STYLE_ASSIGNMENT((#1699));
#1614=PRESENTATION_STYLE_ASSIGNMENT((#1700));
#1615=PRESENTATION_STYLE_ASSIGNMENT((#1701));
#1616=PRESENTATION_STYLE_ASSIGNMENT((#1702));
#1617=PRESENTATION_STYLE_ASSIGNMENT((#1703));
#1618=PRESENTATION_STYLE_ASSIGNMENT((#1704));
#1619=PRESENTATION_STYLE_ASSIGNMENT((#1705));
#1620=PRESENTATION_STYLE_ASSIGNMENT((#1706));
#1621=PRESENTATION_STYLE_ASSIGNMENT((#1707));
#1622=PRESENTATION_STYLE_ASSIGNMENT((#1708));
#1623=PRESENTATION_STYLE_ASSIGNMENT((#1709));
#1624=PRESENTATION_STYLE_ASSIGNMENT((#1710));
#1625=PRESENTATION_STYLE_ASSIGNMENT((#1711));
#1626=PRESENTATION_STYLE_ASSIGNMENT((#1712));
#1627=PRESENTATION_STYLE_ASSIGNMENT((#1713));
#1628=PRESENTATION_STYLE_ASSIGNMENT((#1714));
#1629=PRESENTATION_STYLE_ASSIGNMENT((#1715));
#1630=PRESENTATION_STYLE_ASSIGNMENT((#1716));
#1631=PRESENTATION_STYLE_ASSIGNMENT((#1717));
#1632=PRESENTATION_STYLE_ASSIGNMENT((#1718));
#1633=PRESENTATION_STYLE_ASSIGNMENT((#1719));
#1634=PRESENTATION_STYLE_ASSIGNMENT((#1720));
#1635=PRESENTATION_STYLE_ASSIGNMENT((#1721));
#1636=PRESENTATION_STYLE_ASSIGNMENT((#1722));
#1637=PRESENTATION_STYLE_ASSIGNMENT((#1723));
#1638=PRESENTATION_STYLE_ASSIGNMENT((#1724));
#1639=PRESENTATION_STYLE_ASSIGNMENT((#1725));
#1640=PRESENTATION_STYLE_ASSIGNMENT((#1726));
#1641=PRESENTATION_STYLE_ASSIGNMENT((#1727));
#1642=PRESENTATION_STYLE_ASSIGNMENT((#1728));
#1643=PRESENTATION_STYLE_ASSIGNMENT((#1729));
#1644=PRESENTATION_STYLE_ASSIGNMENT((#1730));
#1645=PRESENTATION_STYLE_ASSIGNMENT((#1731));
#1646=PRESENTATION_STYLE_ASSIGNMENT((#1732));
#1647=PRESENTATION_STYLE_ASSIGNMENT((#1733));
#1648=PRESENTATION_STYLE_ASSIGNMENT((#1734));
#1649=PRESENTATION_STYLE_ASSIGNMENT((#1735));
#1650=PRESENTATION_STYLE_ASSIGNMENT((#1736));
#1651=PRESENTATION_STYLE_ASSIGNMENT((#1737));
#1652=PRESENTATION_STYLE_ASSIGNMENT((#1738));
#1653=PRESENTATION_STYLE_ASSIGNMENT((#1739));
#1654=PRESENTATION_STYLE_ASSIGNMENT((#1740));
#1655=PRESENTATION_STYLE_ASSIGNMENT((#1741));
#1656=PRESENTATION_STYLE_ASSIGNMENT((#1742));
#1657=PRESENTATION_STYLE_ASSIGNMENT((#1743));
#1658=PRESENTATION_STYLE_ASSIGNMENT((#1744));
#1659=PRESENTATION_STYLE_ASSIGNMENT((#1745));
#1660=PRESENTATION_STYLE_ASSIGNMENT((#1746));
#1661=PRESENTATION_STYLE_ASSIGNMENT((#1747));
#1662=PRESENTATION_STYLE_ASSIGNMENT((#1748));
#1663=PRESENTATION_STYLE_ASSIGNMENT((#1749));
#1664=PRESENTATION_STYLE_ASSIGNMENT((#1750));
#1665=PRESENTATION_STYLE_ASSIGNMENT((#1751));
#1666=SURFACE_STYLE_USAGE(.BOTH.,#1752);
#1667=SURFACE_STYLE_USAGE(.BOTH.,#1753);
#1668=SURFACE_STYLE_USAGE(.BOTH.,#1754);
#1669=SURFACE_STYLE_USAGE(.BOTH.,#1755);
#1670=SURFACE_STYLE_USAGE(.BOTH.,#1756);
#1671=SURFACE_STYLE_USAGE(.BOTH.,#1757);
#1672=SURFACE_STYLE_USAGE(.BOTH.,#1758);
#1673=SURFACE_STYLE_USAGE(.BOTH.,#1759);
#1674=SURFACE_STYLE_USAGE(.BOTH.,#1760);
#1675=SURFACE_STYLE_USAGE(.BOTH.,#1761);
#1676=SURFACE_STYLE_USAGE(.BOTH.,#1762);
#1677=SURFACE_STYLE_USAGE(.BOTH.,#1763);
#1678=SURFACE_STYLE_USAGE(.BOTH.,#1764);
#1679=SURFACE_STYLE_USAGE(.BOTH.,#1765);
#1680=SURFACE_STYLE_USAGE(.BOTH.,#1766);
#1681=SURFACE_STYLE_USAGE(.BOTH.,#1767);
#1682=SURFACE_STYLE_USAGE(.BOTH.,#1768);
#1683=SURFACE_STYLE_USAGE(.BOTH.,#1769);
#1684=SURFACE_STYLE_USAGE(.BOTH.,#1770);
#1685=SURFACE_STYLE_USAGE(.BOTH.,#1771);
#1686=SURFACE_STYLE_USAGE(.BOTH.,#1772);
#1687=SURFACE_STYLE_USAGE(.BOTH.,#1773);
#1688=SURFACE_STYLE_USAGE(.BOTH.,#1774);
#1689=SURFACE_STYLE_USAGE(.BOTH.,#1775);
#1690=SURFACE_STYLE_USAGE(.BOTH.,#1776);
#1691=SURFACE_STYLE_USAGE(.BOTH.,#1777);
#1692=SURFACE_STYLE_USAGE(.BOTH.,#1778);
#1693=SURFACE_STYLE_USAGE(.BOTH.,#1779);
#1694=SURFACE_STYLE_USAGE(.BOTH.,#1780);
#1695=SURFACE_STYLE_USAGE(.BOTH.,#1781);
#1696=SURFACE_STYLE_USAGE(.BOTH.,#1782);
#1697=SURFACE_STYLE_USAGE(.BOTH.,#1783);
#1698=SURFACE_STYLE_USAGE(.BOTH.,#1784);
#1699=SURFACE_STYLE_USAGE(.BOTH.,#1785);
#1700=SURFACE_STYLE_USAGE(.BOTH.,#1786);
#1701=SURFACE_STYLE_USAGE(.BOTH.,#1787);
#1702=SURFACE_STYLE_USAGE(.BOTH.,#1788);
#1703=SURFACE_STYLE_USAGE(.BOTH.,#1789);
#1704=SURFACE_STYLE_USAGE(.BOTH.,#1790);
#1705=SURFACE_STYLE_USAGE(.BOTH.,#1791);
#1706=SURFACE_STYLE_USAGE(.BOTH.,#1792);
#1707=SURFACE_STYLE_USAGE(.BOTH.,#1793);
#1708=SURFACE_STYLE_USAGE(.BOTH.,#1794);
#1709=SURFACE_STYLE_USAGE(.BOTH.,#1795);
#1710=SURFACE_STYLE_USAGE(.BOTH.,#1796);
#1711=SURFACE_STYLE_USAGE(.BOTH.,#1797);
#1712=SURFACE_STYLE_USAGE(.BOTH.,#1798);
#1713=SURFACE_STYLE_USAGE(.BOTH.,#1799);
#1714=SURFACE_STYLE_USAGE(.BOTH.,#1800);
#1715=SURFACE_STYLE_USAGE(.BOTH.,#1801);
#1716=SURFACE_STYLE_USAGE(.BOTH.,#1802);
#1717=SURFACE_STYLE_USAGE(.BOTH.,#1803);
#1718=SURFACE_STYLE_USAGE(.BOTH.,#1804);
#1719=SURFACE_STYLE_USAGE(.BOTH.,#1805);
#1720=SURFACE_STYLE_USAGE(.BOTH.,#1806);
#1721=SURFACE_STYLE_USAGE(.BOTH.,#1807);
#1722=SURFACE_STYLE_USAGE(.BOTH.,#1808);
#1723=SURFACE_STYLE_USAGE(.BOTH.,#1809);
#1724=SURFACE_STYLE_USAGE(.BOTH.,#1810);
#1725=SURFACE_STYLE_USAGE(.BOTH.,#1811);
#1726=SURFACE_STYLE_USAGE(.BOTH.,#1812);
#1727=SURFACE_STYLE_USAGE(.BOTH.,#1813);
#1728=SURFACE_STYLE_USAGE(.BOTH.,#1814);
#1729=SURFACE_STYLE_USAGE(.BOTH.,#1815);
#1730=SURFACE_STYLE_USAGE(.BOTH.,#1816);
#1731=SURFACE_STYLE_USAGE(.BOTH.,#1817);
#1732=SURFACE_STYLE_USAGE(.BOTH.,#1818);
#1733=SURFACE_STYLE_USAGE(.BOTH.,#1819);
#1734=SURFACE_STYLE_USAGE(.BOTH.,#1820);
#1735=SURFACE_STYLE_USAGE(.BOTH.,#1821);
#1736=SURFACE_STYLE_USAGE(.BOTH.,#1822);
#1737=SURFACE_STYLE_USAGE(.BOTH.,#1823);
#1738=SURFACE_STYLE_USAGE(.BOTH.,#1824);
#1739=SURFACE_STYLE_USAGE(.BOTH.,#1825);
#1740=SURFACE_STYLE_USAGE(.BOTH.,#1826);
#1741=SURFACE_STYLE_USAGE(.BOTH.,#1827);
#1742=SURFACE_STYLE_USAGE(.BOTH.,#1828);
#1743=SURFACE_STYLE_USAGE(.BOTH.,#1829);
#1744=SURFACE_STYLE_USAGE(.BOTH.,#1830);
#1745=SURFACE_STYLE_USAGE(.BOTH.,#1831);
#1746=SURFACE_STYLE_USAGE(.BOTH.,#1832);
#1747=SURFACE_STYLE_USAGE(.BOTH.,#1833);
#1748=SURFACE_STYLE_USAGE(.BOTH.,#1834);
#1749=SURFACE_STYLE_USAGE(.BOTH.,#1835);
#1750=SURFACE_STYLE_USAGE(.BOTH.,#1836);
#1751=SURFACE_STYLE_USAGE(.BOTH.,#1837);
#1752=SURFACE_SIDE_STYLE('',(#1838));
#1753=SURFACE_SIDE_STYLE('',(#1839));
#1754=SURFACE_SIDE_STYLE('',(#1840));
#1755=SURFACE_SIDE_STYLE('',(#1841));
#1756=SURFACE_SIDE_STYLE('',(#1842));
#1757=SURFACE_SIDE_STYLE('',(#1843));
#1758=SURFACE_SIDE_STYLE('',(#1844));
#1759=SURFACE_SIDE_STYLE('',(#1845));
#1760=SURFACE_SIDE_STYLE('',(#1846));
#1761=SURFACE_SIDE_STYLE('',(#1847));
#1762=SURFACE_SIDE_STYLE('',(#1848));
#1763=SURFACE_SIDE_STYLE('',(#1849));
#1764=SURFACE_SIDE_STYLE('',(#1850));
#1765=SURFACE_SIDE_STYLE('',(#1851));
#1766=SURFACE_SIDE_STYLE('',(#1852));
#1767=SURFACE_SIDE_STYLE('',(#1853));
#1768=SURFACE_SIDE_STYLE('',(#1854));
#1769=SURFACE_SIDE_STYLE('',(#1855));
#1770=SURFACE_SIDE_STYLE('',(#1856));
#1771=SURFACE_SIDE_STYLE('',(#1857));
#1772=SURFACE_SIDE_STYLE('',(#1858));
#1773=SURFACE_SIDE_STYLE('',(#1859));
#1774=SURFACE_SIDE_STYLE('',(#1860));
#1775=SURFACE_SIDE_STYLE('',(#1861));
#1776=SURFACE_SIDE_STYLE('',(#1862));
#1777=SURFACE_SIDE_STYLE('',(#1863));
#1778=SURFACE_SIDE_STYLE('',(#1864));
#1779=SURFACE_SIDE_STYLE('',(#1865));
#1780=SURFACE_SIDE_STYLE('',(#1866));
#1781=SURFACE_SIDE_STYLE('',(#1867));
#1782=SURFACE_SIDE_STYLE('',(#1868));
#1783=SURFACE_SIDE_STYLE('',(#1869));
#1784=SURFACE_SIDE_STYLE('',(#1870));
#1785=SURFACE_SIDE_STYLE('',(#1871));
#1786=SURFACE_SIDE_STYLE('',(#1872));
#1787=SURFACE_SIDE_STYLE('',(#1873));
#1788=SURFACE_SIDE_STYLE('',(#1874));
#1789=SURFACE_SIDE_STYLE('',(#1875));
#1790=SURFACE_SIDE_STYLE('',(#1876));
#1791=SURFACE_SIDE_STYLE('',(#1877));
#1792=SURFACE_SIDE_STYLE('',(#1878));
#1793=SURFACE_SIDE_STYLE('',(#1879));
#1794=SURFACE_SIDE_STYLE('',(#1880));
#1795=SURFACE_SIDE_STYLE('',(#1881));
#1796=SURFACE_SIDE_STYLE('',(#1882));
#1797=SURFACE_SIDE_STYLE('',(#1883));
#1798=SURFACE_SIDE_STYLE('',(#1884));
#1799=SURFACE_SIDE_STYLE('',(#1885));
#1800=SURFACE_SIDE_STYLE('',(#1886));
#1801=SURFACE_SIDE_STYLE('',(#1887));
#1802=SURFACE_SIDE_STYLE('',(#1888));
#1803=SURFACE_SIDE_STYLE('',(#1889));
#1804=SURFACE_SIDE_STYLE('',(#1890));
#1805=SURFACE_SIDE_STYLE('',(#1891));
#1806=SURFACE_SIDE_STYLE('',(#1892));
#1807=SURFACE_SIDE_STYLE('',(#1893));
#1808=SURFACE_SIDE_STYLE('',(#1894));
#1809=SURFACE_SIDE_STYLE('',(#1895));
#1810=SURFACE_SIDE_STYLE('',(#1896));
#1811=SURFACE_SIDE_STYLE('',(#1897));
#1812=SURFACE_SIDE_STYLE('',(#1898));
#1813=SURFACE_SIDE_STYLE('',(#1899));
#1814=SURFACE_SIDE_STYLE('',(#1900));
#1815=SURFACE_SIDE_STYLE('',(#1901));
#1816=SURFACE_SIDE_STYLE('',(#1902));
#1817=SURFACE_SIDE_STYLE('',(#1903));
#1818=SURFACE_SIDE_STYLE('',(#1904));
#1819=SURFACE_SIDE_STYLE('',(#1905));
#1820=SURFACE_SIDE_STYLE('',(#1906));
#1821=SURFACE_SIDE_STYLE('',(#1907));
#1822=SURFACE_SIDE_STYLE('',(#1908));
#1823=SURFACE_SIDE_STYLE('',(#1909));
#1824=SURFACE_SIDE_STYLE('',(#1910));
#1825=SURFACE_SIDE_STYLE('',(#1911));
#1826=SURFACE_SIDE_STYLE('',(#1912));
#1827=SURFACE_SIDE_STYLE('',(#1913));
#1828=SURFACE_SIDE_STYLE('',(#1914));
#1829=SURFACE_SIDE_STYLE('',(#1915));
#1830=SURFACE_SIDE_STYLE('',(#1916));
#1831=SURFACE_SIDE_STYLE('',(#1917));
#1832=SURFACE_SIDE_STYLE('',(#1918));
#1833=SURFACE_SIDE_STYLE('',(#1919));
#1834=SURFACE_SIDE_STYLE('',(#1920));
#1835=SURFACE_SIDE_STYLE('',(#1921));
#1836=SURFACE_SIDE_STYLE('',(#1922));
#1837=SURFACE_SIDE_STYLE('',(#1923));
#1838=SURFACE_STYLE_FILL_AREA(#1924);
#1839=SURFACE_STYLE_FILL_AREA(#1925);
#1840=SURFACE_STYLE_FILL_AREA(#1926);
#1841=SURFACE_STYLE_FILL_AREA(#1927);
#1842=SURFACE_STYLE_FILL_AREA(#1928);
#1843=SURFACE_STYLE_FILL_AREA(#1929);
#1844=SURFACE_STYLE_FILL_AREA(#1930);
#1845=SURFACE_STYLE_FILL_AREA(#1931);
#1846=SURFACE_STYLE_FILL_AREA(#1932);
#1847=SURFACE_STYLE_FILL_AREA(#1933);
#1848=SURFACE_STYLE_FILL_AREA(#1934);
#1849=SURFACE_STYLE_FILL_AREA(#1935);
#1850=SURFACE_STYLE_FILL_AREA(#1936);
#1851=SURFACE_STYLE_FILL_AREA(#1937);
#1852=SURFACE_STYLE_FILL_AREA(#1938);
#1853=SURFACE_STYLE_FILL_AREA(#1939);
#1854=SURFACE_STYLE_FILL_AREA(#1940);
#1855=SURFACE_STYLE_FILL_AREA(#1941);
#1856=SURFACE_STYLE_FILL_AREA(#1942);
#1857=SURFACE_STYLE_FILL_AREA(#1943);
#1858=SURFACE_STYLE_FILL_AREA(#1944);
#1859=SURFACE_STYLE_FILL_AREA(#1945);
#1860=SURFACE_STYLE_FILL_AREA(#1946);
#1861=SURFACE_STYLE_FILL_AREA(#1947);
#1862=SURFACE_STYLE_FILL_AREA(#1948);
#1863=SURFACE_STYLE_FILL_AREA(#1949);
#1864=SURFACE_STYLE_FILL_AREA(#1950);
#1865=SURFACE_STYLE_FILL_AREA(#1951);
#1866=SURFACE_STYLE_FILL_AREA(#1952);
#1867=SURFACE_STYLE_FILL_AREA(#1953);
#1868=SURFACE_STYLE_FILL_AREA(#1954);
#1869=SURFACE_STYLE_FILL_AREA(#1955);
#1870=SURFACE_STYLE_FILL_AREA(#1956);
#1871=SURFACE_STYLE_FILL_AREA(#1957);
#1872=SURFACE_STYLE_FILL_AREA(#1958);
#1873=SURFACE_STYLE_FILL_AREA(#1959);
#1874=SURFACE_STYLE_FILL_AREA(#1960);
#1875=SURFACE_STYLE_FILL_AREA(#1961);
#1876=SURFACE_STYLE_FILL_AREA(#1962);
#1877=SURFACE_STYLE_FILL_AREA(#1963);
#1878=SURFACE_STYLE_FILL_AREA(#1964);
#1879=SURFACE_STYLE_FILL_AREA(#1965);
#1880=SURFACE_STYLE_FILL_AREA(#1966);
#1881=SURFACE_STYLE_FILL_AREA(#1967);
#1882=SURFACE_STYLE_FILL_AREA(#1968);
#1883=SURFACE_STYLE_FILL_AREA(#1969);
#1884=SURFACE_STYLE_FILL_AREA(#1970);
#1885=SURFACE_STYLE_FILL_AREA(#1971);
#1886=SURFACE_STYLE_FILL_AREA(#1972);
#1887=SURFACE_STYLE_FILL_AREA(#1973);
#1888=SURFACE_STYLE_FILL_AREA(#1974);
#1889=SURFACE_STYLE_FILL_AREA(#1975);
#1890=SURFACE_STYLE_FILL_AREA(#1976);
#1891=SURFACE_STYLE_FILL_AREA(#1977);
#1892=SURFACE_STYLE_FILL_AREA(#1978);
#1893=SURFACE_STYLE_FILL_AREA(#1979);
#1894=SURFACE_STYLE_FILL_AREA(#1980);
#1895=SURFACE_STYLE_FILL_AREA(#1981);
#1896=SURFACE_STYLE_FILL_AREA(#1982);
#1897=SURFACE_STYLE_FILL_AREA(#1983);
#1898=SURFACE_STYLE_FILL_AREA(#1984);
#1899=SURFACE_STYLE_FILL_AREA(#1985);
#1900=SURFACE_STYLE_FILL_AREA(#1986);
#1901=SURFACE_STYLE_FILL_AREA(#1987);
#1902=SURFACE_STYLE_FILL_AREA(#1988);
#1903=SURFACE_STYLE_FILL_AREA(#1989);
#1904=SURFACE_STYLE_FILL_AREA(#1990);
#1905=SURFACE_STYLE_FILL_AREA(#1991);
#1906=SURFACE_STYLE_FILL_AREA(#1992);
#1907=SURFACE_STYLE_FILL_AREA(#1993);
#1908=SURFACE_STYLE_FILL_AREA(#1994);
#1909=SURFACE_STYLE_FILL_AREA(#1995);
#1910=SURFACE_STYLE_FILL_AREA(#1996);
#1911=SURFACE_STYLE_FILL_AREA(#1997);
#1912=SURFACE_STYLE_FILL_AREA(#1998);
#1913=SURFACE_STYLE_FILL_AREA(#1999);
#1914=SURFACE_STYLE_FILL_AREA(#2000);
#1915=SURFACE_STYLE_FILL_AREA(#2001);
#1916=SURFACE_STYLE_FILL_AREA(#2002);
#1917=SURFACE_STYLE_FILL_AREA(#2003);
#1918=SURFACE_STYLE_FILL_AREA(#2004);
#1919=SURFACE_STYLE_FILL_AREA(#2005);
#1920=SURFACE_STYLE_FILL_AREA(#2006);
#1921=SURFACE_STYLE_FILL_AREA(#2007);
#1922=SURFACE_STYLE_FILL_AREA(#2008);
#1923=SURFACE_STYLE_FILL_AREA(#2009);
#1924=FILL_AREA_STYLE('',(#2010));
#1925=FILL_AREA_STYLE('',(#2011));
#1926=FILL_AREA_STYLE('',(#2012));
#1927=FILL_AREA_STYLE('',(#2013));
#1928=FILL_AREA_STYLE('',(#2014));
#1929=FILL_AREA_STYLE('',(#2015));
#1930=FILL_AREA_STYLE('',(#2016));
#1931=FILL_AREA_STYLE('',(#2017));
#1932=FILL_AREA_STYLE('',(#2018));
#1933=FILL_AREA_STYLE('',(#2019));
#1934=FILL_AREA_STYLE('',(#2020));
#1935=FILL_AREA_STYLE('',(#2021));
#1936=FILL_AREA_STYLE('',(#2022));
#1937=FILL_AREA_STYLE('',(#2023));
#1938=FILL_AREA_STYLE('',(#2024));
#1939=FILL_AREA_STYLE('',(#2025));
#1940=FILL_AREA_STYLE('',(#2026));
#1941=FILL_AREA_STYLE('',(#2027));
#1942=FILL_AREA_STYLE('',(#2028));
#1943=FILL_AREA_STYLE('',(#2029));
#1944=FILL_AREA_STYLE('',(#2030));
#1945=FILL_AREA_STYLE('',(#2031));
#1946=FILL_AREA_STYLE('',(#2032));
#1947=FILL_AREA_STYLE('',(#2033));
#1948=FILL_AREA_STYLE('',(#2034));
#1949=FILL_AREA_STYLE('',(#2035));
#1950=FILL_AREA_STYLE('',(#2036));
#1951=FILL_AREA_STYLE('',(#2037));
#1952=FILL_AREA_STYLE('',(#2038));
#1953=FILL_AREA_STYLE('',(#2039));
#1954=FILL_AREA_STYLE('',(#2040));
#1955=FILL_AREA_STYLE('',(#2041));
#1956=FILL_AREA_STYLE('',(#2042));
#1957=FILL_AREA_STYLE('',(#2043));
#1958=FILL_AREA_STYLE('',(#2044));
#1959=FILL_AREA_STYLE('',(#2045));
#1960=FILL_AREA_STYLE('',(#2046));
#1961=FILL_AREA_STYLE('',(#2047));
#1962=FILL_AREA_STYLE('',(#2048));
#1963=FILL_AREA_STYLE('',(#2049));
#1964=FILL_AREA_STYLE('',(#2050));
#1965=FILL_AREA_STYLE('',(#2051));
#1966=FILL_AREA_STYLE('',(#2052));
#1967=FILL_AREA_STYLE('',(#2053));
#1968=FILL_AREA_STYLE('',(#2054));
#1969=FILL_AREA_STYLE('',(#2055));
#1970=FILL_AREA_STYLE('',(#2056));
#1971=FILL_AREA_STYLE('',(#2057));
#1972=FILL_AREA_STYLE('',(#2058));
#1973=FILL_AREA_STYLE('',(#2059));
#1974=FILL_AREA_STYLE('',(#2060));
#1975=FILL_AREA_STYLE('',(#2061));
#1976=FILL_AREA_STYLE('',(#2062));
#1977=FILL_AREA_STYLE('',(#2063));
#1978=FILL_AREA_STYLE('',(#2064));
#1979=FILL_AREA_STYLE('',(#2065));
#1980=FILL_AREA_STYLE('',(#2066));
#1981=FILL_AREA_STYLE('',(#2067));
#1982=FILL_AREA_STYLE('',(#2068));
#1983=FILL_AREA_STYLE('',(#2069));
#1984=FILL_AREA_STYLE('',(#2070));
#1985=FILL_AREA_STYLE('',(#2071));
#1986=FILL_AREA_STYLE('',(#2072));
#1987=FILL_AREA_STYLE('',(#2073));
#1988=FILL_AREA_STYLE('',(#2074));
#1989=FILL_AREA_STYLE('',(#2075));
#1990=FILL_AREA_STYLE('',(#2076));
#1991=FILL_AREA_STYLE('',(#2077));
#1992=FILL_AREA_STYLE('',(#2078));
#1993=FILL_AREA_STYLE('',(#2079));
#1994=FILL_AREA_STYLE('',(#2080));
#1995=FILL_AREA_STYLE('',(#2081));
#1996=FILL_AREA_STYLE('',(#2082));
#1997=FILL_AREA_STYLE('',(#2083));
#1998=FILL_AREA_STYLE('',(#2084));
#1999=FILL_AREA_STYLE('',(#2085));
#2000=FILL_AREA_STYLE('',(#2086));
#2001=FILL_AREA_STYLE('',(#2087));
#2002=FILL_AREA_STYLE('',(#2088));
#2003=FILL_AREA_STYLE('',(#2089));
#2004=FILL_AREA_STYLE('',(#2090));
#2005=FILL_AREA_STYLE('',(#2091));
#2006=FILL_AREA_STYLE('',(#2092));
#2007=FILL_AREA_STYLE('',(#2093));
#2008=FILL_AREA_STYLE('',(#2094));
#2009=FILL_AREA_STYLE('',(#2095));
#2010=FILL_AREA_STYLE_COLOUR('',#2096);
#2011=FILL_AREA_STYLE_COLOUR('',#2096);
#2012=FILL_AREA_STYLE_COLOUR('',#2096);
#2013=FILL_AREA_STYLE_COLOUR('',#2096);
#2014=FILL_AREA_STYLE_COLOUR('',#2096);
#2015=FILL_AREA_STYLE_COLOUR('',#2096);
#2016=FILL_AREA_STYLE_COLOUR('',#2096);
#2017=FILL_AREA_STYLE_COLOUR('',#2096);
#2018=FILL_AREA_STYLE_COLOUR('',#2096);
#2019=FILL_AREA_STYLE_COLOUR('',#2096);
#2020=FILL_AREA_STYLE_COLOUR('',#2096);
#2021=FILL_AREA_STYLE_COLOUR('',#2096);
#2022=FILL_AREA_STYLE_COLOUR('',#2096);
#2023=FILL_AREA_STYLE_COLOUR('',#2097);
#2024=FILL_AREA_STYLE_COLOUR('',#2097);
#2025=FILL_AREA_STYLE_COLOUR('',#2097);
#2026=FILL_AREA_STYLE_COLOUR('',#2097);
#2027=FILL_AREA_STYLE_COLOUR('',#2097);
#2028=FILL_AREA_STYLE_COLOUR('',#2097);
#2029=FILL_AREA_STYLE_COLOUR('',#2097);
#2030=FILL_AREA_STYLE_COLOUR('',#2097);
#2031=FILL_AREA_STYLE_COLOUR('',#2097);
#2032=FILL_AREA_STYLE_COLOUR('',#2097);
#2033=FILL_AREA_STYLE_COLOUR('',#2097);
#2034=FILL_AREA_STYLE_COLOUR('',#2097);
#2035=FILL_AREA_STYLE_COLOUR('',#2097);
#2036=FILL_AREA_STYLE_COLOUR('',#2097);
#2037=FILL_AREA_STYLE_COLOUR('',#2097);
#2038=FILL_AREA_STYLE_COLOUR('',#2097);
#2039=FILL_AREA_STYLE_COLOUR('',#2097);
#2040=FILL_AREA_STYLE_COLOUR('',#2097);
#2041=FILL_AREA_STYLE_COLOUR('',#2097);
#2042=FILL_AREA_STYLE_COLOUR('',#2096);
#2043=FILL_AREA_STYLE_COLOUR('',#2096);
#2044=FILL_AREA_STYLE_COLOUR('',#2096);
#2045=FILL_AREA_STYLE_COLOUR('',#2096);
#2046=FILL_AREA_STYLE_COLOUR('',#2096);
#2047=FILL_AREA_STYLE_COLOUR('',#2096);
#2048=FILL_AREA_STYLE_COLOUR('',#2096);
#2049=FILL_AREA_STYLE_COLOUR('',#2096);
#2050=FILL_AREA_STYLE_COLOUR('',#2096);
#2051=FILL_AREA_STYLE_COLOUR('',#2096);
#2052=FILL_AREA_STYLE_COLOUR('',#2096);
#2053=FILL_AREA_STYLE_COLOUR('',#2096);
#2054=FILL_AREA_STYLE_COLOUR('',#2096);
#2055=FILL_AREA_STYLE_COLOUR('',#2096);
#2056=FILL_AREA_STYLE_COLOUR('',#2096);
#2057=FILL_AREA_STYLE_COLOUR('',#2096);
#2058=FILL_AREA_STYLE_COLOUR('',#2096);
#2059=FILL_AREA_STYLE_COLOUR('',#2096);
#2060=FILL_AREA_STYLE_COLOUR('',#2097);
#2061=FILL_AREA_STYLE_COLOUR('',#2097);
#2062=FILL_AREA_STYLE_COLOUR('',#2097);
#2063=FILL_AREA_STYLE_COLOUR('',#2097);
#2064=FILL_AREA_STYLE_COLOUR('',#2097);
#2065=FILL_AREA_STYLE_COLOUR('',#2097);
#2066=FILL_AREA_STYLE_COLOUR('',#2097);
#2067=FILL_AREA_STYLE_COLOUR('',#2096);
#2068=FILL_AREA_STYLE_COLOUR('',#2096);
#2069=FILL_AREA_STYLE_COLOUR('',#2097);
#2070=FILL_AREA_STYLE_COLOUR('',#2097);
#2071=FILL_AREA_STYLE_COLOUR('',#2097);
#2072=FILL_AREA_STYLE_COLOUR('',#2096);
#2073=FILL_AREA_STYLE_COLOUR('',#2096);
#2074=FILL_AREA_STYLE_COLOUR('',#2096);
#2075=FILL_AREA_STYLE_COLOUR('',#2096);
#2076=FILL_AREA_STYLE_COLOUR('',#2096);
#2077=FILL_AREA_STYLE_COLOUR('',#2096);
#2078=FILL_AREA_STYLE_COLOUR('',#2097);
#2079=FILL_AREA_STYLE_COLOUR('',#2097);
#2080=FILL_AREA_STYLE_COLOUR('',#2097);
#2081=FILL_AREA_STYLE_COLOUR('',#2097);
#2082=FILL_AREA_STYLE_COLOUR('',#2097);
#2083=FILL_AREA_STYLE_COLOUR('',#2096);
#2084=FILL_AREA_STYLE_COLOUR('',#2096);
#2085=FILL_AREA_STYLE_COLOUR('',#2096);
#2086=FILL_AREA_STYLE_COLOUR('',#2096);
#2087=FILL_AREA_STYLE_COLOUR('',#2096);
#2088=FILL_AREA_STYLE_COLOUR('',#2096);
#2089=FILL_AREA_STYLE_COLOUR('',#2096);
#2090=FILL_AREA_STYLE_COLOUR('',#2096);
#2091=FILL_AREA_STYLE_COLOUR('',#2096);
#2092=FILL_AREA_STYLE_COLOUR('',#2096);
#2093=FILL_AREA_STYLE_COLOUR('',#2096);
#2094=FILL_AREA_STYLE_COLOUR('',#2096);
#2095=FILL_AREA_STYLE_COLOUR('',#2096);
#2096=COLOUR_RGB('',0.699999988079071,0.699999988079071,0.699999988079071);
#2097=COLOUR_RGB('',0.200000002980232,0.200000002980232,0.200000002980232);
#2098=ADVANCED_FACE('',(#1376),#1462,.T.);
#2099=ADVANCED_FACE('',(#1377),#48,.T.);
#2100=ADVANCED_FACE('',(#1378),#1463,.F.);
#2101=ADVANCED_FACE('',(#1379),#49,.T.);
#2102=ADVANCED_FACE('',(#1380),#50,.T.);
#2103=ADVANCED_FACE('',(#1381),#51,.T.);
#2104=ADVANCED_FACE('',(#1382),#1464,.T.);
#2105=ADVANCED_FACE('',(#1383),#52,.T.);
#2106=ADVANCED_FACE('',(#1384),#1465,.F.);
#2107=ADVANCED_FACE('',(#1385),#53,.T.);
#2108=ADVANCED_FACE('',(#1386),#54,.F.);
#2109=ADVANCED_FACE('',(#1387),#55,.T.);
#2110=ADVANCED_FACE('',(#1388),#56,.T.);
#2111=ADVANCED_FACE('',(#1389),#57,.T.);
#2112=ADVANCED_FACE('',(#1390),#58,.T.);
#2113=ADVANCED_FACE('',(#1391),#40,.T.);
#2114=ADVANCED_FACE('',(#1392),#1466,.T.);
#2115=ADVANCED_FACE('',(#1393),#41,.T.);
#2116=ADVANCED_FACE('',(#1394),#1467,.T.);
#2117=ADVANCED_FACE('',(#1395),#1468,.T.);
#2118=ADVANCED_FACE('',(#1396),#1469,.T.);
#2119=ADVANCED_FACE('',(#1397),#42,.T.);
#2120=ADVANCED_FACE('',(#1398),#1470,.T.);
#2121=ADVANCED_FACE('',(#1399),#43,.T.);
#2122=ADVANCED_FACE('',(#1400),#1471,.T.);
#2123=ADVANCED_FACE('',(#1401),#1472,.T.);
#2124=ADVANCED_FACE('',(#1402),#1473,.T.);
#2125=ADVANCED_FACE('',(#1403),#1474,.T.);
#2126=ADVANCED_FACE('',(#1404),#1475,.T.);
#2127=ADVANCED_FACE('',(#1405),#59,.F.);
#2128=ADVANCED_FACE('',(#1406),#44,.T.);
#2129=ADVANCED_FACE('',(#1407),#45,.T.);
#2130=ADVANCED_FACE('',(#1408),#1476,.T.);
#2131=ADVANCED_FACE('',(#1409),#60,.F.);
#2132=ADVANCED_FACE('',(#1410),#1477,.F.);
#2133=ADVANCED_FACE('',(#1411),#61,.F.);
#2134=ADVANCED_FACE('',(#1412),#62,.F.);
#2135=ADVANCED_FACE('',(#1413),#63,.F.);
#2136=ADVANCED_FACE('',(#1414),#1478,.T.);
#2137=ADVANCED_FACE('',(#1415),#64,.F.);
#2138=ADVANCED_FACE('',(#1416),#1479,.F.);
#2139=ADVANCED_FACE('',(#1417),#1480,.T.);
#2140=ADVANCED_FACE('',(#1418),#65,.F.);
#2141=ADVANCED_FACE('',(#1419),#1481,.F.);
#2142=ADVANCED_FACE('',(#1420),#66,.F.);
#2143=ADVANCED_FACE('',(#1421),#67,.F.);
#2144=ADVANCED_FACE('',(#1422),#68,.F.);
#2145=ADVANCED_FACE('',(#1423),#1482,.T.);
#2146=ADVANCED_FACE('',(#1424),#69,.F.);
#2147=ADVANCED_FACE('',(#1425),#1483,.F.);
#2148=ADVANCED_FACE('',(#1426),#70,.T.);
#2149=ADVANCED_FACE('',(#1427),#71,.T.);
#2150=ADVANCED_FACE('',(#1428),#46,.T.);
#2151=ADVANCED_FACE('',(#1429),#72,.T.);
#2152=ADVANCED_FACE('',(#1430),#73,.T.);
#2153=ADVANCED_FACE('',(#1431),#47,.T.);
#2154=ADVANCED_FACE('',(#1432),#74,.T.);
#2155=ADVANCED_FACE('',(#1433),#75,.F.);
#2156=ADVANCED_FACE('',(#1434),#76,.F.);
#2157=ADVANCED_FACE('',(#1435),#1484,.T.);
#2158=ADVANCED_FACE('',(#1436),#1485,.T.);
#2159=ADVANCED_FACE('',(#1437),#1486,.T.);
#2160=ADVANCED_FACE('',(#1438),#77,.F.);
#2161=ADVANCED_FACE('',(#1439),#78,.F.);
#2162=ADVANCED_FACE('',(#1440),#79,.T.);
#2163=ADVANCED_FACE('',(#1441),#80,.F.);
#2164=ADVANCED_FACE('',(#1442),#81,.F.);
#2165=ADVANCED_FACE('',(#1443),#82,.T.);
#2166=ADVANCED_FACE('',(#1444),#1487,.T.);
#2167=ADVANCED_FACE('',(#1445),#1488,.T.);
#2168=ADVANCED_FACE('',(#1446),#1489,.T.);
#2169=ADVANCED_FACE('',(#1447),#83,.T.);
#2170=ADVANCED_FACE('',(#1448),#84,.T.);
#2171=ADVANCED_FACE('',(#1449),#85,.F.);
#2172=ADVANCED_FACE('',(#1450),#86,.T.);
#2173=ADVANCED_FACE('',(#1451),#1490,.T.);
#2174=ADVANCED_FACE('',(#1452),#87,.F.);
#2175=ADVANCED_FACE('',(#1453),#88,.F.);
#2176=ADVANCED_FACE('',(#1454),#89,.F.);
#2177=ADVANCED_FACE('',(#1455),#1491,.F.);
#2178=ADVANCED_FACE('',(#1456),#90,.F.);
#2179=ADVANCED_FACE('',(#1457),#1492,.T.);
#2180=ADVANCED_FACE('',(#1458),#91,.F.);
#2181=ADVANCED_FACE('',(#1459),#92,.F.);
#2182=ADVANCED_FACE('',(#1460),#1493,.F.);
#2183=ADVANCED_FACE('',(#1461),#93,.F.);
#2184=CLOSED_SHELL('',(#2098,#2099,#2100,#2101,#2102,#2103,#2104,#2105,
#2106,#2107,#2108,#2109,#2110,#2111,#2112,#2113,#2114,#2115,#2116,#2117,
#2118,#2119,#2120,#2121,#2122,#2123,#2124,#2125,#2126,#2127,#2128,#2129,
#2130,#2131,#2132,#2133,#2134,#2135,#2136,#2137,#2138,#2139,#2140,#2141,
#2142,#2143,#2144,#2145,#2146,#2147,#2148,#2149,#2150,#2151,#2152,#2153,
#2154,#2155,#2156,#2157,#2158,#2159,#2160,#2161,#2162,#2163,#2164,#2165,
#2166,#2167,#2168,#2169,#2170,#2171,#2172,#2173,#2174,#2175,#2176,#2177,
#2178,#2179,#2180,#2181,#2182,#2183));
#2185=MANIFOLD_SOLID_BREP('',#2184);
#2186=SHAPE_DEFINITION_REPRESENTATION(#3342,#2187);
#2187=SHAPE_REPRESENTATION('TLV1117-33IDCY',(#2188),#3337);
#2188=AXIS2_PLACEMENT_3D('',#2789,#2335,#2336);
#2189=AXIS2_PLACEMENT_3D('',#2790,#2337,#2338);
#2190=AXIS2_PLACEMENT_3D('',#2791,#2339,#2340);
#2191=AXIS2_PLACEMENT_3D('',#2796,#2342,#2343);
#2192=AXIS2_PLACEMENT_3D('',#2799,#2345,#2346);
#2193=AXIS2_PLACEMENT_3D('',#2805,#2350,#2351);
#2194=AXIS2_PLACEMENT_3D('',#2806,#2352,#2353);
#2195=AXIS2_PLACEMENT_3D('',#2808,#2354,#2355);
#2196=AXIS2_PLACEMENT_3D('',#2811,#2357,#2358);
#2197=AXIS2_PLACEMENT_3D('',#2817,#2362,#2363);
#2198=AXIS2_PLACEMENT_3D('',#2823,#2367,#2368);
#2199=AXIS2_PLACEMENT_3D('',#2829,#2372,#2373);
#2200=AXIS2_PLACEMENT_3D('',#2830,#2374,#2375);
#2201=AXIS2_PLACEMENT_3D('',#2832,#2376,#2377);
#2202=AXIS2_PLACEMENT_3D('',#2835,#2379,#2380);
#2203=AXIS2_PLACEMENT_3D('',#2841,#2384,#2385);
#2204=AXIS2_PLACEMENT_3D('',#2842,#2386,#2387);
#2205=AXIS2_PLACEMENT_3D('',#2844,#2388,#2389);
#2206=AXIS2_PLACEMENT_3D('',#2847,#2391,#2392);
#2207=AXIS2_PLACEMENT_3D('',#2853,#2396,#2397);
#2208=AXIS2_PLACEMENT_3D('',#2857,#2400,#2401);
#2209=AXIS2_PLACEMENT_3D('',#2861,#2404,#2405);
#2210=AXIS2_PLACEMENT_3D('',#2863,#2407,#2408);
#2211=AXIS2_PLACEMENT_3D('',#2877,#2416,#2417);
#2212=AXIS2_PLACEMENT_3D('',#2895,#2421,#2422);
#2213=AXIS2_PLACEMENT_3D('',#2898,#2423,#2424);
#2214=AXIS2_PLACEMENT_3D('',#2900,#2425,#2426);
#2215=AXIS2_PLACEMENT_3D('',#2901,#2427,#2428);
#2216=AXIS2_PLACEMENT_3D('',#2902,#2429,#2430);
#2217=AXIS2_PLACEMENT_3D('',#2905,#2432,#2433);
#2218=AXIS2_PLACEMENT_3D('',#2918,#2434,#2435);
#2219=AXIS2_PLACEMENT_3D('',#2920,#2436,#2437);
#2220=AXIS2_PLACEMENT_3D('',#2922,#2438,#2439);
#2221=AXIS2_PLACEMENT_3D('',#2923,#2440,#2441);
#2222=AXIS2_PLACEMENT_3D('',#2926,#2443,#2444);
#2223=AXIS2_PLACEMENT_3D('',#2929,#2446,#2447);
#2224=AXIS2_PLACEMENT_3D('',#2932,#2449,#2450);
#2225=AXIS2_PLACEMENT_3D('',#2933,#2451,#2452);
#2226=AXIS2_PLACEMENT_3D('',#2937,#2454,#2455);
#2227=AXIS2_PLACEMENT_3D('',#2951,#2457,#2458);
#2228=AXIS2_PLACEMENT_3D('',#2954,#2459,#2460);
#2229=AXIS2_PLACEMENT_3D('',#2955,#2461,#2462);
#2230=AXIS2_PLACEMENT_3D('',#2957,#2463,#2464);
#2231=AXIS2_PLACEMENT_3D('',#2958,#2465,#2466);
#2232=AXIS2_PLACEMENT_3D('',#2959,#2467,#2468);
#2233=AXIS2_PLACEMENT_3D('',#2964,#2470,#2471);
#2234=AXIS2_PLACEMENT_3D('',#2978,#2473,#2474);
#2235=AXIS2_PLACEMENT_3D('',#2980,#2475,#2476);
#2236=AXIS2_PLACEMENT_3D('',#2981,#2477,#2478);
#2237=AXIS2_PLACEMENT_3D('',#2983,#2480,#2481);
#2238=AXIS2_PLACEMENT_3D('',#2986,#2483,#2484);
#2239=AXIS2_PLACEMENT_3D('',#2987,#2485,#2486);
#2240=AXIS2_PLACEMENT_3D('',#2988,#2487,#2488);
#2241=AXIS2_PLACEMENT_3D('',#2993,#2491,#2492);
#2242=AXIS2_PLACEMENT_3D('',#2994,#2493,#2494);
#2243=AXIS2_PLACEMENT_3D('',#2999,#2497,#2498);
#2244=AXIS2_PLACEMENT_3D('',#3003,#2501,#2502);
#2245=AXIS2_PLACEMENT_3D('',#3004,#2503,#2504);
#2246=AXIS2_PLACEMENT_3D('',#3006,#2505,#2506);
#2247=AXIS2_PLACEMENT_3D('',#3021,#2508,#2509);
#2248=AXIS2_PLACEMENT_3D('',#3023,#2510,#2511);
#2249=AXIS2_PLACEMENT_3D('',#3036,#2512,#2513);
#2250=AXIS2_PLACEMENT_3D('',#3038,#2514,#2515);
#2251=AXIS2_PLACEMENT_3D('',#3039,#2516,#2517);
#2252=AXIS2_PLACEMENT_3D('',#3040,#2518,#2519);
#2253=AXIS2_PLACEMENT_3D('',#3045,#2521,#2522);
#2254=AXIS2_PLACEMENT_3D('',#3048,#2524,#2525);
#2255=AXIS2_PLACEMENT_3D('',#3054,#2529,#2530);
#2256=AXIS2_PLACEMENT_3D('',#3055,#2531,#2532);
#2257=AXIS2_PLACEMENT_3D('',#3059,#2534,#2535);
#2258=AXIS2_PLACEMENT_3D('',#3060,#2536,#2537);
#2259=AXIS2_PLACEMENT_3D('',#3066,#2541,#2542);
#2260=AXIS2_PLACEMENT_3D('',#3072,#2546,#2547);
#2261=AXIS2_PLACEMENT_3D('',#3078,#2551,#2552);
#2262=AXIS2_PLACEMENT_3D('',#3079,#2553,#2554);
#2263=AXIS2_PLACEMENT_3D('',#3083,#2556,#2557);
#2264=AXIS2_PLACEMENT_3D('',#3084,#2558,#2559);
#2265=AXIS2_PLACEMENT_3D('',#3090,#2563,#2564);
#2266=AXIS2_PLACEMENT_3D('',#3091,#2565,#2566);
#2267=AXIS2_PLACEMENT_3D('',#3095,#2568,#2569);
#2268=AXIS2_PLACEMENT_3D('',#3096,#2570,#2571);
#2269=AXIS2_PLACEMENT_3D('',#3097,#2572,#2573);
#2270=AXIS2_PLACEMENT_3D('',#3102,#2575,#2576);
#2271=AXIS2_PLACEMENT_3D('',#3105,#2578,#2579);
#2272=AXIS2_PLACEMENT_3D('',#3111,#2583,#2584);
#2273=AXIS2_PLACEMENT_3D('',#3112,#2585,#2586);
#2274=AXIS2_PLACEMENT_3D('',#3116,#2588,#2589);
#2275=AXIS2_PLACEMENT_3D('',#3117,#2590,#2591);
#2276=AXIS2_PLACEMENT_3D('',#3123,#2595,#2596);
#2277=AXIS2_PLACEMENT_3D('',#3129,#2600,#2601);
#2278=AXIS2_PLACEMENT_3D('',#3135,#2605,#2606);
#2279=AXIS2_PLACEMENT_3D('',#3136,#2607,#2608);
#2280=AXIS2_PLACEMENT_3D('',#3140,#2610,#2611);
#2281=AXIS2_PLACEMENT_3D('',#3141,#2612,#2613);
#2282=AXIS2_PLACEMENT_3D('',#3147,#2617,#2618);
#2283=AXIS2_PLACEMENT_3D('',#3148,#2619,#2620);
#2284=AXIS2_PLACEMENT_3D('',#3152,#2622,#2623);
#2285=AXIS2_PLACEMENT_3D('',#3153,#2624,#2625);
#2286=AXIS2_PLACEMENT_3D('',#3159,#2629,#2630);
#2287=AXIS2_PLACEMENT_3D('',#3173,#2632,#2633);
#2288=AXIS2_PLACEMENT_3D('',#3176,#2634,#2635);
#2289=AXIS2_PLACEMENT_3D('',#3177,#2636,#2637);
#2290=AXIS2_PLACEMENT_3D('',#3178,#2638,#2639);
#2291=AXIS2_PLACEMENT_3D('',#3181,#2641,#2642);
#2292=AXIS2_PLACEMENT_3D('',#3182,#2643,#2644);
#2293=AXIS2_PLACEMENT_3D('',#3200,#2648,#2649);
#2294=AXIS2_PLACEMENT_3D('',#3202,#2650,#2651);
#2295=AXIS2_PLACEMENT_3D('',#3203,#2652,#2653);
#2296=AXIS2_PLACEMENT_3D('',#3205,#2655,#2656);
#2297=AXIS2_PLACEMENT_3D('',#3211,#2660,#2661);
#2298=AXIS2_PLACEMENT_3D('',#3217,#2665,#2666);
#2299=AXIS2_PLACEMENT_3D('',#3220,#2668,#2669);
#2300=AXIS2_PLACEMENT_3D('',#3221,#2670,#2671);
#2301=AXIS2_PLACEMENT_3D('',#3223,#2673,#2674);
#2302=AXIS2_PLACEMENT_3D('',#3226,#2676,#2677);
#2303=AXIS2_PLACEMENT_3D('',#3227,#2678,#2679);
#2304=AXIS2_PLACEMENT_3D('',#3231,#2682,#2683);
#2305=AXIS2_PLACEMENT_3D('',#3235,#2686,#2687);
#2306=AXIS2_PLACEMENT_3D('',#3237,#2689,#2690);
#2307=AXIS2_PLACEMENT_3D('',#3241,#2693,#2694);
#2308=AXIS2_PLACEMENT_3D('',#3245,#2697,#2698);
#2309=AXIS2_PLACEMENT_3D('',#3247,#2700,#2701);
#2310=AXIS2_PLACEMENT_3D('',#3251,#2704,#2705);
#2311=AXIS2_PLACEMENT_3D('',#3253,#2707,#2708);
#2312=AXIS2_PLACEMENT_3D('',#3257,#2711,#2712);
#2313=AXIS2_PLACEMENT_3D('',#3265,#2718,#2719);
#2314=AXIS2_PLACEMENT_3D('',#3271,#2723,#2724);
#2315=AXIS2_PLACEMENT_3D('',#3274,#2726,#2727);
#2316=AXIS2_PLACEMENT_3D('',#3278,#2729,#2730);
#2317=AXIS2_PLACEMENT_3D('',#3286,#2734,#2735);
#2318=AXIS2_PLACEMENT_3D('',#3290,#2737,#2738);
#2319=AXIS2_PLACEMENT_3D('',#3293,#2740,#2741);
#2320=AXIS2_PLACEMENT_3D('',#3298,#2744,#2745);
#2321=AXIS2_PLACEMENT_3D('',#3302,#2747,#2748);
#2322=AXIS2_PLACEMENT_3D('',#3310,#2752,#2753);
#2323=AXIS2_PLACEMENT_3D('',#3314,#2755,#2756);
#2324=AXIS2_PLACEMENT_3D('',#3315,#2757,#2758);
#2325=AXIS2_PLACEMENT_3D('',#3318,#2761,#2762);
#2326=AXIS2_PLACEMENT_3D('',#3320,#2764,#2765);
#2327=AXIS2_PLACEMENT_3D('',#3322,#2767,#2768);
#2328=AXIS2_PLACEMENT_3D('',#3324,#2770,#2771);
#2329=AXIS2_PLACEMENT_3D('',#3326,#2773,#2774);
#2330=AXIS2_PLACEMENT_3D('',#3328,#2776,#2777);
#2331=AXIS2_PLACEMENT_3D('',#3330,#2779,#2780);
#2332=AXIS2_PLACEMENT_3D('',#3331,#2781,#2782);
#2333=AXIS2_PLACEMENT_3D('',#3333,#2784,#2785);
#2334=AXIS2_PLACEMENT_3D('',#3335,#2787,#2788);
#2335=DIRECTION('',(0.,0.,1.));
#2336=DIRECTION('',(1.,0.,0.));
#2337=DIRECTION('',(-1.,0.,0.));
#2338=DIRECTION('',(0.,0.,1.));
#2339=DIRECTION('',(-1.,6.12303176911189E-17,0.));
#2340=DIRECTION('',(6.12303176911189E-17,1.,0.));
#2341=DIRECTION('',(-1.,0.,0.));
#2342=DIRECTION('',(-1.,6.12303176911189E-17,0.));
#2343=DIRECTION('',(6.12303176911189E-17,1.,0.));
#2344=DIRECTION('',(-1.,0.,0.));
#2345=DIRECTION('',(0.,0.755293525914854,0.655386671905302));
#2346=DIRECTION('',(0.,-0.655386671905302,0.755293525914854));
#2347=DIRECTION('',(4.01295341312867E-17,0.655386671905302,-0.755293525914854));
#2348=DIRECTION('',(4.01295341312867E-17,0.655386671905302,-0.755293525914854));
#2349=DIRECTION('',(-1.,0.,0.));
#2350=DIRECTION('',(-1.,0.,0.));
#2351=DIRECTION('',(0.,0.,1.));
#2352=DIRECTION('',(1.,-6.12303176911189E-17,0.));
#2353=DIRECTION('',(6.12303176911189E-17,1.,0.));
#2354=DIRECTION('',(1.,-6.12303176911189E-17,0.));
#2355=DIRECTION('',(6.12303176911189E-17,1.,0.));
#2356=DIRECTION('',(-1.,0.,0.));
#2357=DIRECTION('',(0.,0.0813939182240869,0.99668201051094));
#2358=DIRECTION('',(0.,-0.996682010510941,0.0813939182240869));
#2359=DIRECTION('',(6.1027156140608E-17,0.996682010510941,-0.0813939182240869));
#2360=DIRECTION('',(6.1027156140608E-17,0.996682010510941,-0.0813939182240869));
#2361=DIRECTION('',(-1.,0.,0.));
#2362=DIRECTION('',(0.,1.,0.));
#2363=DIRECTION('',(0.,0.,1.));
#2364=DIRECTION('',(0.,0.,-1.));
#2365=DIRECTION('',(0.,0.,-1.));
#2366=DIRECTION('',(-1.,0.,0.));
#2367=DIRECTION('',(0.,-0.0813939182240868,-0.99668201051094));
#2368=DIRECTION('',(0.,0.996682010510941,-0.0813939182240868));
#2369=DIRECTION('',(-6.1027156140608E-17,-0.996682010510941,0.0813939182240868));
#2370=DIRECTION('',(-6.1027156140608E-17,-0.996682010510941,0.0813939182240868));
#2371=DIRECTION('',(-1.,0.,0.));
#2372=DIRECTION('',(-1.,0.,0.));
#2373=DIRECTION('',(0.,0.,1.));
#2374=DIRECTION('',(-1.,6.12303176911189E-17,0.));
#2375=DIRECTION('',(6.12303176911189E-17,1.,0.));
#2376=DIRECTION('',(-1.,6.12303176911189E-17,0.));
#2377=DIRECTION('',(6.12303176911189E-17,1.,0.));
#2378=DIRECTION('',(-1.,0.,0.));
#2379=DIRECTION('',(0.,-0.755293525914854,-0.655386671905302));
#2380=DIRECTION('',(0.,0.655386671905302,-0.755293525914854));
#2381=DIRECTION('',(-4.01295341312867E-17,-0.655386671905302,0.755293525914854));
#2382=DIRECTION('',(-4.01295341312867E-17,-0.655386671905302,0.755293525914854));
#2383=DIRECTION('',(-1.,0.,0.));
#2384=DIRECTION('',(-1.,0.,0.));
#2385=DIRECTION('',(0.,0.,1.));
#2386=DIRECTION('',(1.,-6.12303176911189E-17,0.));
#2387=DIRECTION('',(6.12303176911189E-17,1.,0.));
#2388=DIRECTION('',(1.,-6.12303176911189E-17,0.));
#2389=DIRECTION('',(6.12303176911189E-17,1.,0.));
#2390=DIRECTION('',(-1.,0.,0.));
#2391=DIRECTION('',(0.,0.,-1.));
#2392=DIRECTION('',(-1.,0.,0.));
#2393=DIRECTION('',(-6.12303176911189E-17,-1.,0.));
#2394=DIRECTION('',(1.,0.,0.));
#2395=DIRECTION('',(-6.12303176911189E-17,-1.,0.));
#2396=DIRECTION('',(1.,-6.12303176911189E-17,0.));
#2397=DIRECTION('',(6.12303176911189E-17,1.,0.));
#2398=DIRECTION('',(1.41963490469793E-17,0.231851631386168,-0.972751160895515));
#2399=DIRECTION('',(6.12303176911189E-17,1.,0.));
#2400=DIRECTION('',(0.,0.,1.));
#2401=DIRECTION('',(1.,0.,0.));
#2402=DIRECTION('',(1.,0.,0.));
#2403=DIRECTION('',(6.12303176911189E-17,1.,0.));
#2404=DIRECTION('',(1.,-6.12303176911189E-17,0.));
#2405=DIRECTION('',(6.12303176911189E-17,1.,0.));
#2406=DIRECTION('',(1.41963490469793E-17,0.231851631386168,-0.972751160895515));
#2407=DIRECTION('',(0.,0.970397010234919,-0.24151530495422));
#2408=DIRECTION('',(0.,0.24151530495422,0.970397010234919));
#2409=DIRECTION('',(-0.234765446917471,-0.234765446917471,-0.943276401627476));
#2410=DIRECTION('',(-1.,0.,0.));
#2411=DIRECTION('',(0.234765446917471,-0.234765446917471,-0.943276401627476));
#2412=DIRECTION('',(1.,0.,0.));
#2413=DIRECTION('',(1.,0.,0.));
#2414=DIRECTION('',(1.,0.,0.));
#2415=DIRECTION('',(1.,0.,0.));
#2416=DIRECTION('',(0.,0.972751160895515,0.231851631386168));
#2417=DIRECTION('',(0.,-0.231851631386168,0.972751160895515));
#2418=DIRECTION('',(-0.225860505100265,0.225860505100266,-0.947614934702755));
#2419=DIRECTION('',(-1.,0.,0.));
#2420=DIRECTION('',(0.225860505100266,0.225860505100266,-0.947614934702755));
#2421=DIRECTION('',(0.,1.,0.));
#2422=DIRECTION('',(0.,0.,1.));
#2423=DIRECTION('',(0.,0.,1.));
#2424=DIRECTION('',(-0.707106781186548,-0.707106781186548,0.));
#2425=DIRECTION('',(-1.,0.,0.));
#2426=DIRECTION('',(0.,0.,1.));
#2427=DIRECTION('',(-0.139483651519076,-0.139483651519076,-0.980351274757069));
#2428=DIRECTION('',(-0.693213034325603,-0.693213034325597,0.1972596717076));
#2429=DIRECTION('',(1.,0.,0.));
#2430=DIRECTION('',(0.,0.,-1.));
#2431=DIRECTION('',(-1.,0.,0.));
#2432=DIRECTION('',(-1.,0.,0.));
#2433=DIRECTION('',(0.,0.,1.));
#2434=DIRECTION('',(0.,0.,1.));
#2435=DIRECTION('',(0.707106781186547,-0.707106781186548,0.));
#2436=DIRECTION('',(0.,-1.,0.));
#2437=DIRECTION('',(0.,0.,-1.));
#2438=DIRECTION('',(0.139483651519076,-0.139483651519076,-0.980351274757069));
#2439=DIRECTION('',(0.693213034325598,-0.693213034325602,0.1972596717076));
#2440=DIRECTION('',(0.,1.,0.));
#2441=DIRECTION('',(0.,0.,1.));
#2442=DIRECTION('',(0.,-1.,0.));
#2443=DIRECTION('',(0.,1.,0.));
#2444=DIRECTION('',(0.,0.,1.));
#2445=DIRECTION('',(0.,-1.,0.));
#2446=DIRECTION('',(0.234765446917471,-0.234765446917471,-0.943276401627476));
#2447=DIRECTION('',(0.,0.970397010234919,-0.24151530495422));
#2448=DIRECTION('',(0.234765446917471,-0.234765446917471,-0.943276401627476));
#2449=DIRECTION('',(0.00470928400583528,-0.00470928400583528,-0.999977822398229));
#2450=DIRECTION('',(0.707091099253945,-0.707091099253945,0.00665993331011938));
#2451=DIRECTION('',(-0.225860505100266,0.225860505100266,-0.947614934702755));
#2452=DIRECTION('',(0.,0.972751160895515,0.231851631386168));
#2453=DIRECTION('',(-0.225860505100266,0.225860505100266,-0.947614934702755));
#2454=DIRECTION('',(-0.134301080394015,0.134301080394015,-0.981797555308629));
#2455=DIRECTION('',(-0.694235709111109,0.694235709111104,0.189930409334575));
#2456=DIRECTION('',(0.,1.,0.));
#2457=DIRECTION('',(0.,1.,0.));
#2458=DIRECTION('',(0.,0.,1.));
#2459=DIRECTION('',(0.134301080394015,0.134301080394015,-0.981797555308629));
#2460=DIRECTION('',(0.694235709111108,0.694235709111104,0.189930409334575));
#2461=DIRECTION('',(-1.,0.,0.));
#2462=DIRECTION('',(0.,0.,1.));
#2463=DIRECTION('',(0.,0.,1.));
#2464=DIRECTION('',(0.707106781186548,0.707106781186548,0.));
#2465=DIRECTION('',(0.,-1.,0.));
#2466=DIRECTION('',(0.,0.,-1.));
#2467=DIRECTION('',(0.,1.,0.));
#2468=DIRECTION('',(0.,0.,1.));
#2469=DIRECTION('',(0.,-1.,0.));
#2470=DIRECTION('',(-1.37821635541695E-15,1.,-5.78241158658936E-15));
#2471=DIRECTION('',(0.,5.78241158658936E-15,1.));
#2472=DIRECTION('',(0.,-1.,0.));
#2473=DIRECTION('',(-1.,-5.944389294037E-15,0.));
#2474=DIRECTION('',(5.944389294037E-15,-1.,0.));
#2475=DIRECTION('',(0.,0.,1.));
#2476=DIRECTION('',(-0.707106781186548,0.707106781186548,0.));
#2477=DIRECTION('',(-1.,0.,0.));
#2478=DIRECTION('',(0.,0.,1.));
#2479=DIRECTION('',(-1.,0.,0.));
#2480=DIRECTION('',(-0.234765446917471,-0.234765446917471,-0.943276401627476));
#2481=DIRECTION('',(-0.970397010234919,0.,0.24151530495422));
#2482=DIRECTION('',(-0.234765446917471,-0.234765446917471,-0.943276401627476));
#2483=DIRECTION('',(-0.00470928400583529,-0.0047092840058353,-0.999977822398229));
#2484=DIRECTION('',(-0.707091099253945,-0.707091099253945,0.00665993331011904));
#2485=DIRECTION('',(0.,-1.,0.));
#2486=DIRECTION('',(0.,0.,-1.));
#2487=DIRECTION('',(0.,-1.,0.));
#2488=DIRECTION('',(0.,0.,-1.));
#2489=DIRECTION('',(0.,1.,0.));
#2490=DIRECTION('',(0.,1.,0.));
#2491=DIRECTION('',(0.,1.,0.));
#2492=DIRECTION('',(0.,0.,1.));
#2493=DIRECTION('',(0.,1.,0.));
#2494=DIRECTION('',(0.,0.,1.));
#2495=DIRECTION('',(0.,1.,0.));
#2496=DIRECTION('',(0.,1.,0.));
#2497=DIRECTION('',(0.225860505100266,0.225860505100266,-0.947614934702755));
#2498=DIRECTION('',(-0.972751160895515,0.,-0.231851631386168));
#2499=DIRECTION('',(0.225860505100266,0.225860505100265,-0.947614934702755));
#2500=DIRECTION('',(0.,-1.,0.));
#2501=DIRECTION('',(0.,0.,1.));
#2502=DIRECTION('',(1.,0.,0.));
#2503=DIRECTION('',(0.,0.,1.));
#2504=DIRECTION('',(0.707106781186547,0.707106781186548,0.));
#2505=DIRECTION('',(0.,0.,1.));
#2506=DIRECTION('',(-0.707106781186548,0.707106781186548,0.));
#2507=DIRECTION('',(1.,0.,0.));
#2508=DIRECTION('',(-0.139483651519076,0.139483651519076,-0.980351274757069));
#2509=DIRECTION('',(-0.693213034325602,0.693213034325597,0.1972596717076));
#2510=DIRECTION('',(-1.,0.,0.));
#2511=DIRECTION('',(0.,0.,1.));
#2512=DIRECTION('',(-1.,1.19176203669249E-14,0.));
#2513=DIRECTION('',(-1.19176203669249E-14,-1.,0.));
#2514=DIRECTION('',(0.139483651519077,0.139483651519077,-0.980351274757069));
#2515=DIRECTION('',(0.693213034325597,0.693213034325603,0.197259671707601));
#2516=DIRECTION('',(-1.,0.,0.));
#2517=DIRECTION('',(0.,0.,1.));
#2518=DIRECTION('',(1.,-6.12303176911189E-17,0.));
#2519=DIRECTION('',(6.12303176911189E-17,1.,0.));
#2520=DIRECTION('',(-1.,0.,0.));
#2521=DIRECTION('',(1.,-6.12303176911189E-17,0.));
#2522=DIRECTION('',(6.12303176911189E-17,1.,0.));
#2523=DIRECTION('',(-1.,0.,0.));
#2524=DIRECTION('',(0.,0.730383019413235,-0.683037806386152));
#2525=DIRECTION('',(0.,0.683037806386152,0.730383019413235));
#2526=DIRECTION('',(-4.1822621880069E-17,-0.683037806386152,-0.730383019413235));
#2527=DIRECTION('',(-1.,0.,0.));
#2528=DIRECTION('',(-4.1822621880069E-17,-0.683037806386152,-0.730383019413235));
#2529=DIRECTION('',(-1.,0.,0.));
#2530=DIRECTION('',(0.,0.,1.));
#2531=DIRECTION('',(-1.,6.12303176911189E-17,0.));
#2532=DIRECTION('',(6.12303176911189E-17,1.,0.));
#2533=DIRECTION('',(-1.,0.,0.));
#2534=DIRECTION('',(-1.,6.12303176911189E-17,0.));
#2535=DIRECTION('',(6.12303176911189E-17,1.,0.));
#2536=DIRECTION('',(0.,0.0808225830572133,-0.996728503689927));
#2537=DIRECTION('',(0.,0.996728503689927,0.0808225830572133));
#2538=DIRECTION('',(-6.10300029327277E-17,-0.996728503689927,-0.0808225830572133));
#2539=DIRECTION('',(-1.,0.,0.));
#2540=DIRECTION('',(-6.10300029327277E-17,-0.996728503689927,-0.0808225830572133));
#2541=DIRECTION('',(0.,1.,3.16992194663129E-14));
#2542=DIRECTION('',(0.,-3.16992194663129E-14,1.));
#2543=DIRECTION('',(1.94095327848284E-30,3.16992194663129E-14,-1.));
#2544=DIRECTION('',(-1.,0.,0.));
#2545=DIRECTION('',(1.94095327848284E-30,3.16992194663129E-14,-1.));
#2546=DIRECTION('',(0.,-0.0808225830572127,0.996728503689927));
#2547=DIRECTION('',(0.,-0.996728503689927,-0.0808225830572127));
#2548=DIRECTION('',(6.10300029327277E-17,0.996728503689927,0.0808225830572127));
#2549=DIRECTION('',(-1.,0.,0.));
#2550=DIRECTION('',(6.10300029327277E-17,0.996728503689927,0.0808225830572127));
#2551=DIRECTION('',(-1.,0.,0.));
#2552=DIRECTION('',(0.,0.,1.));
#2553=DIRECTION('',(1.,-6.12303176911189E-17,0.));
#2554=DIRECTION('',(6.12303176911189E-17,1.,0.));
#2555=DIRECTION('',(-1.,0.,0.));
#2556=DIRECTION('',(1.,-6.12303176911189E-17,0.));
#2557=DIRECTION('',(6.12303176911189E-17,1.,0.));
#2558=DIRECTION('',(0.,-0.730383019413234,0.683037806386153));
#2559=DIRECTION('',(0.,-0.683037806386153,-0.730383019413234));
#2560=DIRECTION('',(4.18226218800691E-17,0.683037806386153,0.730383019413234));
#2561=DIRECTION('',(-1.,0.,0.));
#2562=DIRECTION('',(4.18226218800691E-17,0.683037806386153,0.730383019413234));
#2563=DIRECTION('',(-1.,0.,0.));
#2564=DIRECTION('',(0.,0.,1.));
#2565=DIRECTION('',(-1.,6.12303176911189E-17,0.));
#2566=DIRECTION('',(6.12303176911189E-17,1.,0.));
#2567=DIRECTION('',(-1.,0.,0.));
#2568=DIRECTION('',(-1.,6.12303176911189E-17,0.));
#2569=DIRECTION('',(6.12303176911189E-17,1.,0.));
#2570=DIRECTION('',(-1.,0.,0.));
#2571=DIRECTION('',(0.,0.,1.));
#2572=DIRECTION('',(1.,-6.12303176911189E-17,0.));
#2573=DIRECTION('',(6.12303176911189E-17,1.,0.));
#2574=DIRECTION('',(-1.,0.,0.));
#2575=DIRECTION('',(1.,-6.12303176911189E-17,0.));
#2576=DIRECTION('',(6.12303176911189E-17,1.,0.));
#2577=DIRECTION('',(-1.,0.,0.));
#2578=DIRECTION('',(0.,0.730383019413235,-0.683037806386152));
#2579=DIRECTION('',(0.,0.683037806386152,0.730383019413235));
#2580=DIRECTION('',(-4.1822621880069E-17,-0.683037806386152,-0.730383019413235));
#2581=DIRECTION('',(-1.,0.,0.));
#2582=DIRECTION('',(-4.1822621880069E-17,-0.683037806386152,-0.730383019413235));
#2583=DIRECTION('',(-1.,0.,0.));
#2584=DIRECTION('',(0.,0.,1.));
#2585=DIRECTION('',(-1.,6.12303176911189E-17,0.));
#2586=DIRECTION('',(6.12303176911189E-17,1.,0.));
#2587=DIRECTION('',(-1.,0.,0.));
#2588=DIRECTION('',(-1.,6.12303176911189E-17,0.));
#2589=DIRECTION('',(6.12303176911189E-17,1.,0.));
#2590=DIRECTION('',(0.,0.0808225830572133,-0.996728503689927));
#2591=DIRECTION('',(0.,0.996728503689927,0.0808225830572133));
#2592=DIRECTION('',(-6.10300029327277E-17,-0.996728503689927,-0.0808225830572133));
#2593=DIRECTION('',(-1.,0.,0.));
#2594=DIRECTION('',(-6.10300029327277E-17,-0.996728503689927,-0.0808225830572133));
#2595=DIRECTION('',(0.,1.,3.16992194663129E-14));
#2596=DIRECTION('',(0.,-3.16992194663129E-14,1.));
#2597=DIRECTION('',(1.94095327848284E-30,3.16992194663129E-14,-1.));
#2598=DIRECTION('',(-1.,0.,0.));
#2599=DIRECTION('',(1.94095327848284E-30,3.16992194663129E-14,-1.));
#2600=DIRECTION('',(0.,-0.0808225830572127,0.996728503689927));
#2601=DIRECTION('',(0.,-0.996728503689927,-0.0808225830572127));
#2602=DIRECTION('',(6.10300029327277E-17,0.996728503689927,0.0808225830572127));
#2603=DIRECTION('',(-1.,0.,0.));
#2604=DIRECTION('',(6.10300029327277E-17,0.996728503689927,0.0808225830572127));
#2605=DIRECTION('',(-1.,0.,0.));
#2606=DIRECTION('',(0.,0.,1.));
#2607=DIRECTION('',(1.,-6.12303176911189E-17,0.));
#2608=DIRECTION('',(6.12303176911189E-17,1.,0.));
#2609=DIRECTION('',(-1.,0.,0.));
#2610=DIRECTION('',(1.,-6.12303176911189E-17,0.));
#2611=DIRECTION('',(6.12303176911189E-17,1.,0.));
#2612=DIRECTION('',(0.,-0.730383019413234,0.683037806386153));
#2613=DIRECTION('',(0.,-0.683037806386153,-0.730383019413234));
#2614=DIRECTION('',(4.18226218800691E-17,0.683037806386153,0.730383019413234));
#2615=DIRECTION('',(-1.,0.,0.));
#2616=DIRECTION('',(4.18226218800691E-17,0.683037806386153,0.730383019413234));
#2617=DIRECTION('',(-1.,0.,0.));
#2618=DIRECTION('',(0.,0.,1.));
#2619=DIRECTION('',(-1.,6.12303176911189E-17,0.));
#2620=DIRECTION('',(6.12303176911189E-17,1.,0.));
#2621=DIRECTION('',(-1.,0.,0.));
#2622=DIRECTION('',(-1.,6.12303176911189E-17,0.));
#2623=DIRECTION('',(6.12303176911189E-17,1.,0.));
#2624=DIRECTION('',(-0.970397010234919,0.,-0.24151530495422));
#2625=DIRECTION('',(-0.24151530495422,0.,0.970397010234919));
#2626=DIRECTION('',(0.234765446917471,0.234765446917471,-0.943276401627476));
#2627=DIRECTION('',(0.,1.,0.));
#2628=DIRECTION('',(0.,1.,0.));
#2629=DIRECTION('',(-0.972751160895515,0.,0.231851631386168));
#2630=DIRECTION('',(0.231851631386168,0.,0.972751160895515));
#2631=DIRECTION('',(-0.225860505100266,-0.225860505100266,-0.947614934702755));
#2632=DIRECTION('',(-1.,-1.37821635541695E-15,-5.78241158658936E-15));
#2633=DIRECTION('',(-5.78241158658936E-15,0.,1.));
#2634=DIRECTION('',(0.,0.,1.));
#2635=DIRECTION('',(-0.707106781186548,-0.707106781186548,0.));
#2636=DIRECTION('',(-0.134301080394015,-0.134301080394015,-0.981797555308629));
#2637=DIRECTION('',(-0.694235709111109,-0.694235709111104,0.189930409334575));
#2638=DIRECTION('',(0.,0.,1.));
#2639=DIRECTION('',(1.,0.,0.));
#2640=DIRECTION('',(1.,0.,0.));
#2641=DIRECTION('',(0.,0.,1.));
#2642=DIRECTION('',(0.707106781186548,-0.707106781186548,0.));
#2643=DIRECTION('',(0.970397010234919,0.,-0.24151530495422));
#2644=DIRECTION('',(-0.24151530495422,0.,-0.97039701023492));
#2645=DIRECTION('',(-0.234765446917471,0.234765446917471,-0.943276401627476));
#2646=DIRECTION('',(0.,-1.,0.));
#2647=DIRECTION('',(0.,-1.,0.));
#2648=DIRECTION('',(-1.,0.,0.));
#2649=DIRECTION('',(0.,0.,1.));
#2650=DIRECTION('',(0.134301080394015,-0.134301080394015,-0.981797555308629));
#2651=DIRECTION('',(0.694235709111109,-0.694235709111104,0.189930409334575));
#2652=DIRECTION('',(0.972751160895515,0.,0.231851631386168));
#2653=DIRECTION('',(0.231851631386168,0.,-0.972751160895515));
#2654=DIRECTION('',(0.225860505100266,-0.225860505100265,-0.947614934702755));
#2655=DIRECTION('',(0.,1.30447604334925E-16,1.));
#2656=DIRECTION('',(0.,-1.,1.30447604334925E-16));
#2657=DIRECTION('',(-1.,0.,0.));
#2658=DIRECTION('',(6.12303176911189E-17,1.,-1.30447604334925E-16));
#2659=DIRECTION('',(6.12303176911189E-17,1.,-1.30447604334925E-16));
#2660=DIRECTION('',(0.,1.30447604334925E-16,1.));
#2661=DIRECTION('',(0.,-1.,1.30447604334925E-16));
#2662=DIRECTION('',(-1.,0.,0.));
#2663=DIRECTION('',(6.12303176911189E-17,1.,-1.30447604334925E-16));
#2664=DIRECTION('',(6.12303176911189E-17,1.,-1.30447604334925E-16));
#2665=DIRECTION('',(-0.234765446917471,0.234765446917471,-0.943276401627476));
#2666=DIRECTION('',(-0.970397010234919,0.,0.24151530495422));
#2667=DIRECTION('',(-0.234765446917471,0.234765446917471,-0.943276401627476));
#2668=DIRECTION('',(-0.00470928400583529,0.0047092840058353,-0.999977822398229));
#2669=DIRECTION('',(0.707091099253945,-0.707091099253945,-0.00665993331011904));
#2670=DIRECTION('',(-1.,0.,0.));
#2671=DIRECTION('',(0.,0.,1.));
#2672=DIRECTION('',(1.,0.,0.));
#2673=DIRECTION('',(0.234765446917471,0.234765446917471,-0.943276401627476));
#2674=DIRECTION('',(0.,0.970397010234919,0.24151530495422));
#2675=DIRECTION('',(0.234765446917471,0.234765446917471,-0.943276401627476));
#2676=DIRECTION('',(0.00470928400583528,0.00470928400583528,-0.999977822398229));
#2677=DIRECTION('',(0.707091099253945,0.707091099253945,0.00665993331011938));
#2678=DIRECTION('',(-1.,6.12303176911189E-17,0.));
#2679=DIRECTION('',(-6.12303176911189E-17,-1.,0.));
#2680=DIRECTION('',(-1.41963490469793E-17,-0.231851631386168,-0.972751160895515));
#2681=DIRECTION('',(-6.12303176911189E-17,-1.,0.));
#2682=DIRECTION('',(0.,0.,-1.));
#2683=DIRECTION('',(-1.,0.,0.));
#2684=DIRECTION('',(1.,0.,0.));
#2685=DIRECTION('',(-6.12303176911189E-17,-1.,0.));
#2686=DIRECTION('',(-1.,6.12303176911189E-17,0.));
#2687=DIRECTION('',(-6.12303176911189E-17,-1.,0.));
#2688=DIRECTION('',(-1.41963490469793E-17,-0.231851631386168,-0.972751160895515));
#2689=DIRECTION('',(-1.,6.12303176911189E-17,0.));
#2690=DIRECTION('',(-6.12303176911189E-17,-1.,0.));
#2691=DIRECTION('',(-1.41963490469793E-17,-0.231851631386168,-0.972751160895515));
#2692=DIRECTION('',(-6.12303176911189E-17,-1.,0.));
#2693=DIRECTION('',(0.,0.,-1.));
#2694=DIRECTION('',(-1.,0.,0.));
#2695=DIRECTION('',(1.,0.,0.));
#2696=DIRECTION('',(-6.12303176911189E-17,-1.,0.));
#2697=DIRECTION('',(-1.,6.12303176911189E-17,0.));
#2698=DIRECTION('',(-6.12303176911189E-17,-1.,0.));
#2699=DIRECTION('',(-1.41963490469793E-17,-0.231851631386168,-0.972751160895515));
#2700=DIRECTION('',(-0.225860505100266,-0.225860505100266,-0.947614934702755));
#2701=DIRECTION('',(0.,0.972751160895515,-0.231851631386168));
#2702=DIRECTION('',(-0.225860505100265,-0.225860505100266,-0.947614934702755));
#2703=DIRECTION('',(-1.,0.,0.));
#2704=DIRECTION('',(1.,0.,0.));
#2705=DIRECTION('',(0.,0.,-1.));
#2706=DIRECTION('',(1.,0.,0.));
#2707=DIRECTION('',(0.225860505100266,-0.225860505100266,-0.947614934702755));
#2708=DIRECTION('',(-0.972751160895515,0.,-0.231851631386168));
#2709=DIRECTION('',(0.225860505100266,-0.225860505100266,-0.947614934702755));
#2710=DIRECTION('',(-1.,0.,0.));
#2711=DIRECTION('',(0.,-0.970397010234919,-0.24151530495422));
#2712=DIRECTION('',(0.,0.24151530495422,-0.970397010234919));
#2713=DIRECTION('',(-1.,0.,0.));
#2714=DIRECTION('',(-1.,0.,0.));
#2715=DIRECTION('',(-1.,0.,0.));
#2716=DIRECTION('',(-1.,0.,0.));
#2717=DIRECTION('',(-1.,0.,0.));
#2718=DIRECTION('',(0.,-0.972751160895515,0.231851631386168));
#2719=DIRECTION('',(0.,-0.231851631386168,-0.972751160895515));
#2720=DIRECTION('',(1.,0.,0.));
#2721=DIRECTION('',(-1.41963490469793E-17,-0.231851631386168,-0.972751160895515));
#2722=DIRECTION('',(-1.41963490469793E-17,-0.231851631386168,-0.972751160895515));
#2723=DIRECTION('',(-1.,6.12303176911189E-17,0.));
#2724=DIRECTION('',(-6.12303176911189E-17,-1.,0.));
#2725=DIRECTION('',(-6.12303176911189E-17,-1.,0.));
#2726=DIRECTION('',(1.,-6.12303176911189E-17,0.));
#2727=DIRECTION('',(6.12303176911189E-17,1.,0.));
#2728=DIRECTION('',(-4.1822621880069E-17,-0.683037806386152,-0.730383019413235));
#2729=DIRECTION('',(-1.,6.12303176911189E-17,0.));
#2730=DIRECTION('',(6.12303176911189E-17,1.,0.));
#2731=DIRECTION('',(-6.10300029327277E-17,-0.996728503689927,-0.0808225830572133));
#2732=DIRECTION('',(1.94095327848284E-30,3.16992194663129E-14,-1.));
#2733=DIRECTION('',(6.10300029327277E-17,0.996728503689927,0.0808225830572127));
#2734=DIRECTION('',(1.,-6.12303176911189E-17,0.));
#2735=DIRECTION('',(6.12303176911189E-17,1.,0.));
#2736=DIRECTION('',(4.18226218800691E-17,0.683037806386153,0.730383019413234));
#2737=DIRECTION('',(-1.,6.12303176911189E-17,0.));
#2738=DIRECTION('',(6.12303176911189E-17,1.,0.));
#2739=DIRECTION('',(6.12303176911189E-17,1.,-1.30447604334925E-16));
#2740=DIRECTION('',(-1.,6.12303176911189E-17,0.));
#2741=DIRECTION('',(-6.12303176911189E-17,-1.,0.));
#2742=DIRECTION('',(-6.12303176911189E-17,-1.,0.));
#2743=DIRECTION('',(6.12303176911189E-17,1.,-1.30447604334925E-16));
#2744=DIRECTION('',(-1.,6.12303176911189E-17,0.));
#2745=DIRECTION('',(6.12303176911189E-17,1.,0.));
#2746=DIRECTION('',(4.18226218800691E-17,0.683037806386153,0.730383019413234));
#2747=DIRECTION('',(1.,-6.12303176911189E-17,0.));
#2748=DIRECTION('',(6.12303176911189E-17,1.,0.));
#2749=DIRECTION('',(6.10300029327277E-17,0.996728503689927,0.0808225830572127));
#2750=DIRECTION('',(1.94095327848284E-30,3.16992194663129E-14,-1.));
#2751=DIRECTION('',(-6.10300029327277E-17,-0.996728503689927,-0.0808225830572133));
#2752=DIRECTION('',(-1.,6.12303176911189E-17,0.));
#2753=DIRECTION('',(6.12303176911189E-17,1.,0.));
#2754=DIRECTION('',(-4.1822621880069E-17,-0.683037806386152,-0.730383019413235));
#2755=DIRECTION('',(1.,-6.12303176911189E-17,0.));
#2756=DIRECTION('',(6.12303176911189E-17,1.,0.));
#2757=DIRECTION('',(-1.,0.,0.));
#2758=DIRECTION('',(0.,0.,1.));
#2759=DIRECTION('',(-1.,0.,0.));
#2760=DIRECTION('',(-1.,0.,0.));
#2761=DIRECTION('',(0.,-0.0808225830572127,0.996728503689927));
#2762=DIRECTION('',(0.,-0.996728503689927,-0.0808225830572127));
#2763=DIRECTION('',(-1.,0.,0.));
#2764=DIRECTION('',(0.,1.,3.16992194663129E-14));
#2765=DIRECTION('',(0.,-3.16992194663129E-14,1.));
#2766=DIRECTION('',(-1.,0.,0.));
#2767=DIRECTION('',(0.,0.0808225830572133,-0.996728503689927));
#2768=DIRECTION('',(0.,0.996728503689927,0.0808225830572133));
#2769=DIRECTION('',(-1.,0.,0.));
#2770=DIRECTION('',(-1.,0.,0.));
#2771=DIRECTION('',(0.,0.,1.));
#2772=DIRECTION('',(-1.,0.,0.));
#2773=DIRECTION('',(0.,0.730383019413235,-0.683037806386152));
#2774=DIRECTION('',(0.,0.683037806386152,0.730383019413235));
#2775=DIRECTION('',(-1.,0.,0.));
#2776=DIRECTION('',(-1.,0.,0.));
#2777=DIRECTION('',(0.,0.,1.));
#2778=DIRECTION('',(-1.,0.,0.));
#2779=DIRECTION('',(0.,0.,-1.));
#2780=DIRECTION('',(-1.,0.,0.));
#2781=DIRECTION('',(0.,1.30447604334925E-16,1.));
#2782=DIRECTION('',(0.,-1.,1.30447604334925E-16));
#2783=DIRECTION('',(-1.,0.,0.));
#2784=DIRECTION('',(-1.,0.,0.));
#2785=DIRECTION('',(0.,0.,1.));
#2786=DIRECTION('',(-1.,0.,0.));
#2787=DIRECTION('',(0.,-0.730383019413234,0.683037806386153));
#2788=DIRECTION('',(0.,-0.683037806386153,-0.730383019413234));
#2789=CARTESIAN_POINT('',(0.,0.,0.));
#2790=CARTESIAN_POINT('',(1.5,2.25707016545006,0.117092039497899));
#2791=CARTESIAN_POINT('',(-1.5,2.25707016545006,0.117092039497899));
#2792=CARTESIAN_POINT('',(-1.5,2.25707016545006,0.717092039497899));
#2793=CARTESIAN_POINT('',(-1.5,2.71024628099898,0.510324042641081));
#2794=CARTESIAN_POINT('',(1.5,2.25707016545006,0.717092039497899));
#2795=CARTESIAN_POINT('',(1.5,2.25707016545006,0.717092039497899));
#2796=CARTESIAN_POINT('',(1.5,2.25707016545006,0.117092039497899));
#2797=CARTESIAN_POINT('',(1.5,2.71024628099898,0.510324042641081));
#2798=CARTESIAN_POINT('',(1.5,2.71024628099898,0.510324042641081));
#2799=CARTESIAN_POINT('',(1.5,2.83873074180022,0.362253467538105));
#2800=CARTESIAN_POINT('',(-1.5,2.83873074180022,0.362253467538105));
#2801=CARTESIAN_POINT('',(-1.5,2.83873074180022,0.362253467538105));
#2802=CARTESIAN_POINT('',(1.5,2.83873074180022,0.362253467538105));
#2803=CARTESIAN_POINT('',(1.5,2.83873074180022,0.362253467538105));
#2804=CARTESIAN_POINT('',(1.5,2.83873074180022,0.362253467538105));
#2805=CARTESIAN_POINT('',(1.5,2.98978944698319,0.493330801919166));
#2806=CARTESIAN_POINT('',(-1.5,2.98978944698319,0.493330801919166));
#2807=CARTESIAN_POINT('',(-1.5,2.97351066333838,0.293994399816977));
#2808=CARTESIAN_POINT('',(1.5,2.98978944698319,0.493330801919166));
#2809=CARTESIAN_POINT('',(1.5,2.97351066333838,0.293994399816977));
#2810=CARTESIAN_POINT('',(1.5,2.97351066333838,0.293994399816977));
#2811=CARTESIAN_POINT('',(1.5,3.5,0.250998710557851));
#2812=CARTESIAN_POINT('',(-1.5,3.5,0.250998710557851));
#2813=CARTESIAN_POINT('',(-1.5,3.5,0.250998710557851));
#2814=CARTESIAN_POINT('',(1.5,3.5,0.250998710557851));
#2815=CARTESIAN_POINT('',(1.5,3.5,0.250998710557851));
#2816=CARTESIAN_POINT('',(1.5,3.5,0.250998710557851));
#2817=CARTESIAN_POINT('',(1.5,3.5,-0.0500000000000004));
#2818=CARTESIAN_POINT('',(-1.5,3.5,-0.0500000000000004));
#2819=CARTESIAN_POINT('',(-1.5,3.5,-0.0500000000000004));
#2820=CARTESIAN_POINT('',(1.5,3.5,-0.0500000000000004));
#2821=CARTESIAN_POINT('',(1.5,3.5,-0.0500000000000004));
#2822=CARTESIAN_POINT('',(1.5,3.5,-0.0500000000000004));
#2823=CARTESIAN_POINT('',(1.5,3.5,-0.0500000000000004));
#2824=CARTESIAN_POINT('',(-1.5,3.5,-0.0500000000000004));
#2825=CARTESIAN_POINT('',(-1.5,2.94909248787115,-0.00501020333630473));
#2826=CARTESIAN_POINT('',(1.5,3.5,-0.0500000000000004));
#2827=CARTESIAN_POINT('',(1.5,2.94909248787115,-0.00501020333630473));
#2828=CARTESIAN_POINT('',(1.5,2.94909248787115,-0.00501020333630473));
#2829=CARTESIAN_POINT('',(1.5,2.98978944698319,0.493330801919166));
#2830=CARTESIAN_POINT('',(-1.5,2.98978944698319,0.493330801919166));
#2831=CARTESIAN_POINT('',(-1.5,2.61214268402577,0.165637465966515));
#2832=CARTESIAN_POINT('',(1.5,2.98978944698319,0.493330801919166));
#2833=CARTESIAN_POINT('',(1.5,2.61214268402577,0.165637465966515));
#2834=CARTESIAN_POINT('',(1.5,2.61214268402577,0.165637465966515));
#2835=CARTESIAN_POINT('',(1.5,2.61214268402577,0.165637465966515));
#2836=CARTESIAN_POINT('',(-1.5,2.61214268402577,0.165637465966515));
#2837=CARTESIAN_POINT('',(-1.5,2.48365822322452,0.31370804106949));
#2838=CARTESIAN_POINT('',(1.5,2.61214268402577,0.165637465966515));
#2839=CARTESIAN_POINT('',(1.5,2.48365822322452,0.31370804106949));
#2840=CARTESIAN_POINT('',(1.5,2.48365822322452,0.31370804106949));
#2841=CARTESIAN_POINT('',(1.5,2.25707016545006,0.117092039497899));
#2842=CARTESIAN_POINT('',(-1.5,2.25707016545006,0.117092039497899));
#2843=CARTESIAN_POINT('',(-1.5,2.25707016545006,0.417092039497899));
#2844=CARTESIAN_POINT('',(1.5,2.25707016545006,0.117092039497899));
#2845=CARTESIAN_POINT('',(1.5,2.25707016545006,0.417092039497899));
#2846=CARTESIAN_POINT('',(1.5,2.25707016545006,0.417092039497899));
#2847=CARTESIAN_POINT('',(1.5,2.25707016545006,0.417092039497899));
#2848=CARTESIAN_POINT('',(1.5,2.25707016545006,0.417092039497899));
#2849=CARTESIAN_POINT('',(1.5,1.75,0.417092039497899));
#2850=CARTESIAN_POINT('',(-3.99755224466256,1.75,0.417092039497899));
#2851=CARTESIAN_POINT('',(-1.5,1.75,0.417092039497899));
#2852=CARTESIAN_POINT('',(-1.5,2.25707016545006,0.417092039497899));
#2853=CARTESIAN_POINT('',(-1.5,2.25707016545006,0.117092039497899));
#2854=CARTESIAN_POINT('',(-1.5,1.75,0.417092039497899));
#2855=CARTESIAN_POINT('',(-1.5,1.67849611266275,0.717092039497899));
#2856=CARTESIAN_POINT('',(-1.5,2.25707016545006,0.717092039497899));
#2857=CARTESIAN_POINT('',(1.5,2.25707016545006,0.717092039497899));
#2858=CARTESIAN_POINT('',(-3.99755224466256,1.67849611266275,0.717092039497899));
#2859=CARTESIAN_POINT('',(1.5,1.67849611266275,0.717092039497899));
#2860=CARTESIAN_POINT('',(1.5,2.25707016545006,0.717092039497899));
#2861=CARTESIAN_POINT('',(1.5,2.25707016545006,0.117092039497899));
#2862=CARTESIAN_POINT('',(1.5,1.75,0.417092039497899));
#2863=CARTESIAN_POINT('',(-3.99755224466256,1.75,0.417092039497899));
#2864=CARTESIAN_POINT('',(2.73593827854228,1.35723790482165,-1.16100738143496));
#2865=CARTESIAN_POINT('',(3.12870037372064,1.75,0.417092039497899));
#2866=CARTESIAN_POINT('',(3.03905130688126,1.66035093316062,0.0568863521284335));
#2867=CARTESIAN_POINT('',(-3.02489326173363,1.66035093316062,0.0568863521284336));
#2868=CARTESIAN_POINT('',(-3.03905130688126,1.66035093316062,0.0568863521284334));
#2869=CARTESIAN_POINT('',(-3.17658698390766,1.79788661018703,0.609498162019131));
#2870=CARTESIAN_POINT('',(-3.12870037372064,1.75,0.417092039497899));
#2871=CARTESIAN_POINT('',(-3.99755224466256,1.75,0.417092039497899));
#2872=CARTESIAN_POINT('',(-3.12840610488806,1.75,0.417092039497899));
#2873=CARTESIAN_POINT('',(-3.99755224466256,1.75,0.417092039497899));
#2874=CARTESIAN_POINT('',(-3.99755224466256,1.75,0.417092039497899));
#2875=CARTESIAN_POINT('',(3.12840610488806,1.75,0.417092039497899));
#2876=CARTESIAN_POINT('',(-3.99755224466256,1.75,0.417092039497899));
#2877=CARTESIAN_POINT('',(-3.99755224466256,1.75,0.417092039497899));
#2878=CARTESIAN_POINT('',(-3.17274382889871,1.79433772401065,0.231069744787416));
#2879=CARTESIAN_POINT('',(-2.86019577836305,1.48178967347499,1.54238887235396));
#2880=CARTESIAN_POINT('',(-3.99755224466256,1.48178967347499,1.54238887235396));
#2881=CARTESIAN_POINT('',(2.86019577836305,1.48178967347499,1.54238887235396));
#2882=CARTESIAN_POINT('',(2.76488982131378,1.38648371642572,1.9422522669122));
#2883=CARTESIAN_POINT('',(3.08757115739301,1.53905130688126,-2.71050543121376E-17));
#2884=CARTESIAN_POINT('',(3.14619288801299,1.53905130688126,3.10014058695074E-16));
#2885=CARTESIAN_POINT('',(3.16035093316062,1.53905130688126,0.0568863521284338));
#2886=CARTESIAN_POINT('',(3.0875711096789,1.56498654213213,-2.71050543121376E-17));
#2887=CARTESIAN_POINT('',(3.13935858019925,1.59213848299351,-1.21330180984221E-14));
#2888=CARTESIAN_POINT('',(3.15820680660556,1.60174527541124,0.0482713535924308));
#2889=CARTESIAN_POINT('',(3.06498654213212,1.5875711096789,-2.71050543121376E-17));
#2890=CARTESIAN_POINT('',(3.09213848299348,1.63935858019925,-1.11592959419016E-15));
#2891=CARTESIAN_POINT('',(3.10174527541121,1.65820680660556,0.0482713535924312));
#2892=CARTESIAN_POINT('',(3.03905130688126,1.58757115739301,-2.71050543121376E-17));
#2893=CARTESIAN_POINT('',(3.03905130688126,1.64619288801299,-2.20228566286118E-17));
#2894=CARTESIAN_POINT('',(3.03905130688126,1.66035093316062,0.0568863521284338));
#2895=CARTESIAN_POINT('',(3.08757115739301,1.53905130688126,0.0750000000000001));
#2896=CARTESIAN_POINT('',(3.16035093316062,1.53905130688126,0.0568863521284334));
#2897=CARTESIAN_POINT('',(3.08757115739301,1.53905130688126,0.));
#2898=CARTESIAN_POINT('',(3.03604585437512,1.53604585437512,-2.71050543121376E-17));
#2899=CARTESIAN_POINT('',(3.03905130688126,1.58757115739301,0.));
#2900=CARTESIAN_POINT('',(3.03905130688126,1.587571157393,0.075));
#2901=CARTESIAN_POINT('',(3.03604585437512,1.53604585437512,0.075));
#2902=CARTESIAN_POINT('',(-3.99755224466256,1.58757115739301,0.075));
#2903=CARTESIAN_POINT('',(3.02489326173363,1.58757115739301,0.));
#2904=CARTESIAN_POINT('',(-3.03905130688126,1.58757115739301,0.));
#2905=CARTESIAN_POINT('',(-3.03905130688126,1.58757115739301,0.0750000000000001));
#2906=CARTESIAN_POINT('',(-3.03905130688126,1.58757115739301,-2.71050543121376E-17));
#2907=CARTESIAN_POINT('',(-3.03905130688126,1.64619288801299,1.42301535138722E-16));
#2908=CARTESIAN_POINT('',(-3.03905130688126,1.66035093316062,0.0568863521284337));
#2909=CARTESIAN_POINT('',(-3.06498654213212,1.5875711096789,-2.71050543121376E-17));
#2910=CARTESIAN_POINT('',(-3.09213848299349,1.63935858019925,-1.44077480718172E-14));
#2911=CARTESIAN_POINT('',(-3.10174527541123,1.65820680660556,0.0482713535924353));
#2912=CARTESIAN_POINT('',(-3.0875711096789,1.56498654213213,-2.71050543121376E-17));
#2913=CARTESIAN_POINT('',(-3.13935858019921,1.59213848299353,-2.07901635573765E-14));
#2914=CARTESIAN_POINT('',(-3.15820680660556,1.60174527541124,0.0482713535924264));
#2915=CARTESIAN_POINT('',(-3.08757115739301,1.53905130688126,-2.71050543121376E-17));
#2916=CARTESIAN_POINT('',(-3.14619288801299,1.53905130688126,-2.5410988417629E-17));
#2917=CARTESIAN_POINT('',(-3.16035093316063,1.53905130688126,0.0568863521284338));
#2918=CARTESIAN_POINT('',(-3.03604585437512,1.53604585437512,-2.71050543121376E-17));
#2919=CARTESIAN_POINT('',(-3.08757115739301,1.53905130688126,0.));
#2920=CARTESIAN_POINT('',(-3.08757115739301,1.53905130688126,0.075));
#2921=CARTESIAN_POINT('',(-3.16035093316062,1.53905130688126,0.0568863521284338));
#2922=CARTESIAN_POINT('',(-3.03604585437512,1.53604585437512,0.075));
#2923=CARTESIAN_POINT('',(-3.08757115739301,-2.49755224466256,0.075));
#2924=CARTESIAN_POINT('',(-3.08757115739301,1.52489326173363,0.));
#2925=CARTESIAN_POINT('',(-3.087571157393,-1.53905130688126,0.));
#2926=CARTESIAN_POINT('',(-3.087571157393,-1.53905130688126,0.075));
#2927=CARTESIAN_POINT('',(-3.16035093316062,-1.53905130688126,0.0568863521284334));
#2928=CARTESIAN_POINT('',(-3.16035093316062,-1.52489326173363,0.0568863521284336));
#2929=CARTESIAN_POINT('',(-2.90128272374136,1.40128272374136,-0.466471850331349));
#2930=CARTESIAN_POINT('',(-3.02258235002073,1.40128272374136,-0.496661263450627));
#2931=CARTESIAN_POINT('',(-3.25,1.62870037372064,0.417092039497899));
#2932=CARTESIAN_POINT('',(-3.12134598345308,1.62134598345308,0.417731862254391));
#2933=CARTESIAN_POINT('',(-2.91792872460622,1.41792872460622,1.27118444961137));
#2934=CARTESIAN_POINT('',(-3.03952261971816,1.41792872460622,1.30016590353464));
#2935=CARTESIAN_POINT('',(-2.98178967347499,1.36019577836305,1.54238887235396));
#2936=CARTESIAN_POINT('',(-3.25,1.62840610488806,0.417092039497899));
#2937=CARTESIAN_POINT('',(-2.85743272954145,1.35743272954145,1.525));
#2938=CARTESIAN_POINT('',(-3.25,-2.49755224466256,0.417092039497899));
#2939=CARTESIAN_POINT('',(2.98178967347499,1.36019577836305,1.54238887235396));
#2940=CARTESIAN_POINT('',(2.96805827487308,1.36019577836305,1.6));
#2941=CARTESIAN_POINT('',(2.90883333640783,1.36019577836305,1.6));
#2942=CARTESIAN_POINT('',(2.97980341435008,1.4231033631898,1.55072237364548));
#2943=CARTESIAN_POINT('',(2.96140413304976,1.41373408218027,1.59999999999999));
#2944=CARTESIAN_POINT('',(2.9088332883538,1.38615331336056,1.6));
#2945=CARTESIAN_POINT('',(2.92310336318976,1.47980341435008,1.55072237364548));
#2946=CARTESIAN_POINT('',(2.91373408218021,1.46140413304977,1.6));
#2947=CARTESIAN_POINT('',(2.88615331336055,1.40883328835378,1.6));
#2948=CARTESIAN_POINT('',(2.86019577836305,1.48178967347499,1.54238887235396));
#2949=CARTESIAN_POINT('',(2.86019577836305,1.46805827487308,1.6));
#2950=CARTESIAN_POINT('',(2.86019577836305,1.40883333640783,1.6));
#2951=CARTESIAN_POINT('',(2.90883333640783,1.36019577836305,1.525));
#2952=CARTESIAN_POINT('',(2.90883333640783,1.36019577836305,1.6));
#2953=CARTESIAN_POINT('',(2.98178967347499,1.36019577836305,1.54238887235396));
#2954=CARTESIAN_POINT('',(2.85743272954145,1.35743272954145,1.525));
#2955=CARTESIAN_POINT('',(2.86019577836305,1.40883333640783,1.525));
#2956=CARTESIAN_POINT('',(2.86019577836305,1.40883333640783,1.6));
#2957=CARTESIAN_POINT('',(2.85743272954145,1.35743272954145,1.6));
#2958=CARTESIAN_POINT('',(-2.90883333640783,0.,1.525));
#2959=CARTESIAN_POINT('',(-2.90883333640783,-1.36019577836305,1.525));
#2960=CARTESIAN_POINT('',(-2.98178967347499,-1.36019577836305,1.54238887235396));
#2961=CARTESIAN_POINT('',(-2.90883333640783,-1.36019577836305,1.6));
#2962=CARTESIAN_POINT('',(-2.90883333640783,0.,1.6));
#2963=CARTESIAN_POINT('',(-2.90883333640783,1.36019577836305,1.6));
#2964=CARTESIAN_POINT('',(-2.90883333640783,1.36019577836305,1.525));
#2965=CARTESIAN_POINT('',(-2.98178967347499,-2.49755224466256,1.54238887235396));
#2966=CARTESIAN_POINT('',(-2.86019577836305,1.48178967347499,1.54238887235396));
#2967=CARTESIAN_POINT('',(-2.86019577836305,1.46805827487308,1.6));
#2968=CARTESIAN_POINT('',(-2.86019577836305,1.40883333640783,1.6));
#2969=CARTESIAN_POINT('',(-2.92310336318978,1.47980341435008,1.55072237364548));
#2970=CARTESIAN_POINT('',(-2.91373408218024,1.46140413304977,1.6));
#2971=CARTESIAN_POINT('',(-2.88615331336055,1.40883328835379,1.6));
#2972=CARTESIAN_POINT('',(-2.97980341435008,1.42310336318977,1.55072237364548));
#2973=CARTESIAN_POINT('',(-2.96140413304978,1.41373408218023,1.59999999999999));
#2974=CARTESIAN_POINT('',(-2.9088332883538,1.38615331336055,1.6));
#2975=CARTESIAN_POINT('',(-2.98178967347499,1.36019577836305,1.54238887235396));
#2976=CARTESIAN_POINT('',(-2.96805827487308,1.36019577836305,1.6));
#2977=CARTESIAN_POINT('',(-2.90883333640783,1.36019577836305,1.6));
#2978=CARTESIAN_POINT('',(-2.86019577836305,1.40883333640783,1.525));
#2979=CARTESIAN_POINT('',(-2.86019577836305,1.40883333640783,1.6));
#2980=CARTESIAN_POINT('',(-2.85743272954145,1.35743272954145,1.6));
#2981=CARTESIAN_POINT('',(0.,1.40883333640783,1.525));
#2982=CARTESIAN_POINT('',(0.,1.40883333640783,1.6));
#2983=CARTESIAN_POINT('',(2.73593827854228,1.23593827854228,-1.13081796831569));
#2984=CARTESIAN_POINT('',(3.29788661018703,1.67658698390766,0.609498162019131));
#2985=CARTESIAN_POINT('',(3.25,1.62870037372063,0.417092039497899));
#2986=CARTESIAN_POINT('',(3.12134598345308,1.62134598345308,0.417731862254393));
#2987=CARTESIAN_POINT('',(3.08757115739301,2.49755224466256,0.075));
#2988=CARTESIAN_POINT('',(3.08757115739301,-1.53905130688126,0.075));
#2989=CARTESIAN_POINT('',(3.08757115739301,-1.53905130688126,0.));
#2990=CARTESIAN_POINT('',(3.16035093316062,-1.53905130688126,0.0568863521284338));
#2991=CARTESIAN_POINT('',(3.08757115739301,-1.52489326173363,0.));
#2992=CARTESIAN_POINT('',(3.16035093316062,1.52489326173363,0.0568863521284336));
#2993=CARTESIAN_POINT('',(2.90883333640783,0.,1.525));
#2994=CARTESIAN_POINT('',(2.90883333640783,-1.36019577836305,1.525));
#2995=CARTESIAN_POINT('',(2.90883333640783,-1.36019577836305,1.6));
#2996=CARTESIAN_POINT('',(2.98178967347499,-1.36019577836305,1.54238887235396));
#2997=CARTESIAN_POINT('',(2.98178967347499,2.49755224466256,1.54238887235396));
#2998=CARTESIAN_POINT('',(2.90883333640783,0.,1.6));
#2999=CARTESIAN_POINT('',(2.76488982131378,1.26488982131378,1.91327081298893));
#3000=CARTESIAN_POINT('',(3.29433772401065,1.67274382889871,0.231069744787416));
#3001=CARTESIAN_POINT('',(3.25,1.62840610488806,0.417092039497899));
#3002=CARTESIAN_POINT('',(3.25,2.49755224466256,0.417092039497899));
#3003=CARTESIAN_POINT('',(0.,0.,0.));
#3004=CARTESIAN_POINT('',(-3.03604585437512,-1.53604585437512,-2.71050543121376E-17));
#3005=CARTESIAN_POINT('',(-3.03905130688126,-1.58757115739301,0.));
#3006=CARTESIAN_POINT('',(3.03604585437512,-1.53604585437513,-2.71050543121376E-17));
#3007=CARTESIAN_POINT('',(3.03905130688126,-1.58757115739301,0.));
#3008=CARTESIAN_POINT('',(-3.02489326173363,-1.58757115739301,0.));
#3009=CARTESIAN_POINT('',(3.03905130688126,-1.58757115739301,-2.71050543121376E-17));
#3010=CARTESIAN_POINT('',(3.03905130688126,-1.64619288801299,-2.20228566286118E-17));
#3011=CARTESIAN_POINT('',(3.03905130688126,-1.66035093316063,0.0568863521284335));
#3012=CARTESIAN_POINT('',(3.06498654213212,-1.5875711096789,-2.71050543121376E-17));
#3013=CARTESIAN_POINT('',(3.0921384829935,-1.63935858019926,-6.4012704810717E-17));
#3014=CARTESIAN_POINT('',(3.10174527541123,-1.65820680660556,0.0482713535924357));
#3015=CARTESIAN_POINT('',(3.0875711096789,-1.56498654213213,-2.71050543121376E-17));
#3016=CARTESIAN_POINT('',(3.13935858019924,-1.59213848299354,-2.09814631455389E-14));
#3017=CARTESIAN_POINT('',(3.15820680660556,-1.60174527541125,0.0482713535924302));
#3018=CARTESIAN_POINT('',(3.08757115739301,-1.53905130688126,-2.71050543121376E-17));
#3019=CARTESIAN_POINT('',(3.14619288801299,-1.53905130688126,-2.71050543121376E-17));
#3020=CARTESIAN_POINT('',(3.16035093316062,-1.53905130688126,0.0568863521284337));
#3021=CARTESIAN_POINT('',(3.03604585437512,-1.53604585437513,0.075));
#3022=CARTESIAN_POINT('',(3.03905130688126,-1.66035093316062,0.0568863521284338));
#3023=CARTESIAN_POINT('',(3.03905130688126,-1.58757115739301,0.075));
#3024=CARTESIAN_POINT('',(-3.087571157393,-1.53905130688126,-2.71050543121376E-17));
#3025=CARTESIAN_POINT('',(-3.14619288801299,-1.53905130688126,3.16790322273108E-16));
#3026=CARTESIAN_POINT('',(-3.16035093316062,-1.53905130688126,0.0568863521284339));
#3027=CARTESIAN_POINT('',(-3.0875711096789,-1.56498654213213,-2.71050543121376E-17));
#3028=CARTESIAN_POINT('',(-3.13935858019927,-1.59213848299354,-1.26309882869597E-14));
#3029=CARTESIAN_POINT('',(-3.15820680660556,-1.60174527541125,0.0482713535924267));
#3030=CARTESIAN_POINT('',(-3.06498654213214,-1.5875711096789,-2.71050543121376E-17));
#3031=CARTESIAN_POINT('',(-3.09213848299352,-1.63935858019924,3.8800065446895E-16));
#3032=CARTESIAN_POINT('',(-3.10174527541128,-1.65820680660556,0.0482713535924286));
#3033=CARTESIAN_POINT('',(-3.03905130688126,-1.58757115739301,-2.71050543121376E-17));
#3034=CARTESIAN_POINT('',(-3.03905130688126,-1.64619288801299,-3.21872519956634E-17));
#3035=CARTESIAN_POINT('',(-3.03905130688126,-1.66035093316062,0.0568863521284339));
#3036=CARTESIAN_POINT('',(-3.03905130688126,-1.58757115739301,0.075));
#3037=CARTESIAN_POINT('',(-3.03905130688126,-1.66035093316062,0.0568863521284338));
#3038=CARTESIAN_POINT('',(-3.03604585437512,-1.53604585437512,0.075));
#3039=CARTESIAN_POINT('',(0.4,-2.22598869966328,0.134792217466885));
#3040=CARTESIAN_POINT('',(-0.4,-2.22598869966328,0.134792217466885));
#3041=CARTESIAN_POINT('',(-0.4,-2.22598869966328,0.717092039497899));
#3042=CARTESIAN_POINT('',(-0.4,-2.65129060188209,0.532525010565996));
#3043=CARTESIAN_POINT('',(0.4,-2.65129060188209,0.532525010565996));
#3044=CARTESIAN_POINT('',(0.4,-2.65129060188209,0.532525010565996));
#3045=CARTESIAN_POINT('',(0.4,-2.22598869966328,0.134792217466885));
#3046=CARTESIAN_POINT('',(0.4,-2.22598869966328,0.717092039497899));
#3047=CARTESIAN_POINT('',(0.4,-2.22598869966328,0.717092039497899));
#3048=CARTESIAN_POINT('',(0.4,-2.81392630249364,0.358616109819296));
#3049=CARTESIAN_POINT('',(-0.4,-2.81392630249364,0.358616109819296));
#3050=CARTESIAN_POINT('',(-0.4,-2.81392630249364,0.358616109819296));
#3051=CARTESIAN_POINT('',(0.4,-2.81392630249364,0.358616109819296));
#3052=CARTESIAN_POINT('',(0.4,-2.81392630249364,0.358616109819296));
#3053=CARTESIAN_POINT('',(0.4,-2.81392630249364,0.358616109819296));
#3054=CARTESIAN_POINT('',(0.4,-2.95943023982069,0.494688126187172));
#3055=CARTESIAN_POINT('',(-0.4,-2.95943023982069,0.494688126187172));
#3056=CARTESIAN_POINT('',(-0.4,-2.94332909323432,0.296123923736937));
#3057=CARTESIAN_POINT('',(0.4,-2.94332909323432,0.296123923736937));
#3058=CARTESIAN_POINT('',(0.4,-2.94332909323432,0.296123923736937));
#3059=CARTESIAN_POINT('',(0.4,-2.95943023982069,0.494688126187172));
#3060=CARTESIAN_POINT('',(0.4,-3.50000000000001,0.250984670238072));
#3061=CARTESIAN_POINT('',(-0.4,-3.50000000000001,0.250984670238072));
#3062=CARTESIAN_POINT('',(-0.4,-3.50000000000001,0.250984670238072));
#3063=CARTESIAN_POINT('',(0.4,-3.50000000000001,0.250984670238072));
#3064=CARTESIAN_POINT('',(0.4,-3.50000000000001,0.250984670238072));
#3065=CARTESIAN_POINT('',(0.4,-3.50000000000001,0.250984670238072));
#3066=CARTESIAN_POINT('',(0.4,-3.5,-0.0499999999999996));
#3067=CARTESIAN_POINT('',(-0.4,-3.5,-0.0499999999999996));
#3068=CARTESIAN_POINT('',(-0.4,-3.5,-0.0499999999999996));
#3069=CARTESIAN_POINT('',(0.4,-3.5,-0.0499999999999996));
#3070=CARTESIAN_POINT('',(0.4,-3.5,-0.0499999999999996));
#3071=CARTESIAN_POINT('',(0.4,-3.5,-0.0499999999999996));
#3072=CARTESIAN_POINT('',(0.4,-3.5,-0.0499999999999996));
#3073=CARTESIAN_POINT('',(-0.4,-3.5,-0.0499999999999996));
#3074=CARTESIAN_POINT('',(-0.4,-2.91908231831716,-0.00289462737004093));
#3075=CARTESIAN_POINT('',(0.4,-2.91908231831716,-0.00289462737004093));
#3076=CARTESIAN_POINT('',(0.4,-2.91908231831716,-0.00289462737004093));
#3077=CARTESIAN_POINT('',(0.4,-3.5,-0.0499999999999996));
#3078=CARTESIAN_POINT('',(0.4,-2.95943023982069,0.494688126187172));
#3079=CARTESIAN_POINT('',(-0.4,-2.95943023982069,0.494688126187172));
#3080=CARTESIAN_POINT('',(-0.4,-2.59481139666967,0.15370476790345));
#3081=CARTESIAN_POINT('',(0.4,-2.59481139666967,0.15370476790345));
#3082=CARTESIAN_POINT('',(0.4,-2.59481139666967,0.15370476790345));
#3083=CARTESIAN_POINT('',(0.4,-2.95943023982069,0.494688126187172));
#3084=CARTESIAN_POINT('',(0.4,-2.59481139666967,0.15370476790345));
#3085=CARTESIAN_POINT('',(-0.4,-2.59481139666967,0.15370476790345));
#3086=CARTESIAN_POINT('',(-0.4,-2.43217569605812,0.32761366865015));
#3087=CARTESIAN_POINT('',(0.4,-2.43217569605812,0.32761366865015));
#3088=CARTESIAN_POINT('',(0.4,-2.43217569605812,0.32761366865015));
#3089=CARTESIAN_POINT('',(0.4,-2.59481139666967,0.15370476790345));
#3090=CARTESIAN_POINT('',(0.4,-2.22598869966328,0.134792217466885));
#3091=CARTESIAN_POINT('',(-0.4,-2.22598869966328,0.134792217466885));
#3092=CARTESIAN_POINT('',(-0.4,-2.22598869966328,0.417092039497899));
#3093=CARTESIAN_POINT('',(0.4,-2.22598869966328,0.417092039497899));
#3094=CARTESIAN_POINT('',(0.4,-2.22598869966328,0.417092039497899));
#3095=CARTESIAN_POINT('',(0.4,-2.22598869966328,0.134792217466885));
#3096=CARTESIAN_POINT('',(-1.9,-2.22598869966328,0.134792217466885));
#3097=CARTESIAN_POINT('',(-2.7,-2.22598869966328,0.134792217466885));
#3098=CARTESIAN_POINT('',(-2.7,-2.22598869966328,0.717092039497899));
#3099=CARTESIAN_POINT('',(-2.7,-2.65129060188209,0.532525010565996));
#3100=CARTESIAN_POINT('',(-1.9,-2.65129060188209,0.532525010565996));
#3101=CARTESIAN_POINT('',(-1.9,-2.65129060188209,0.532525010565996));
#3102=CARTESIAN_POINT('',(-1.9,-2.22598869966328,0.134792217466885));
#3103=CARTESIAN_POINT('',(-1.9,-2.22598869966328,0.717092039497899));
#3104=CARTESIAN_POINT('',(-1.9,-2.22598869966328,0.717092039497899));
#3105=CARTESIAN_POINT('',(-1.9,-2.81392630249364,0.358616109819296));
#3106=CARTESIAN_POINT('',(-2.7,-2.81392630249364,0.358616109819296));
#3107=CARTESIAN_POINT('',(-2.7,-2.81392630249364,0.358616109819296));
#3108=CARTESIAN_POINT('',(-1.9,-2.81392630249364,0.358616109819296));
#3109=CARTESIAN_POINT('',(-1.9,-2.81392630249364,0.358616109819296));
#3110=CARTESIAN_POINT('',(-1.9,-2.81392630249364,0.358616109819296));
#3111=CARTESIAN_POINT('',(-1.9,-2.95943023982069,0.494688126187172));
#3112=CARTESIAN_POINT('',(-2.7,-2.95943023982069,0.494688126187172));
#3113=CARTESIAN_POINT('',(-2.7,-2.94332909323432,0.296123923736937));
#3114=CARTESIAN_POINT('',(-1.9,-2.94332909323432,0.296123923736937));
#3115=CARTESIAN_POINT('',(-1.9,-2.94332909323432,0.296123923736937));
#3116=CARTESIAN_POINT('',(-1.9,-2.95943023982069,0.494688126187172));
#3117=CARTESIAN_POINT('',(-1.9,-3.50000000000001,0.250984670238072));
#3118=CARTESIAN_POINT('',(-2.7,-3.50000000000001,0.250984670238072));
#3119=CARTESIAN_POINT('',(-2.7,-3.50000000000001,0.250984670238072));
#3120=CARTESIAN_POINT('',(-1.9,-3.50000000000001,0.250984670238072));
#3121=CARTESIAN_POINT('',(-1.9,-3.50000000000001,0.250984670238072));
#3122=CARTESIAN_POINT('',(-1.9,-3.50000000000001,0.250984670238072));
#3123=CARTESIAN_POINT('',(-1.9,-3.5,-0.0499999999999996));
#3124=CARTESIAN_POINT('',(-2.7,-3.5,-0.0499999999999996));
#3125=CARTESIAN_POINT('',(-2.7,-3.5,-0.0499999999999996));
#3126=CARTESIAN_POINT('',(-1.9,-3.5,-0.0499999999999996));
#3127=CARTESIAN_POINT('',(-1.9,-3.5,-0.0499999999999996));
#3128=CARTESIAN_POINT('',(-1.9,-3.5,-0.0499999999999996));
#3129=CARTESIAN_POINT('',(-1.9,-3.5,-0.0499999999999996));
#3130=CARTESIAN_POINT('',(-2.7,-3.5,-0.0499999999999996));
#3131=CARTESIAN_POINT('',(-2.7,-2.91908231831716,-0.00289462737004093));
#3132=CARTESIAN_POINT('',(-1.9,-2.91908231831716,-0.00289462737004093));
#3133=CARTESIAN_POINT('',(-1.9,-2.91908231831716,-0.00289462737004093));
#3134=CARTESIAN_POINT('',(-1.9,-3.5,-0.0499999999999996));
#3135=CARTESIAN_POINT('',(-1.9,-2.95943023982069,0.494688126187172));
#3136=CARTESIAN_POINT('',(-2.7,-2.95943023982069,0.494688126187172));
#3137=CARTESIAN_POINT('',(-2.7,-2.59481139666967,0.15370476790345));
#3138=CARTESIAN_POINT('',(-1.9,-2.59481139666967,0.15370476790345));
#3139=CARTESIAN_POINT('',(-1.9,-2.59481139666967,0.15370476790345));
#3140=CARTESIAN_POINT('',(-1.9,-2.95943023982069,0.494688126187172));
#3141=CARTESIAN_POINT('',(-1.9,-2.59481139666967,0.15370476790345));
#3142=CARTESIAN_POINT('',(-2.7,-2.59481139666967,0.15370476790345));
#3143=CARTESIAN_POINT('',(-2.7,-2.43217569605812,0.32761366865015));
#3144=CARTESIAN_POINT('',(-1.9,-2.43217569605812,0.32761366865015));
#3145=CARTESIAN_POINT('',(-1.9,-2.43217569605812,0.32761366865015));
#3146=CARTESIAN_POINT('',(-1.9,-2.59481139666967,0.15370476790345));
#3147=CARTESIAN_POINT('',(-1.9,-2.22598869966328,0.134792217466885));
#3148=CARTESIAN_POINT('',(-2.7,-2.22598869966328,0.134792217466885));
#3149=CARTESIAN_POINT('',(-2.7,-2.22598869966328,0.417092039497899));
#3150=CARTESIAN_POINT('',(-1.9,-2.22598869966328,0.417092039497899));
#3151=CARTESIAN_POINT('',(-1.9,-2.22598869966328,0.417092039497899));
#3152=CARTESIAN_POINT('',(-1.9,-2.22598869966328,0.134792217466885));
#3153=CARTESIAN_POINT('',(-3.25,-2.49755224466256,0.417092039497899));
#3154=CARTESIAN_POINT('',(-3.29788661018703,-1.67658698390766,0.609498162019131));
#3155=CARTESIAN_POINT('',(-3.25,-1.62870037372064,0.417092039497899));
#3156=CARTESIAN_POINT('',(-3.25,-2.49755224466256,0.417092039497899));
#3157=CARTESIAN_POINT('',(-3.25,-1.62840610488806,0.417092039497899));
#3158=CARTESIAN_POINT('',(-3.25,-2.49755224466256,0.417092039497899));
#3159=CARTESIAN_POINT('',(-3.25,-2.49755224466256,0.417092039497899));
#3160=CARTESIAN_POINT('',(-3.29433772401065,-1.67274382889871,0.231069744787416));
#3161=CARTESIAN_POINT('',(-2.98178967347499,-1.36019577836305,1.54238887235396));
#3162=CARTESIAN_POINT('',(-2.96805827487308,-1.36019577836305,1.6));
#3163=CARTESIAN_POINT('',(-2.90883333640783,-1.36019577836305,1.6));
#3164=CARTESIAN_POINT('',(-2.97980341435008,-1.42310336318979,1.55072237364549));
#3165=CARTESIAN_POINT('',(-2.96140413304976,-1.41373408218025,1.59999999999998));
#3166=CARTESIAN_POINT('',(-2.9088332883538,-1.38615331336056,1.6));
#3167=CARTESIAN_POINT('',(-2.92310336318976,-1.47980341435008,1.55072237364547));
#3168=CARTESIAN_POINT('',(-2.91373408218022,-1.46140413304977,1.60000000000001));
#3169=CARTESIAN_POINT('',(-2.88615331336055,-1.40883328835378,1.6));
#3170=CARTESIAN_POINT('',(-2.86019577836305,-1.48178967347499,1.54238887235396));
#3171=CARTESIAN_POINT('',(-2.86019577836305,-1.46805827487308,1.6));
#3172=CARTESIAN_POINT('',(-2.86019577836305,-1.40883333640783,1.6));
#3173=CARTESIAN_POINT('',(-2.86019577836305,-1.40883333640783,1.525));
#3174=CARTESIAN_POINT('',(-2.86019577836305,-1.48178967347499,1.54238887235396));
#3175=CARTESIAN_POINT('',(-2.86019577836305,-1.40883333640783,1.6));
#3176=CARTESIAN_POINT('',(-2.85743272954145,-1.35743272954145,1.6));
#3177=CARTESIAN_POINT('',(-2.85743272954145,-1.35743272954145,1.525));
#3178=CARTESIAN_POINT('',(0.,0.,1.6));
#3179=CARTESIAN_POINT('',(0.,-1.40883333640783,1.6));
#3180=CARTESIAN_POINT('',(2.86019577836305,-1.40883333640783,1.6));
#3181=CARTESIAN_POINT('',(2.85743272954145,-1.35743272954145,1.6));
#3182=CARTESIAN_POINT('',(3.25,2.49755224466256,0.417092039497899));
#3183=CARTESIAN_POINT('',(3.02258235002073,-1.40128272374136,-0.496661263450627));
#3184=CARTESIAN_POINT('',(3.25,-1.62870037372064,0.417092039497899));
#3185=CARTESIAN_POINT('',(3.25,2.49755224466256,0.417092039497899));
#3186=CARTESIAN_POINT('',(3.25,-1.62840610488806,0.417092039497899));
#3187=CARTESIAN_POINT('',(3.25,2.49755224466256,0.417092039497899));
#3188=CARTESIAN_POINT('',(2.86019577836305,-1.48178967347499,1.54238887235396));
#3189=CARTESIAN_POINT('',(2.86019577836305,-1.46805827487308,1.6));
#3190=CARTESIAN_POINT('',(2.86019577836305,-1.40883333640783,1.6));
#3191=CARTESIAN_POINT('',(2.92310336318976,-1.47980341435008,1.55072237364548));
#3192=CARTESIAN_POINT('',(2.91373408218019,-1.46140413304979,1.59999999999999));
#3193=CARTESIAN_POINT('',(2.88615331336055,-1.40883328835379,1.6));
#3194=CARTESIAN_POINT('',(2.97980341435008,-1.42310336318979,1.55072237364548));
#3195=CARTESIAN_POINT('',(2.96140413304978,-1.41373408218024,1.59999999999999));
#3196=CARTESIAN_POINT('',(2.9088332883538,-1.38615331336056,1.6));
#3197=CARTESIAN_POINT('',(2.98178967347499,-1.36019577836305,1.54238887235396));
#3198=CARTESIAN_POINT('',(2.96805827487308,-1.36019577836305,1.6));
#3199=CARTESIAN_POINT('',(2.90883333640783,-1.36019577836305,1.6));
#3200=CARTESIAN_POINT('',(2.86019577836305,-1.40883333640783,1.525));
#3201=CARTESIAN_POINT('',(2.86019577836305,-1.48178967347499,1.54238887235396));
#3202=CARTESIAN_POINT('',(2.85743272954145,-1.35743272954145,1.525));
#3203=CARTESIAN_POINT('',(3.25,2.49755224466256,0.417092039497899));
#3204=CARTESIAN_POINT('',(3.03952261971816,-1.41792872460622,1.30016590353464));
#3205=CARTESIAN_POINT('',(-1.9,-2.22598869966328,0.417092039497899));
#3206=CARTESIAN_POINT('',(3.99755224466256,-1.75,0.417092039497899));
#3207=CARTESIAN_POINT('',(-1.9,-1.75,0.417092039497899));
#3208=CARTESIAN_POINT('',(-2.7,-1.75,0.417092039497899));
#3209=CARTESIAN_POINT('',(-1.9,-2.22598869966328,0.417092039497899));
#3210=CARTESIAN_POINT('',(-2.7,-2.22598869966328,0.417092039497899));
#3211=CARTESIAN_POINT('',(0.4,-2.22598869966328,0.417092039497899));
#3212=CARTESIAN_POINT('',(3.99755224466256,-1.75,0.417092039497899));
#3213=CARTESIAN_POINT('',(0.4,-1.75,0.417092039497899));
#3214=CARTESIAN_POINT('',(-0.4,-1.75,0.417092039497899));
#3215=CARTESIAN_POINT('',(0.4,-2.22598869966328,0.417092039497899));
#3216=CARTESIAN_POINT('',(-0.4,-2.22598869966328,0.417092039497899));
#3217=CARTESIAN_POINT('',(2.90128272374136,-1.40128272374136,-0.466471850331349));
#3218=CARTESIAN_POINT('',(3.17658698390766,-1.79788661018703,0.609498162019131));
#3219=CARTESIAN_POINT('',(3.12870037372064,-1.75,0.417092039497899));
#3220=CARTESIAN_POINT('',(3.12134598345308,-1.62134598345308,0.417731862254392));
#3221=CARTESIAN_POINT('',(3.99755224466256,-1.58757115739301,0.075));
#3222=CARTESIAN_POINT('',(3.02489326173363,-1.66035093316062,0.0568863521284336));
#3223=CARTESIAN_POINT('',(-2.73593827854228,-1.23593827854228,-1.13081796831568));
#3224=CARTESIAN_POINT('',(-2.73593827854228,-1.35723790482165,-1.16100738143496));
#3225=CARTESIAN_POINT('',(-3.12870037372064,-1.75,0.417092039497899));
#3226=CARTESIAN_POINT('',(-3.12134598345308,-1.62134598345308,0.417731862254392));
#3227=CARTESIAN_POINT('',(0.4,-2.22598869966328,0.134792217466885));
#3228=CARTESIAN_POINT('',(0.4,-1.75,0.417092039497899));
#3229=CARTESIAN_POINT('',(0.4,-1.67849611266275,0.717092039497899));
#3230=CARTESIAN_POINT('',(0.4,-2.22598869966328,0.717092039497899));
#3231=CARTESIAN_POINT('',(0.4,-2.22598869966328,0.717092039497899));
#3232=CARTESIAN_POINT('',(3.99755224466256,-1.67849611266275,0.717092039497899));
#3233=CARTESIAN_POINT('',(-0.4,-1.67849611266275,0.717092039497899));
#3234=CARTESIAN_POINT('',(-0.4,-2.22598869966328,0.717092039497899));
#3235=CARTESIAN_POINT('',(-0.4,-2.22598869966328,0.134792217466885));
#3236=CARTESIAN_POINT('',(-0.4,-1.75,0.417092039497899));
#3237=CARTESIAN_POINT('',(-1.9,-2.22598869966328,0.134792217466885));
#3238=CARTESIAN_POINT('',(-1.9,-1.75,0.417092039497899));
#3239=CARTESIAN_POINT('',(-1.9,-1.67849611266275,0.717092039497899));
#3240=CARTESIAN_POINT('',(-1.9,-2.22598869966328,0.717092039497899));
#3241=CARTESIAN_POINT('',(-1.9,-2.22598869966328,0.717092039497899));
#3242=CARTESIAN_POINT('',(3.99755224466256,-1.67849611266275,0.717092039497899));
#3243=CARTESIAN_POINT('',(-2.7,-1.67849611266275,0.717092039497899));
#3244=CARTESIAN_POINT('',(-2.7,-2.22598869966328,0.717092039497899));
#3245=CARTESIAN_POINT('',(-2.7,-2.22598869966328,0.134792217466885));
#3246=CARTESIAN_POINT('',(-2.7,-1.75,0.417092039497899));
#3247=CARTESIAN_POINT('',(-2.76488982131378,-1.26488982131378,1.91327081298893));
#3248=CARTESIAN_POINT('',(-2.76488982131378,-1.38648371642572,1.9422522669122));
#3249=CARTESIAN_POINT('',(-3.12840610488806,-1.75,0.417092039497899));
#3250=CARTESIAN_POINT('',(3.99755224466256,-1.75,0.417092039497899));
#3251=CARTESIAN_POINT('',(0.,-1.40883333640783,1.525));
#3252=CARTESIAN_POINT('',(3.99755224466256,-1.48178967347499,1.54238887235396));
#3253=CARTESIAN_POINT('',(2.91792872460622,-1.41792872460622,1.27118444961137));
#3254=CARTESIAN_POINT('',(3.17274382889871,-1.79433772401065,0.231069744787416));
#3255=CARTESIAN_POINT('',(3.12840610488806,-1.75,0.417092039497899));
#3256=CARTESIAN_POINT('',(3.99755224466256,-1.75,0.417092039497899));
#3257=CARTESIAN_POINT('',(3.99755224466256,-1.75,0.417092039497899));
#3258=CARTESIAN_POINT('',(3.99755224466256,-1.75,0.417092039497899));
#3259=CARTESIAN_POINT('',(2.7,-1.75,0.417092039497899));
#3260=CARTESIAN_POINT('',(3.99755224466256,-1.75,0.417092039497899));
#3261=CARTESIAN_POINT('',(1.9,-1.75,0.417092039497899));
#3262=CARTESIAN_POINT('',(3.99755224466256,-1.75,0.417092039497899));
#3263=CARTESIAN_POINT('',(3.99755224466256,-1.75,0.417092039497899));
#3264=CARTESIAN_POINT('',(3.99755224466256,-1.75,0.417092039497899));
#3265=CARTESIAN_POINT('',(3.99755224466256,-1.75,0.417092039497899));
#3266=CARTESIAN_POINT('',(3.99755224466256,-1.67849611266275,0.717092039497899));
#3267=CARTESIAN_POINT('',(1.9,-1.67849611266275,0.717092039497899));
#3268=CARTESIAN_POINT('',(2.7,-1.67849611266275,0.717092039497899));
#3269=CARTESIAN_POINT('',(2.7,-1.75,0.417092039497899));
#3270=CARTESIAN_POINT('',(1.9,-1.75,0.417092039497899));
#3271=CARTESIAN_POINT('',(2.7,-2.22598869966328,0.134792217466885));
#3272=CARTESIAN_POINT('',(2.7,-2.22598869966328,0.717092039497899));
#3273=CARTESIAN_POINT('',(2.7,-2.22598869966328,0.717092039497899));
#3274=CARTESIAN_POINT('',(2.7,-2.22598869966328,0.134792217466885));
#3275=CARTESIAN_POINT('',(2.7,-2.65129060188209,0.532525010565996));
#3276=CARTESIAN_POINT('',(2.7,-2.81392630249364,0.358616109819296));
#3277=CARTESIAN_POINT('',(2.7,-2.81392630249364,0.358616109819296));
#3278=CARTESIAN_POINT('',(2.7,-2.95943023982069,0.494688126187172));
#3279=CARTESIAN_POINT('',(2.7,-2.94332909323432,0.296123923736937));
#3280=CARTESIAN_POINT('',(2.7,-3.50000000000001,0.250984670238072));
#3281=CARTESIAN_POINT('',(2.7,-3.50000000000001,0.250984670238072));
#3282=CARTESIAN_POINT('',(2.7,-3.5,-0.0499999999999996));
#3283=CARTESIAN_POINT('',(2.7,-3.5,-0.0499999999999996));
#3284=CARTESIAN_POINT('',(2.7,-3.5,-0.0499999999999996));
#3285=CARTESIAN_POINT('',(2.7,-2.91908231831716,-0.00289462737004093));
#3286=CARTESIAN_POINT('',(2.7,-2.95943023982069,0.494688126187172));
#3287=CARTESIAN_POINT('',(2.7,-2.59481139666967,0.15370476790345));
#3288=CARTESIAN_POINT('',(2.7,-2.59481139666967,0.15370476790345));
#3289=CARTESIAN_POINT('',(2.7,-2.43217569605812,0.32761366865015));
#3290=CARTESIAN_POINT('',(2.7,-2.22598869966328,0.134792217466885));
#3291=CARTESIAN_POINT('',(2.7,-2.22598869966328,0.417092039497899));
#3292=CARTESIAN_POINT('',(2.7,-2.22598869966328,0.417092039497899));
#3293=CARTESIAN_POINT('',(1.9,-2.22598869966328,0.134792217466885));
#3294=CARTESIAN_POINT('',(1.9,-2.22598869966328,0.717092039497899));
#3295=CARTESIAN_POINT('',(1.9,-2.22598869966328,0.717092039497899));
#3296=CARTESIAN_POINT('',(1.9,-2.22598869966328,0.417092039497899));
#3297=CARTESIAN_POINT('',(1.9,-2.22598869966328,0.417092039497899));
#3298=CARTESIAN_POINT('',(1.9,-2.22598869966328,0.134792217466885));
#3299=CARTESIAN_POINT('',(1.9,-2.43217569605812,0.32761366865015));
#3300=CARTESIAN_POINT('',(1.9,-2.59481139666967,0.15370476790345));
#3301=CARTESIAN_POINT('',(1.9,-2.59481139666967,0.15370476790345));
#3302=CARTESIAN_POINT('',(1.9,-2.95943023982069,0.494688126187172));
#3303=CARTESIAN_POINT('',(1.9,-2.91908231831716,-0.00289462737004093));
#3304=CARTESIAN_POINT('',(1.9,-3.5,-0.0499999999999996));
#3305=CARTESIAN_POINT('',(1.9,-3.5,-0.0499999999999996));
#3306=CARTESIAN_POINT('',(1.9,-3.5,-0.0499999999999996));
#3307=CARTESIAN_POINT('',(1.9,-3.50000000000001,0.250984670238072));
#3308=CARTESIAN_POINT('',(1.9,-3.50000000000001,0.250984670238072));
#3309=CARTESIAN_POINT('',(1.9,-2.94332909323432,0.296123923736937));
#3310=CARTESIAN_POINT('',(1.9,-2.95943023982069,0.494688126187172));
#3311=CARTESIAN_POINT('',(1.9,-2.81392630249364,0.358616109819296));
#3312=CARTESIAN_POINT('',(1.9,-2.81392630249364,0.358616109819296));
#3313=CARTESIAN_POINT('',(1.9,-2.65129060188209,0.532525010565996));
#3314=CARTESIAN_POINT('',(1.9,-2.22598869966328,0.134792217466885));
#3315=CARTESIAN_POINT('',(2.7,-2.95943023982069,0.494688126187172));
#3316=CARTESIAN_POINT('',(2.7,-2.59481139666967,0.15370476790345));
#3317=CARTESIAN_POINT('',(2.7,-2.91908231831716,-0.00289462737004093));
#3318=CARTESIAN_POINT('',(2.7,-3.5,-0.0499999999999996));
#3319=CARTESIAN_POINT('',(2.7,-3.5,-0.0499999999999996));
#3320=CARTESIAN_POINT('',(2.7,-3.5,-0.0499999999999996));
#3321=CARTESIAN_POINT('',(2.7,-3.50000000000001,0.250984670238072));
#3322=CARTESIAN_POINT('',(2.7,-3.50000000000001,0.250984670238072));
#3323=CARTESIAN_POINT('',(2.7,-2.94332909323432,0.296123923736937));
#3324=CARTESIAN_POINT('',(2.7,-2.95943023982069,0.494688126187172));
#3325=CARTESIAN_POINT('',(2.7,-2.81392630249364,0.358616109819296));
#3326=CARTESIAN_POINT('',(2.7,-2.81392630249364,0.358616109819296));
#3327=CARTESIAN_POINT('',(2.7,-2.65129060188209,0.532525010565996));
#3328=CARTESIAN_POINT('',(2.7,-2.22598869966328,0.134792217466885));
#3329=CARTESIAN_POINT('',(2.7,-2.22598869966328,0.717092039497899));
#3330=CARTESIAN_POINT('',(2.7,-2.22598869966328,0.717092039497899));
#3331=CARTESIAN_POINT('',(2.7,-2.22598869966328,0.417092039497899));
#3332=CARTESIAN_POINT('',(2.7,-2.22598869966328,0.417092039497899));
#3333=CARTESIAN_POINT('',(2.7,-2.22598869966328,0.134792217466885));
#3334=CARTESIAN_POINT('',(2.7,-2.43217569605812,0.32761366865015));
#3335=CARTESIAN_POINT('',(2.7,-2.59481139666967,0.15370476790345));
#3336=MECHANICAL_DESIGN_GEOMETRIC_PRESENTATION_REPRESENTATION('',(#1494,
#1495,#1496,#1497,#1498,#1499,#1500,#1501,#1502,#1503,#1504,#1505,#1506,
#1507,#1508,#1509,#1510,#1511,#1512,#1513,#1514,#1515,#1516,#1517,#1518,
#1519,#1520,#1521,#1522,#1523,#1524,#1525,#1526,#1527,#1528,#1529,#1530,
#1531,#1532,#1533,#1534,#1535,#1536,#1537,#1538,#1539,#1540,#1541,#1542,
#1543,#1544,#1545,#1546,#1547,#1548,#1549,#1550,#1551,#1552,#1553,#1554,
#1555,#1556,#1557,#1558,#1559,#1560,#1561,#1562,#1563,#1564,#1565,#1566,
#1567,#1568,#1569,#1570,#1571,#1572,#1573,#1574,#1575,#1576,#1577,#1578,
#1579),#3337);
#3337=(
GEOMETRIC_REPRESENTATION_CONTEXT(3)
GLOBAL_UNCERTAINTY_ASSIGNED_CONTEXT((#3338))
GLOBAL_UNIT_ASSIGNED_CONTEXT((#3341,#3340,#3339))
REPRESENTATION_CONTEXT('TLV1117-33IDCY','TOP_LEVEL_ASSEMBLY_PART')
);
#3338=UNCERTAINTY_MEASURE_WITH_UNIT(LENGTH_MEASURE(0.005),#3341,
'DISTANCE_ACCURACY_VALUE','Maximum Tolerance applied to model');
#3339=(
NAMED_UNIT(*)
SI_UNIT($,.STERADIAN.)
SOLID_ANGLE_UNIT()
);
#3340=(
NAMED_UNIT(*)
PLANE_ANGLE_UNIT()
SI_UNIT($,.RADIAN.)
);
#3341=(
LENGTH_UNIT()
NAMED_UNIT(*)
SI_UNIT(.MILLI.,.METRE.)
);
#3342=PRODUCT_DEFINITION_SHAPE('','',#3343);
#3343=PRODUCT_DEFINITION('','',#3345,#3344);
#3344=PRODUCT_DEFINITION_CONTEXT('',#3351,'design');
#3345=PRODUCT_DEFINITION_FORMATION_WITH_SPECIFIED_SOURCE('','',#3347,
 .NOT_KNOWN.);
#3346=PRODUCT_RELATED_PRODUCT_CATEGORY('','',(#3347));
#3347=PRODUCT('TLV1117-33IDCY','TLV1117-33IDCY','TLV1117-33IDCY',(#3349));
#3348=PRODUCT_CATEGORY('','');
#3349=PRODUCT_CONTEXT('',#3351,'mechanical');
#3350=APPLICATION_PROTOCOL_DEFINITION('international standard',
'automotive_design',2010,#3351);
#3351=APPLICATION_CONTEXT(
'core data for automotive mechanical design processes');
ENDSEC;
END-ISO-10303-21;
