ISO-10303-21;
HEADER;
FILE_DESCRIPTION((''),'2;1');
FILE_NAME('RJA0040A_ASM','2016-05-03T',('a0412025'),(''),
'CREO PARAMETRIC BY PTC INC, 2016050','CREO PARAMETRIC BY PTC INC, 2016050','');
FILE_SCHEMA(('AUTOMOTIVE_DESIGN { 1 0 10303 214 1 1 1 1 }'));
ENDSEC;
DATA;
#29=DIRECTION('',(0.E0,0.E0,1.E0));
#30=VECTOR('',#29,6.3E-1);
#31=CARTESIAN_POINT('',(-3.E0,0.E0,-3.E0));
#32=LINE('',#31,#30);
#33=DRAUGHTING_PRE_DEFINED_CURVE_FONT('continuous');
#34=CURVE_STYLE('',#33,POSITIVE_LENGTH_MEASURE(2.E-2),#6);
#35=PRESENTATION_STYLE_ASSIGNMENT((#34));
#36=STYLED_ITEM('',(#35),#32);
#37=DIRECTION('',(1.E0,0.E0,0.E0));
#38=VECTOR('',#37,2.8E-1);
#39=CARTESIAN_POINT('',(-3.E0,0.E0,-2.37E0));
#40=LINE('',#39,#38);
#41=CURVE_STYLE('',#33,POSITIVE_LENGTH_MEASURE(2.E-2),#6);
#42=PRESENTATION_STYLE_ASSIGNMENT((#41));
#43=STYLED_ITEM('',(#42),#40);
#44=CARTESIAN_POINT('',(-2.72E0,0.E0,-2.25E0));
#45=DIRECTION('',(0.E0,-1.E0,0.E0));
#46=DIRECTION('',(0.E0,0.E0,-1.E0));
#47=AXIS2_PLACEMENT_3D('',#44,#45,#46);
#49=CURVE_STYLE('',#33,POSITIVE_LENGTH_MEASURE(2.E-2),#6);
#50=PRESENTATION_STYLE_ASSIGNMENT((#49));
#51=STYLED_ITEM('',(#50),#48);
#52=DIRECTION('',(1.E0,0.E0,0.E0));
#53=VECTOR('',#52,2.8E-1);
#54=CARTESIAN_POINT('',(-3.E0,0.E0,-2.13E0));
#55=LINE('',#54,#53);
#56=CURVE_STYLE('',#33,POSITIVE_LENGTH_MEASURE(2.E-2),#6);
#57=PRESENTATION_STYLE_ASSIGNMENT((#56));
#58=STYLED_ITEM('',(#57),#55);
#59=DIRECTION('',(0.E0,0.E0,1.E0));
#60=VECTOR('',#59,2.6E-1);
#61=CARTESIAN_POINT('',(-3.E0,0.E0,-2.13E0));
#62=LINE('',#61,#60);
#63=CURVE_STYLE('',#33,POSITIVE_LENGTH_MEASURE(2.E-2),#6);
#64=PRESENTATION_STYLE_ASSIGNMENT((#63));
#65=STYLED_ITEM('',(#64),#62);
#66=DIRECTION('',(1.E0,0.E0,0.E0));
#67=VECTOR('',#66,2.8E-1);
#68=CARTESIAN_POINT('',(-3.E0,0.E0,-1.87E0));
#69=LINE('',#68,#67);
#70=CURVE_STYLE('',#33,POSITIVE_LENGTH_MEASURE(2.E-2),#6);
#71=PRESENTATION_STYLE_ASSIGNMENT((#70));
#72=STYLED_ITEM('',(#71),#69);
#73=CARTESIAN_POINT('',(-2.72E0,0.E0,-1.75E0));
#74=DIRECTION('',(0.E0,-1.E0,0.E0));
#75=DIRECTION('',(1.110223024625E-14,0.E0,-1.E0));
#76=AXIS2_PLACEMENT_3D('',#73,#74,#75);
#78=CURVE_STYLE('',#33,POSITIVE_LENGTH_MEASURE(2.E-2),#6);
#79=PRESENTATION_STYLE_ASSIGNMENT((#78));
#80=STYLED_ITEM('',(#79),#77);
#81=DIRECTION('',(1.E0,0.E0,0.E0));
#82=VECTOR('',#81,2.8E-1);
#83=CARTESIAN_POINT('',(-3.E0,0.E0,-1.63E0));
#84=LINE('',#83,#82);
#85=CURVE_STYLE('',#33,POSITIVE_LENGTH_MEASURE(2.E-2),#6);
#86=PRESENTATION_STYLE_ASSIGNMENT((#85));
#87=STYLED_ITEM('',(#86),#84);
#88=DIRECTION('',(0.E0,0.E0,1.E0));
#89=VECTOR('',#88,2.6E-1);
#90=CARTESIAN_POINT('',(-3.E0,0.E0,-1.63E0));
#91=LINE('',#90,#89);
#92=CURVE_STYLE('',#33,POSITIVE_LENGTH_MEASURE(2.E-2),#6);
#93=PRESENTATION_STYLE_ASSIGNMENT((#92));
#94=STYLED_ITEM('',(#93),#91);
#95=DIRECTION('',(1.E0,0.E0,0.E0));
#96=VECTOR('',#95,2.8E-1);
#97=CARTESIAN_POINT('',(-3.E0,0.E0,-1.37E0));
#98=LINE('',#97,#96);
#99=CURVE_STYLE('',#33,POSITIVE_LENGTH_MEASURE(2.E-2),#6);
#100=PRESENTATION_STYLE_ASSIGNMENT((#99));
#101=STYLED_ITEM('',(#100),#98);
#102=CARTESIAN_POINT('',(-2.72E0,0.E0,-1.25E0));
#103=DIRECTION('',(0.E0,-1.E0,0.E0));
#104=DIRECTION('',(1.110223024625E-14,0.E0,-1.E0));
#105=AXIS2_PLACEMENT_3D('',#102,#103,#104);
#107=CURVE_STYLE('',#33,POSITIVE_LENGTH_MEASURE(2.E-2),#6);
#108=PRESENTATION_STYLE_ASSIGNMENT((#107));
#109=STYLED_ITEM('',(#108),#106);
#110=DIRECTION('',(1.E0,0.E0,0.E0));
#111=VECTOR('',#110,2.8E-1);
#112=CARTESIAN_POINT('',(-3.E0,0.E0,-1.13E0));
#113=LINE('',#112,#111);
#114=CURVE_STYLE('',#33,POSITIVE_LENGTH_MEASURE(2.E-2),#6);
#115=PRESENTATION_STYLE_ASSIGNMENT((#114));
#116=STYLED_ITEM('',(#115),#113);
#117=DIRECTION('',(0.E0,0.E0,1.E0));
#118=VECTOR('',#117,2.6E-1);
#119=CARTESIAN_POINT('',(-3.E0,0.E0,-1.13E0));
#120=LINE('',#119,#118);
#121=CURVE_STYLE('',#33,POSITIVE_LENGTH_MEASURE(2.E-2),#6);
#122=PRESENTATION_STYLE_ASSIGNMENT((#121));
#123=STYLED_ITEM('',(#122),#120);
#124=DIRECTION('',(1.E0,0.E0,0.E0));
#125=VECTOR('',#124,2.8E-1);
#126=CARTESIAN_POINT('',(-3.E0,0.E0,-8.7E-1));
#127=LINE('',#126,#125);
#128=CURVE_STYLE('',#33,POSITIVE_LENGTH_MEASURE(2.E-2),#6);
#129=PRESENTATION_STYLE_ASSIGNMENT((#128));
#130=STYLED_ITEM('',(#129),#127);
#131=CARTESIAN_POINT('',(-2.72E0,0.E0,-7.5E-1));
#132=DIRECTION('',(0.E0,-1.E0,0.E0));
#133=DIRECTION('',(0.E0,0.E0,-1.E0));
#134=AXIS2_PLACEMENT_3D('',#131,#132,#133);
#136=CURVE_STYLE('',#33,POSITIVE_LENGTH_MEASURE(2.E-2),#6);
#137=PRESENTATION_STYLE_ASSIGNMENT((#136));
#138=STYLED_ITEM('',(#137),#135);
#139=DIRECTION('',(1.E0,0.E0,0.E0));
#140=VECTOR('',#139,2.8E-1);
#141=CARTESIAN_POINT('',(-3.E0,0.E0,-6.3E-1));
#142=LINE('',#141,#140);
#143=CURVE_STYLE('',#33,POSITIVE_LENGTH_MEASURE(2.E-2),#6);
#144=PRESENTATION_STYLE_ASSIGNMENT((#143));
#145=STYLED_ITEM('',(#144),#142);
#146=DIRECTION('',(0.E0,0.E0,1.E0));
#147=VECTOR('',#146,2.6E-1);
#148=CARTESIAN_POINT('',(-3.E0,0.E0,-6.3E-1));
#149=LINE('',#148,#147);
#150=CURVE_STYLE('',#33,POSITIVE_LENGTH_MEASURE(2.E-2),#6);
#151=PRESENTATION_STYLE_ASSIGNMENT((#150));
#152=STYLED_ITEM('',(#151),#149);
#153=DIRECTION('',(1.E0,0.E0,0.E0));
#154=VECTOR('',#153,2.8E-1);
#155=CARTESIAN_POINT('',(-3.E0,0.E0,-3.7E-1));
#156=LINE('',#155,#154);
#157=CURVE_STYLE('',#33,POSITIVE_LENGTH_MEASURE(2.E-2),#6);
#158=PRESENTATION_STYLE_ASSIGNMENT((#157));
#159=STYLED_ITEM('',(#158),#156);
#160=CARTESIAN_POINT('',(-2.72E0,0.E0,-2.5E-1));
#161=DIRECTION('',(0.E0,-1.E0,0.E0));
#162=DIRECTION('',(0.E0,0.E0,-1.E0));
#163=AXIS2_PLACEMENT_3D('',#160,#161,#162);
#165=CURVE_STYLE('',#33,POSITIVE_LENGTH_MEASURE(2.E-2),#6);
#166=PRESENTATION_STYLE_ASSIGNMENT((#165));
#167=STYLED_ITEM('',(#166),#164);
#168=DIRECTION('',(1.E0,0.E0,0.E0));
#169=VECTOR('',#168,2.8E-1);
#170=CARTESIAN_POINT('',(-3.E0,0.E0,-1.3E-1));
#171=LINE('',#170,#169);
#172=CURVE_STYLE('',#33,POSITIVE_LENGTH_MEASURE(2.E-2),#6);
#173=PRESENTATION_STYLE_ASSIGNMENT((#172));
#174=STYLED_ITEM('',(#173),#171);
#175=DIRECTION('',(0.E0,0.E0,1.E0));
#176=VECTOR('',#175,2.6E-1);
#177=CARTESIAN_POINT('',(-3.E0,0.E0,-1.3E-1));
#178=LINE('',#177,#176);
#179=CURVE_STYLE('',#33,POSITIVE_LENGTH_MEASURE(2.E-2),#6);
#180=PRESENTATION_STYLE_ASSIGNMENT((#179));
#181=STYLED_ITEM('',(#180),#178);
#182=DIRECTION('',(1.E0,0.E0,0.E0));
#183=VECTOR('',#182,2.8E-1);
#184=CARTESIAN_POINT('',(-3.E0,0.E0,1.3E-1));
#185=LINE('',#184,#183);
#186=CURVE_STYLE('',#33,POSITIVE_LENGTH_MEASURE(2.E-2),#6);
#187=PRESENTATION_STYLE_ASSIGNMENT((#186));
#188=STYLED_ITEM('',(#187),#185);
#189=CARTESIAN_POINT('',(-2.72E0,0.E0,2.5E-1));
#190=DIRECTION('',(0.E0,-1.E0,0.E0));
#191=DIRECTION('',(0.E0,0.E0,-1.E0));
#192=AXIS2_PLACEMENT_3D('',#189,#190,#191);
#194=CURVE_STYLE('',#33,POSITIVE_LENGTH_MEASURE(2.E-2),#6);
#195=PRESENTATION_STYLE_ASSIGNMENT((#194));
#196=STYLED_ITEM('',(#195),#193);
#197=DIRECTION('',(1.E0,0.E0,0.E0));
#198=VECTOR('',#197,2.8E-1);
#199=CARTESIAN_POINT('',(-3.E0,0.E0,3.7E-1));
#200=LINE('',#199,#198);
#201=CURVE_STYLE('',#33,POSITIVE_LENGTH_MEASURE(2.E-2),#6);
#202=PRESENTATION_STYLE_ASSIGNMENT((#201));
#203=STYLED_ITEM('',(#202),#200);
#204=DIRECTION('',(0.E0,0.E0,1.E0));
#205=VECTOR('',#204,2.6E-1);
#206=CARTESIAN_POINT('',(-3.E0,0.E0,3.7E-1));
#207=LINE('',#206,#205);
#208=CURVE_STYLE('',#33,POSITIVE_LENGTH_MEASURE(2.E-2),#6);
#209=PRESENTATION_STYLE_ASSIGNMENT((#208));
#210=STYLED_ITEM('',(#209),#207);
#211=DIRECTION('',(1.E0,0.E0,0.E0));
#212=VECTOR('',#211,2.8E-1);
#213=CARTESIAN_POINT('',(-3.E0,0.E0,6.3E-1));
#214=LINE('',#213,#212);
#215=CURVE_STYLE('',#33,POSITIVE_LENGTH_MEASURE(2.E-2),#6);
#216=PRESENTATION_STYLE_ASSIGNMENT((#215));
#217=STYLED_ITEM('',(#216),#214);
#218=CARTESIAN_POINT('',(-2.72E0,0.E0,7.5E-1));
#219=DIRECTION('',(0.E0,-1.E0,0.E0));
#220=DIRECTION('',(0.E0,0.E0,-1.E0));
#221=AXIS2_PLACEMENT_3D('',#218,#219,#220);
#223=CURVE_STYLE('',#33,POSITIVE_LENGTH_MEASURE(2.E-2),#6);
#224=PRESENTATION_STYLE_ASSIGNMENT((#223));
#225=STYLED_ITEM('',(#224),#222);
#226=DIRECTION('',(1.E0,0.E0,0.E0));
#227=VECTOR('',#226,2.8E-1);
#228=CARTESIAN_POINT('',(-3.E0,0.E0,8.7E-1));
#229=LINE('',#228,#227);
#230=CURVE_STYLE('',#33,POSITIVE_LENGTH_MEASURE(2.E-2),#6);
#231=PRESENTATION_STYLE_ASSIGNMENT((#230));
#232=STYLED_ITEM('',(#231),#229);
#233=DIRECTION('',(0.E0,0.E0,1.E0));
#234=VECTOR('',#233,2.6E-1);
#235=CARTESIAN_POINT('',(-3.E0,0.E0,8.7E-1));
#236=LINE('',#235,#234);
#237=CURVE_STYLE('',#33,POSITIVE_LENGTH_MEASURE(2.E-2),#6);
#238=PRESENTATION_STYLE_ASSIGNMENT((#237));
#239=STYLED_ITEM('',(#238),#236);
#240=DIRECTION('',(1.E0,0.E0,0.E0));
#241=VECTOR('',#240,2.8E-1);
#242=CARTESIAN_POINT('',(-3.E0,0.E0,1.13E0));
#243=LINE('',#242,#241);
#244=CURVE_STYLE('',#33,POSITIVE_LENGTH_MEASURE(2.E-2),#6);
#245=PRESENTATION_STYLE_ASSIGNMENT((#244));
#246=STYLED_ITEM('',(#245),#243);
#247=CARTESIAN_POINT('',(-2.72E0,0.E0,1.25E0));
#248=DIRECTION('',(0.E0,-1.E0,0.E0));
#249=DIRECTION('',(1.110223024625E-14,0.E0,-1.E0));
#250=AXIS2_PLACEMENT_3D('',#247,#248,#249);
#252=CURVE_STYLE('',#33,POSITIVE_LENGTH_MEASURE(2.E-2),#6);
#253=PRESENTATION_STYLE_ASSIGNMENT((#252));
#254=STYLED_ITEM('',(#253),#251);
#255=DIRECTION('',(1.E0,0.E0,0.E0));
#256=VECTOR('',#255,2.8E-1);
#257=CARTESIAN_POINT('',(-3.E0,0.E0,1.37E0));
#258=LINE('',#257,#256);
#259=CURVE_STYLE('',#33,POSITIVE_LENGTH_MEASURE(2.E-2),#6);
#260=PRESENTATION_STYLE_ASSIGNMENT((#259));
#261=STYLED_ITEM('',(#260),#258);
#262=DIRECTION('',(0.E0,0.E0,1.E0));
#263=VECTOR('',#262,2.6E-1);
#264=CARTESIAN_POINT('',(-3.E0,0.E0,1.37E0));
#265=LINE('',#264,#263);
#266=CURVE_STYLE('',#33,POSITIVE_LENGTH_MEASURE(2.E-2),#6);
#267=PRESENTATION_STYLE_ASSIGNMENT((#266));
#268=STYLED_ITEM('',(#267),#265);
#269=DIRECTION('',(1.E0,0.E0,0.E0));
#270=VECTOR('',#269,2.8E-1);
#271=CARTESIAN_POINT('',(-3.E0,0.E0,1.63E0));
#272=LINE('',#271,#270);
#273=CURVE_STYLE('',#33,POSITIVE_LENGTH_MEASURE(2.E-2),#6);
#274=PRESENTATION_STYLE_ASSIGNMENT((#273));
#275=STYLED_ITEM('',(#274),#272);
#276=CARTESIAN_POINT('',(-2.72E0,0.E0,1.75E0));
#277=DIRECTION('',(0.E0,-1.E0,0.E0));
#278=DIRECTION('',(0.E0,0.E0,-1.E0));
#279=AXIS2_PLACEMENT_3D('',#276,#277,#278);
#281=CURVE_STYLE('',#33,POSITIVE_LENGTH_MEASURE(2.E-2),#6);
#282=PRESENTATION_STYLE_ASSIGNMENT((#281));
#283=STYLED_ITEM('',(#282),#280);
#284=DIRECTION('',(1.E0,0.E0,0.E0));
#285=VECTOR('',#284,2.8E-1);
#286=CARTESIAN_POINT('',(-3.E0,0.E0,1.87E0));
#287=LINE('',#286,#285);
#288=CURVE_STYLE('',#33,POSITIVE_LENGTH_MEASURE(2.E-2),#6);
#289=PRESENTATION_STYLE_ASSIGNMENT((#288));
#290=STYLED_ITEM('',(#289),#287);
#291=DIRECTION('',(0.E0,0.E0,1.E0));
#292=VECTOR('',#291,2.6E-1);
#293=CARTESIAN_POINT('',(-3.E0,0.E0,1.87E0));
#294=LINE('',#293,#292);
#295=CURVE_STYLE('',#33,POSITIVE_LENGTH_MEASURE(2.E-2),#6);
#296=PRESENTATION_STYLE_ASSIGNMENT((#295));
#297=STYLED_ITEM('',(#296),#294);
#298=DIRECTION('',(1.E0,0.E0,0.E0));
#299=VECTOR('',#298,2.8E-1);
#300=CARTESIAN_POINT('',(-3.E0,0.E0,2.13E0));
#301=LINE('',#300,#299);
#302=CURVE_STYLE('',#33,POSITIVE_LENGTH_MEASURE(2.E-2),#6);
#303=PRESENTATION_STYLE_ASSIGNMENT((#302));
#304=STYLED_ITEM('',(#303),#301);
#305=CARTESIAN_POINT('',(-2.72E0,0.E0,2.25E0));
#306=DIRECTION('',(0.E0,-1.E0,0.E0));
#307=DIRECTION('',(0.E0,0.E0,-1.E0));
#308=AXIS2_PLACEMENT_3D('',#305,#306,#307);
#310=CURVE_STYLE('',#33,POSITIVE_LENGTH_MEASURE(2.E-2),#6);
#311=PRESENTATION_STYLE_ASSIGNMENT((#310));
#312=STYLED_ITEM('',(#311),#309);
#313=DIRECTION('',(1.E0,0.E0,0.E0));
#314=VECTOR('',#313,2.8E-1);
#315=CARTESIAN_POINT('',(-3.E0,0.E0,2.37E0));
#316=LINE('',#315,#314);
#317=CURVE_STYLE('',#33,POSITIVE_LENGTH_MEASURE(2.E-2),#6);
#318=PRESENTATION_STYLE_ASSIGNMENT((#317));
#319=STYLED_ITEM('',(#318),#316);
#320=DIRECTION('',(0.E0,0.E0,1.E0));
#321=VECTOR('',#320,6.3E-1);
#322=CARTESIAN_POINT('',(-3.E0,0.E0,2.37E0));
#323=LINE('',#322,#321);
#324=CURVE_STYLE('',#33,POSITIVE_LENGTH_MEASURE(2.E-2),#6);
#325=PRESENTATION_STYLE_ASSIGNMENT((#324));
#326=STYLED_ITEM('',(#325),#323);
#327=DIRECTION('',(1.E0,0.E0,0.E0));
#328=VECTOR('',#327,6.3E-1);
#329=CARTESIAN_POINT('',(-3.E0,0.E0,3.E0));
#330=LINE('',#329,#328);
#331=CURVE_STYLE('',#33,POSITIVE_LENGTH_MEASURE(2.E-2),#6);
#332=PRESENTATION_STYLE_ASSIGNMENT((#331));
#333=STYLED_ITEM('',(#332),#330);
#334=DIRECTION('',(0.E0,0.E0,-1.E0));
#335=VECTOR('',#334,2.8E-1);
#336=CARTESIAN_POINT('',(-2.37E0,0.E0,3.E0));
#337=LINE('',#336,#335);
#338=CURVE_STYLE('',#33,POSITIVE_LENGTH_MEASURE(2.E-2),#6);
#339=PRESENTATION_STYLE_ASSIGNMENT((#338));
#340=STYLED_ITEM('',(#339),#337);
#341=CARTESIAN_POINT('',(-2.25E0,0.E0,2.72E0));
#342=DIRECTION('',(0.E0,-1.E0,0.E0));
#343=DIRECTION('',(-1.E0,0.E0,0.E0));
#344=AXIS2_PLACEMENT_3D('',#341,#342,#343);
#346=CURVE_STYLE('',#33,POSITIVE_LENGTH_MEASURE(2.E-2),#6);
#347=PRESENTATION_STYLE_ASSIGNMENT((#346));
#348=STYLED_ITEM('',(#347),#345);
#349=DIRECTION('',(0.E0,0.E0,-1.E0));
#350=VECTOR('',#349,2.8E-1);
#351=CARTESIAN_POINT('',(-2.13E0,0.E0,3.E0));
#352=LINE('',#351,#350);
#353=CURVE_STYLE('',#33,POSITIVE_LENGTH_MEASURE(2.E-2),#6);
#354=PRESENTATION_STYLE_ASSIGNMENT((#353));
#355=STYLED_ITEM('',(#354),#352);
#356=DIRECTION('',(1.E0,0.E0,0.E0));
#357=VECTOR('',#356,2.6E-1);
#358=CARTESIAN_POINT('',(-2.13E0,0.E0,3.E0));
#359=LINE('',#358,#357);
#360=CURVE_STYLE('',#33,POSITIVE_LENGTH_MEASURE(2.E-2),#6);
#361=PRESENTATION_STYLE_ASSIGNMENT((#360));
#362=STYLED_ITEM('',(#361),#359);
#363=DIRECTION('',(0.E0,0.E0,-1.E0));
#364=VECTOR('',#363,2.8E-1);
#365=CARTESIAN_POINT('',(-1.87E0,0.E0,3.E0));
#366=LINE('',#365,#364);
#367=CURVE_STYLE('',#33,POSITIVE_LENGTH_MEASURE(2.E-2),#6);
#368=PRESENTATION_STYLE_ASSIGNMENT((#367));
#369=STYLED_ITEM('',(#368),#366);
#370=CARTESIAN_POINT('',(-1.75E0,0.E0,2.72E0));
#371=DIRECTION('',(0.E0,-1.E0,0.E0));
#372=DIRECTION('',(-1.E0,0.E0,-1.110223024625E-14));
#373=AXIS2_PLACEMENT_3D('',#370,#371,#372);
#375=CURVE_STYLE('',#33,POSITIVE_LENGTH_MEASURE(2.E-2),#6);
#376=PRESENTATION_STYLE_ASSIGNMENT((#375));
#377=STYLED_ITEM('',(#376),#374);
#378=DIRECTION('',(0.E0,0.E0,-1.E0));
#379=VECTOR('',#378,2.8E-1);
#380=CARTESIAN_POINT('',(-1.63E0,0.E0,3.E0));
#381=LINE('',#380,#379);
#382=CURVE_STYLE('',#33,POSITIVE_LENGTH_MEASURE(2.E-2),#6);
#383=PRESENTATION_STYLE_ASSIGNMENT((#382));
#384=STYLED_ITEM('',(#383),#381);
#385=DIRECTION('',(1.E0,0.E0,0.E0));
#386=VECTOR('',#385,2.6E-1);
#387=CARTESIAN_POINT('',(-1.63E0,0.E0,3.E0));
#388=LINE('',#387,#386);
#389=CURVE_STYLE('',#33,POSITIVE_LENGTH_MEASURE(2.E-2),#6);
#390=PRESENTATION_STYLE_ASSIGNMENT((#389));
#391=STYLED_ITEM('',(#390),#388);
#392=DIRECTION('',(0.E0,0.E0,-1.E0));
#393=VECTOR('',#392,2.8E-1);
#394=CARTESIAN_POINT('',(-1.37E0,0.E0,3.E0));
#395=LINE('',#394,#393);
#396=CURVE_STYLE('',#33,POSITIVE_LENGTH_MEASURE(2.E-2),#6);
#397=PRESENTATION_STYLE_ASSIGNMENT((#396));
#398=STYLED_ITEM('',(#397),#395);
#399=CARTESIAN_POINT('',(-1.25E0,0.E0,2.72E0));
#400=DIRECTION('',(0.E0,-1.E0,0.E0));
#401=DIRECTION('',(-1.E0,0.E0,0.E0));
#402=AXIS2_PLACEMENT_3D('',#399,#400,#401);
#404=CURVE_STYLE('',#33,POSITIVE_LENGTH_MEASURE(2.E-2),#6);
#405=PRESENTATION_STYLE_ASSIGNMENT((#404));
#406=STYLED_ITEM('',(#405),#403);
#407=DIRECTION('',(0.E0,0.E0,-1.E0));
#408=VECTOR('',#407,2.8E-1);
#409=CARTESIAN_POINT('',(-1.13E0,0.E0,3.E0));
#410=LINE('',#409,#408);
#411=CURVE_STYLE('',#33,POSITIVE_LENGTH_MEASURE(2.E-2),#6);
#412=PRESENTATION_STYLE_ASSIGNMENT((#411));
#413=STYLED_ITEM('',(#412),#410);
#414=DIRECTION('',(1.E0,0.E0,0.E0));
#415=VECTOR('',#414,2.6E-1);
#416=CARTESIAN_POINT('',(-1.13E0,0.E0,3.E0));
#417=LINE('',#416,#415);
#418=CURVE_STYLE('',#33,POSITIVE_LENGTH_MEASURE(2.E-2),#6);
#419=PRESENTATION_STYLE_ASSIGNMENT((#418));
#420=STYLED_ITEM('',(#419),#417);
#421=DIRECTION('',(0.E0,0.E0,-1.E0));
#422=VECTOR('',#421,2.8E-1);
#423=CARTESIAN_POINT('',(-8.7E-1,0.E0,3.E0));
#424=LINE('',#423,#422);
#425=CURVE_STYLE('',#33,POSITIVE_LENGTH_MEASURE(2.E-2),#6);
#426=PRESENTATION_STYLE_ASSIGNMENT((#425));
#427=STYLED_ITEM('',(#426),#424);
#428=CARTESIAN_POINT('',(-7.5E-1,0.E0,2.72E0));
#429=DIRECTION('',(0.E0,-1.E0,0.E0));
#430=DIRECTION('',(-1.E0,0.E0,0.E0));
#431=AXIS2_PLACEMENT_3D('',#428,#429,#430);
#433=CURVE_STYLE('',#33,POSITIVE_LENGTH_MEASURE(2.E-2),#6);
#434=PRESENTATION_STYLE_ASSIGNMENT((#433));
#435=STYLED_ITEM('',(#434),#432);
#436=DIRECTION('',(0.E0,0.E0,-1.E0));
#437=VECTOR('',#436,2.8E-1);
#438=CARTESIAN_POINT('',(-6.3E-1,0.E0,3.E0));
#439=LINE('',#438,#437);
#440=CURVE_STYLE('',#33,POSITIVE_LENGTH_MEASURE(2.E-2),#6);
#441=PRESENTATION_STYLE_ASSIGNMENT((#440));
#442=STYLED_ITEM('',(#441),#439);
#443=DIRECTION('',(1.E0,0.E0,0.E0));
#444=VECTOR('',#443,2.6E-1);
#445=CARTESIAN_POINT('',(-6.3E-1,0.E0,3.E0));
#446=LINE('',#445,#444);
#447=CURVE_STYLE('',#33,POSITIVE_LENGTH_MEASURE(2.E-2),#6);
#448=PRESENTATION_STYLE_ASSIGNMENT((#447));
#449=STYLED_ITEM('',(#448),#446);
#450=DIRECTION('',(0.E0,0.E0,-1.E0));
#451=VECTOR('',#450,2.8E-1);
#452=CARTESIAN_POINT('',(-3.7E-1,0.E0,3.E0));
#453=LINE('',#452,#451);
#454=CURVE_STYLE('',#33,POSITIVE_LENGTH_MEASURE(2.E-2),#6);
#455=PRESENTATION_STYLE_ASSIGNMENT((#454));
#456=STYLED_ITEM('',(#455),#453);
#457=CARTESIAN_POINT('',(-2.5E-1,0.E0,2.72E0));
#458=DIRECTION('',(0.E0,-1.E0,0.E0));
#459=DIRECTION('',(-1.E0,0.E0,0.E0));
#460=AXIS2_PLACEMENT_3D('',#457,#458,#459);
#462=CURVE_STYLE('',#33,POSITIVE_LENGTH_MEASURE(2.E-2),#6);
#463=PRESENTATION_STYLE_ASSIGNMENT((#462));
#464=STYLED_ITEM('',(#463),#461);
#465=DIRECTION('',(0.E0,0.E0,-1.E0));
#466=VECTOR('',#465,2.8E-1);
#467=CARTESIAN_POINT('',(-1.3E-1,0.E0,3.E0));
#468=LINE('',#467,#466);
#469=CURVE_STYLE('',#33,POSITIVE_LENGTH_MEASURE(2.E-2),#6);
#470=PRESENTATION_STYLE_ASSIGNMENT((#469));
#471=STYLED_ITEM('',(#470),#468);
#472=DIRECTION('',(1.E0,0.E0,0.E0));
#473=VECTOR('',#472,2.6E-1);
#474=CARTESIAN_POINT('',(-1.3E-1,0.E0,3.E0));
#475=LINE('',#474,#473);
#476=CURVE_STYLE('',#33,POSITIVE_LENGTH_MEASURE(2.E-2),#6);
#477=PRESENTATION_STYLE_ASSIGNMENT((#476));
#478=STYLED_ITEM('',(#477),#475);
#479=DIRECTION('',(0.E0,0.E0,-1.E0));
#480=VECTOR('',#479,2.8E-1);
#481=CARTESIAN_POINT('',(1.3E-1,0.E0,3.E0));
#482=LINE('',#481,#480);
#483=CURVE_STYLE('',#33,POSITIVE_LENGTH_MEASURE(2.E-2),#6);
#484=PRESENTATION_STYLE_ASSIGNMENT((#483));
#485=STYLED_ITEM('',(#484),#482);
#486=CARTESIAN_POINT('',(2.5E-1,0.E0,2.72E0));
#487=DIRECTION('',(0.E0,-1.E0,0.E0));
#488=DIRECTION('',(-1.E0,0.E0,0.E0));
#489=AXIS2_PLACEMENT_3D('',#486,#487,#488);
#491=CURVE_STYLE('',#33,POSITIVE_LENGTH_MEASURE(2.E-2),#6);
#492=PRESENTATION_STYLE_ASSIGNMENT((#491));
#493=STYLED_ITEM('',(#492),#490);
#494=DIRECTION('',(0.E0,0.E0,-1.E0));
#495=VECTOR('',#494,2.8E-1);
#496=CARTESIAN_POINT('',(3.7E-1,0.E0,3.E0));
#497=LINE('',#496,#495);
#498=CURVE_STYLE('',#33,POSITIVE_LENGTH_MEASURE(2.E-2),#6);
#499=PRESENTATION_STYLE_ASSIGNMENT((#498));
#500=STYLED_ITEM('',(#499),#497);
#501=DIRECTION('',(1.E0,0.E0,0.E0));
#502=VECTOR('',#501,2.6E-1);
#503=CARTESIAN_POINT('',(3.7E-1,0.E0,3.E0));
#504=LINE('',#503,#502);
#505=CURVE_STYLE('',#33,POSITIVE_LENGTH_MEASURE(2.E-2),#6);
#506=PRESENTATION_STYLE_ASSIGNMENT((#505));
#507=STYLED_ITEM('',(#506),#504);
#508=DIRECTION('',(0.E0,0.E0,-1.E0));
#509=VECTOR('',#508,2.8E-1);
#510=CARTESIAN_POINT('',(6.3E-1,0.E0,3.E0));
#511=LINE('',#510,#509);
#512=CURVE_STYLE('',#33,POSITIVE_LENGTH_MEASURE(2.E-2),#6);
#513=PRESENTATION_STYLE_ASSIGNMENT((#512));
#514=STYLED_ITEM('',(#513),#511);
#515=CARTESIAN_POINT('',(7.5E-1,0.E0,2.72E0));
#516=DIRECTION('',(0.E0,-1.E0,0.E0));
#517=DIRECTION('',(-1.E0,0.E0,0.E0));
#518=AXIS2_PLACEMENT_3D('',#515,#516,#517);
#520=CURVE_STYLE('',#33,POSITIVE_LENGTH_MEASURE(2.E-2),#6);
#521=PRESENTATION_STYLE_ASSIGNMENT((#520));
#522=STYLED_ITEM('',(#521),#519);
#523=DIRECTION('',(0.E0,0.E0,-1.E0));
#524=VECTOR('',#523,2.8E-1);
#525=CARTESIAN_POINT('',(8.7E-1,0.E0,3.E0));
#526=LINE('',#525,#524);
#527=CURVE_STYLE('',#33,POSITIVE_LENGTH_MEASURE(2.E-2),#6);
#528=PRESENTATION_STYLE_ASSIGNMENT((#527));
#529=STYLED_ITEM('',(#528),#526);
#530=DIRECTION('',(1.E0,0.E0,0.E0));
#531=VECTOR('',#530,2.6E-1);
#532=CARTESIAN_POINT('',(8.7E-1,0.E0,3.E0));
#533=LINE('',#532,#531);
#534=CURVE_STYLE('',#33,POSITIVE_LENGTH_MEASURE(2.E-2),#6);
#535=PRESENTATION_STYLE_ASSIGNMENT((#534));
#536=STYLED_ITEM('',(#535),#533);
#537=DIRECTION('',(0.E0,0.E0,-1.E0));
#538=VECTOR('',#537,2.8E-1);
#539=CARTESIAN_POINT('',(1.13E0,0.E0,3.E0));
#540=LINE('',#539,#538);
#541=CURVE_STYLE('',#33,POSITIVE_LENGTH_MEASURE(2.E-2),#6);
#542=PRESENTATION_STYLE_ASSIGNMENT((#541));
#543=STYLED_ITEM('',(#542),#540);
#544=CARTESIAN_POINT('',(1.25E0,0.E0,2.72E0));
#545=DIRECTION('',(0.E0,-1.E0,0.E0));
#546=DIRECTION('',(-1.E0,0.E0,0.E0));
#547=AXIS2_PLACEMENT_3D('',#544,#545,#546);
#549=CURVE_STYLE('',#33,POSITIVE_LENGTH_MEASURE(2.E-2),#6);
#550=PRESENTATION_STYLE_ASSIGNMENT((#549));
#551=STYLED_ITEM('',(#550),#548);
#552=DIRECTION('',(0.E0,0.E0,-1.E0));
#553=VECTOR('',#552,2.8E-1);
#554=CARTESIAN_POINT('',(1.37E0,0.E0,3.E0));
#555=LINE('',#554,#553);
#556=CURVE_STYLE('',#33,POSITIVE_LENGTH_MEASURE(2.E-2),#6);
#557=PRESENTATION_STYLE_ASSIGNMENT((#556));
#558=STYLED_ITEM('',(#557),#555);
#559=DIRECTION('',(1.E0,0.E0,0.E0));
#560=VECTOR('',#559,2.6E-1);
#561=CARTESIAN_POINT('',(1.37E0,0.E0,3.E0));
#562=LINE('',#561,#560);
#563=CURVE_STYLE('',#33,POSITIVE_LENGTH_MEASURE(2.E-2),#6);
#564=PRESENTATION_STYLE_ASSIGNMENT((#563));
#565=STYLED_ITEM('',(#564),#562);
#566=DIRECTION('',(0.E0,0.E0,-1.E0));
#567=VECTOR('',#566,2.8E-1);
#568=CARTESIAN_POINT('',(1.63E0,0.E0,3.E0));
#569=LINE('',#568,#567);
#570=CURVE_STYLE('',#33,POSITIVE_LENGTH_MEASURE(2.E-2),#6);
#571=PRESENTATION_STYLE_ASSIGNMENT((#570));
#572=STYLED_ITEM('',(#571),#569);
#573=CARTESIAN_POINT('',(1.75E0,0.E0,2.72E0));
#574=DIRECTION('',(0.E0,-1.E0,0.E0));
#575=DIRECTION('',(-1.E0,0.E0,-1.110223024625E-14));
#576=AXIS2_PLACEMENT_3D('',#573,#574,#575);
#578=CURVE_STYLE('',#33,POSITIVE_LENGTH_MEASURE(2.E-2),#6);
#579=PRESENTATION_STYLE_ASSIGNMENT((#578));
#580=STYLED_ITEM('',(#579),#577);
#581=DIRECTION('',(0.E0,0.E0,-1.E0));
#582=VECTOR('',#581,2.8E-1);
#583=CARTESIAN_POINT('',(1.87E0,0.E0,3.E0));
#584=LINE('',#583,#582);
#585=CURVE_STYLE('',#33,POSITIVE_LENGTH_MEASURE(2.E-2),#6);
#586=PRESENTATION_STYLE_ASSIGNMENT((#585));
#587=STYLED_ITEM('',(#586),#584);
#588=DIRECTION('',(1.E0,0.E0,0.E0));
#589=VECTOR('',#588,2.6E-1);
#590=CARTESIAN_POINT('',(1.87E0,0.E0,3.E0));
#591=LINE('',#590,#589);
#592=CURVE_STYLE('',#33,POSITIVE_LENGTH_MEASURE(2.E-2),#6);
#593=PRESENTATION_STYLE_ASSIGNMENT((#592));
#594=STYLED_ITEM('',(#593),#591);
#595=DIRECTION('',(0.E0,0.E0,-1.E0));
#596=VECTOR('',#595,2.8E-1);
#597=CARTESIAN_POINT('',(2.13E0,0.E0,3.E0));
#598=LINE('',#597,#596);
#599=CURVE_STYLE('',#33,POSITIVE_LENGTH_MEASURE(2.E-2),#6);
#600=PRESENTATION_STYLE_ASSIGNMENT((#599));
#601=STYLED_ITEM('',(#600),#598);
#602=CARTESIAN_POINT('',(2.25E0,0.E0,2.72E0));
#603=DIRECTION('',(0.E0,-1.E0,0.E0));
#604=DIRECTION('',(-1.E0,0.E0,0.E0));
#605=AXIS2_PLACEMENT_3D('',#602,#603,#604);
#607=CURVE_STYLE('',#33,POSITIVE_LENGTH_MEASURE(2.E-2),#6);
#608=PRESENTATION_STYLE_ASSIGNMENT((#607));
#609=STYLED_ITEM('',(#608),#606);
#610=DIRECTION('',(0.E0,0.E0,-1.E0));
#611=VECTOR('',#610,2.8E-1);
#612=CARTESIAN_POINT('',(2.37E0,0.E0,3.E0));
#613=LINE('',#612,#611);
#614=CURVE_STYLE('',#33,POSITIVE_LENGTH_MEASURE(2.E-2),#6);
#615=PRESENTATION_STYLE_ASSIGNMENT((#614));
#616=STYLED_ITEM('',(#615),#613);
#617=DIRECTION('',(1.E0,0.E0,0.E0));
#618=VECTOR('',#617,6.3E-1);
#619=CARTESIAN_POINT('',(2.37E0,0.E0,3.E0));
#620=LINE('',#619,#618);
#621=CURVE_STYLE('',#33,POSITIVE_LENGTH_MEASURE(2.E-2),#6);
#622=PRESENTATION_STYLE_ASSIGNMENT((#621));
#623=STYLED_ITEM('',(#622),#620);
#624=DIRECTION('',(0.E0,0.E0,-1.E0));
#625=VECTOR('',#624,6.3E-1);
#626=CARTESIAN_POINT('',(3.E0,0.E0,3.E0));
#627=LINE('',#626,#625);
#628=CURVE_STYLE('',#33,POSITIVE_LENGTH_MEASURE(2.E-2),#6);
#629=PRESENTATION_STYLE_ASSIGNMENT((#628));
#630=STYLED_ITEM('',(#629),#627);
#631=DIRECTION('',(-1.E0,0.E0,0.E0));
#632=VECTOR('',#631,2.8E-1);
#633=CARTESIAN_POINT('',(3.E0,0.E0,2.37E0));
#634=LINE('',#633,#632);
#635=CURVE_STYLE('',#33,POSITIVE_LENGTH_MEASURE(2.E-2),#6);
#636=PRESENTATION_STYLE_ASSIGNMENT((#635));
#637=STYLED_ITEM('',(#636),#634);
#638=CARTESIAN_POINT('',(2.72E0,0.E0,2.25E0));
#639=DIRECTION('',(0.E0,1.E0,0.E0));
#640=DIRECTION('',(0.E0,0.E0,-1.E0));
#641=AXIS2_PLACEMENT_3D('',#638,#639,#640);
#643=CURVE_STYLE('',#33,POSITIVE_LENGTH_MEASURE(2.E-2),#6);
#644=PRESENTATION_STYLE_ASSIGNMENT((#643));
#645=STYLED_ITEM('',(#644),#642);
#646=DIRECTION('',(-1.E0,0.E0,0.E0));
#647=VECTOR('',#646,2.8E-1);
#648=CARTESIAN_POINT('',(3.E0,0.E0,2.13E0));
#649=LINE('',#648,#647);
#650=CURVE_STYLE('',#33,POSITIVE_LENGTH_MEASURE(2.E-2),#6);
#651=PRESENTATION_STYLE_ASSIGNMENT((#650));
#652=STYLED_ITEM('',(#651),#649);
#653=DIRECTION('',(0.E0,0.E0,-1.E0));
#654=VECTOR('',#653,2.6E-1);
#655=CARTESIAN_POINT('',(3.E0,0.E0,2.13E0));
#656=LINE('',#655,#654);
#657=CURVE_STYLE('',#33,POSITIVE_LENGTH_MEASURE(2.E-2),#6);
#658=PRESENTATION_STYLE_ASSIGNMENT((#657));
#659=STYLED_ITEM('',(#658),#656);
#660=DIRECTION('',(-1.E0,0.E0,0.E0));
#661=VECTOR('',#660,2.8E-1);
#662=CARTESIAN_POINT('',(3.E0,0.E0,1.87E0));
#663=LINE('',#662,#661);
#664=CURVE_STYLE('',#33,POSITIVE_LENGTH_MEASURE(2.E-2),#6);
#665=PRESENTATION_STYLE_ASSIGNMENT((#664));
#666=STYLED_ITEM('',(#665),#663);
#667=CARTESIAN_POINT('',(2.72E0,0.E0,1.75E0));
#668=DIRECTION('',(0.E0,1.E0,0.E0));
#669=DIRECTION('',(0.E0,0.E0,-1.E0));
#670=AXIS2_PLACEMENT_3D('',#667,#668,#669);
#672=CURVE_STYLE('',#33,POSITIVE_LENGTH_MEASURE(2.E-2),#6);
#673=PRESENTATION_STYLE_ASSIGNMENT((#672));
#674=STYLED_ITEM('',(#673),#671);
#675=DIRECTION('',(-1.E0,0.E0,0.E0));
#676=VECTOR('',#675,2.8E-1);
#677=CARTESIAN_POINT('',(3.E0,0.E0,1.63E0));
#678=LINE('',#677,#676);
#679=CURVE_STYLE('',#33,POSITIVE_LENGTH_MEASURE(2.E-2),#6);
#680=PRESENTATION_STYLE_ASSIGNMENT((#679));
#681=STYLED_ITEM('',(#680),#678);
#682=DIRECTION('',(0.E0,0.E0,-1.E0));
#683=VECTOR('',#682,2.6E-1);
#684=CARTESIAN_POINT('',(3.E0,0.E0,1.63E0));
#685=LINE('',#684,#683);
#686=CURVE_STYLE('',#33,POSITIVE_LENGTH_MEASURE(2.E-2),#6);
#687=PRESENTATION_STYLE_ASSIGNMENT((#686));
#688=STYLED_ITEM('',(#687),#685);
#689=DIRECTION('',(-1.E0,0.E0,0.E0));
#690=VECTOR('',#689,2.8E-1);
#691=CARTESIAN_POINT('',(3.E0,0.E0,1.37E0));
#692=LINE('',#691,#690);
#693=CURVE_STYLE('',#33,POSITIVE_LENGTH_MEASURE(2.E-2),#6);
#694=PRESENTATION_STYLE_ASSIGNMENT((#693));
#695=STYLED_ITEM('',(#694),#692);
#696=CARTESIAN_POINT('',(2.72E0,0.E0,1.25E0));
#697=DIRECTION('',(0.E0,1.E0,0.E0));
#698=DIRECTION('',(-1.110223024625E-14,0.E0,-1.E0));
#699=AXIS2_PLACEMENT_3D('',#696,#697,#698);
#701=CURVE_STYLE('',#33,POSITIVE_LENGTH_MEASURE(2.E-2),#6);
#702=PRESENTATION_STYLE_ASSIGNMENT((#701));
#703=STYLED_ITEM('',(#702),#700);
#704=DIRECTION('',(-1.E0,0.E0,0.E0));
#705=VECTOR('',#704,2.8E-1);
#706=CARTESIAN_POINT('',(3.E0,0.E0,1.13E0));
#707=LINE('',#706,#705);
#708=CURVE_STYLE('',#33,POSITIVE_LENGTH_MEASURE(2.E-2),#6);
#709=PRESENTATION_STYLE_ASSIGNMENT((#708));
#710=STYLED_ITEM('',(#709),#707);
#711=DIRECTION('',(0.E0,0.E0,-1.E0));
#712=VECTOR('',#711,2.6E-1);
#713=CARTESIAN_POINT('',(3.E0,0.E0,1.13E0));
#714=LINE('',#713,#712);
#715=CURVE_STYLE('',#33,POSITIVE_LENGTH_MEASURE(2.E-2),#6);
#716=PRESENTATION_STYLE_ASSIGNMENT((#715));
#717=STYLED_ITEM('',(#716),#714);
#718=DIRECTION('',(-1.E0,0.E0,0.E0));
#719=VECTOR('',#718,2.8E-1);
#720=CARTESIAN_POINT('',(3.E0,0.E0,8.7E-1));
#721=LINE('',#720,#719);
#722=CURVE_STYLE('',#33,POSITIVE_LENGTH_MEASURE(2.E-2),#6);
#723=PRESENTATION_STYLE_ASSIGNMENT((#722));
#724=STYLED_ITEM('',(#723),#721);
#725=CARTESIAN_POINT('',(2.72E0,0.E0,7.5E-1));
#726=DIRECTION('',(0.E0,1.E0,0.E0));
#727=DIRECTION('',(0.E0,0.E0,-1.E0));
#728=AXIS2_PLACEMENT_3D('',#725,#726,#727);
#730=CURVE_STYLE('',#33,POSITIVE_LENGTH_MEASURE(2.E-2),#6);
#731=PRESENTATION_STYLE_ASSIGNMENT((#730));
#732=STYLED_ITEM('',(#731),#729);
#733=DIRECTION('',(-1.E0,0.E0,0.E0));
#734=VECTOR('',#733,2.8E-1);
#735=CARTESIAN_POINT('',(3.E0,0.E0,6.3E-1));
#736=LINE('',#735,#734);
#737=CURVE_STYLE('',#33,POSITIVE_LENGTH_MEASURE(2.E-2),#6);
#738=PRESENTATION_STYLE_ASSIGNMENT((#737));
#739=STYLED_ITEM('',(#738),#736);
#740=DIRECTION('',(0.E0,0.E0,-1.E0));
#741=VECTOR('',#740,2.6E-1);
#742=CARTESIAN_POINT('',(3.E0,0.E0,6.3E-1));
#743=LINE('',#742,#741);
#744=CURVE_STYLE('',#33,POSITIVE_LENGTH_MEASURE(2.E-2),#6);
#745=PRESENTATION_STYLE_ASSIGNMENT((#744));
#746=STYLED_ITEM('',(#745),#743);
#747=DIRECTION('',(-1.E0,0.E0,0.E0));
#748=VECTOR('',#747,2.8E-1);
#749=CARTESIAN_POINT('',(3.E0,0.E0,3.7E-1));
#750=LINE('',#749,#748);
#751=CURVE_STYLE('',#33,POSITIVE_LENGTH_MEASURE(2.E-2),#6);
#752=PRESENTATION_STYLE_ASSIGNMENT((#751));
#753=STYLED_ITEM('',(#752),#750);
#754=CARTESIAN_POINT('',(2.72E0,0.E0,2.5E-1));
#755=DIRECTION('',(0.E0,1.E0,0.E0));
#756=DIRECTION('',(0.E0,0.E0,-1.E0));
#757=AXIS2_PLACEMENT_3D('',#754,#755,#756);
#759=CURVE_STYLE('',#33,POSITIVE_LENGTH_MEASURE(2.E-2),#6);
#760=PRESENTATION_STYLE_ASSIGNMENT((#759));
#761=STYLED_ITEM('',(#760),#758);
#762=DIRECTION('',(-1.E0,0.E0,0.E0));
#763=VECTOR('',#762,2.8E-1);
#764=CARTESIAN_POINT('',(3.E0,0.E0,1.3E-1));
#765=LINE('',#764,#763);
#766=CURVE_STYLE('',#33,POSITIVE_LENGTH_MEASURE(2.E-2),#6);
#767=PRESENTATION_STYLE_ASSIGNMENT((#766));
#768=STYLED_ITEM('',(#767),#765);
#769=DIRECTION('',(0.E0,0.E0,-1.E0));
#770=VECTOR('',#769,2.6E-1);
#771=CARTESIAN_POINT('',(3.E0,0.E0,1.3E-1));
#772=LINE('',#771,#770);
#773=CURVE_STYLE('',#33,POSITIVE_LENGTH_MEASURE(2.E-2),#6);
#774=PRESENTATION_STYLE_ASSIGNMENT((#773));
#775=STYLED_ITEM('',(#774),#772);
#776=DIRECTION('',(-1.E0,0.E0,0.E0));
#777=VECTOR('',#776,2.8E-1);
#778=CARTESIAN_POINT('',(3.E0,0.E0,-1.3E-1));
#779=LINE('',#778,#777);
#780=CURVE_STYLE('',#33,POSITIVE_LENGTH_MEASURE(2.E-2),#6);
#781=PRESENTATION_STYLE_ASSIGNMENT((#780));
#782=STYLED_ITEM('',(#781),#779);
#783=CARTESIAN_POINT('',(2.72E0,0.E0,-2.5E-1));
#784=DIRECTION('',(0.E0,1.E0,0.E0));
#785=DIRECTION('',(0.E0,0.E0,-1.E0));
#786=AXIS2_PLACEMENT_3D('',#783,#784,#785);
#788=CURVE_STYLE('',#33,POSITIVE_LENGTH_MEASURE(2.E-2),#6);
#789=PRESENTATION_STYLE_ASSIGNMENT((#788));
#790=STYLED_ITEM('',(#789),#787);
#791=DIRECTION('',(-1.E0,0.E0,0.E0));
#792=VECTOR('',#791,2.8E-1);
#793=CARTESIAN_POINT('',(3.E0,0.E0,-3.7E-1));
#794=LINE('',#793,#792);
#795=CURVE_STYLE('',#33,POSITIVE_LENGTH_MEASURE(2.E-2),#6);
#796=PRESENTATION_STYLE_ASSIGNMENT((#795));
#797=STYLED_ITEM('',(#796),#794);
#798=DIRECTION('',(0.E0,0.E0,-1.E0));
#799=VECTOR('',#798,2.6E-1);
#800=CARTESIAN_POINT('',(3.E0,0.E0,-3.7E-1));
#801=LINE('',#800,#799);
#802=CURVE_STYLE('',#33,POSITIVE_LENGTH_MEASURE(2.E-2),#6);
#803=PRESENTATION_STYLE_ASSIGNMENT((#802));
#804=STYLED_ITEM('',(#803),#801);
#805=DIRECTION('',(-1.E0,0.E0,0.E0));
#806=VECTOR('',#805,2.8E-1);
#807=CARTESIAN_POINT('',(3.E0,0.E0,-6.3E-1));
#808=LINE('',#807,#806);
#809=CURVE_STYLE('',#33,POSITIVE_LENGTH_MEASURE(2.E-2),#6);
#810=PRESENTATION_STYLE_ASSIGNMENT((#809));
#811=STYLED_ITEM('',(#810),#808);
#812=CARTESIAN_POINT('',(2.72E0,0.E0,-7.5E-1));
#813=DIRECTION('',(0.E0,1.E0,0.E0));
#814=DIRECTION('',(0.E0,0.E0,-1.E0));
#815=AXIS2_PLACEMENT_3D('',#812,#813,#814);
#817=CURVE_STYLE('',#33,POSITIVE_LENGTH_MEASURE(2.E-2),#6);
#818=PRESENTATION_STYLE_ASSIGNMENT((#817));
#819=STYLED_ITEM('',(#818),#816);
#820=DIRECTION('',(-1.E0,0.E0,0.E0));
#821=VECTOR('',#820,2.8E-1);
#822=CARTESIAN_POINT('',(3.E0,0.E0,-8.7E-1));
#823=LINE('',#822,#821);
#824=CURVE_STYLE('',#33,POSITIVE_LENGTH_MEASURE(2.E-2),#6);
#825=PRESENTATION_STYLE_ASSIGNMENT((#824));
#826=STYLED_ITEM('',(#825),#823);
#827=DIRECTION('',(0.E0,0.E0,-1.E0));
#828=VECTOR('',#827,2.6E-1);
#829=CARTESIAN_POINT('',(3.E0,0.E0,-8.7E-1));
#830=LINE('',#829,#828);
#831=CURVE_STYLE('',#33,POSITIVE_LENGTH_MEASURE(2.E-2),#6);
#832=PRESENTATION_STYLE_ASSIGNMENT((#831));
#833=STYLED_ITEM('',(#832),#830);
#834=DIRECTION('',(-1.E0,0.E0,0.E0));
#835=VECTOR('',#834,2.8E-1);
#836=CARTESIAN_POINT('',(3.E0,0.E0,-1.13E0));
#837=LINE('',#836,#835);
#838=CURVE_STYLE('',#33,POSITIVE_LENGTH_MEASURE(2.E-2),#6);
#839=PRESENTATION_STYLE_ASSIGNMENT((#838));
#840=STYLED_ITEM('',(#839),#837);
#841=CARTESIAN_POINT('',(2.72E0,0.E0,-1.25E0));
#842=DIRECTION('',(0.E0,1.E0,0.E0));
#843=DIRECTION('',(0.E0,0.E0,-1.E0));
#844=AXIS2_PLACEMENT_3D('',#841,#842,#843);
#846=CURVE_STYLE('',#33,POSITIVE_LENGTH_MEASURE(2.E-2),#6);
#847=PRESENTATION_STYLE_ASSIGNMENT((#846));
#848=STYLED_ITEM('',(#847),#845);
#849=DIRECTION('',(-1.E0,0.E0,0.E0));
#850=VECTOR('',#849,2.8E-1);
#851=CARTESIAN_POINT('',(3.E0,0.E0,-1.37E0));
#852=LINE('',#851,#850);
#853=CURVE_STYLE('',#33,POSITIVE_LENGTH_MEASURE(2.E-2),#6);
#854=PRESENTATION_STYLE_ASSIGNMENT((#853));
#855=STYLED_ITEM('',(#854),#852);
#856=DIRECTION('',(0.E0,0.E0,-1.E0));
#857=VECTOR('',#856,2.6E-1);
#858=CARTESIAN_POINT('',(3.E0,0.E0,-1.37E0));
#859=LINE('',#858,#857);
#860=CURVE_STYLE('',#33,POSITIVE_LENGTH_MEASURE(2.E-2),#6);
#861=PRESENTATION_STYLE_ASSIGNMENT((#860));
#862=STYLED_ITEM('',(#861),#859);
#863=DIRECTION('',(-1.E0,0.E0,0.E0));
#864=VECTOR('',#863,2.8E-1);
#865=CARTESIAN_POINT('',(3.E0,0.E0,-1.63E0));
#866=LINE('',#865,#864);
#867=CURVE_STYLE('',#33,POSITIVE_LENGTH_MEASURE(2.E-2),#6);
#868=PRESENTATION_STYLE_ASSIGNMENT((#867));
#869=STYLED_ITEM('',(#868),#866);
#870=CARTESIAN_POINT('',(2.72E0,0.E0,-1.75E0));
#871=DIRECTION('',(0.E0,1.E0,0.E0));
#872=DIRECTION('',(0.E0,0.E0,-1.E0));
#873=AXIS2_PLACEMENT_3D('',#870,#871,#872);
#875=CURVE_STYLE('',#33,POSITIVE_LENGTH_MEASURE(2.E-2),#6);
#876=PRESENTATION_STYLE_ASSIGNMENT((#875));
#877=STYLED_ITEM('',(#876),#874);
#878=DIRECTION('',(-1.E0,0.E0,0.E0));
#879=VECTOR('',#878,2.8E-1);
#880=CARTESIAN_POINT('',(3.E0,0.E0,-1.87E0));
#881=LINE('',#880,#879);
#882=CURVE_STYLE('',#33,POSITIVE_LENGTH_MEASURE(2.E-2),#6);
#883=PRESENTATION_STYLE_ASSIGNMENT((#882));
#884=STYLED_ITEM('',(#883),#881);
#885=DIRECTION('',(0.E0,0.E0,-1.E0));
#886=VECTOR('',#885,2.6E-1);
#887=CARTESIAN_POINT('',(3.E0,0.E0,-1.87E0));
#888=LINE('',#887,#886);
#889=CURVE_STYLE('',#33,POSITIVE_LENGTH_MEASURE(2.E-2),#6);
#890=PRESENTATION_STYLE_ASSIGNMENT((#889));
#891=STYLED_ITEM('',(#890),#888);
#892=DIRECTION('',(-1.E0,0.E0,0.E0));
#893=VECTOR('',#892,2.8E-1);
#894=CARTESIAN_POINT('',(3.E0,0.E0,-2.13E0));
#895=LINE('',#894,#893);
#896=CURVE_STYLE('',#33,POSITIVE_LENGTH_MEASURE(2.E-2),#6);
#897=PRESENTATION_STYLE_ASSIGNMENT((#896));
#898=STYLED_ITEM('',(#897),#895);
#899=CARTESIAN_POINT('',(2.72E0,0.E0,-2.25E0));
#900=DIRECTION('',(0.E0,1.E0,0.E0));
#901=DIRECTION('',(0.E0,0.E0,-1.E0));
#902=AXIS2_PLACEMENT_3D('',#899,#900,#901);
#904=CURVE_STYLE('',#33,POSITIVE_LENGTH_MEASURE(2.E-2),#6);
#905=PRESENTATION_STYLE_ASSIGNMENT((#904));
#906=STYLED_ITEM('',(#905),#903);
#907=DIRECTION('',(-1.E0,0.E0,0.E0));
#908=VECTOR('',#907,2.8E-1);
#909=CARTESIAN_POINT('',(3.E0,0.E0,-2.37E0));
#910=LINE('',#909,#908);
#911=CURVE_STYLE('',#33,POSITIVE_LENGTH_MEASURE(2.E-2),#6);
#912=PRESENTATION_STYLE_ASSIGNMENT((#911));
#913=STYLED_ITEM('',(#912),#910);
#914=DIRECTION('',(0.E0,0.E0,-1.E0));
#915=VECTOR('',#914,6.3E-1);
#916=CARTESIAN_POINT('',(3.E0,0.E0,-2.37E0));
#917=LINE('',#916,#915);
#918=CURVE_STYLE('',#33,POSITIVE_LENGTH_MEASURE(2.E-2),#6);
#919=PRESENTATION_STYLE_ASSIGNMENT((#918));
#920=STYLED_ITEM('',(#919),#917);
#921=DIRECTION('',(-1.E0,0.E0,0.E0));
#922=VECTOR('',#921,6.3E-1);
#923=CARTESIAN_POINT('',(3.E0,0.E0,-3.E0));
#924=LINE('',#923,#922);
#925=CURVE_STYLE('',#33,POSITIVE_LENGTH_MEASURE(2.E-2),#6);
#926=PRESENTATION_STYLE_ASSIGNMENT((#925));
#927=STYLED_ITEM('',(#926),#924);
#928=DIRECTION('',(0.E0,0.E0,1.E0));
#929=VECTOR('',#928,2.8E-1);
#930=CARTESIAN_POINT('',(2.37E0,0.E0,-3.E0));
#931=LINE('',#930,#929);
#932=CURVE_STYLE('',#33,POSITIVE_LENGTH_MEASURE(2.E-2),#6);
#933=PRESENTATION_STYLE_ASSIGNMENT((#932));
#934=STYLED_ITEM('',(#933),#931);
#935=CARTESIAN_POINT('',(2.25E0,0.E0,-2.72E0));
#936=DIRECTION('',(0.E0,1.E0,0.E0));
#937=DIRECTION('',(-1.E0,0.E0,0.E0));
#938=AXIS2_PLACEMENT_3D('',#935,#936,#937);
#940=CURVE_STYLE('',#33,POSITIVE_LENGTH_MEASURE(2.E-2),#6);
#941=PRESENTATION_STYLE_ASSIGNMENT((#940));
#942=STYLED_ITEM('',(#941),#939);
#943=DIRECTION('',(0.E0,0.E0,1.E0));
#944=VECTOR('',#943,2.8E-1);
#945=CARTESIAN_POINT('',(2.13E0,0.E0,-3.E0));
#946=LINE('',#945,#944);
#947=CURVE_STYLE('',#33,POSITIVE_LENGTH_MEASURE(2.E-2),#6);
#948=PRESENTATION_STYLE_ASSIGNMENT((#947));
#949=STYLED_ITEM('',(#948),#946);
#950=DIRECTION('',(-1.E0,0.E0,0.E0));
#951=VECTOR('',#950,2.6E-1);
#952=CARTESIAN_POINT('',(2.13E0,0.E0,-3.E0));
#953=LINE('',#952,#951);
#954=CURVE_STYLE('',#33,POSITIVE_LENGTH_MEASURE(2.E-2),#6);
#955=PRESENTATION_STYLE_ASSIGNMENT((#954));
#956=STYLED_ITEM('',(#955),#953);
#957=DIRECTION('',(0.E0,0.E0,1.E0));
#958=VECTOR('',#957,2.8E-1);
#959=CARTESIAN_POINT('',(1.87E0,0.E0,-3.E0));
#960=LINE('',#959,#958);
#961=CURVE_STYLE('',#33,POSITIVE_LENGTH_MEASURE(2.E-2),#6);
#962=PRESENTATION_STYLE_ASSIGNMENT((#961));
#963=STYLED_ITEM('',(#962),#960);
#964=CARTESIAN_POINT('',(1.75E0,0.E0,-2.72E0));
#965=DIRECTION('',(0.E0,1.E0,0.E0));
#966=DIRECTION('',(-1.E0,0.E0,1.110223024625E-14));
#967=AXIS2_PLACEMENT_3D('',#964,#965,#966);
#969=CURVE_STYLE('',#33,POSITIVE_LENGTH_MEASURE(2.E-2),#6);
#970=PRESENTATION_STYLE_ASSIGNMENT((#969));
#971=STYLED_ITEM('',(#970),#968);
#972=DIRECTION('',(0.E0,0.E0,1.E0));
#973=VECTOR('',#972,2.8E-1);
#974=CARTESIAN_POINT('',(1.63E0,0.E0,-3.E0));
#975=LINE('',#974,#973);
#976=CURVE_STYLE('',#33,POSITIVE_LENGTH_MEASURE(2.E-2),#6);
#977=PRESENTATION_STYLE_ASSIGNMENT((#976));
#978=STYLED_ITEM('',(#977),#975);
#979=DIRECTION('',(-1.E0,0.E0,0.E0));
#980=VECTOR('',#979,2.6E-1);
#981=CARTESIAN_POINT('',(1.63E0,0.E0,-3.E0));
#982=LINE('',#981,#980);
#983=CURVE_STYLE('',#33,POSITIVE_LENGTH_MEASURE(2.E-2),#6);
#984=PRESENTATION_STYLE_ASSIGNMENT((#983));
#985=STYLED_ITEM('',(#984),#982);
#986=DIRECTION('',(0.E0,0.E0,1.E0));
#987=VECTOR('',#986,2.8E-1);
#988=CARTESIAN_POINT('',(1.37E0,0.E0,-3.E0));
#989=LINE('',#988,#987);
#990=CURVE_STYLE('',#33,POSITIVE_LENGTH_MEASURE(2.E-2),#6);
#991=PRESENTATION_STYLE_ASSIGNMENT((#990));
#992=STYLED_ITEM('',(#991),#989);
#993=CARTESIAN_POINT('',(1.25E0,0.E0,-2.72E0));
#994=DIRECTION('',(0.E0,1.E0,0.E0));
#995=DIRECTION('',(-1.E0,0.E0,0.E0));
#996=AXIS2_PLACEMENT_3D('',#993,#994,#995);
#998=CURVE_STYLE('',#33,POSITIVE_LENGTH_MEASURE(2.E-2),#6);
#999=PRESENTATION_STYLE_ASSIGNMENT((#998));
#1000=STYLED_ITEM('',(#999),#997);
#1001=DIRECTION('',(0.E0,0.E0,1.E0));
#1002=VECTOR('',#1001,2.8E-1);
#1003=CARTESIAN_POINT('',(1.13E0,0.E0,-3.E0));
#1004=LINE('',#1003,#1002);
#1005=CURVE_STYLE('',#33,POSITIVE_LENGTH_MEASURE(2.E-2),#6);
#1006=PRESENTATION_STYLE_ASSIGNMENT((#1005));
#1007=STYLED_ITEM('',(#1006),#1004);
#1008=DIRECTION('',(-1.E0,0.E0,0.E0));
#1009=VECTOR('',#1008,2.6E-1);
#1010=CARTESIAN_POINT('',(1.13E0,0.E0,-3.E0));
#1011=LINE('',#1010,#1009);
#1012=CURVE_STYLE('',#33,POSITIVE_LENGTH_MEASURE(2.E-2),#6);
#1013=PRESENTATION_STYLE_ASSIGNMENT((#1012));
#1014=STYLED_ITEM('',(#1013),#1011);
#1015=DIRECTION('',(0.E0,0.E0,1.E0));
#1016=VECTOR('',#1015,2.8E-1);
#1017=CARTESIAN_POINT('',(8.7E-1,0.E0,-3.E0));
#1018=LINE('',#1017,#1016);
#1019=CURVE_STYLE('',#33,POSITIVE_LENGTH_MEASURE(2.E-2),#6);
#1020=PRESENTATION_STYLE_ASSIGNMENT((#1019));
#1021=STYLED_ITEM('',(#1020),#1018);
#1022=CARTESIAN_POINT('',(7.5E-1,0.E0,-2.72E0));
#1023=DIRECTION('',(0.E0,1.E0,0.E0));
#1024=DIRECTION('',(-1.E0,0.E0,0.E0));
#1025=AXIS2_PLACEMENT_3D('',#1022,#1023,#1024);
#1027=CURVE_STYLE('',#33,POSITIVE_LENGTH_MEASURE(2.E-2),#6);
#1028=PRESENTATION_STYLE_ASSIGNMENT((#1027));
#1029=STYLED_ITEM('',(#1028),#1026);
#1030=DIRECTION('',(0.E0,0.E0,1.E0));
#1031=VECTOR('',#1030,2.8E-1);
#1032=CARTESIAN_POINT('',(6.3E-1,0.E0,-3.E0));
#1033=LINE('',#1032,#1031);
#1034=CURVE_STYLE('',#33,POSITIVE_LENGTH_MEASURE(2.E-2),#6);
#1035=PRESENTATION_STYLE_ASSIGNMENT((#1034));
#1036=STYLED_ITEM('',(#1035),#1033);
#1037=DIRECTION('',(-1.E0,0.E0,0.E0));
#1038=VECTOR('',#1037,2.6E-1);
#1039=CARTESIAN_POINT('',(6.3E-1,0.E0,-3.E0));
#1040=LINE('',#1039,#1038);
#1041=CURVE_STYLE('',#33,POSITIVE_LENGTH_MEASURE(2.E-2),#6);
#1042=PRESENTATION_STYLE_ASSIGNMENT((#1041));
#1043=STYLED_ITEM('',(#1042),#1040);
#1044=DIRECTION('',(0.E0,0.E0,1.E0));
#1045=VECTOR('',#1044,2.8E-1);
#1046=CARTESIAN_POINT('',(3.7E-1,0.E0,-3.E0));
#1047=LINE('',#1046,#1045);
#1048=CURVE_STYLE('',#33,POSITIVE_LENGTH_MEASURE(2.E-2),#6);
#1049=PRESENTATION_STYLE_ASSIGNMENT((#1048));
#1050=STYLED_ITEM('',(#1049),#1047);
#1051=CARTESIAN_POINT('',(2.5E-1,0.E0,-2.72E0));
#1052=DIRECTION('',(0.E0,1.E0,0.E0));
#1053=DIRECTION('',(-1.E0,0.E0,0.E0));
#1054=AXIS2_PLACEMENT_3D('',#1051,#1052,#1053);
#1056=CURVE_STYLE('',#33,POSITIVE_LENGTH_MEASURE(2.E-2),#6);
#1057=PRESENTATION_STYLE_ASSIGNMENT((#1056));
#1058=STYLED_ITEM('',(#1057),#1055);
#1059=DIRECTION('',(0.E0,0.E0,1.E0));
#1060=VECTOR('',#1059,2.8E-1);
#1061=CARTESIAN_POINT('',(1.3E-1,0.E0,-3.E0));
#1062=LINE('',#1061,#1060);
#1063=CURVE_STYLE('',#33,POSITIVE_LENGTH_MEASURE(2.E-2),#6);
#1064=PRESENTATION_STYLE_ASSIGNMENT((#1063));
#1065=STYLED_ITEM('',(#1064),#1062);
#1066=DIRECTION('',(-1.E0,0.E0,0.E0));
#1067=VECTOR('',#1066,2.6E-1);
#1068=CARTESIAN_POINT('',(1.3E-1,0.E0,-3.E0));
#1069=LINE('',#1068,#1067);
#1070=CURVE_STYLE('',#33,POSITIVE_LENGTH_MEASURE(2.E-2),#6);
#1071=PRESENTATION_STYLE_ASSIGNMENT((#1070));
#1072=STYLED_ITEM('',(#1071),#1069);
#1073=DIRECTION('',(0.E0,0.E0,1.E0));
#1074=VECTOR('',#1073,2.8E-1);
#1075=CARTESIAN_POINT('',(-1.3E-1,0.E0,-3.E0));
#1076=LINE('',#1075,#1074);
#1077=CURVE_STYLE('',#33,POSITIVE_LENGTH_MEASURE(2.E-2),#6);
#1078=PRESENTATION_STYLE_ASSIGNMENT((#1077));
#1079=STYLED_ITEM('',(#1078),#1076);
#1080=CARTESIAN_POINT('',(-2.5E-1,0.E0,-2.72E0));
#1081=DIRECTION('',(0.E0,1.E0,0.E0));
#1082=DIRECTION('',(-1.E0,0.E0,0.E0));
#1083=AXIS2_PLACEMENT_3D('',#1080,#1081,#1082);
#1085=CURVE_STYLE('',#33,POSITIVE_LENGTH_MEASURE(2.E-2),#6);
#1086=PRESENTATION_STYLE_ASSIGNMENT((#1085));
#1087=STYLED_ITEM('',(#1086),#1084);
#1088=DIRECTION('',(0.E0,0.E0,1.E0));
#1089=VECTOR('',#1088,2.8E-1);
#1090=CARTESIAN_POINT('',(-3.7E-1,0.E0,-3.E0));
#1091=LINE('',#1090,#1089);
#1092=CURVE_STYLE('',#33,POSITIVE_LENGTH_MEASURE(2.E-2),#6);
#1093=PRESENTATION_STYLE_ASSIGNMENT((#1092));
#1094=STYLED_ITEM('',(#1093),#1091);
#1095=DIRECTION('',(-1.E0,0.E0,0.E0));
#1096=VECTOR('',#1095,2.6E-1);
#1097=CARTESIAN_POINT('',(-3.7E-1,0.E0,-3.E0));
#1098=LINE('',#1097,#1096);
#1099=CURVE_STYLE('',#33,POSITIVE_LENGTH_MEASURE(2.E-2),#6);
#1100=PRESENTATION_STYLE_ASSIGNMENT((#1099));
#1101=STYLED_ITEM('',(#1100),#1098);
#1102=DIRECTION('',(0.E0,0.E0,1.E0));
#1103=VECTOR('',#1102,2.8E-1);
#1104=CARTESIAN_POINT('',(-6.3E-1,0.E0,-3.E0));
#1105=LINE('',#1104,#1103);
#1106=CURVE_STYLE('',#33,POSITIVE_LENGTH_MEASURE(2.E-2),#6);
#1107=PRESENTATION_STYLE_ASSIGNMENT((#1106));
#1108=STYLED_ITEM('',(#1107),#1105);
#1109=CARTESIAN_POINT('',(-7.5E-1,0.E0,-2.72E0));
#1110=DIRECTION('',(0.E0,1.E0,0.E0));
#1111=DIRECTION('',(-1.E0,0.E0,0.E0));
#1112=AXIS2_PLACEMENT_3D('',#1109,#1110,#1111);
#1114=CURVE_STYLE('',#33,POSITIVE_LENGTH_MEASURE(2.E-2),#6);
#1115=PRESENTATION_STYLE_ASSIGNMENT((#1114));
#1116=STYLED_ITEM('',(#1115),#1113);
#1117=DIRECTION('',(0.E0,0.E0,1.E0));
#1118=VECTOR('',#1117,2.8E-1);
#1119=CARTESIAN_POINT('',(-8.7E-1,0.E0,-3.E0));
#1120=LINE('',#1119,#1118);
#1121=CURVE_STYLE('',#33,POSITIVE_LENGTH_MEASURE(2.E-2),#6);
#1122=PRESENTATION_STYLE_ASSIGNMENT((#1121));
#1123=STYLED_ITEM('',(#1122),#1120);
#1124=DIRECTION('',(-1.E0,0.E0,0.E0));
#1125=VECTOR('',#1124,2.6E-1);
#1126=CARTESIAN_POINT('',(-8.7E-1,0.E0,-3.E0));
#1127=LINE('',#1126,#1125);
#1128=CURVE_STYLE('',#33,POSITIVE_LENGTH_MEASURE(2.E-2),#6);
#1129=PRESENTATION_STYLE_ASSIGNMENT((#1128));
#1130=STYLED_ITEM('',(#1129),#1127);
#1131=DIRECTION('',(0.E0,0.E0,1.E0));
#1132=VECTOR('',#1131,2.8E-1);
#1133=CARTESIAN_POINT('',(-1.13E0,0.E0,-3.E0));
#1134=LINE('',#1133,#1132);
#1135=CURVE_STYLE('',#33,POSITIVE_LENGTH_MEASURE(2.E-2),#6);
#1136=PRESENTATION_STYLE_ASSIGNMENT((#1135));
#1137=STYLED_ITEM('',(#1136),#1134);
#1138=CARTESIAN_POINT('',(-1.25E0,0.E0,-2.72E0));
#1139=DIRECTION('',(0.E0,1.E0,0.E0));
#1140=DIRECTION('',(-1.E0,0.E0,0.E0));
#1141=AXIS2_PLACEMENT_3D('',#1138,#1139,#1140);
#1143=CURVE_STYLE('',#33,POSITIVE_LENGTH_MEASURE(2.E-2),#6);
#1144=PRESENTATION_STYLE_ASSIGNMENT((#1143));
#1145=STYLED_ITEM('',(#1144),#1142);
#1146=DIRECTION('',(0.E0,0.E0,1.E0));
#1147=VECTOR('',#1146,2.8E-1);
#1148=CARTESIAN_POINT('',(-1.37E0,0.E0,-3.E0));
#1149=LINE('',#1148,#1147);
#1150=CURVE_STYLE('',#33,POSITIVE_LENGTH_MEASURE(2.E-2),#6);
#1151=PRESENTATION_STYLE_ASSIGNMENT((#1150));
#1152=STYLED_ITEM('',(#1151),#1149);
#1153=DIRECTION('',(-1.E0,0.E0,0.E0));
#1154=VECTOR('',#1153,2.6E-1);
#1155=CARTESIAN_POINT('',(-1.37E0,0.E0,-3.E0));
#1156=LINE('',#1155,#1154);
#1157=CURVE_STYLE('',#33,POSITIVE_LENGTH_MEASURE(2.E-2),#6);
#1158=PRESENTATION_STYLE_ASSIGNMENT((#1157));
#1159=STYLED_ITEM('',(#1158),#1156);
#1160=DIRECTION('',(0.E0,0.E0,1.E0));
#1161=VECTOR('',#1160,2.8E-1);
#1162=CARTESIAN_POINT('',(-1.63E0,0.E0,-3.E0));
#1163=LINE('',#1162,#1161);
#1164=CURVE_STYLE('',#33,POSITIVE_LENGTH_MEASURE(2.E-2),#6);
#1165=PRESENTATION_STYLE_ASSIGNMENT((#1164));
#1166=STYLED_ITEM('',(#1165),#1163);
#1167=CARTESIAN_POINT('',(-1.75E0,0.E0,-2.72E0));
#1168=DIRECTION('',(0.E0,1.E0,0.E0));
#1169=DIRECTION('',(-1.E0,0.E0,1.110223024625E-14));
#1170=AXIS2_PLACEMENT_3D('',#1167,#1168,#1169);
#1172=CURVE_STYLE('',#33,POSITIVE_LENGTH_MEASURE(2.E-2),#6);
#1173=PRESENTATION_STYLE_ASSIGNMENT((#1172));
#1174=STYLED_ITEM('',(#1173),#1171);
#1175=DIRECTION('',(0.E0,0.E0,1.E0));
#1176=VECTOR('',#1175,2.8E-1);
#1177=CARTESIAN_POINT('',(-1.87E0,0.E0,-3.E0));
#1178=LINE('',#1177,#1176);
#1179=CURVE_STYLE('',#33,POSITIVE_LENGTH_MEASURE(2.E-2),#6);
#1180=PRESENTATION_STYLE_ASSIGNMENT((#1179));
#1181=STYLED_ITEM('',(#1180),#1178);
#1182=DIRECTION('',(-1.E0,0.E0,0.E0));
#1183=VECTOR('',#1182,2.6E-1);
#1184=CARTESIAN_POINT('',(-1.87E0,0.E0,-3.E0));
#1185=LINE('',#1184,#1183);
#1186=CURVE_STYLE('',#33,POSITIVE_LENGTH_MEASURE(2.E-2),#6);
#1187=PRESENTATION_STYLE_ASSIGNMENT((#1186));
#1188=STYLED_ITEM('',(#1187),#1185);
#1189=DIRECTION('',(0.E0,0.E0,1.E0));
#1190=VECTOR('',#1189,2.8E-1);
#1191=CARTESIAN_POINT('',(-2.13E0,0.E0,-3.E0));
#1192=LINE('',#1191,#1190);
#1193=CURVE_STYLE('',#33,POSITIVE_LENGTH_MEASURE(2.E-2),#6);
#1194=PRESENTATION_STYLE_ASSIGNMENT((#1193));
#1195=STYLED_ITEM('',(#1194),#1192);
#1196=CARTESIAN_POINT('',(-2.25E0,0.E0,-2.72E0));
#1197=DIRECTION('',(0.E0,1.E0,0.E0));
#1198=DIRECTION('',(-1.E0,0.E0,0.E0));
#1199=AXIS2_PLACEMENT_3D('',#1196,#1197,#1198);
#1201=CURVE_STYLE('',#33,POSITIVE_LENGTH_MEASURE(2.E-2),#6);
#1202=PRESENTATION_STYLE_ASSIGNMENT((#1201));
#1203=STYLED_ITEM('',(#1202),#1200);
#1204=DIRECTION('',(0.E0,0.E0,1.E0));
#1205=VECTOR('',#1204,2.8E-1);
#1206=CARTESIAN_POINT('',(-2.37E0,0.E0,-3.E0));
#1207=LINE('',#1206,#1205);
#1208=CURVE_STYLE('',#33,POSITIVE_LENGTH_MEASURE(2.E-2),#6);
#1209=PRESENTATION_STYLE_ASSIGNMENT((#1208));
#1210=STYLED_ITEM('',(#1209),#1207);
#1211=DIRECTION('',(-1.E0,0.E0,0.E0));
#1212=VECTOR('',#1211,6.3E-1);
#1213=CARTESIAN_POINT('',(-2.37E0,0.E0,-3.E0));
#1214=LINE('',#1213,#1212);
#1215=CURVE_STYLE('',#33,POSITIVE_LENGTH_MEASURE(2.E-2),#6);
#1216=PRESENTATION_STYLE_ASSIGNMENT((#1215));
#1217=STYLED_ITEM('',(#1216),#1214);
#1218=DIRECTION('',(-1.E0,0.E0,0.E0));
#1219=VECTOR('',#1218,3.8E0);
#1220=CARTESIAN_POINT('',(2.075E0,0.E0,-2.075E0));
#1221=LINE('',#1220,#1219);
#1222=CURVE_STYLE('',#33,POSITIVE_LENGTH_MEASURE(2.E-2),#6);
#1223=PRESENTATION_STYLE_ASSIGNMENT((#1222));
#1224=STYLED_ITEM('',(#1223),#1221);
#1225=DIRECTION('',(0.E0,0.E0,-1.E0));
#1226=VECTOR('',#1225,4.15E0);
#1227=CARTESIAN_POINT('',(2.075E0,0.E0,2.075E0));
#1228=LINE('',#1227,#1226);
#1229=CURVE_STYLE('',#33,POSITIVE_LENGTH_MEASURE(2.E-2),#6);
#1230=PRESENTATION_STYLE_ASSIGNMENT((#1229));
#1231=STYLED_ITEM('',(#1230),#1228);
#1232=DIRECTION('',(1.E0,0.E0,0.E0));
#1233=VECTOR('',#1232,4.15E0);
#1234=CARTESIAN_POINT('',(-2.075E0,0.E0,2.075E0));
#1235=LINE('',#1234,#1233);
#1236=CURVE_STYLE('',#33,POSITIVE_LENGTH_MEASURE(2.E-2),#6);
#1237=PRESENTATION_STYLE_ASSIGNMENT((#1236));
#1238=STYLED_ITEM('',(#1237),#1235);
#1239=DIRECTION('',(0.E0,0.E0,1.E0));
#1240=VECTOR('',#1239,3.8E0);
#1241=CARTESIAN_POINT('',(-2.075E0,0.E0,-1.725E0));
#1242=LINE('',#1241,#1240);
#1243=CURVE_STYLE('',#33,POSITIVE_LENGTH_MEASURE(2.E-2),#6);
#1244=PRESENTATION_STYLE_ASSIGNMENT((#1243));
#1245=STYLED_ITEM('',(#1244),#1242);
#1246=DIRECTION('',(-7.071067811865E-1,0.E0,7.071067811865E-1));
#1247=VECTOR('',#1246,4.949747468306E-1);
#1248=CARTESIAN_POINT('',(-1.725E0,0.E0,-2.075E0));
#1249=LINE('',#1248,#1247);
#1250=CURVE_STYLE('',#33,POSITIVE_LENGTH_MEASURE(2.E-2),#6);
#1251=PRESENTATION_STYLE_ASSIGNMENT((#1250));
#1252=STYLED_ITEM('',(#1251),#1249);
#1253=DIRECTION('',(0.E0,0.E0,1.E0));
#1254=VECTOR('',#1253,3.2E-1);
#1255=CARTESIAN_POINT('',(-2.9E0,0.E0,-2.9E0));
#1256=LINE('',#1255,#1254);
#1257=CURVE_STYLE('',#33,POSITIVE_LENGTH_MEASURE(2.E-2),#6);
#1258=PRESENTATION_STYLE_ASSIGNMENT((#1257));
#1259=STYLED_ITEM('',(#1258),#1256);
#1260=DIRECTION('',(-1.E0,0.E0,0.E0));
#1261=VECTOR('',#1260,3.2E-1);
#1262=CARTESIAN_POINT('',(-2.58E0,0.E0,-2.9E0));
#1263=LINE('',#1262,#1261);
#1264=CURVE_STYLE('',#33,POSITIVE_LENGTH_MEASURE(2.E-2),#6);
#1265=PRESENTATION_STYLE_ASSIGNMENT((#1264));
#1266=STYLED_ITEM('',(#1265),#1263);
#1267=DIRECTION('',(0.E0,0.E0,-1.E0));
#1268=VECTOR('',#1267,3.2E-1);
#1269=CARTESIAN_POINT('',(-2.58E0,0.E0,-2.58E0));
#1270=LINE('',#1269,#1268);
#1271=CURVE_STYLE('',#33,POSITIVE_LENGTH_MEASURE(2.E-2),#6);
#1272=PRESENTATION_STYLE_ASSIGNMENT((#1271));
#1273=STYLED_ITEM('',(#1272),#1270);
#1274=DIRECTION('',(1.E0,0.E0,0.E0));
#1275=VECTOR('',#1274,3.2E-1);
#1276=CARTESIAN_POINT('',(-2.9E0,0.E0,-2.58E0));
#1277=LINE('',#1276,#1275);
#1278=CURVE_STYLE('',#33,POSITIVE_LENGTH_MEASURE(2.E-2),#6);
#1279=PRESENTATION_STYLE_ASSIGNMENT((#1278));
#1280=STYLED_ITEM('',(#1279),#1277);
#1281=DIRECTION('',(-1.E0,0.E0,0.E0));
#1282=VECTOR('',#1281,3.2E-1);
#1283=CARTESIAN_POINT('',(2.9E0,0.E0,-2.9E0));
#1284=LINE('',#1283,#1282);
#1285=CURVE_STYLE('',#33,POSITIVE_LENGTH_MEASURE(2.E-2),#6);
#1286=PRESENTATION_STYLE_ASSIGNMENT((#1285));
#1287=STYLED_ITEM('',(#1286),#1284);
#1288=DIRECTION('',(0.E0,0.E0,-1.E0));
#1289=VECTOR('',#1288,3.2E-1);
#1290=CARTESIAN_POINT('',(2.9E0,0.E0,-2.58E0));
#1291=LINE('',#1290,#1289);
#1292=CURVE_STYLE('',#33,POSITIVE_LENGTH_MEASURE(2.E-2),#6);
#1293=PRESENTATION_STYLE_ASSIGNMENT((#1292));
#1294=STYLED_ITEM('',(#1293),#1291);
#1295=DIRECTION('',(1.E0,0.E0,0.E0));
#1296=VECTOR('',#1295,3.2E-1);
#1297=CARTESIAN_POINT('',(2.58E0,0.E0,-2.58E0));
#1298=LINE('',#1297,#1296);
#1299=CURVE_STYLE('',#33,POSITIVE_LENGTH_MEASURE(2.E-2),#6);
#1300=PRESENTATION_STYLE_ASSIGNMENT((#1299));
#1301=STYLED_ITEM('',(#1300),#1298);
#1302=DIRECTION('',(0.E0,0.E0,1.E0));
#1303=VECTOR('',#1302,3.2E-1);
#1304=CARTESIAN_POINT('',(2.58E0,0.E0,-2.9E0));
#1305=LINE('',#1304,#1303);
#1306=CURVE_STYLE('',#33,POSITIVE_LENGTH_MEASURE(2.E-2),#6);
#1307=PRESENTATION_STYLE_ASSIGNMENT((#1306));
#1308=STYLED_ITEM('',(#1307),#1305);
#1309=DIRECTION('',(1.E0,0.E0,0.E0));
#1310=VECTOR('',#1309,3.2E-1);
#1311=CARTESIAN_POINT('',(-2.9E0,0.E0,2.9E0));
#1312=LINE('',#1311,#1310);
#1313=CURVE_STYLE('',#33,POSITIVE_LENGTH_MEASURE(2.E-2),#6);
#1314=PRESENTATION_STYLE_ASSIGNMENT((#1313));
#1315=STYLED_ITEM('',(#1314),#1312);
#1316=DIRECTION('',(0.E0,0.E0,1.E0));
#1317=VECTOR('',#1316,3.2E-1);
#1318=CARTESIAN_POINT('',(-2.9E0,0.E0,2.58E0));
#1319=LINE('',#1318,#1317);
#1320=CURVE_STYLE('',#33,POSITIVE_LENGTH_MEASURE(2.E-2),#6);
#1321=PRESENTATION_STYLE_ASSIGNMENT((#1320));
#1322=STYLED_ITEM('',(#1321),#1319);
#1323=DIRECTION('',(-1.E0,0.E0,0.E0));
#1324=VECTOR('',#1323,3.2E-1);
#1325=CARTESIAN_POINT('',(-2.58E0,0.E0,2.58E0));
#1326=LINE('',#1325,#1324);
#1327=CURVE_STYLE('',#33,POSITIVE_LENGTH_MEASURE(2.E-2),#6);
#1328=PRESENTATION_STYLE_ASSIGNMENT((#1327));
#1329=STYLED_ITEM('',(#1328),#1326);
#1330=DIRECTION('',(0.E0,0.E0,-1.E0));
#1331=VECTOR('',#1330,3.2E-1);
#1332=CARTESIAN_POINT('',(-2.58E0,0.E0,2.9E0));
#1333=LINE('',#1332,#1331);
#1334=CURVE_STYLE('',#33,POSITIVE_LENGTH_MEASURE(2.E-2),#6);
#1335=PRESENTATION_STYLE_ASSIGNMENT((#1334));
#1336=STYLED_ITEM('',(#1335),#1333);
#1337=DIRECTION('',(0.E0,0.E0,-1.E0));
#1338=VECTOR('',#1337,3.2E-1);
#1339=CARTESIAN_POINT('',(2.9E0,0.E0,2.9E0));
#1340=LINE('',#1339,#1338);
#1341=CURVE_STYLE('',#33,POSITIVE_LENGTH_MEASURE(2.E-2),#6);
#1342=PRESENTATION_STYLE_ASSIGNMENT((#1341));
#1343=STYLED_ITEM('',(#1342),#1340);
#1344=DIRECTION('',(1.E0,0.E0,0.E0));
#1345=VECTOR('',#1344,3.2E-1);
#1346=CARTESIAN_POINT('',(2.58E0,0.E0,2.9E0));
#1347=LINE('',#1346,#1345);
#1348=CURVE_STYLE('',#33,POSITIVE_LENGTH_MEASURE(2.E-2),#6);
#1349=PRESENTATION_STYLE_ASSIGNMENT((#1348));
#1350=STYLED_ITEM('',(#1349),#1347);
#1351=DIRECTION('',(0.E0,0.E0,1.E0));
#1352=VECTOR('',#1351,3.2E-1);
#1353=CARTESIAN_POINT('',(2.58E0,0.E0,2.58E0));
#1354=LINE('',#1353,#1352);
#1355=CURVE_STYLE('',#33,POSITIVE_LENGTH_MEASURE(2.E-2),#6);
#1356=PRESENTATION_STYLE_ASSIGNMENT((#1355));
#1357=STYLED_ITEM('',(#1356),#1354);
#1358=DIRECTION('',(-1.E0,0.E0,0.E0));
#1359=VECTOR('',#1358,3.2E-1);
#1360=CARTESIAN_POINT('',(2.9E0,0.E0,2.58E0));
#1361=LINE('',#1360,#1359);
#1362=CURVE_STYLE('',#33,POSITIVE_LENGTH_MEASURE(2.E-2),#6);
#1363=PRESENTATION_STYLE_ASSIGNMENT((#1362));
#1364=STYLED_ITEM('',(#1363),#1361);
#1365=DIRECTION('',(0.E0,0.E0,-1.E0));
#1366=VECTOR('',#1365,2.4E-1);
#1367=CARTESIAN_POINT('',(-3.E0,1.75E-1,2.37E0));
#1368=LINE('',#1367,#1366);
#1369=CURVE_STYLE('',#33,POSITIVE_LENGTH_MEASURE(2.E-2),#6);
#1370=PRESENTATION_STYLE_ASSIGNMENT((#1369));
#1371=STYLED_ITEM('',(#1370),#1368);
#1372=DIRECTION('',(0.E0,0.E0,-1.E0));
#1373=VECTOR('',#1372,2.4E-1);
#1374=CARTESIAN_POINT('',(-3.E0,1.75E-1,1.87E0));
#1375=LINE('',#1374,#1373);
#1376=CURVE_STYLE('',#33,POSITIVE_LENGTH_MEASURE(2.E-2),#6);
#1377=PRESENTATION_STYLE_ASSIGNMENT((#1376));
#1378=STYLED_ITEM('',(#1377),#1375);
#1379=DIRECTION('',(0.E0,0.E0,-1.E0));
#1380=VECTOR('',#1379,2.4E-1);
#1381=CARTESIAN_POINT('',(-3.E0,1.75E-1,1.37E0));
#1382=LINE('',#1381,#1380);
#1383=CURVE_STYLE('',#33,POSITIVE_LENGTH_MEASURE(2.E-2),#6);
#1384=PRESENTATION_STYLE_ASSIGNMENT((#1383));
#1385=STYLED_ITEM('',(#1384),#1382);
#1386=DIRECTION('',(0.E0,0.E0,-1.E0));
#1387=VECTOR('',#1386,2.4E-1);
#1388=CARTESIAN_POINT('',(-3.E0,1.75E-1,8.7E-1));
#1389=LINE('',#1388,#1387);
#1390=CURVE_STYLE('',#33,POSITIVE_LENGTH_MEASURE(2.E-2),#6);
#1391=PRESENTATION_STYLE_ASSIGNMENT((#1390));
#1392=STYLED_ITEM('',(#1391),#1389);
#1393=DIRECTION('',(0.E0,0.E0,-1.E0));
#1394=VECTOR('',#1393,2.4E-1);
#1395=CARTESIAN_POINT('',(-3.E0,1.75E-1,3.7E-1));
#1396=LINE('',#1395,#1394);
#1397=CURVE_STYLE('',#33,POSITIVE_LENGTH_MEASURE(2.E-2),#6);
#1398=PRESENTATION_STYLE_ASSIGNMENT((#1397));
#1399=STYLED_ITEM('',(#1398),#1396);
#1400=DIRECTION('',(0.E0,0.E0,-1.E0));
#1401=VECTOR('',#1400,2.4E-1);
#1402=CARTESIAN_POINT('',(-3.E0,1.75E-1,-1.3E-1));
#1403=LINE('',#1402,#1401);
#1404=CURVE_STYLE('',#33,POSITIVE_LENGTH_MEASURE(2.E-2),#6);
#1405=PRESENTATION_STYLE_ASSIGNMENT((#1404));
#1406=STYLED_ITEM('',(#1405),#1403);
#1407=DIRECTION('',(0.E0,0.E0,-1.E0));
#1408=VECTOR('',#1407,2.4E-1);
#1409=CARTESIAN_POINT('',(-3.E0,1.75E-1,-6.3E-1));
#1410=LINE('',#1409,#1408);
#1411=CURVE_STYLE('',#33,POSITIVE_LENGTH_MEASURE(2.E-2),#6);
#1412=PRESENTATION_STYLE_ASSIGNMENT((#1411));
#1413=STYLED_ITEM('',(#1412),#1410);
#1414=DIRECTION('',(0.E0,0.E0,-1.E0));
#1415=VECTOR('',#1414,2.4E-1);
#1416=CARTESIAN_POINT('',(-3.E0,1.75E-1,-1.13E0));
#1417=LINE('',#1416,#1415);
#1418=CURVE_STYLE('',#33,POSITIVE_LENGTH_MEASURE(2.E-2),#6);
#1419=PRESENTATION_STYLE_ASSIGNMENT((#1418));
#1420=STYLED_ITEM('',(#1419),#1417);
#1421=DIRECTION('',(0.E0,0.E0,-1.E0));
#1422=VECTOR('',#1421,2.4E-1);
#1423=CARTESIAN_POINT('',(-3.E0,1.75E-1,-1.63E0));
#1424=LINE('',#1423,#1422);
#1425=CURVE_STYLE('',#33,POSITIVE_LENGTH_MEASURE(2.E-2),#6);
#1426=PRESENTATION_STYLE_ASSIGNMENT((#1425));
#1427=STYLED_ITEM('',(#1426),#1424);
#1428=DIRECTION('',(0.E0,0.E0,-1.E0));
#1429=VECTOR('',#1428,2.4E-1);
#1430=CARTESIAN_POINT('',(-3.E0,1.75E-1,-2.13E0));
#1431=LINE('',#1430,#1429);
#1432=CURVE_STYLE('',#33,POSITIVE_LENGTH_MEASURE(2.E-2),#6);
#1433=PRESENTATION_STYLE_ASSIGNMENT((#1432));
#1434=STYLED_ITEM('',(#1433),#1431);
#1435=DIRECTION('',(0.E0,1.E0,0.E0));
#1436=VECTOR('',#1435,9.75E-1);
#1437=CARTESIAN_POINT('',(-3.E0,0.E0,-3.E0));
#1438=LINE('',#1437,#1436);
#1439=CURVE_STYLE('',#33,POSITIVE_LENGTH_MEASURE(2.E-2),#6);
#1440=PRESENTATION_STYLE_ASSIGNMENT((#1439));
#1441=STYLED_ITEM('',(#1440),#1438);
#1442=DIRECTION('',(-1.E0,0.E0,0.E0));
#1443=VECTOR('',#1442,2.8E-1);
#1444=CARTESIAN_POINT('',(-2.72E0,1.75E-1,2.37E0));
#1445=LINE('',#1444,#1443);
#1446=CURVE_STYLE('',#33,POSITIVE_LENGTH_MEASURE(2.E-2),#6);
#1447=PRESENTATION_STYLE_ASSIGNMENT((#1446));
#1448=STYLED_ITEM('',(#1447),#1445);
#1449=CARTESIAN_POINT('',(-2.72E0,1.75E-1,2.25E0));
#1450=DIRECTION('',(0.E0,-1.E0,0.E0));
#1451=DIRECTION('',(0.E0,0.E0,-1.E0));
#1452=AXIS2_PLACEMENT_3D('',#1449,#1450,#1451);
#1454=CURVE_STYLE('',#33,POSITIVE_LENGTH_MEASURE(2.E-2),#6);
#1455=PRESENTATION_STYLE_ASSIGNMENT((#1454));
#1456=STYLED_ITEM('',(#1455),#1453);
#1457=DIRECTION('',(1.E0,0.E0,0.E0));
#1458=VECTOR('',#1457,2.8E-1);
#1459=CARTESIAN_POINT('',(-3.E0,1.75E-1,2.13E0));
#1460=LINE('',#1459,#1458);
#1461=CURVE_STYLE('',#33,POSITIVE_LENGTH_MEASURE(2.E-2),#6);
#1462=PRESENTATION_STYLE_ASSIGNMENT((#1461));
#1463=STYLED_ITEM('',(#1462),#1460);
#1464=DIRECTION('',(0.E0,1.E0,0.E0));
#1465=VECTOR('',#1464,1.75E-1);
#1466=CARTESIAN_POINT('',(-2.72E0,0.E0,2.37E0));
#1467=LINE('',#1466,#1465);
#1468=CURVE_STYLE('',#33,POSITIVE_LENGTH_MEASURE(2.E-2),#6);
#1469=PRESENTATION_STYLE_ASSIGNMENT((#1468));
#1470=STYLED_ITEM('',(#1469),#1467);
#1471=DIRECTION('',(0.E0,-1.E0,0.E0));
#1472=VECTOR('',#1471,1.75E-1);
#1473=CARTESIAN_POINT('',(-3.E0,1.75E-1,2.37E0));
#1474=LINE('',#1473,#1472);
#1475=CURVE_STYLE('',#33,POSITIVE_LENGTH_MEASURE(2.E-2),#6);
#1476=PRESENTATION_STYLE_ASSIGNMENT((#1475));
#1477=STYLED_ITEM('',(#1476),#1474);
#1478=DIRECTION('',(0.E0,1.E0,0.E0));
#1479=VECTOR('',#1478,1.75E-1);
#1480=CARTESIAN_POINT('',(-2.72E0,0.E0,2.13E0));
#1481=LINE('',#1480,#1479);
#1482=CURVE_STYLE('',#33,POSITIVE_LENGTH_MEASURE(2.E-2),#6);
#1483=PRESENTATION_STYLE_ASSIGNMENT((#1482));
#1484=STYLED_ITEM('',(#1483),#1481);
#1485=DIRECTION('',(0.E0,1.E0,0.E0));
#1486=VECTOR('',#1485,1.75E-1);
#1487=CARTESIAN_POINT('',(-3.E0,0.E0,2.13E0));
#1488=LINE('',#1487,#1486);
#1489=CURVE_STYLE('',#33,POSITIVE_LENGTH_MEASURE(2.E-2),#6);
#1490=PRESENTATION_STYLE_ASSIGNMENT((#1489));
#1491=STYLED_ITEM('',(#1490),#1488);
#1492=DIRECTION('',(0.E0,1.E0,0.E0));
#1493=VECTOR('',#1492,1.75E-1);
#1494=CARTESIAN_POINT('',(-2.72E0,0.E0,1.87E0));
#1495=LINE('',#1494,#1493);
#1496=CURVE_STYLE('',#33,POSITIVE_LENGTH_MEASURE(2.E-2),#6);
#1497=PRESENTATION_STYLE_ASSIGNMENT((#1496));
#1498=STYLED_ITEM('',(#1497),#1495);
#1499=DIRECTION('',(0.E0,-1.E0,0.E0));
#1500=VECTOR('',#1499,1.75E-1);
#1501=CARTESIAN_POINT('',(-3.E0,1.75E-1,1.87E0));
#1502=LINE('',#1501,#1500);
#1503=CURVE_STYLE('',#33,POSITIVE_LENGTH_MEASURE(2.E-2),#6);
#1504=PRESENTATION_STYLE_ASSIGNMENT((#1503));
#1505=STYLED_ITEM('',(#1504),#1502);
#1506=DIRECTION('',(0.E0,1.E0,0.E0));
#1507=VECTOR('',#1506,1.75E-1);
#1508=CARTESIAN_POINT('',(-2.72E0,0.E0,1.63E0));
#1509=LINE('',#1508,#1507);
#1510=CURVE_STYLE('',#33,POSITIVE_LENGTH_MEASURE(2.E-2),#6);
#1511=PRESENTATION_STYLE_ASSIGNMENT((#1510));
#1512=STYLED_ITEM('',(#1511),#1509);
#1513=DIRECTION('',(0.E0,1.E0,0.E0));
#1514=VECTOR('',#1513,1.75E-1);
#1515=CARTESIAN_POINT('',(-3.E0,0.E0,1.63E0));
#1516=LINE('',#1515,#1514);
#1517=CURVE_STYLE('',#33,POSITIVE_LENGTH_MEASURE(2.E-2),#6);
#1518=PRESENTATION_STYLE_ASSIGNMENT((#1517));
#1519=STYLED_ITEM('',(#1518),#1516);
#1520=DIRECTION('',(-1.E0,0.E0,0.E0));
#1521=VECTOR('',#1520,2.8E-1);
#1522=CARTESIAN_POINT('',(-2.72E0,1.75E-1,1.87E0));
#1523=LINE('',#1522,#1521);
#1524=CURVE_STYLE('',#33,POSITIVE_LENGTH_MEASURE(2.E-2),#6);
#1525=PRESENTATION_STYLE_ASSIGNMENT((#1524));
#1526=STYLED_ITEM('',(#1525),#1523);
#1527=CARTESIAN_POINT('',(-2.72E0,1.75E-1,1.75E0));
#1528=DIRECTION('',(0.E0,-1.E0,0.E0));
#1529=DIRECTION('',(0.E0,0.E0,-1.E0));
#1530=AXIS2_PLACEMENT_3D('',#1527,#1528,#1529);
#1532=CURVE_STYLE('',#33,POSITIVE_LENGTH_MEASURE(2.E-2),#6);
#1533=PRESENTATION_STYLE_ASSIGNMENT((#1532));
#1534=STYLED_ITEM('',(#1533),#1531);
#1535=DIRECTION('',(1.E0,0.E0,0.E0));
#1536=VECTOR('',#1535,2.8E-1);
#1537=CARTESIAN_POINT('',(-3.E0,1.75E-1,1.63E0));
#1538=LINE('',#1537,#1536);
#1539=CURVE_STYLE('',#33,POSITIVE_LENGTH_MEASURE(2.E-2),#6);
#1540=PRESENTATION_STYLE_ASSIGNMENT((#1539));
#1541=STYLED_ITEM('',(#1540),#1538);
#1542=DIRECTION('',(0.E0,1.E0,0.E0));
#1543=VECTOR('',#1542,1.75E-1);
#1544=CARTESIAN_POINT('',(-2.72E0,0.E0,1.37E0));
#1545=LINE('',#1544,#1543);
#1546=CURVE_STYLE('',#33,POSITIVE_LENGTH_MEASURE(2.E-2),#6);
#1547=PRESENTATION_STYLE_ASSIGNMENT((#1546));
#1548=STYLED_ITEM('',(#1547),#1545);
#1549=DIRECTION('',(0.E0,-1.E0,0.E0));
#1550=VECTOR('',#1549,1.75E-1);
#1551=CARTESIAN_POINT('',(-3.E0,1.75E-1,1.37E0));
#1552=LINE('',#1551,#1550);
#1553=CURVE_STYLE('',#33,POSITIVE_LENGTH_MEASURE(2.E-2),#6);
#1554=PRESENTATION_STYLE_ASSIGNMENT((#1553));
#1555=STYLED_ITEM('',(#1554),#1552);
#1556=DIRECTION('',(0.E0,1.E0,0.E0));
#1557=VECTOR('',#1556,1.75E-1);
#1558=CARTESIAN_POINT('',(-2.72E0,0.E0,1.13E0));
#1559=LINE('',#1558,#1557);
#1560=CURVE_STYLE('',#33,POSITIVE_LENGTH_MEASURE(2.E-2),#6);
#1561=PRESENTATION_STYLE_ASSIGNMENT((#1560));
#1562=STYLED_ITEM('',(#1561),#1559);
#1563=DIRECTION('',(0.E0,1.E0,0.E0));
#1564=VECTOR('',#1563,1.75E-1);
#1565=CARTESIAN_POINT('',(-3.E0,0.E0,1.13E0));
#1566=LINE('',#1565,#1564);
#1567=CURVE_STYLE('',#33,POSITIVE_LENGTH_MEASURE(2.E-2),#6);
#1568=PRESENTATION_STYLE_ASSIGNMENT((#1567));
#1569=STYLED_ITEM('',(#1568),#1566);
#1570=DIRECTION('',(-1.E0,0.E0,0.E0));
#1571=VECTOR('',#1570,2.8E-1);
#1572=CARTESIAN_POINT('',(-2.72E0,1.75E-1,1.37E0));
#1573=LINE('',#1572,#1571);
#1574=CURVE_STYLE('',#33,POSITIVE_LENGTH_MEASURE(2.E-2),#6);
#1575=PRESENTATION_STYLE_ASSIGNMENT((#1574));
#1576=STYLED_ITEM('',(#1575),#1573);
#1577=CARTESIAN_POINT('',(-2.72E0,1.75E-1,1.25E0));
#1578=DIRECTION('',(0.E0,-1.E0,0.E0));
#1579=DIRECTION('',(1.110223024625E-14,0.E0,-1.E0));
#1580=AXIS2_PLACEMENT_3D('',#1577,#1578,#1579);
#1582=CURVE_STYLE('',#33,POSITIVE_LENGTH_MEASURE(2.E-2),#6);
#1583=PRESENTATION_STYLE_ASSIGNMENT((#1582));
#1584=STYLED_ITEM('',(#1583),#1581);
#1585=DIRECTION('',(1.E0,0.E0,0.E0));
#1586=VECTOR('',#1585,2.8E-1);
#1587=CARTESIAN_POINT('',(-3.E0,1.75E-1,1.13E0));
#1588=LINE('',#1587,#1586);
#1589=CURVE_STYLE('',#33,POSITIVE_LENGTH_MEASURE(2.E-2),#6);
#1590=PRESENTATION_STYLE_ASSIGNMENT((#1589));
#1591=STYLED_ITEM('',(#1590),#1588);
#1592=DIRECTION('',(0.E0,1.E0,0.E0));
#1593=VECTOR('',#1592,1.75E-1);
#1594=CARTESIAN_POINT('',(-2.72E0,0.E0,8.7E-1));
#1595=LINE('',#1594,#1593);
#1596=CURVE_STYLE('',#33,POSITIVE_LENGTH_MEASURE(2.E-2),#6);
#1597=PRESENTATION_STYLE_ASSIGNMENT((#1596));
#1598=STYLED_ITEM('',(#1597),#1595);
#1599=DIRECTION('',(0.E0,-1.E0,0.E0));
#1600=VECTOR('',#1599,1.75E-1);
#1601=CARTESIAN_POINT('',(-3.E0,1.75E-1,8.7E-1));
#1602=LINE('',#1601,#1600);
#1603=CURVE_STYLE('',#33,POSITIVE_LENGTH_MEASURE(2.E-2),#6);
#1604=PRESENTATION_STYLE_ASSIGNMENT((#1603));
#1605=STYLED_ITEM('',(#1604),#1602);
#1606=DIRECTION('',(0.E0,1.E0,0.E0));
#1607=VECTOR('',#1606,1.75E-1);
#1608=CARTESIAN_POINT('',(-2.72E0,0.E0,6.3E-1));
#1609=LINE('',#1608,#1607);
#1610=CURVE_STYLE('',#33,POSITIVE_LENGTH_MEASURE(2.E-2),#6);
#1611=PRESENTATION_STYLE_ASSIGNMENT((#1610));
#1612=STYLED_ITEM('',(#1611),#1609);
#1613=DIRECTION('',(0.E0,1.E0,0.E0));
#1614=VECTOR('',#1613,1.75E-1);
#1615=CARTESIAN_POINT('',(-3.E0,0.E0,6.3E-1));
#1616=LINE('',#1615,#1614);
#1617=CURVE_STYLE('',#33,POSITIVE_LENGTH_MEASURE(2.E-2),#6);
#1618=PRESENTATION_STYLE_ASSIGNMENT((#1617));
#1619=STYLED_ITEM('',(#1618),#1616);
#1620=DIRECTION('',(1.E0,0.E0,0.E0));
#1621=VECTOR('',#1620,2.8E-1);
#1622=CARTESIAN_POINT('',(-3.E0,1.75E-1,6.3E-1));
#1623=LINE('',#1622,#1621);
#1624=CURVE_STYLE('',#33,POSITIVE_LENGTH_MEASURE(2.E-2),#6);
#1625=PRESENTATION_STYLE_ASSIGNMENT((#1624));
#1626=STYLED_ITEM('',(#1625),#1623);
#1627=DIRECTION('',(-1.E0,0.E0,0.E0));
#1628=VECTOR('',#1627,2.8E-1);
#1629=CARTESIAN_POINT('',(-2.72E0,1.75E-1,8.7E-1));
#1630=LINE('',#1629,#1628);
#1631=CURVE_STYLE('',#33,POSITIVE_LENGTH_MEASURE(2.E-2),#6);
#1632=PRESENTATION_STYLE_ASSIGNMENT((#1631));
#1633=STYLED_ITEM('',(#1632),#1630);
#1634=CARTESIAN_POINT('',(-2.72E0,1.75E-1,7.5E-1));
#1635=DIRECTION('',(0.E0,-1.E0,0.E0));
#1636=DIRECTION('',(0.E0,0.E0,-1.E0));
#1637=AXIS2_PLACEMENT_3D('',#1634,#1635,#1636);
#1639=CURVE_STYLE('',#33,POSITIVE_LENGTH_MEASURE(2.E-2),#6);
#1640=PRESENTATION_STYLE_ASSIGNMENT((#1639));
#1641=STYLED_ITEM('',(#1640),#1638);
#1642=DIRECTION('',(0.E0,1.E0,0.E0));
#1643=VECTOR('',#1642,1.75E-1);
#1644=CARTESIAN_POINT('',(-2.72E0,0.E0,3.7E-1));
#1645=LINE('',#1644,#1643);
#1646=CURVE_STYLE('',#33,POSITIVE_LENGTH_MEASURE(2.E-2),#6);
#1647=PRESENTATION_STYLE_ASSIGNMENT((#1646));
#1648=STYLED_ITEM('',(#1647),#1645);
#1649=DIRECTION('',(0.E0,-1.E0,0.E0));
#1650=VECTOR('',#1649,1.75E-1);
#1651=CARTESIAN_POINT('',(-3.E0,1.75E-1,3.7E-1));
#1652=LINE('',#1651,#1650);
#1653=CURVE_STYLE('',#33,POSITIVE_LENGTH_MEASURE(2.E-2),#6);
#1654=PRESENTATION_STYLE_ASSIGNMENT((#1653));
#1655=STYLED_ITEM('',(#1654),#1652);
#1656=DIRECTION('',(0.E0,1.E0,0.E0));
#1657=VECTOR('',#1656,1.75E-1);
#1658=CARTESIAN_POINT('',(-2.72E0,0.E0,1.3E-1));
#1659=LINE('',#1658,#1657);
#1660=CURVE_STYLE('',#33,POSITIVE_LENGTH_MEASURE(2.E-2),#6);
#1661=PRESENTATION_STYLE_ASSIGNMENT((#1660));
#1662=STYLED_ITEM('',(#1661),#1659);
#1663=DIRECTION('',(0.E0,1.E0,0.E0));
#1664=VECTOR('',#1663,1.75E-1);
#1665=CARTESIAN_POINT('',(-3.E0,0.E0,1.3E-1));
#1666=LINE('',#1665,#1664);
#1667=CURVE_STYLE('',#33,POSITIVE_LENGTH_MEASURE(2.E-2),#6);
#1668=PRESENTATION_STYLE_ASSIGNMENT((#1667));
#1669=STYLED_ITEM('',(#1668),#1666);
#1670=DIRECTION('',(-1.E0,0.E0,0.E0));
#1671=VECTOR('',#1670,2.8E-1);
#1672=CARTESIAN_POINT('',(-2.72E0,1.75E-1,3.7E-1));
#1673=LINE('',#1672,#1671);
#1674=CURVE_STYLE('',#33,POSITIVE_LENGTH_MEASURE(2.E-2),#6);
#1675=PRESENTATION_STYLE_ASSIGNMENT((#1674));
#1676=STYLED_ITEM('',(#1675),#1673);
#1677=CARTESIAN_POINT('',(-2.72E0,1.75E-1,2.5E-1));
#1678=DIRECTION('',(0.E0,-1.E0,0.E0));
#1679=DIRECTION('',(0.E0,0.E0,-1.E0));
#1680=AXIS2_PLACEMENT_3D('',#1677,#1678,#1679);
#1682=CURVE_STYLE('',#33,POSITIVE_LENGTH_MEASURE(2.E-2),#6);
#1683=PRESENTATION_STYLE_ASSIGNMENT((#1682));
#1684=STYLED_ITEM('',(#1683),#1681);
#1685=DIRECTION('',(1.E0,0.E0,0.E0));
#1686=VECTOR('',#1685,2.8E-1);
#1687=CARTESIAN_POINT('',(-3.E0,1.75E-1,1.3E-1));
#1688=LINE('',#1687,#1686);
#1689=CURVE_STYLE('',#33,POSITIVE_LENGTH_MEASURE(2.E-2),#6);
#1690=PRESENTATION_STYLE_ASSIGNMENT((#1689));
#1691=STYLED_ITEM('',(#1690),#1688);
#1692=DIRECTION('',(0.E0,1.E0,0.E0));
#1693=VECTOR('',#1692,1.75E-1);
#1694=CARTESIAN_POINT('',(-2.72E0,0.E0,-1.3E-1));
#1695=LINE('',#1694,#1693);
#1696=CURVE_STYLE('',#33,POSITIVE_LENGTH_MEASURE(2.E-2),#6);
#1697=PRESENTATION_STYLE_ASSIGNMENT((#1696));
#1698=STYLED_ITEM('',(#1697),#1695);
#1699=DIRECTION('',(0.E0,-1.E0,0.E0));
#1700=VECTOR('',#1699,1.75E-1);
#1701=CARTESIAN_POINT('',(-3.E0,1.75E-1,-1.3E-1));
#1702=LINE('',#1701,#1700);
#1703=CURVE_STYLE('',#33,POSITIVE_LENGTH_MEASURE(2.E-2),#6);
#1704=PRESENTATION_STYLE_ASSIGNMENT((#1703));
#1705=STYLED_ITEM('',(#1704),#1702);
#1706=DIRECTION('',(0.E0,1.E0,0.E0));
#1707=VECTOR('',#1706,1.75E-1);
#1708=CARTESIAN_POINT('',(-2.72E0,0.E0,-3.7E-1));
#1709=LINE('',#1708,#1707);
#1710=CURVE_STYLE('',#33,POSITIVE_LENGTH_MEASURE(2.E-2),#6);
#1711=PRESENTATION_STYLE_ASSIGNMENT((#1710));
#1712=STYLED_ITEM('',(#1711),#1709);
#1713=DIRECTION('',(0.E0,1.E0,0.E0));
#1714=VECTOR('',#1713,1.75E-1);
#1715=CARTESIAN_POINT('',(-3.E0,0.E0,-3.7E-1));
#1716=LINE('',#1715,#1714);
#1717=CURVE_STYLE('',#33,POSITIVE_LENGTH_MEASURE(2.E-2),#6);
#1718=PRESENTATION_STYLE_ASSIGNMENT((#1717));
#1719=STYLED_ITEM('',(#1718),#1716);
#1720=DIRECTION('',(-1.E0,0.E0,0.E0));
#1721=VECTOR('',#1720,2.8E-1);
#1722=CARTESIAN_POINT('',(-2.72E0,1.75E-1,-1.3E-1));
#1723=LINE('',#1722,#1721);
#1724=CURVE_STYLE('',#33,POSITIVE_LENGTH_MEASURE(2.E-2),#6);
#1725=PRESENTATION_STYLE_ASSIGNMENT((#1724));
#1726=STYLED_ITEM('',(#1725),#1723);
#1727=CARTESIAN_POINT('',(-2.72E0,1.75E-1,-2.5E-1));
#1728=DIRECTION('',(0.E0,-1.E0,0.E0));
#1729=DIRECTION('',(0.E0,0.E0,-1.E0));
#1730=AXIS2_PLACEMENT_3D('',#1727,#1728,#1729);
#1732=CURVE_STYLE('',#33,POSITIVE_LENGTH_MEASURE(2.E-2),#6);
#1733=PRESENTATION_STYLE_ASSIGNMENT((#1732));
#1734=STYLED_ITEM('',(#1733),#1731);
#1735=DIRECTION('',(1.E0,0.E0,0.E0));
#1736=VECTOR('',#1735,2.8E-1);
#1737=CARTESIAN_POINT('',(-3.E0,1.75E-1,-3.7E-1));
#1738=LINE('',#1737,#1736);
#1739=CURVE_STYLE('',#33,POSITIVE_LENGTH_MEASURE(2.E-2),#6);
#1740=PRESENTATION_STYLE_ASSIGNMENT((#1739));
#1741=STYLED_ITEM('',(#1740),#1738);
#1742=DIRECTION('',(0.E0,1.E0,0.E0));
#1743=VECTOR('',#1742,1.75E-1);
#1744=CARTESIAN_POINT('',(-2.72E0,0.E0,-6.3E-1));
#1745=LINE('',#1744,#1743);
#1746=CURVE_STYLE('',#33,POSITIVE_LENGTH_MEASURE(2.E-2),#6);
#1747=PRESENTATION_STYLE_ASSIGNMENT((#1746));
#1748=STYLED_ITEM('',(#1747),#1745);
#1749=DIRECTION('',(0.E0,-1.E0,0.E0));
#1750=VECTOR('',#1749,1.75E-1);
#1751=CARTESIAN_POINT('',(-3.E0,1.75E-1,-6.3E-1));
#1752=LINE('',#1751,#1750);
#1753=CURVE_STYLE('',#33,POSITIVE_LENGTH_MEASURE(2.E-2),#6);
#1754=PRESENTATION_STYLE_ASSIGNMENT((#1753));
#1755=STYLED_ITEM('',(#1754),#1752);
#1756=DIRECTION('',(0.E0,1.E0,0.E0));
#1757=VECTOR('',#1756,1.75E-1);
#1758=CARTESIAN_POINT('',(-2.72E0,0.E0,-8.7E-1));
#1759=LINE('',#1758,#1757);
#1760=CURVE_STYLE('',#33,POSITIVE_LENGTH_MEASURE(2.E-2),#6);
#1761=PRESENTATION_STYLE_ASSIGNMENT((#1760));
#1762=STYLED_ITEM('',(#1761),#1759);
#1763=DIRECTION('',(0.E0,1.E0,0.E0));
#1764=VECTOR('',#1763,1.75E-1);
#1765=CARTESIAN_POINT('',(-3.E0,0.E0,-8.7E-1));
#1766=LINE('',#1765,#1764);
#1767=CURVE_STYLE('',#33,POSITIVE_LENGTH_MEASURE(2.E-2),#6);
#1768=PRESENTATION_STYLE_ASSIGNMENT((#1767));
#1769=STYLED_ITEM('',(#1768),#1766);
#1770=DIRECTION('',(-1.E0,0.E0,0.E0));
#1771=VECTOR('',#1770,2.8E-1);
#1772=CARTESIAN_POINT('',(-2.72E0,1.75E-1,-6.3E-1));
#1773=LINE('',#1772,#1771);
#1774=CURVE_STYLE('',#33,POSITIVE_LENGTH_MEASURE(2.E-2),#6);
#1775=PRESENTATION_STYLE_ASSIGNMENT((#1774));
#1776=STYLED_ITEM('',(#1775),#1773);
#1777=CARTESIAN_POINT('',(-2.72E0,1.75E-1,-7.5E-1));
#1778=DIRECTION('',(0.E0,-1.E0,0.E0));
#1779=DIRECTION('',(0.E0,0.E0,-1.E0));
#1780=AXIS2_PLACEMENT_3D('',#1777,#1778,#1779);
#1782=CURVE_STYLE('',#33,POSITIVE_LENGTH_MEASURE(2.E-2),#6);
#1783=PRESENTATION_STYLE_ASSIGNMENT((#1782));
#1784=STYLED_ITEM('',(#1783),#1781);
#1785=DIRECTION('',(1.E0,0.E0,0.E0));
#1786=VECTOR('',#1785,2.8E-1);
#1787=CARTESIAN_POINT('',(-3.E0,1.75E-1,-8.7E-1));
#1788=LINE('',#1787,#1786);
#1789=CURVE_STYLE('',#33,POSITIVE_LENGTH_MEASURE(2.E-2),#6);
#1790=PRESENTATION_STYLE_ASSIGNMENT((#1789));
#1791=STYLED_ITEM('',(#1790),#1788);
#1792=DIRECTION('',(0.E0,1.E0,0.E0));
#1793=VECTOR('',#1792,1.75E-1);
#1794=CARTESIAN_POINT('',(-2.72E0,0.E0,-1.13E0));
#1795=LINE('',#1794,#1793);
#1796=CURVE_STYLE('',#33,POSITIVE_LENGTH_MEASURE(2.E-2),#6);
#1797=PRESENTATION_STYLE_ASSIGNMENT((#1796));
#1798=STYLED_ITEM('',(#1797),#1795);
#1799=DIRECTION('',(0.E0,-1.E0,0.E0));
#1800=VECTOR('',#1799,1.75E-1);
#1801=CARTESIAN_POINT('',(-3.E0,1.75E-1,-1.13E0));
#1802=LINE('',#1801,#1800);
#1803=CURVE_STYLE('',#33,POSITIVE_LENGTH_MEASURE(2.E-2),#6);
#1804=PRESENTATION_STYLE_ASSIGNMENT((#1803));
#1805=STYLED_ITEM('',(#1804),#1802);
#1806=DIRECTION('',(0.E0,1.E0,0.E0));
#1807=VECTOR('',#1806,1.75E-1);
#1808=CARTESIAN_POINT('',(-2.72E0,0.E0,-1.37E0));
#1809=LINE('',#1808,#1807);
#1810=CURVE_STYLE('',#33,POSITIVE_LENGTH_MEASURE(2.E-2),#6);
#1811=PRESENTATION_STYLE_ASSIGNMENT((#1810));
#1812=STYLED_ITEM('',(#1811),#1809);
#1813=DIRECTION('',(0.E0,1.E0,0.E0));
#1814=VECTOR('',#1813,1.75E-1);
#1815=CARTESIAN_POINT('',(-3.E0,0.E0,-1.37E0));
#1816=LINE('',#1815,#1814);
#1817=CURVE_STYLE('',#33,POSITIVE_LENGTH_MEASURE(2.E-2),#6);
#1818=PRESENTATION_STYLE_ASSIGNMENT((#1817));
#1819=STYLED_ITEM('',(#1818),#1816);
#1820=DIRECTION('',(-1.E0,0.E0,0.E0));
#1821=VECTOR('',#1820,2.8E-1);
#1822=CARTESIAN_POINT('',(-2.72E0,1.75E-1,-1.13E0));
#1823=LINE('',#1822,#1821);
#1824=CURVE_STYLE('',#33,POSITIVE_LENGTH_MEASURE(2.E-2),#6);
#1825=PRESENTATION_STYLE_ASSIGNMENT((#1824));
#1826=STYLED_ITEM('',(#1825),#1823);
#1827=CARTESIAN_POINT('',(-2.72E0,1.75E-1,-1.25E0));
#1828=DIRECTION('',(0.E0,-1.E0,0.E0));
#1829=DIRECTION('',(1.110223024625E-14,0.E0,-1.E0));
#1830=AXIS2_PLACEMENT_3D('',#1827,#1828,#1829);
#1832=CURVE_STYLE('',#33,POSITIVE_LENGTH_MEASURE(2.E-2),#6);
#1833=PRESENTATION_STYLE_ASSIGNMENT((#1832));
#1834=STYLED_ITEM('',(#1833),#1831);
#1835=DIRECTION('',(1.E0,0.E0,0.E0));
#1836=VECTOR('',#1835,2.8E-1);
#1837=CARTESIAN_POINT('',(-3.E0,1.75E-1,-1.37E0));
#1838=LINE('',#1837,#1836);
#1839=CURVE_STYLE('',#33,POSITIVE_LENGTH_MEASURE(2.E-2),#6);
#1840=PRESENTATION_STYLE_ASSIGNMENT((#1839));
#1841=STYLED_ITEM('',(#1840),#1838);
#1842=DIRECTION('',(0.E0,1.E0,0.E0));
#1843=VECTOR('',#1842,1.75E-1);
#1844=CARTESIAN_POINT('',(-2.72E0,0.E0,-1.63E0));
#1845=LINE('',#1844,#1843);
#1846=CURVE_STYLE('',#33,POSITIVE_LENGTH_MEASURE(2.E-2),#6);
#1847=PRESENTATION_STYLE_ASSIGNMENT((#1846));
#1848=STYLED_ITEM('',(#1847),#1845);
#1849=DIRECTION('',(0.E0,-1.E0,0.E0));
#1850=VECTOR('',#1849,1.75E-1);
#1851=CARTESIAN_POINT('',(-3.E0,1.75E-1,-1.63E0));
#1852=LINE('',#1851,#1850);
#1853=CURVE_STYLE('',#33,POSITIVE_LENGTH_MEASURE(2.E-2),#6);
#1854=PRESENTATION_STYLE_ASSIGNMENT((#1853));
#1855=STYLED_ITEM('',(#1854),#1852);
#1856=DIRECTION('',(0.E0,1.E0,0.E0));
#1857=VECTOR('',#1856,1.75E-1);
#1858=CARTESIAN_POINT('',(-2.72E0,0.E0,-1.87E0));
#1859=LINE('',#1858,#1857);
#1860=CURVE_STYLE('',#33,POSITIVE_LENGTH_MEASURE(2.E-2),#6);
#1861=PRESENTATION_STYLE_ASSIGNMENT((#1860));
#1862=STYLED_ITEM('',(#1861),#1859);
#1863=DIRECTION('',(0.E0,1.E0,0.E0));
#1864=VECTOR('',#1863,1.75E-1);
#1865=CARTESIAN_POINT('',(-3.E0,0.E0,-1.87E0));
#1866=LINE('',#1865,#1864);
#1867=CURVE_STYLE('',#33,POSITIVE_LENGTH_MEASURE(2.E-2),#6);
#1868=PRESENTATION_STYLE_ASSIGNMENT((#1867));
#1869=STYLED_ITEM('',(#1868),#1866);
#1870=DIRECTION('',(-1.E0,0.E0,0.E0));
#1871=VECTOR('',#1870,2.8E-1);
#1872=CARTESIAN_POINT('',(-2.72E0,1.75E-1,-1.63E0));
#1873=LINE('',#1872,#1871);
#1874=CURVE_STYLE('',#33,POSITIVE_LENGTH_MEASURE(2.E-2),#6);
#1875=PRESENTATION_STYLE_ASSIGNMENT((#1874));
#1876=STYLED_ITEM('',(#1875),#1873);
#1877=CARTESIAN_POINT('',(-2.72E0,1.75E-1,-1.75E0));
#1878=DIRECTION('',(0.E0,-1.E0,0.E0));
#1879=DIRECTION('',(1.110223024625E-14,0.E0,-1.E0));
#1880=AXIS2_PLACEMENT_3D('',#1877,#1878,#1879);
#1882=CURVE_STYLE('',#33,POSITIVE_LENGTH_MEASURE(2.E-2),#6);
#1883=PRESENTATION_STYLE_ASSIGNMENT((#1882));
#1884=STYLED_ITEM('',(#1883),#1881);
#1885=DIRECTION('',(1.E0,0.E0,0.E0));
#1886=VECTOR('',#1885,2.8E-1);
#1887=CARTESIAN_POINT('',(-3.E0,1.75E-1,-1.87E0));
#1888=LINE('',#1887,#1886);
#1889=CURVE_STYLE('',#33,POSITIVE_LENGTH_MEASURE(2.E-2),#6);
#1890=PRESENTATION_STYLE_ASSIGNMENT((#1889));
#1891=STYLED_ITEM('',(#1890),#1888);
#1892=DIRECTION('',(0.E0,1.E0,0.E0));
#1893=VECTOR('',#1892,1.75E-1);
#1894=CARTESIAN_POINT('',(-2.72E0,0.E0,-2.13E0));
#1895=LINE('',#1894,#1893);
#1896=CURVE_STYLE('',#33,POSITIVE_LENGTH_MEASURE(2.E-2),#6);
#1897=PRESENTATION_STYLE_ASSIGNMENT((#1896));
#1898=STYLED_ITEM('',(#1897),#1895);
#1899=DIRECTION('',(0.E0,-1.E0,0.E0));
#1900=VECTOR('',#1899,1.75E-1);
#1901=CARTESIAN_POINT('',(-3.E0,1.75E-1,-2.13E0));
#1902=LINE('',#1901,#1900);
#1903=CURVE_STYLE('',#33,POSITIVE_LENGTH_MEASURE(2.E-2),#6);
#1904=PRESENTATION_STYLE_ASSIGNMENT((#1903));
#1905=STYLED_ITEM('',(#1904),#1902);
#1906=DIRECTION('',(0.E0,1.E0,0.E0));
#1907=VECTOR('',#1906,1.75E-1);
#1908=CARTESIAN_POINT('',(-2.72E0,0.E0,-2.37E0));
#1909=LINE('',#1908,#1907);
#1910=CURVE_STYLE('',#33,POSITIVE_LENGTH_MEASURE(2.E-2),#6);
#1911=PRESENTATION_STYLE_ASSIGNMENT((#1910));
#1912=STYLED_ITEM('',(#1911),#1909);
#1913=DIRECTION('',(0.E0,1.E0,0.E0));
#1914=VECTOR('',#1913,1.75E-1);
#1915=CARTESIAN_POINT('',(-3.E0,0.E0,-2.37E0));
#1916=LINE('',#1915,#1914);
#1917=CURVE_STYLE('',#33,POSITIVE_LENGTH_MEASURE(2.E-2),#6);
#1918=PRESENTATION_STYLE_ASSIGNMENT((#1917));
#1919=STYLED_ITEM('',(#1918),#1916);
#1920=DIRECTION('',(-1.E0,0.E0,0.E0));
#1921=VECTOR('',#1920,2.8E-1);
#1922=CARTESIAN_POINT('',(-2.72E0,1.75E-1,-2.13E0));
#1923=LINE('',#1922,#1921);
#1924=CURVE_STYLE('',#33,POSITIVE_LENGTH_MEASURE(2.E-2),#6);
#1925=PRESENTATION_STYLE_ASSIGNMENT((#1924));
#1926=STYLED_ITEM('',(#1925),#1923);
#1927=CARTESIAN_POINT('',(-2.72E0,1.75E-1,-2.25E0));
#1928=DIRECTION('',(0.E0,-1.E0,0.E0));
#1929=DIRECTION('',(0.E0,0.E0,-1.E0));
#1930=AXIS2_PLACEMENT_3D('',#1927,#1928,#1929);
#1932=CURVE_STYLE('',#33,POSITIVE_LENGTH_MEASURE(2.E-2),#6);
#1933=PRESENTATION_STYLE_ASSIGNMENT((#1932));
#1934=STYLED_ITEM('',(#1933),#1931);
#1935=DIRECTION('',(1.E0,0.E0,0.E0));
#1936=VECTOR('',#1935,2.8E-1);
#1937=CARTESIAN_POINT('',(-3.E0,1.75E-1,-2.37E0));
#1938=LINE('',#1937,#1936);
#1939=CURVE_STYLE('',#33,POSITIVE_LENGTH_MEASURE(2.E-2),#6);
#1940=PRESENTATION_STYLE_ASSIGNMENT((#1939));
#1941=STYLED_ITEM('',(#1940),#1938);
#1942=DIRECTION('',(1.E0,0.E0,0.E0));
#1943=VECTOR('',#1942,2.4E-1);
#1944=CARTESIAN_POINT('',(-2.37E0,1.75E-1,-3.E0));
#1945=LINE('',#1944,#1943);
#1946=CURVE_STYLE('',#33,POSITIVE_LENGTH_MEASURE(2.E-2),#6);
#1947=PRESENTATION_STYLE_ASSIGNMENT((#1946));
#1948=STYLED_ITEM('',(#1947),#1945);
#1949=DIRECTION('',(1.E0,0.E0,0.E0));
#1950=VECTOR('',#1949,2.4E-1);
#1951=CARTESIAN_POINT('',(-1.87E0,1.75E-1,-3.E0));
#1952=LINE('',#1951,#1950);
#1953=CURVE_STYLE('',#33,POSITIVE_LENGTH_MEASURE(2.E-2),#6);
#1954=PRESENTATION_STYLE_ASSIGNMENT((#1953));
#1955=STYLED_ITEM('',(#1954),#1952);
#1956=DIRECTION('',(1.E0,0.E0,0.E0));
#1957=VECTOR('',#1956,2.4E-1);
#1958=CARTESIAN_POINT('',(-1.37E0,1.75E-1,-3.E0));
#1959=LINE('',#1958,#1957);
#1960=CURVE_STYLE('',#33,POSITIVE_LENGTH_MEASURE(2.E-2),#6);
#1961=PRESENTATION_STYLE_ASSIGNMENT((#1960));
#1962=STYLED_ITEM('',(#1961),#1959);
#1963=DIRECTION('',(1.E0,0.E0,0.E0));
#1964=VECTOR('',#1963,2.4E-1);
#1965=CARTESIAN_POINT('',(-8.7E-1,1.75E-1,-3.E0));
#1966=LINE('',#1965,#1964);
#1967=CURVE_STYLE('',#33,POSITIVE_LENGTH_MEASURE(2.E-2),#6);
#1968=PRESENTATION_STYLE_ASSIGNMENT((#1967));
#1969=STYLED_ITEM('',(#1968),#1966);
#1970=DIRECTION('',(1.E0,0.E0,0.E0));
#1971=VECTOR('',#1970,2.4E-1);
#1972=CARTESIAN_POINT('',(-3.7E-1,1.75E-1,-3.E0));
#1973=LINE('',#1972,#1971);
#1974=CURVE_STYLE('',#33,POSITIVE_LENGTH_MEASURE(2.E-2),#6);
#1975=PRESENTATION_STYLE_ASSIGNMENT((#1974));
#1976=STYLED_ITEM('',(#1975),#1973);
#1977=DIRECTION('',(1.E0,0.E0,0.E0));
#1978=VECTOR('',#1977,2.4E-1);
#1979=CARTESIAN_POINT('',(1.3E-1,1.75E-1,-3.E0));
#1980=LINE('',#1979,#1978);
#1981=CURVE_STYLE('',#33,POSITIVE_LENGTH_MEASURE(2.E-2),#6);
#1982=PRESENTATION_STYLE_ASSIGNMENT((#1981));
#1983=STYLED_ITEM('',(#1982),#1980);
#1984=DIRECTION('',(1.E0,0.E0,0.E0));
#1985=VECTOR('',#1984,2.4E-1);
#1986=CARTESIAN_POINT('',(6.3E-1,1.75E-1,-3.E0));
#1987=LINE('',#1986,#1985);
#1988=CURVE_STYLE('',#33,POSITIVE_LENGTH_MEASURE(2.E-2),#6);
#1989=PRESENTATION_STYLE_ASSIGNMENT((#1988));
#1990=STYLED_ITEM('',(#1989),#1987);
#1991=DIRECTION('',(1.E0,0.E0,0.E0));
#1992=VECTOR('',#1991,2.4E-1);
#1993=CARTESIAN_POINT('',(1.13E0,1.75E-1,-3.E0));
#1994=LINE('',#1993,#1992);
#1995=CURVE_STYLE('',#33,POSITIVE_LENGTH_MEASURE(2.E-2),#6);
#1996=PRESENTATION_STYLE_ASSIGNMENT((#1995));
#1997=STYLED_ITEM('',(#1996),#1994);
#1998=DIRECTION('',(1.E0,0.E0,0.E0));
#1999=VECTOR('',#1998,2.4E-1);
#2000=CARTESIAN_POINT('',(1.63E0,1.75E-1,-3.E0));
#2001=LINE('',#2000,#1999);
#2002=CURVE_STYLE('',#33,POSITIVE_LENGTH_MEASURE(2.E-2),#6);
#2003=PRESENTATION_STYLE_ASSIGNMENT((#2002));
#2004=STYLED_ITEM('',(#2003),#2001);
#2005=DIRECTION('',(1.E0,0.E0,0.E0));
#2006=VECTOR('',#2005,2.4E-1);
#2007=CARTESIAN_POINT('',(2.13E0,1.75E-1,-3.E0));
#2008=LINE('',#2007,#2006);
#2009=CURVE_STYLE('',#33,POSITIVE_LENGTH_MEASURE(2.E-2),#6);
#2010=PRESENTATION_STYLE_ASSIGNMENT((#2009));
#2011=STYLED_ITEM('',(#2010),#2008);
#2012=DIRECTION('',(0.E0,1.E0,0.E0));
#2013=VECTOR('',#2012,9.75E-1);
#2014=CARTESIAN_POINT('',(3.E0,0.E0,-3.E0));
#2015=LINE('',#2014,#2013);
#2016=CURVE_STYLE('',#33,POSITIVE_LENGTH_MEASURE(2.E-2),#6);
#2017=PRESENTATION_STYLE_ASSIGNMENT((#2016));
#2018=STYLED_ITEM('',(#2017),#2015);
#2019=DIRECTION('',(0.E0,0.E0,1.E0));
#2020=VECTOR('',#2019,2.8E-1);
#2021=CARTESIAN_POINT('',(-2.37E0,1.75E-1,-3.E0));
#2022=LINE('',#2021,#2020);
#2023=CURVE_STYLE('',#33,POSITIVE_LENGTH_MEASURE(2.E-2),#6);
#2024=PRESENTATION_STYLE_ASSIGNMENT((#2023));
#2025=STYLED_ITEM('',(#2024),#2022);
#2026=CARTESIAN_POINT('',(-2.25E0,1.75E-1,-2.72E0));
#2027=DIRECTION('',(0.E0,1.E0,0.E0));
#2028=DIRECTION('',(-1.E0,0.E0,0.E0));
#2029=AXIS2_PLACEMENT_3D('',#2026,#2027,#2028);
#2031=CURVE_STYLE('',#33,POSITIVE_LENGTH_MEASURE(2.E-2),#6);
#2032=PRESENTATION_STYLE_ASSIGNMENT((#2031));
#2033=STYLED_ITEM('',(#2032),#2030);
#2034=DIRECTION('',(0.E0,0.E0,-1.E0));
#2035=VECTOR('',#2034,2.8E-1);
#2036=CARTESIAN_POINT('',(-2.13E0,1.75E-1,-2.72E0));
#2037=LINE('',#2036,#2035);
#2038=CURVE_STYLE('',#33,POSITIVE_LENGTH_MEASURE(2.E-2),#6);
#2039=PRESENTATION_STYLE_ASSIGNMENT((#2038));
#2040=STYLED_ITEM('',(#2039),#2037);
#2041=DIRECTION('',(0.E0,-1.E0,0.E0));
#2042=VECTOR('',#2041,1.75E-1);
#2043=CARTESIAN_POINT('',(-2.37E0,1.75E-1,-3.E0));
#2044=LINE('',#2043,#2042);
#2045=CURVE_STYLE('',#33,POSITIVE_LENGTH_MEASURE(2.E-2),#6);
#2046=PRESENTATION_STYLE_ASSIGNMENT((#2045));
#2047=STYLED_ITEM('',(#2046),#2044);
#2048=DIRECTION('',(0.E0,-1.E0,0.E0));
#2049=VECTOR('',#2048,1.75E-1);
#2050=CARTESIAN_POINT('',(-2.37E0,1.75E-1,-2.72E0));
#2051=LINE('',#2050,#2049);
#2052=CURVE_STYLE('',#33,POSITIVE_LENGTH_MEASURE(2.E-2),#6);
#2053=PRESENTATION_STYLE_ASSIGNMENT((#2052));
#2054=STYLED_ITEM('',(#2053),#2051);
#2055=DIRECTION('',(0.E0,1.E0,0.E0));
#2056=VECTOR('',#2055,1.75E-1);
#2057=CARTESIAN_POINT('',(-2.13E0,0.E0,-3.E0));
#2058=LINE('',#2057,#2056);
#2059=CURVE_STYLE('',#33,POSITIVE_LENGTH_MEASURE(2.E-2),#6);
#2060=PRESENTATION_STYLE_ASSIGNMENT((#2059));
#2061=STYLED_ITEM('',(#2060),#2058);
#2062=DIRECTION('',(0.E0,-1.E0,0.E0));
#2063=VECTOR('',#2062,1.75E-1);
#2064=CARTESIAN_POINT('',(-2.13E0,1.75E-1,-2.72E0));
#2065=LINE('',#2064,#2063);
#2066=CURVE_STYLE('',#33,POSITIVE_LENGTH_MEASURE(2.E-2),#6);
#2067=PRESENTATION_STYLE_ASSIGNMENT((#2066));
#2068=STYLED_ITEM('',(#2067),#2065);
#2069=DIRECTION('',(0.E0,-1.E0,0.E0));
#2070=VECTOR('',#2069,1.75E-1);
#2071=CARTESIAN_POINT('',(-1.87E0,1.75E-1,-3.E0));
#2072=LINE('',#2071,#2070);
#2073=CURVE_STYLE('',#33,POSITIVE_LENGTH_MEASURE(2.E-2),#6);
#2074=PRESENTATION_STYLE_ASSIGNMENT((#2073));
#2075=STYLED_ITEM('',(#2074),#2072);
#2076=DIRECTION('',(0.E0,-1.E0,0.E0));
#2077=VECTOR('',#2076,1.75E-1);
#2078=CARTESIAN_POINT('',(-1.87E0,1.75E-1,-2.72E0));
#2079=LINE('',#2078,#2077);
#2080=CURVE_STYLE('',#33,POSITIVE_LENGTH_MEASURE(2.E-2),#6);
#2081=PRESENTATION_STYLE_ASSIGNMENT((#2080));
#2082=STYLED_ITEM('',(#2081),#2079);
#2083=DIRECTION('',(0.E0,1.E0,0.E0));
#2084=VECTOR('',#2083,1.75E-1);
#2085=CARTESIAN_POINT('',(-1.63E0,0.E0,-3.E0));
#2086=LINE('',#2085,#2084);
#2087=CURVE_STYLE('',#33,POSITIVE_LENGTH_MEASURE(2.E-2),#6);
#2088=PRESENTATION_STYLE_ASSIGNMENT((#2087));
#2089=STYLED_ITEM('',(#2088),#2086);
#2090=DIRECTION('',(0.E0,-1.E0,0.E0));
#2091=VECTOR('',#2090,1.75E-1);
#2092=CARTESIAN_POINT('',(-1.63E0,1.75E-1,-2.72E0));
#2093=LINE('',#2092,#2091);
#2094=CURVE_STYLE('',#33,POSITIVE_LENGTH_MEASURE(2.E-2),#6);
#2095=PRESENTATION_STYLE_ASSIGNMENT((#2094));
#2096=STYLED_ITEM('',(#2095),#2093);
#2097=DIRECTION('',(0.E0,0.E0,1.E0));
#2098=VECTOR('',#2097,2.8E-1);
#2099=CARTESIAN_POINT('',(-1.87E0,1.75E-1,-3.E0));
#2100=LINE('',#2099,#2098);
#2101=CURVE_STYLE('',#33,POSITIVE_LENGTH_MEASURE(2.E-2),#6);
#2102=PRESENTATION_STYLE_ASSIGNMENT((#2101));
#2103=STYLED_ITEM('',(#2102),#2100);
#2104=CARTESIAN_POINT('',(-1.75E0,1.75E-1,-2.72E0));
#2105=DIRECTION('',(0.E0,1.E0,0.E0));
#2106=DIRECTION('',(-1.E0,0.E0,2.220446049250E-14));
#2107=AXIS2_PLACEMENT_3D('',#2104,#2105,#2106);
#2109=CURVE_STYLE('',#33,POSITIVE_LENGTH_MEASURE(2.E-2),#6);
#2110=PRESENTATION_STYLE_ASSIGNMENT((#2109));
#2111=STYLED_ITEM('',(#2110),#2108);
#2112=DIRECTION('',(0.E0,0.E0,-1.E0));
#2113=VECTOR('',#2112,2.8E-1);
#2114=CARTESIAN_POINT('',(-1.63E0,1.75E-1,-2.72E0));
#2115=LINE('',#2114,#2113);
#2116=CURVE_STYLE('',#33,POSITIVE_LENGTH_MEASURE(2.E-2),#6);
#2117=PRESENTATION_STYLE_ASSIGNMENT((#2116));
#2118=STYLED_ITEM('',(#2117),#2115);
#2119=DIRECTION('',(0.E0,-1.E0,0.E0));
#2120=VECTOR('',#2119,1.75E-1);
#2121=CARTESIAN_POINT('',(-1.37E0,1.75E-1,-3.E0));
#2122=LINE('',#2121,#2120);
#2123=CURVE_STYLE('',#33,POSITIVE_LENGTH_MEASURE(2.E-2),#6);
#2124=PRESENTATION_STYLE_ASSIGNMENT((#2123));
#2125=STYLED_ITEM('',(#2124),#2122);
#2126=DIRECTION('',(0.E0,-1.E0,0.E0));
#2127=VECTOR('',#2126,1.75E-1);
#2128=CARTESIAN_POINT('',(-1.37E0,1.75E-1,-2.72E0));
#2129=LINE('',#2128,#2127);
#2130=CURVE_STYLE('',#33,POSITIVE_LENGTH_MEASURE(2.E-2),#6);
#2131=PRESENTATION_STYLE_ASSIGNMENT((#2130));
#2132=STYLED_ITEM('',(#2131),#2129);
#2133=DIRECTION('',(0.E0,1.E0,0.E0));
#2134=VECTOR('',#2133,1.75E-1);
#2135=CARTESIAN_POINT('',(-1.13E0,0.E0,-3.E0));
#2136=LINE('',#2135,#2134);
#2137=CURVE_STYLE('',#33,POSITIVE_LENGTH_MEASURE(2.E-2),#6);
#2138=PRESENTATION_STYLE_ASSIGNMENT((#2137));
#2139=STYLED_ITEM('',(#2138),#2136);
#2140=DIRECTION('',(0.E0,-1.E0,0.E0));
#2141=VECTOR('',#2140,1.75E-1);
#2142=CARTESIAN_POINT('',(-1.13E0,1.75E-1,-2.72E0));
#2143=LINE('',#2142,#2141);
#2144=CURVE_STYLE('',#33,POSITIVE_LENGTH_MEASURE(2.E-2),#6);
#2145=PRESENTATION_STYLE_ASSIGNMENT((#2144));
#2146=STYLED_ITEM('',(#2145),#2143);
#2147=DIRECTION('',(0.E0,0.E0,1.E0));
#2148=VECTOR('',#2147,2.8E-1);
#2149=CARTESIAN_POINT('',(-1.37E0,1.75E-1,-3.E0));
#2150=LINE('',#2149,#2148);
#2151=CURVE_STYLE('',#33,POSITIVE_LENGTH_MEASURE(2.E-2),#6);
#2152=PRESENTATION_STYLE_ASSIGNMENT((#2151));
#2153=STYLED_ITEM('',(#2152),#2150);
#2154=CARTESIAN_POINT('',(-1.25E0,1.75E-1,-2.72E0));
#2155=DIRECTION('',(0.E0,1.E0,0.E0));
#2156=DIRECTION('',(-1.E0,0.E0,0.E0));
#2157=AXIS2_PLACEMENT_3D('',#2154,#2155,#2156);
#2159=CURVE_STYLE('',#33,POSITIVE_LENGTH_MEASURE(2.E-2),#6);
#2160=PRESENTATION_STYLE_ASSIGNMENT((#2159));
#2161=STYLED_ITEM('',(#2160),#2158);
#2162=DIRECTION('',(0.E0,0.E0,-1.E0));
#2163=VECTOR('',#2162,2.8E-1);
#2164=CARTESIAN_POINT('',(-1.13E0,1.75E-1,-2.72E0));
#2165=LINE('',#2164,#2163);
#2166=CURVE_STYLE('',#33,POSITIVE_LENGTH_MEASURE(2.E-2),#6);
#2167=PRESENTATION_STYLE_ASSIGNMENT((#2166));
#2168=STYLED_ITEM('',(#2167),#2165);
#2169=DIRECTION('',(0.E0,-1.E0,0.E0));
#2170=VECTOR('',#2169,1.75E-1);
#2171=CARTESIAN_POINT('',(-8.7E-1,1.75E-1,-3.E0));
#2172=LINE('',#2171,#2170);
#2173=CURVE_STYLE('',#33,POSITIVE_LENGTH_MEASURE(2.E-2),#6);
#2174=PRESENTATION_STYLE_ASSIGNMENT((#2173));
#2175=STYLED_ITEM('',(#2174),#2172);
#2176=DIRECTION('',(0.E0,-1.E0,0.E0));
#2177=VECTOR('',#2176,1.75E-1);
#2178=CARTESIAN_POINT('',(-8.7E-1,1.75E-1,-2.72E0));
#2179=LINE('',#2178,#2177);
#2180=CURVE_STYLE('',#33,POSITIVE_LENGTH_MEASURE(2.E-2),#6);
#2181=PRESENTATION_STYLE_ASSIGNMENT((#2180));
#2182=STYLED_ITEM('',(#2181),#2179);
#2183=DIRECTION('',(0.E0,1.E0,0.E0));
#2184=VECTOR('',#2183,1.75E-1);
#2185=CARTESIAN_POINT('',(-6.3E-1,0.E0,-3.E0));
#2186=LINE('',#2185,#2184);
#2187=CURVE_STYLE('',#33,POSITIVE_LENGTH_MEASURE(2.E-2),#6);
#2188=PRESENTATION_STYLE_ASSIGNMENT((#2187));
#2189=STYLED_ITEM('',(#2188),#2186);
#2190=DIRECTION('',(0.E0,-1.E0,0.E0));
#2191=VECTOR('',#2190,1.75E-1);
#2192=CARTESIAN_POINT('',(-6.3E-1,1.75E-1,-2.72E0));
#2193=LINE('',#2192,#2191);
#2194=CURVE_STYLE('',#33,POSITIVE_LENGTH_MEASURE(2.E-2),#6);
#2195=PRESENTATION_STYLE_ASSIGNMENT((#2194));
#2196=STYLED_ITEM('',(#2195),#2193);
#2197=DIRECTION('',(0.E0,0.E0,1.E0));
#2198=VECTOR('',#2197,2.8E-1);
#2199=CARTESIAN_POINT('',(-8.7E-1,1.75E-1,-3.E0));
#2200=LINE('',#2199,#2198);
#2201=CURVE_STYLE('',#33,POSITIVE_LENGTH_MEASURE(2.E-2),#6);
#2202=PRESENTATION_STYLE_ASSIGNMENT((#2201));
#2203=STYLED_ITEM('',(#2202),#2200);
#2204=CARTESIAN_POINT('',(-7.5E-1,1.75E-1,-2.72E0));
#2205=DIRECTION('',(0.E0,1.E0,0.E0));
#2206=DIRECTION('',(-1.E0,0.E0,0.E0));
#2207=AXIS2_PLACEMENT_3D('',#2204,#2205,#2206);
#2209=CURVE_STYLE('',#33,POSITIVE_LENGTH_MEASURE(2.E-2),#6);
#2210=PRESENTATION_STYLE_ASSIGNMENT((#2209));
#2211=STYLED_ITEM('',(#2210),#2208);
#2212=DIRECTION('',(0.E0,0.E0,-1.E0));
#2213=VECTOR('',#2212,2.8E-1);
#2214=CARTESIAN_POINT('',(-6.3E-1,1.75E-1,-2.72E0));
#2215=LINE('',#2214,#2213);
#2216=CURVE_STYLE('',#33,POSITIVE_LENGTH_MEASURE(2.E-2),#6);
#2217=PRESENTATION_STYLE_ASSIGNMENT((#2216));
#2218=STYLED_ITEM('',(#2217),#2215);
#2219=DIRECTION('',(0.E0,-1.E0,0.E0));
#2220=VECTOR('',#2219,1.75E-1);
#2221=CARTESIAN_POINT('',(-3.7E-1,1.75E-1,-3.E0));
#2222=LINE('',#2221,#2220);
#2223=CURVE_STYLE('',#33,POSITIVE_LENGTH_MEASURE(2.E-2),#6);
#2224=PRESENTATION_STYLE_ASSIGNMENT((#2223));
#2225=STYLED_ITEM('',(#2224),#2222);
#2226=DIRECTION('',(0.E0,-1.E0,0.E0));
#2227=VECTOR('',#2226,1.75E-1);
#2228=CARTESIAN_POINT('',(-3.7E-1,1.75E-1,-2.72E0));
#2229=LINE('',#2228,#2227);
#2230=CURVE_STYLE('',#33,POSITIVE_LENGTH_MEASURE(2.E-2),#6);
#2231=PRESENTATION_STYLE_ASSIGNMENT((#2230));
#2232=STYLED_ITEM('',(#2231),#2229);
#2233=DIRECTION('',(0.E0,1.E0,0.E0));
#2234=VECTOR('',#2233,1.75E-1);
#2235=CARTESIAN_POINT('',(-1.3E-1,0.E0,-3.E0));
#2236=LINE('',#2235,#2234);
#2237=CURVE_STYLE('',#33,POSITIVE_LENGTH_MEASURE(2.E-2),#6);
#2238=PRESENTATION_STYLE_ASSIGNMENT((#2237));
#2239=STYLED_ITEM('',(#2238),#2236);
#2240=DIRECTION('',(0.E0,-1.E0,0.E0));
#2241=VECTOR('',#2240,1.75E-1);
#2242=CARTESIAN_POINT('',(-1.3E-1,1.75E-1,-2.72E0));
#2243=LINE('',#2242,#2241);
#2244=CURVE_STYLE('',#33,POSITIVE_LENGTH_MEASURE(2.E-2),#6);
#2245=PRESENTATION_STYLE_ASSIGNMENT((#2244));
#2246=STYLED_ITEM('',(#2245),#2243);
#2247=DIRECTION('',(0.E0,0.E0,1.E0));
#2248=VECTOR('',#2247,2.8E-1);
#2249=CARTESIAN_POINT('',(-3.7E-1,1.75E-1,-3.E0));
#2250=LINE('',#2249,#2248);
#2251=CURVE_STYLE('',#33,POSITIVE_LENGTH_MEASURE(2.E-2),#6);
#2252=PRESENTATION_STYLE_ASSIGNMENT((#2251));
#2253=STYLED_ITEM('',(#2252),#2250);
#2254=CARTESIAN_POINT('',(-2.5E-1,1.75E-1,-2.72E0));
#2255=DIRECTION('',(0.E0,1.E0,0.E0));
#2256=DIRECTION('',(-1.E0,0.E0,0.E0));
#2257=AXIS2_PLACEMENT_3D('',#2254,#2255,#2256);
#2259=CURVE_STYLE('',#33,POSITIVE_LENGTH_MEASURE(2.E-2),#6);
#2260=PRESENTATION_STYLE_ASSIGNMENT((#2259));
#2261=STYLED_ITEM('',(#2260),#2258);
#2262=DIRECTION('',(0.E0,0.E0,-1.E0));
#2263=VECTOR('',#2262,2.8E-1);
#2264=CARTESIAN_POINT('',(-1.3E-1,1.75E-1,-2.72E0));
#2265=LINE('',#2264,#2263);
#2266=CURVE_STYLE('',#33,POSITIVE_LENGTH_MEASURE(2.E-2),#6);
#2267=PRESENTATION_STYLE_ASSIGNMENT((#2266));
#2268=STYLED_ITEM('',(#2267),#2265);
#2269=DIRECTION('',(0.E0,-1.E0,0.E0));
#2270=VECTOR('',#2269,1.75E-1);
#2271=CARTESIAN_POINT('',(1.3E-1,1.75E-1,-3.E0));
#2272=LINE('',#2271,#2270);
#2273=CURVE_STYLE('',#33,POSITIVE_LENGTH_MEASURE(2.E-2),#6);
#2274=PRESENTATION_STYLE_ASSIGNMENT((#2273));
#2275=STYLED_ITEM('',(#2274),#2272);
#2276=DIRECTION('',(0.E0,-1.E0,0.E0));
#2277=VECTOR('',#2276,1.75E-1);
#2278=CARTESIAN_POINT('',(1.3E-1,1.75E-1,-2.72E0));
#2279=LINE('',#2278,#2277);
#2280=CURVE_STYLE('',#33,POSITIVE_LENGTH_MEASURE(2.E-2),#6);
#2281=PRESENTATION_STYLE_ASSIGNMENT((#2280));
#2282=STYLED_ITEM('',(#2281),#2279);
#2283=DIRECTION('',(0.E0,1.E0,0.E0));
#2284=VECTOR('',#2283,1.75E-1);
#2285=CARTESIAN_POINT('',(3.7E-1,0.E0,-3.E0));
#2286=LINE('',#2285,#2284);
#2287=CURVE_STYLE('',#33,POSITIVE_LENGTH_MEASURE(2.E-2),#6);
#2288=PRESENTATION_STYLE_ASSIGNMENT((#2287));
#2289=STYLED_ITEM('',(#2288),#2286);
#2290=DIRECTION('',(0.E0,-1.E0,0.E0));
#2291=VECTOR('',#2290,1.75E-1);
#2292=CARTESIAN_POINT('',(3.7E-1,1.75E-1,-2.72E0));
#2293=LINE('',#2292,#2291);
#2294=CURVE_STYLE('',#33,POSITIVE_LENGTH_MEASURE(2.E-2),#6);
#2295=PRESENTATION_STYLE_ASSIGNMENT((#2294));
#2296=STYLED_ITEM('',(#2295),#2293);
#2297=DIRECTION('',(0.E0,0.E0,1.E0));
#2298=VECTOR('',#2297,2.8E-1);
#2299=CARTESIAN_POINT('',(1.3E-1,1.75E-1,-3.E0));
#2300=LINE('',#2299,#2298);
#2301=CURVE_STYLE('',#33,POSITIVE_LENGTH_MEASURE(2.E-2),#6);
#2302=PRESENTATION_STYLE_ASSIGNMENT((#2301));
#2303=STYLED_ITEM('',(#2302),#2300);
#2304=CARTESIAN_POINT('',(2.5E-1,1.75E-1,-2.72E0));
#2305=DIRECTION('',(0.E0,1.E0,0.E0));
#2306=DIRECTION('',(-1.E0,0.E0,0.E0));
#2307=AXIS2_PLACEMENT_3D('',#2304,#2305,#2306);
#2309=CURVE_STYLE('',#33,POSITIVE_LENGTH_MEASURE(2.E-2),#6);
#2310=PRESENTATION_STYLE_ASSIGNMENT((#2309));
#2311=STYLED_ITEM('',(#2310),#2308);
#2312=DIRECTION('',(0.E0,0.E0,-1.E0));
#2313=VECTOR('',#2312,2.8E-1);
#2314=CARTESIAN_POINT('',(3.7E-1,1.75E-1,-2.72E0));
#2315=LINE('',#2314,#2313);
#2316=CURVE_STYLE('',#33,POSITIVE_LENGTH_MEASURE(2.E-2),#6);
#2317=PRESENTATION_STYLE_ASSIGNMENT((#2316));
#2318=STYLED_ITEM('',(#2317),#2315);
#2319=DIRECTION('',(0.E0,-1.E0,0.E0));
#2320=VECTOR('',#2319,1.75E-1);
#2321=CARTESIAN_POINT('',(6.3E-1,1.75E-1,-3.E0));
#2322=LINE('',#2321,#2320);
#2323=CURVE_STYLE('',#33,POSITIVE_LENGTH_MEASURE(2.E-2),#6);
#2324=PRESENTATION_STYLE_ASSIGNMENT((#2323));
#2325=STYLED_ITEM('',(#2324),#2322);
#2326=DIRECTION('',(0.E0,-1.E0,0.E0));
#2327=VECTOR('',#2326,1.75E-1);
#2328=CARTESIAN_POINT('',(6.3E-1,1.75E-1,-2.72E0));
#2329=LINE('',#2328,#2327);
#2330=CURVE_STYLE('',#33,POSITIVE_LENGTH_MEASURE(2.E-2),#6);
#2331=PRESENTATION_STYLE_ASSIGNMENT((#2330));
#2332=STYLED_ITEM('',(#2331),#2329);
#2333=DIRECTION('',(0.E0,1.E0,0.E0));
#2334=VECTOR('',#2333,1.75E-1);
#2335=CARTESIAN_POINT('',(8.7E-1,0.E0,-3.E0));
#2336=LINE('',#2335,#2334);
#2337=CURVE_STYLE('',#33,POSITIVE_LENGTH_MEASURE(2.E-2),#6);
#2338=PRESENTATION_STYLE_ASSIGNMENT((#2337));
#2339=STYLED_ITEM('',(#2338),#2336);
#2340=DIRECTION('',(0.E0,-1.E0,0.E0));
#2341=VECTOR('',#2340,1.75E-1);
#2342=CARTESIAN_POINT('',(8.7E-1,1.75E-1,-2.72E0));
#2343=LINE('',#2342,#2341);
#2344=CURVE_STYLE('',#33,POSITIVE_LENGTH_MEASURE(2.E-2),#6);
#2345=PRESENTATION_STYLE_ASSIGNMENT((#2344));
#2346=STYLED_ITEM('',(#2345),#2343);
#2347=DIRECTION('',(0.E0,0.E0,1.E0));
#2348=VECTOR('',#2347,2.8E-1);
#2349=CARTESIAN_POINT('',(6.3E-1,1.75E-1,-3.E0));
#2350=LINE('',#2349,#2348);
#2351=CURVE_STYLE('',#33,POSITIVE_LENGTH_MEASURE(2.E-2),#6);
#2352=PRESENTATION_STYLE_ASSIGNMENT((#2351));
#2353=STYLED_ITEM('',(#2352),#2350);
#2354=CARTESIAN_POINT('',(7.5E-1,1.75E-1,-2.72E0));
#2355=DIRECTION('',(0.E0,1.E0,0.E0));
#2356=DIRECTION('',(-1.E0,0.E0,0.E0));
#2357=AXIS2_PLACEMENT_3D('',#2354,#2355,#2356);
#2359=CURVE_STYLE('',#33,POSITIVE_LENGTH_MEASURE(2.E-2),#6);
#2360=PRESENTATION_STYLE_ASSIGNMENT((#2359));
#2361=STYLED_ITEM('',(#2360),#2358);
#2362=DIRECTION('',(0.E0,0.E0,-1.E0));
#2363=VECTOR('',#2362,2.8E-1);
#2364=CARTESIAN_POINT('',(8.7E-1,1.75E-1,-2.72E0));
#2365=LINE('',#2364,#2363);
#2366=CURVE_STYLE('',#33,POSITIVE_LENGTH_MEASURE(2.E-2),#6);
#2367=PRESENTATION_STYLE_ASSIGNMENT((#2366));
#2368=STYLED_ITEM('',(#2367),#2365);
#2369=DIRECTION('',(0.E0,-1.E0,0.E0));
#2370=VECTOR('',#2369,1.75E-1);
#2371=CARTESIAN_POINT('',(1.13E0,1.75E-1,-3.E0));
#2372=LINE('',#2371,#2370);
#2373=CURVE_STYLE('',#33,POSITIVE_LENGTH_MEASURE(2.E-2),#6);
#2374=PRESENTATION_STYLE_ASSIGNMENT((#2373));
#2375=STYLED_ITEM('',(#2374),#2372);
#2376=DIRECTION('',(0.E0,-1.E0,0.E0));
#2377=VECTOR('',#2376,1.75E-1);
#2378=CARTESIAN_POINT('',(1.13E0,1.75E-1,-2.72E0));
#2379=LINE('',#2378,#2377);
#2380=CURVE_STYLE('',#33,POSITIVE_LENGTH_MEASURE(2.E-2),#6);
#2381=PRESENTATION_STYLE_ASSIGNMENT((#2380));
#2382=STYLED_ITEM('',(#2381),#2379);
#2383=DIRECTION('',(0.E0,1.E0,0.E0));
#2384=VECTOR('',#2383,1.75E-1);
#2385=CARTESIAN_POINT('',(1.37E0,0.E0,-3.E0));
#2386=LINE('',#2385,#2384);
#2387=CURVE_STYLE('',#33,POSITIVE_LENGTH_MEASURE(2.E-2),#6);
#2388=PRESENTATION_STYLE_ASSIGNMENT((#2387));
#2389=STYLED_ITEM('',(#2388),#2386);
#2390=DIRECTION('',(0.E0,-1.E0,0.E0));
#2391=VECTOR('',#2390,1.75E-1);
#2392=CARTESIAN_POINT('',(1.37E0,1.75E-1,-2.72E0));
#2393=LINE('',#2392,#2391);
#2394=CURVE_STYLE('',#33,POSITIVE_LENGTH_MEASURE(2.E-2),#6);
#2395=PRESENTATION_STYLE_ASSIGNMENT((#2394));
#2396=STYLED_ITEM('',(#2395),#2393);
#2397=DIRECTION('',(0.E0,0.E0,1.E0));
#2398=VECTOR('',#2397,2.8E-1);
#2399=CARTESIAN_POINT('',(1.13E0,1.75E-1,-3.E0));
#2400=LINE('',#2399,#2398);
#2401=CURVE_STYLE('',#33,POSITIVE_LENGTH_MEASURE(2.E-2),#6);
#2402=PRESENTATION_STYLE_ASSIGNMENT((#2401));
#2403=STYLED_ITEM('',(#2402),#2400);
#2404=CARTESIAN_POINT('',(1.25E0,1.75E-1,-2.72E0));
#2405=DIRECTION('',(0.E0,1.E0,0.E0));
#2406=DIRECTION('',(-1.E0,0.E0,0.E0));
#2407=AXIS2_PLACEMENT_3D('',#2404,#2405,#2406);
#2409=CURVE_STYLE('',#33,POSITIVE_LENGTH_MEASURE(2.E-2),#6);
#2410=PRESENTATION_STYLE_ASSIGNMENT((#2409));
#2411=STYLED_ITEM('',(#2410),#2408);
#2412=DIRECTION('',(0.E0,0.E0,-1.E0));
#2413=VECTOR('',#2412,2.8E-1);
#2414=CARTESIAN_POINT('',(1.37E0,1.75E-1,-2.72E0));
#2415=LINE('',#2414,#2413);
#2416=CURVE_STYLE('',#33,POSITIVE_LENGTH_MEASURE(2.E-2),#6);
#2417=PRESENTATION_STYLE_ASSIGNMENT((#2416));
#2418=STYLED_ITEM('',(#2417),#2415);
#2419=DIRECTION('',(0.E0,-1.E0,0.E0));
#2420=VECTOR('',#2419,1.75E-1);
#2421=CARTESIAN_POINT('',(1.63E0,1.75E-1,-3.E0));
#2422=LINE('',#2421,#2420);
#2423=CURVE_STYLE('',#33,POSITIVE_LENGTH_MEASURE(2.E-2),#6);
#2424=PRESENTATION_STYLE_ASSIGNMENT((#2423));
#2425=STYLED_ITEM('',(#2424),#2422);
#2426=DIRECTION('',(0.E0,-1.E0,0.E0));
#2427=VECTOR('',#2426,1.75E-1);
#2428=CARTESIAN_POINT('',(1.63E0,1.75E-1,-2.72E0));
#2429=LINE('',#2428,#2427);
#2430=CURVE_STYLE('',#33,POSITIVE_LENGTH_MEASURE(2.E-2),#6);
#2431=PRESENTATION_STYLE_ASSIGNMENT((#2430));
#2432=STYLED_ITEM('',(#2431),#2429);
#2433=DIRECTION('',(0.E0,1.E0,0.E0));
#2434=VECTOR('',#2433,1.75E-1);
#2435=CARTESIAN_POINT('',(1.87E0,0.E0,-3.E0));
#2436=LINE('',#2435,#2434);
#2437=CURVE_STYLE('',#33,POSITIVE_LENGTH_MEASURE(2.E-2),#6);
#2438=PRESENTATION_STYLE_ASSIGNMENT((#2437));
#2439=STYLED_ITEM('',(#2438),#2436);
#2440=DIRECTION('',(0.E0,-1.E0,0.E0));
#2441=VECTOR('',#2440,1.75E-1);
#2442=CARTESIAN_POINT('',(1.87E0,1.75E-1,-2.72E0));
#2443=LINE('',#2442,#2441);
#2444=CURVE_STYLE('',#33,POSITIVE_LENGTH_MEASURE(2.E-2),#6);
#2445=PRESENTATION_STYLE_ASSIGNMENT((#2444));
#2446=STYLED_ITEM('',(#2445),#2443);
#2447=DIRECTION('',(0.E0,0.E0,1.E0));
#2448=VECTOR('',#2447,2.8E-1);
#2449=CARTESIAN_POINT('',(1.63E0,1.75E-1,-3.E0));
#2450=LINE('',#2449,#2448);
#2451=CURVE_STYLE('',#33,POSITIVE_LENGTH_MEASURE(2.E-2),#6);
#2452=PRESENTATION_STYLE_ASSIGNMENT((#2451));
#2453=STYLED_ITEM('',(#2452),#2450);
#2454=CARTESIAN_POINT('',(1.75E0,1.75E-1,-2.72E0));
#2455=DIRECTION('',(0.E0,1.E0,0.E0));
#2456=DIRECTION('',(-1.E0,0.E0,1.480297366167E-14));
#2457=AXIS2_PLACEMENT_3D('',#2454,#2455,#2456);
#2459=CURVE_STYLE('',#33,POSITIVE_LENGTH_MEASURE(2.E-2),#6);
#2460=PRESENTATION_STYLE_ASSIGNMENT((#2459));
#2461=STYLED_ITEM('',(#2460),#2458);
#2462=DIRECTION('',(0.E0,0.E0,-1.E0));
#2463=VECTOR('',#2462,2.8E-1);
#2464=CARTESIAN_POINT('',(1.87E0,1.75E-1,-2.72E0));
#2465=LINE('',#2464,#2463);
#2466=CURVE_STYLE('',#33,POSITIVE_LENGTH_MEASURE(2.E-2),#6);
#2467=PRESENTATION_STYLE_ASSIGNMENT((#2466));
#2468=STYLED_ITEM('',(#2467),#2465);
#2469=DIRECTION('',(0.E0,-1.E0,0.E0));
#2470=VECTOR('',#2469,1.75E-1);
#2471=CARTESIAN_POINT('',(2.13E0,1.75E-1,-3.E0));
#2472=LINE('',#2471,#2470);
#2473=CURVE_STYLE('',#33,POSITIVE_LENGTH_MEASURE(2.E-2),#6);
#2474=PRESENTATION_STYLE_ASSIGNMENT((#2473));
#2475=STYLED_ITEM('',(#2474),#2472);
#2476=DIRECTION('',(0.E0,-1.E0,0.E0));
#2477=VECTOR('',#2476,1.75E-1);
#2478=CARTESIAN_POINT('',(2.13E0,1.75E-1,-2.72E0));
#2479=LINE('',#2478,#2477);
#2480=CURVE_STYLE('',#33,POSITIVE_LENGTH_MEASURE(2.E-2),#6);
#2481=PRESENTATION_STYLE_ASSIGNMENT((#2480));
#2482=STYLED_ITEM('',(#2481),#2479);
#2483=DIRECTION('',(0.E0,1.E0,0.E0));
#2484=VECTOR('',#2483,1.75E-1);
#2485=CARTESIAN_POINT('',(2.37E0,0.E0,-3.E0));
#2486=LINE('',#2485,#2484);
#2487=CURVE_STYLE('',#33,POSITIVE_LENGTH_MEASURE(2.E-2),#6);
#2488=PRESENTATION_STYLE_ASSIGNMENT((#2487));
#2489=STYLED_ITEM('',(#2488),#2486);
#2490=DIRECTION('',(0.E0,-1.E0,0.E0));
#2491=VECTOR('',#2490,1.75E-1);
#2492=CARTESIAN_POINT('',(2.37E0,1.75E-1,-2.72E0));
#2493=LINE('',#2492,#2491);
#2494=CURVE_STYLE('',#33,POSITIVE_LENGTH_MEASURE(2.E-2),#6);
#2495=PRESENTATION_STYLE_ASSIGNMENT((#2494));
#2496=STYLED_ITEM('',(#2495),#2493);
#2497=DIRECTION('',(0.E0,0.E0,1.E0));
#2498=VECTOR('',#2497,2.8E-1);
#2499=CARTESIAN_POINT('',(2.13E0,1.75E-1,-3.E0));
#2500=LINE('',#2499,#2498);
#2501=CURVE_STYLE('',#33,POSITIVE_LENGTH_MEASURE(2.E-2),#6);
#2502=PRESENTATION_STYLE_ASSIGNMENT((#2501));
#2503=STYLED_ITEM('',(#2502),#2500);
#2504=CARTESIAN_POINT('',(2.25E0,1.75E-1,-2.72E0));
#2505=DIRECTION('',(0.E0,1.E0,0.E0));
#2506=DIRECTION('',(-1.E0,0.E0,0.E0));
#2507=AXIS2_PLACEMENT_3D('',#2504,#2505,#2506);
#2509=CURVE_STYLE('',#33,POSITIVE_LENGTH_MEASURE(2.E-2),#6);
#2510=PRESENTATION_STYLE_ASSIGNMENT((#2509));
#2511=STYLED_ITEM('',(#2510),#2508);
#2512=DIRECTION('',(0.E0,0.E0,-1.E0));
#2513=VECTOR('',#2512,2.8E-1);
#2514=CARTESIAN_POINT('',(2.37E0,1.75E-1,-2.72E0));
#2515=LINE('',#2514,#2513);
#2516=CURVE_STYLE('',#33,POSITIVE_LENGTH_MEASURE(2.E-2),#6);
#2517=PRESENTATION_STYLE_ASSIGNMENT((#2516));
#2518=STYLED_ITEM('',(#2517),#2515);
#2519=DIRECTION('',(0.E0,0.E0,-1.E0));
#2520=VECTOR('',#2519,2.4E-1);
#2521=CARTESIAN_POINT('',(3.E0,1.75E-1,2.37E0));
#2522=LINE('',#2521,#2520);
#2523=CURVE_STYLE('',#33,POSITIVE_LENGTH_MEASURE(2.E-2),#6);
#2524=PRESENTATION_STYLE_ASSIGNMENT((#2523));
#2525=STYLED_ITEM('',(#2524),#2522);
#2526=DIRECTION('',(0.E0,1.E0,0.E0));
#2527=VECTOR('',#2526,9.75E-1);
#2528=CARTESIAN_POINT('',(3.E0,0.E0,3.E0));
#2529=LINE('',#2528,#2527);
#2530=CURVE_STYLE('',#33,POSITIVE_LENGTH_MEASURE(2.E-2),#6);
#2531=PRESENTATION_STYLE_ASSIGNMENT((#2530));
#2532=STYLED_ITEM('',(#2531),#2529);
#2533=DIRECTION('',(0.E0,0.E0,-1.E0));
#2534=VECTOR('',#2533,2.4E-1);
#2535=CARTESIAN_POINT('',(3.E0,1.75E-1,-2.13E0));
#2536=LINE('',#2535,#2534);
#2537=CURVE_STYLE('',#33,POSITIVE_LENGTH_MEASURE(2.E-2),#6);
#2538=PRESENTATION_STYLE_ASSIGNMENT((#2537));
#2539=STYLED_ITEM('',(#2538),#2536);
#2540=DIRECTION('',(0.E0,0.E0,-1.E0));
#2541=VECTOR('',#2540,2.4E-1);
#2542=CARTESIAN_POINT('',(3.E0,1.75E-1,-1.63E0));
#2543=LINE('',#2542,#2541);
#2544=CURVE_STYLE('',#33,POSITIVE_LENGTH_MEASURE(2.E-2),#6);
#2545=PRESENTATION_STYLE_ASSIGNMENT((#2544));
#2546=STYLED_ITEM('',(#2545),#2543);
#2547=DIRECTION('',(0.E0,0.E0,-1.E0));
#2548=VECTOR('',#2547,2.4E-1);
#2549=CARTESIAN_POINT('',(3.E0,1.75E-1,-1.13E0));
#2550=LINE('',#2549,#2548);
#2551=CURVE_STYLE('',#33,POSITIVE_LENGTH_MEASURE(2.E-2),#6);
#2552=PRESENTATION_STYLE_ASSIGNMENT((#2551));
#2553=STYLED_ITEM('',(#2552),#2550);
#2554=DIRECTION('',(0.E0,0.E0,-1.E0));
#2555=VECTOR('',#2554,2.4E-1);
#2556=CARTESIAN_POINT('',(3.E0,1.75E-1,-6.3E-1));
#2557=LINE('',#2556,#2555);
#2558=CURVE_STYLE('',#33,POSITIVE_LENGTH_MEASURE(2.E-2),#6);
#2559=PRESENTATION_STYLE_ASSIGNMENT((#2558));
#2560=STYLED_ITEM('',(#2559),#2557);
#2561=DIRECTION('',(0.E0,0.E0,-1.E0));
#2562=VECTOR('',#2561,2.4E-1);
#2563=CARTESIAN_POINT('',(3.E0,1.75E-1,-1.3E-1));
#2564=LINE('',#2563,#2562);
#2565=CURVE_STYLE('',#33,POSITIVE_LENGTH_MEASURE(2.E-2),#6);
#2566=PRESENTATION_STYLE_ASSIGNMENT((#2565));
#2567=STYLED_ITEM('',(#2566),#2564);
#2568=DIRECTION('',(0.E0,0.E0,-1.E0));
#2569=VECTOR('',#2568,2.4E-1);
#2570=CARTESIAN_POINT('',(3.E0,1.75E-1,3.7E-1));
#2571=LINE('',#2570,#2569);
#2572=CURVE_STYLE('',#33,POSITIVE_LENGTH_MEASURE(2.E-2),#6);
#2573=PRESENTATION_STYLE_ASSIGNMENT((#2572));
#2574=STYLED_ITEM('',(#2573),#2571);
#2575=DIRECTION('',(0.E0,0.E0,-1.E0));
#2576=VECTOR('',#2575,2.4E-1);
#2577=CARTESIAN_POINT('',(3.E0,1.75E-1,8.7E-1));
#2578=LINE('',#2577,#2576);
#2579=CURVE_STYLE('',#33,POSITIVE_LENGTH_MEASURE(2.E-2),#6);
#2580=PRESENTATION_STYLE_ASSIGNMENT((#2579));
#2581=STYLED_ITEM('',(#2580),#2578);
#2582=DIRECTION('',(0.E0,0.E0,-1.E0));
#2583=VECTOR('',#2582,2.4E-1);
#2584=CARTESIAN_POINT('',(3.E0,1.75E-1,1.37E0));
#2585=LINE('',#2584,#2583);
#2586=CURVE_STYLE('',#33,POSITIVE_LENGTH_MEASURE(2.E-2),#6);
#2587=PRESENTATION_STYLE_ASSIGNMENT((#2586));
#2588=STYLED_ITEM('',(#2587),#2585);
#2589=DIRECTION('',(0.E0,0.E0,-1.E0));
#2590=VECTOR('',#2589,2.4E-1);
#2591=CARTESIAN_POINT('',(3.E0,1.75E-1,1.87E0));
#2592=LINE('',#2591,#2590);
#2593=CURVE_STYLE('',#33,POSITIVE_LENGTH_MEASURE(2.E-2),#6);
#2594=PRESENTATION_STYLE_ASSIGNMENT((#2593));
#2595=STYLED_ITEM('',(#2594),#2592);
#2596=DIRECTION('',(0.E0,-1.E0,0.E0));
#2597=VECTOR('',#2596,1.75E-1);
#2598=CARTESIAN_POINT('',(3.E0,1.75E-1,2.13E0));
#2599=LINE('',#2598,#2597);
#2600=CURVE_STYLE('',#33,POSITIVE_LENGTH_MEASURE(2.E-2),#6);
#2601=PRESENTATION_STYLE_ASSIGNMENT((#2600));
#2602=STYLED_ITEM('',(#2601),#2599);
#2603=DIRECTION('',(0.E0,-1.E0,0.E0));
#2604=VECTOR('',#2603,1.75E-1);
#2605=CARTESIAN_POINT('',(2.72E0,1.75E-1,2.13E0));
#2606=LINE('',#2605,#2604);
#2607=CURVE_STYLE('',#33,POSITIVE_LENGTH_MEASURE(2.E-2),#6);
#2608=PRESENTATION_STYLE_ASSIGNMENT((#2607));
#2609=STYLED_ITEM('',(#2608),#2606);
#2610=DIRECTION('',(0.E0,1.E0,0.E0));
#2611=VECTOR('',#2610,1.75E-1);
#2612=CARTESIAN_POINT('',(3.E0,0.E0,2.37E0));
#2613=LINE('',#2612,#2611);
#2614=CURVE_STYLE('',#33,POSITIVE_LENGTH_MEASURE(2.E-2),#6);
#2615=PRESENTATION_STYLE_ASSIGNMENT((#2614));
#2616=STYLED_ITEM('',(#2615),#2613);
#2617=DIRECTION('',(0.E0,-1.E0,0.E0));
#2618=VECTOR('',#2617,1.75E-1);
#2619=CARTESIAN_POINT('',(2.72E0,1.75E-1,2.37E0));
#2620=LINE('',#2619,#2618);
#2621=CURVE_STYLE('',#33,POSITIVE_LENGTH_MEASURE(2.E-2),#6);
#2622=PRESENTATION_STYLE_ASSIGNMENT((#2621));
#2623=STYLED_ITEM('',(#2622),#2620);
#2624=DIRECTION('',(-1.E0,0.E0,0.E0));
#2625=VECTOR('',#2624,2.8E-1);
#2626=CARTESIAN_POINT('',(3.E0,1.75E-1,2.13E0));
#2627=LINE('',#2626,#2625);
#2628=CURVE_STYLE('',#33,POSITIVE_LENGTH_MEASURE(2.E-2),#6);
#2629=PRESENTATION_STYLE_ASSIGNMENT((#2628));
#2630=STYLED_ITEM('',(#2629),#2627);
#2631=CARTESIAN_POINT('',(2.72E0,1.75E-1,2.25E0));
#2632=DIRECTION('',(0.E0,1.E0,0.E0));
#2633=DIRECTION('',(0.E0,0.E0,-1.E0));
#2634=AXIS2_PLACEMENT_3D('',#2631,#2632,#2633);
#2636=CURVE_STYLE('',#33,POSITIVE_LENGTH_MEASURE(2.E-2),#6);
#2637=PRESENTATION_STYLE_ASSIGNMENT((#2636));
#2638=STYLED_ITEM('',(#2637),#2635);
#2639=DIRECTION('',(1.E0,0.E0,0.E0));
#2640=VECTOR('',#2639,2.8E-1);
#2641=CARTESIAN_POINT('',(2.72E0,1.75E-1,2.37E0));
#2642=LINE('',#2641,#2640);
#2643=CURVE_STYLE('',#33,POSITIVE_LENGTH_MEASURE(2.E-2),#6);
#2644=PRESENTATION_STYLE_ASSIGNMENT((#2643));
#2645=STYLED_ITEM('',(#2644),#2642);
#2646=DIRECTION('',(1.E0,0.E0,0.E0));
#2647=VECTOR('',#2646,2.4E-1);
#2648=CARTESIAN_POINT('',(-2.37E0,1.75E-1,3.E0));
#2649=LINE('',#2648,#2647);
#2650=CURVE_STYLE('',#33,POSITIVE_LENGTH_MEASURE(2.E-2),#6);
#2651=PRESENTATION_STYLE_ASSIGNMENT((#2650));
#2652=STYLED_ITEM('',(#2651),#2649);
#2653=DIRECTION('',(0.E0,1.E0,0.E0));
#2654=VECTOR('',#2653,9.75E-1);
#2655=CARTESIAN_POINT('',(-3.E0,0.E0,3.E0));
#2656=LINE('',#2655,#2654);
#2657=CURVE_STYLE('',#33,POSITIVE_LENGTH_MEASURE(2.E-2),#6);
#2658=PRESENTATION_STYLE_ASSIGNMENT((#2657));
#2659=STYLED_ITEM('',(#2658),#2656);
#2660=DIRECTION('',(1.E0,0.E0,0.E0));
#2661=VECTOR('',#2660,2.4E-1);
#2662=CARTESIAN_POINT('',(2.13E0,1.75E-1,3.E0));
#2663=LINE('',#2662,#2661);
#2664=CURVE_STYLE('',#33,POSITIVE_LENGTH_MEASURE(2.E-2),#6);
#2665=PRESENTATION_STYLE_ASSIGNMENT((#2664));
#2666=STYLED_ITEM('',(#2665),#2663);
#2667=DIRECTION('',(1.E0,0.E0,0.E0));
#2668=VECTOR('',#2667,2.4E-1);
#2669=CARTESIAN_POINT('',(1.63E0,1.75E-1,3.E0));
#2670=LINE('',#2669,#2668);
#2671=CURVE_STYLE('',#33,POSITIVE_LENGTH_MEASURE(2.E-2),#6);
#2672=PRESENTATION_STYLE_ASSIGNMENT((#2671));
#2673=STYLED_ITEM('',(#2672),#2670);
#2674=DIRECTION('',(1.E0,0.E0,0.E0));
#2675=VECTOR('',#2674,2.4E-1);
#2676=CARTESIAN_POINT('',(1.13E0,1.75E-1,3.E0));
#2677=LINE('',#2676,#2675);
#2678=CURVE_STYLE('',#33,POSITIVE_LENGTH_MEASURE(2.E-2),#6);
#2679=PRESENTATION_STYLE_ASSIGNMENT((#2678));
#2680=STYLED_ITEM('',(#2679),#2677);
#2681=DIRECTION('',(1.E0,0.E0,0.E0));
#2682=VECTOR('',#2681,2.4E-1);
#2683=CARTESIAN_POINT('',(6.3E-1,1.75E-1,3.E0));
#2684=LINE('',#2683,#2682);
#2685=CURVE_STYLE('',#33,POSITIVE_LENGTH_MEASURE(2.E-2),#6);
#2686=PRESENTATION_STYLE_ASSIGNMENT((#2685));
#2687=STYLED_ITEM('',(#2686),#2684);
#2688=DIRECTION('',(1.E0,0.E0,0.E0));
#2689=VECTOR('',#2688,2.4E-1);
#2690=CARTESIAN_POINT('',(1.3E-1,1.75E-1,3.E0));
#2691=LINE('',#2690,#2689);
#2692=CURVE_STYLE('',#33,POSITIVE_LENGTH_MEASURE(2.E-2),#6);
#2693=PRESENTATION_STYLE_ASSIGNMENT((#2692));
#2694=STYLED_ITEM('',(#2693),#2691);
#2695=DIRECTION('',(1.E0,0.E0,0.E0));
#2696=VECTOR('',#2695,2.4E-1);
#2697=CARTESIAN_POINT('',(-3.7E-1,1.75E-1,3.E0));
#2698=LINE('',#2697,#2696);
#2699=CURVE_STYLE('',#33,POSITIVE_LENGTH_MEASURE(2.E-2),#6);
#2700=PRESENTATION_STYLE_ASSIGNMENT((#2699));
#2701=STYLED_ITEM('',(#2700),#2698);
#2702=DIRECTION('',(1.E0,0.E0,0.E0));
#2703=VECTOR('',#2702,2.4E-1);
#2704=CARTESIAN_POINT('',(-8.7E-1,1.75E-1,3.E0));
#2705=LINE('',#2704,#2703);
#2706=CURVE_STYLE('',#33,POSITIVE_LENGTH_MEASURE(2.E-2),#6);
#2707=PRESENTATION_STYLE_ASSIGNMENT((#2706));
#2708=STYLED_ITEM('',(#2707),#2705);
#2709=DIRECTION('',(1.E0,0.E0,0.E0));
#2710=VECTOR('',#2709,2.4E-1);
#2711=CARTESIAN_POINT('',(-1.37E0,1.75E-1,3.E0));
#2712=LINE('',#2711,#2710);
#2713=CURVE_STYLE('',#33,POSITIVE_LENGTH_MEASURE(2.E-2),#6);
#2714=PRESENTATION_STYLE_ASSIGNMENT((#2713));
#2715=STYLED_ITEM('',(#2714),#2712);
#2716=DIRECTION('',(1.E0,0.E0,0.E0));
#2717=VECTOR('',#2716,2.4E-1);
#2718=CARTESIAN_POINT('',(-1.87E0,1.75E-1,3.E0));
#2719=LINE('',#2718,#2717);
#2720=CURVE_STYLE('',#33,POSITIVE_LENGTH_MEASURE(2.E-2),#6);
#2721=PRESENTATION_STYLE_ASSIGNMENT((#2720));
#2722=STYLED_ITEM('',(#2721),#2719);
#2723=DIRECTION('',(0.E0,0.E0,1.E0));
#2724=VECTOR('',#2723,2.8E-1);
#2725=CARTESIAN_POINT('',(-2.13E0,1.75E-1,2.72E0));
#2726=LINE('',#2725,#2724);
#2727=CURVE_STYLE('',#33,POSITIVE_LENGTH_MEASURE(2.E-2),#6);
#2728=PRESENTATION_STYLE_ASSIGNMENT((#2727));
#2729=STYLED_ITEM('',(#2728),#2726);
#2730=CARTESIAN_POINT('',(-2.25E0,1.75E-1,2.72E0));
#2731=DIRECTION('',(0.E0,-1.E0,0.E0));
#2732=DIRECTION('',(-1.E0,0.E0,0.E0));
#2733=AXIS2_PLACEMENT_3D('',#2730,#2731,#2732);
#2735=CURVE_STYLE('',#33,POSITIVE_LENGTH_MEASURE(2.E-2),#6);
#2736=PRESENTATION_STYLE_ASSIGNMENT((#2735));
#2737=STYLED_ITEM('',(#2736),#2734);
#2738=DIRECTION('',(0.E0,0.E0,-1.E0));
#2739=VECTOR('',#2738,2.8E-1);
#2740=CARTESIAN_POINT('',(-2.37E0,1.75E-1,3.E0));
#2741=LINE('',#2740,#2739);
#2742=CURVE_STYLE('',#33,POSITIVE_LENGTH_MEASURE(2.E-2),#6);
#2743=PRESENTATION_STYLE_ASSIGNMENT((#2742));
#2744=STYLED_ITEM('',(#2743),#2741);
#2745=DIRECTION('',(0.E0,1.E0,0.E0));
#2746=VECTOR('',#2745,1.75E-1);
#2747=CARTESIAN_POINT('',(-2.13E0,0.E0,2.72E0));
#2748=LINE('',#2747,#2746);
#2749=CURVE_STYLE('',#33,POSITIVE_LENGTH_MEASURE(2.E-2),#6);
#2750=PRESENTATION_STYLE_ASSIGNMENT((#2749));
#2751=STYLED_ITEM('',(#2750),#2748);
#2752=DIRECTION('',(0.E0,-1.E0,0.E0));
#2753=VECTOR('',#2752,1.75E-1);
#2754=CARTESIAN_POINT('',(-2.13E0,1.75E-1,3.E0));
#2755=LINE('',#2754,#2753);
#2756=CURVE_STYLE('',#33,POSITIVE_LENGTH_MEASURE(2.E-2),#6);
#2757=PRESENTATION_STYLE_ASSIGNMENT((#2756));
#2758=STYLED_ITEM('',(#2757),#2755);
#2759=DIRECTION('',(0.E0,1.E0,0.E0));
#2760=VECTOR('',#2759,1.75E-1);
#2761=CARTESIAN_POINT('',(-2.37E0,0.E0,2.72E0));
#2762=LINE('',#2761,#2760);
#2763=CURVE_STYLE('',#33,POSITIVE_LENGTH_MEASURE(2.E-2),#6);
#2764=PRESENTATION_STYLE_ASSIGNMENT((#2763));
#2765=STYLED_ITEM('',(#2764),#2762);
#2766=DIRECTION('',(0.E0,1.E0,0.E0));
#2767=VECTOR('',#2766,1.75E-1);
#2768=CARTESIAN_POINT('',(-2.37E0,0.E0,3.E0));
#2769=LINE('',#2768,#2767);
#2770=CURVE_STYLE('',#33,POSITIVE_LENGTH_MEASURE(2.E-2),#6);
#2771=PRESENTATION_STYLE_ASSIGNMENT((#2770));
#2772=STYLED_ITEM('',(#2771),#2769);
#2773=DIRECTION('',(0.E0,0.E0,1.E0));
#2774=VECTOR('',#2773,6.E0);
#2775=CARTESIAN_POINT('',(-3.E0,9.75E-1,-3.E0));
#2776=LINE('',#2775,#2774);
#2777=CURVE_STYLE('',#33,POSITIVE_LENGTH_MEASURE(2.E-2),#6);
#2778=PRESENTATION_STYLE_ASSIGNMENT((#2777));
#2779=STYLED_ITEM('',(#2778),#2776);
#2780=DIRECTION('',(-1.E0,0.E0,0.E0));
#2781=VECTOR('',#2780,6.E0);
#2782=CARTESIAN_POINT('',(3.E0,9.75E-1,-3.E0));
#2783=LINE('',#2782,#2781);
#2784=CURVE_STYLE('',#33,POSITIVE_LENGTH_MEASURE(2.E-2),#6);
#2785=PRESENTATION_STYLE_ASSIGNMENT((#2784));
#2786=STYLED_ITEM('',(#2785),#2783);
#2787=DIRECTION('',(0.E0,0.E0,-1.E0));
#2788=VECTOR('',#2787,6.E0);
#2789=CARTESIAN_POINT('',(3.E0,9.75E-1,3.E0));
#2790=LINE('',#2789,#2788);
#2791=CURVE_STYLE('',#33,POSITIVE_LENGTH_MEASURE(2.E-2),#6);
#2792=PRESENTATION_STYLE_ASSIGNMENT((#2791));
#2793=STYLED_ITEM('',(#2792),#2790);
#2794=DIRECTION('',(1.E0,0.E0,0.E0));
#2795=VECTOR('',#2794,6.E0);
#2796=CARTESIAN_POINT('',(-3.E0,9.75E-1,3.E0));
#2797=LINE('',#2796,#2795);
#2798=CURVE_STYLE('',#33,POSITIVE_LENGTH_MEASURE(2.E-2),#6);
#2799=PRESENTATION_STYLE_ASSIGNMENT((#2798));
#2800=STYLED_ITEM('',(#2799),#2797);
#2801=DIRECTION('',(0.E0,1.E0,0.E0));
#2802=VECTOR('',#2801,1.75E-1);
#2803=CARTESIAN_POINT('',(2.37E0,0.E0,2.72E0));
#2804=LINE('',#2803,#2802);
#2805=CURVE_STYLE('',#33,POSITIVE_LENGTH_MEASURE(2.E-2),#6);
#2806=PRESENTATION_STYLE_ASSIGNMENT((#2805));
#2807=STYLED_ITEM('',(#2806),#2804);
#2808=DIRECTION('',(0.E0,-1.E0,0.E0));
#2809=VECTOR('',#2808,1.75E-1);
#2810=CARTESIAN_POINT('',(2.37E0,1.75E-1,3.E0));
#2811=LINE('',#2810,#2809);
#2812=CURVE_STYLE('',#33,POSITIVE_LENGTH_MEASURE(2.E-2),#6);
#2813=PRESENTATION_STYLE_ASSIGNMENT((#2812));
#2814=STYLED_ITEM('',(#2813),#2811);
#2815=DIRECTION('',(0.E0,1.E0,0.E0));
#2816=VECTOR('',#2815,1.75E-1);
#2817=CARTESIAN_POINT('',(2.13E0,0.E0,2.72E0));
#2818=LINE('',#2817,#2816);
#2819=CURVE_STYLE('',#33,POSITIVE_LENGTH_MEASURE(2.E-2),#6);
#2820=PRESENTATION_STYLE_ASSIGNMENT((#2819));
#2821=STYLED_ITEM('',(#2820),#2818);
#2822=DIRECTION('',(0.E0,1.E0,0.E0));
#2823=VECTOR('',#2822,1.75E-1);
#2824=CARTESIAN_POINT('',(2.13E0,0.E0,3.E0));
#2825=LINE('',#2824,#2823);
#2826=CURVE_STYLE('',#33,POSITIVE_LENGTH_MEASURE(2.E-2),#6);
#2827=PRESENTATION_STYLE_ASSIGNMENT((#2826));
#2828=STYLED_ITEM('',(#2827),#2825);
#2829=DIRECTION('',(0.E0,0.E0,1.E0));
#2830=VECTOR('',#2829,2.8E-1);
#2831=CARTESIAN_POINT('',(2.37E0,1.75E-1,2.72E0));
#2832=LINE('',#2831,#2830);
#2833=CURVE_STYLE('',#33,POSITIVE_LENGTH_MEASURE(2.E-2),#6);
#2834=PRESENTATION_STYLE_ASSIGNMENT((#2833));
#2835=STYLED_ITEM('',(#2834),#2832);
#2836=CARTESIAN_POINT('',(2.25E0,1.75E-1,2.72E0));
#2837=DIRECTION('',(0.E0,-1.E0,0.E0));
#2838=DIRECTION('',(-1.E0,0.E0,0.E0));
#2839=AXIS2_PLACEMENT_3D('',#2836,#2837,#2838);
#2841=CURVE_STYLE('',#33,POSITIVE_LENGTH_MEASURE(2.E-2),#6);
#2842=PRESENTATION_STYLE_ASSIGNMENT((#2841));
#2843=STYLED_ITEM('',(#2842),#2840);
#2844=DIRECTION('',(0.E0,0.E0,-1.E0));
#2845=VECTOR('',#2844,2.8E-1);
#2846=CARTESIAN_POINT('',(2.13E0,1.75E-1,3.E0));
#2847=LINE('',#2846,#2845);
#2848=CURVE_STYLE('',#33,POSITIVE_LENGTH_MEASURE(2.E-2),#6);
#2849=PRESENTATION_STYLE_ASSIGNMENT((#2848));
#2850=STYLED_ITEM('',(#2849),#2847);
#2851=DIRECTION('',(0.E0,1.E0,0.E0));
#2852=VECTOR('',#2851,1.75E-1);
#2853=CARTESIAN_POINT('',(1.87E0,0.E0,2.72E0));
#2854=LINE('',#2853,#2852);
#2855=CURVE_STYLE('',#33,POSITIVE_LENGTH_MEASURE(2.E-2),#6);
#2856=PRESENTATION_STYLE_ASSIGNMENT((#2855));
#2857=STYLED_ITEM('',(#2856),#2854);
#2858=DIRECTION('',(0.E0,-1.E0,0.E0));
#2859=VECTOR('',#2858,1.75E-1);
#2860=CARTESIAN_POINT('',(1.87E0,1.75E-1,3.E0));
#2861=LINE('',#2860,#2859);
#2862=CURVE_STYLE('',#33,POSITIVE_LENGTH_MEASURE(2.E-2),#6);
#2863=PRESENTATION_STYLE_ASSIGNMENT((#2862));
#2864=STYLED_ITEM('',(#2863),#2861);
#2865=DIRECTION('',(0.E0,1.E0,0.E0));
#2866=VECTOR('',#2865,1.75E-1);
#2867=CARTESIAN_POINT('',(1.63E0,0.E0,2.72E0));
#2868=LINE('',#2867,#2866);
#2869=CURVE_STYLE('',#33,POSITIVE_LENGTH_MEASURE(2.E-2),#6);
#2870=PRESENTATION_STYLE_ASSIGNMENT((#2869));
#2871=STYLED_ITEM('',(#2870),#2868);
#2872=DIRECTION('',(0.E0,1.E0,0.E0));
#2873=VECTOR('',#2872,1.75E-1);
#2874=CARTESIAN_POINT('',(1.63E0,0.E0,3.E0));
#2875=LINE('',#2874,#2873);
#2876=CURVE_STYLE('',#33,POSITIVE_LENGTH_MEASURE(2.E-2),#6);
#2877=PRESENTATION_STYLE_ASSIGNMENT((#2876));
#2878=STYLED_ITEM('',(#2877),#2875);
#2879=DIRECTION('',(0.E0,0.E0,1.E0));
#2880=VECTOR('',#2879,2.8E-1);
#2881=CARTESIAN_POINT('',(1.87E0,1.75E-1,2.72E0));
#2882=LINE('',#2881,#2880);
#2883=CURVE_STYLE('',#33,POSITIVE_LENGTH_MEASURE(2.E-2),#6);
#2884=PRESENTATION_STYLE_ASSIGNMENT((#2883));
#2885=STYLED_ITEM('',(#2884),#2882);
#2886=CARTESIAN_POINT('',(1.75E0,1.75E-1,2.72E0));
#2887=DIRECTION('',(0.E0,-1.E0,0.E0));
#2888=DIRECTION('',(-1.E0,0.E0,-1.110223024625E-14));
#2889=AXIS2_PLACEMENT_3D('',#2886,#2887,#2888);
#2891=CURVE_STYLE('',#33,POSITIVE_LENGTH_MEASURE(2.E-2),#6);
#2892=PRESENTATION_STYLE_ASSIGNMENT((#2891));
#2893=STYLED_ITEM('',(#2892),#2890);
#2894=DIRECTION('',(0.E0,0.E0,-1.E0));
#2895=VECTOR('',#2894,2.8E-1);
#2896=CARTESIAN_POINT('',(1.63E0,1.75E-1,3.E0));
#2897=LINE('',#2896,#2895);
#2898=CURVE_STYLE('',#33,POSITIVE_LENGTH_MEASURE(2.E-2),#6);
#2899=PRESENTATION_STYLE_ASSIGNMENT((#2898));
#2900=STYLED_ITEM('',(#2899),#2897);
#2901=DIRECTION('',(0.E0,1.E0,0.E0));
#2902=VECTOR('',#2901,1.75E-1);
#2903=CARTESIAN_POINT('',(1.37E0,0.E0,2.72E0));
#2904=LINE('',#2903,#2902);
#2905=CURVE_STYLE('',#33,POSITIVE_LENGTH_MEASURE(2.E-2),#6);
#2906=PRESENTATION_STYLE_ASSIGNMENT((#2905));
#2907=STYLED_ITEM('',(#2906),#2904);
#2908=DIRECTION('',(0.E0,-1.E0,0.E0));
#2909=VECTOR('',#2908,1.75E-1);
#2910=CARTESIAN_POINT('',(1.37E0,1.75E-1,3.E0));
#2911=LINE('',#2910,#2909);
#2912=CURVE_STYLE('',#33,POSITIVE_LENGTH_MEASURE(2.E-2),#6);
#2913=PRESENTATION_STYLE_ASSIGNMENT((#2912));
#2914=STYLED_ITEM('',(#2913),#2911);
#2915=DIRECTION('',(0.E0,1.E0,0.E0));
#2916=VECTOR('',#2915,1.75E-1);
#2917=CARTESIAN_POINT('',(1.13E0,0.E0,2.72E0));
#2918=LINE('',#2917,#2916);
#2919=CURVE_STYLE('',#33,POSITIVE_LENGTH_MEASURE(2.E-2),#6);
#2920=PRESENTATION_STYLE_ASSIGNMENT((#2919));
#2921=STYLED_ITEM('',(#2920),#2918);
#2922=DIRECTION('',(0.E0,1.E0,0.E0));
#2923=VECTOR('',#2922,1.75E-1);
#2924=CARTESIAN_POINT('',(1.13E0,0.E0,3.E0));
#2925=LINE('',#2924,#2923);
#2926=CURVE_STYLE('',#33,POSITIVE_LENGTH_MEASURE(2.E-2),#6);
#2927=PRESENTATION_STYLE_ASSIGNMENT((#2926));
#2928=STYLED_ITEM('',(#2927),#2925);
#2929=DIRECTION('',(0.E0,0.E0,1.E0));
#2930=VECTOR('',#2929,2.8E-1);
#2931=CARTESIAN_POINT('',(1.37E0,1.75E-1,2.72E0));
#2932=LINE('',#2931,#2930);
#2933=CURVE_STYLE('',#33,POSITIVE_LENGTH_MEASURE(2.E-2),#6);
#2934=PRESENTATION_STYLE_ASSIGNMENT((#2933));
#2935=STYLED_ITEM('',(#2934),#2932);
#2936=CARTESIAN_POINT('',(1.25E0,1.75E-1,2.72E0));
#2937=DIRECTION('',(0.E0,-1.E0,0.E0));
#2938=DIRECTION('',(-1.E0,0.E0,0.E0));
#2939=AXIS2_PLACEMENT_3D('',#2936,#2937,#2938);
#2941=CURVE_STYLE('',#33,POSITIVE_LENGTH_MEASURE(2.E-2),#6);
#2942=PRESENTATION_STYLE_ASSIGNMENT((#2941));
#2943=STYLED_ITEM('',(#2942),#2940);
#2944=DIRECTION('',(0.E0,0.E0,-1.E0));
#2945=VECTOR('',#2944,2.8E-1);
#2946=CARTESIAN_POINT('',(1.13E0,1.75E-1,3.E0));
#2947=LINE('',#2946,#2945);
#2948=CURVE_STYLE('',#33,POSITIVE_LENGTH_MEASURE(2.E-2),#6);
#2949=PRESENTATION_STYLE_ASSIGNMENT((#2948));
#2950=STYLED_ITEM('',(#2949),#2947);
#2951=DIRECTION('',(0.E0,1.E0,0.E0));
#2952=VECTOR('',#2951,1.75E-1);
#2953=CARTESIAN_POINT('',(8.7E-1,0.E0,2.72E0));
#2954=LINE('',#2953,#2952);
#2955=CURVE_STYLE('',#33,POSITIVE_LENGTH_MEASURE(2.E-2),#6);
#2956=PRESENTATION_STYLE_ASSIGNMENT((#2955));
#2957=STYLED_ITEM('',(#2956),#2954);
#2958=DIRECTION('',(0.E0,-1.E0,0.E0));
#2959=VECTOR('',#2958,1.75E-1);
#2960=CARTESIAN_POINT('',(8.7E-1,1.75E-1,3.E0));
#2961=LINE('',#2960,#2959);
#2962=CURVE_STYLE('',#33,POSITIVE_LENGTH_MEASURE(2.E-2),#6);
#2963=PRESENTATION_STYLE_ASSIGNMENT((#2962));
#2964=STYLED_ITEM('',(#2963),#2961);
#2965=DIRECTION('',(0.E0,1.E0,0.E0));
#2966=VECTOR('',#2965,1.75E-1);
#2967=CARTESIAN_POINT('',(6.3E-1,0.E0,2.72E0));
#2968=LINE('',#2967,#2966);
#2969=CURVE_STYLE('',#33,POSITIVE_LENGTH_MEASURE(2.E-2),#6);
#2970=PRESENTATION_STYLE_ASSIGNMENT((#2969));
#2971=STYLED_ITEM('',(#2970),#2968);
#2972=DIRECTION('',(0.E0,1.E0,0.E0));
#2973=VECTOR('',#2972,1.75E-1);
#2974=CARTESIAN_POINT('',(6.3E-1,0.E0,3.E0));
#2975=LINE('',#2974,#2973);
#2976=CURVE_STYLE('',#33,POSITIVE_LENGTH_MEASURE(2.E-2),#6);
#2977=PRESENTATION_STYLE_ASSIGNMENT((#2976));
#2978=STYLED_ITEM('',(#2977),#2975);
#2979=DIRECTION('',(0.E0,0.E0,1.E0));
#2980=VECTOR('',#2979,2.8E-1);
#2981=CARTESIAN_POINT('',(8.7E-1,1.75E-1,2.72E0));
#2982=LINE('',#2981,#2980);
#2983=CURVE_STYLE('',#33,POSITIVE_LENGTH_MEASURE(2.E-2),#6);
#2984=PRESENTATION_STYLE_ASSIGNMENT((#2983));
#2985=STYLED_ITEM('',(#2984),#2982);
#2986=CARTESIAN_POINT('',(7.5E-1,1.75E-1,2.72E0));
#2987=DIRECTION('',(0.E0,-1.E0,0.E0));
#2988=DIRECTION('',(-1.E0,0.E0,0.E0));
#2989=AXIS2_PLACEMENT_3D('',#2986,#2987,#2988);
#2991=CURVE_STYLE('',#33,POSITIVE_LENGTH_MEASURE(2.E-2),#6);
#2992=PRESENTATION_STYLE_ASSIGNMENT((#2991));
#2993=STYLED_ITEM('',(#2992),#2990);
#2994=DIRECTION('',(0.E0,0.E0,-1.E0));
#2995=VECTOR('',#2994,2.8E-1);
#2996=CARTESIAN_POINT('',(6.3E-1,1.75E-1,3.E0));
#2997=LINE('',#2996,#2995);
#2998=CURVE_STYLE('',#33,POSITIVE_LENGTH_MEASURE(2.E-2),#6);
#2999=PRESENTATION_STYLE_ASSIGNMENT((#2998));
#3000=STYLED_ITEM('',(#2999),#2997);
#3001=DIRECTION('',(0.E0,1.E0,0.E0));
#3002=VECTOR('',#3001,1.75E-1);
#3003=CARTESIAN_POINT('',(3.7E-1,0.E0,2.72E0));
#3004=LINE('',#3003,#3002);
#3005=CURVE_STYLE('',#33,POSITIVE_LENGTH_MEASURE(2.E-2),#6);
#3006=PRESENTATION_STYLE_ASSIGNMENT((#3005));
#3007=STYLED_ITEM('',(#3006),#3004);
#3008=DIRECTION('',(0.E0,-1.E0,0.E0));
#3009=VECTOR('',#3008,1.75E-1);
#3010=CARTESIAN_POINT('',(3.7E-1,1.75E-1,3.E0));
#3011=LINE('',#3010,#3009);
#3012=CURVE_STYLE('',#33,POSITIVE_LENGTH_MEASURE(2.E-2),#6);
#3013=PRESENTATION_STYLE_ASSIGNMENT((#3012));
#3014=STYLED_ITEM('',(#3013),#3011);
#3015=DIRECTION('',(0.E0,1.E0,0.E0));
#3016=VECTOR('',#3015,1.75E-1);
#3017=CARTESIAN_POINT('',(1.3E-1,0.E0,2.72E0));
#3018=LINE('',#3017,#3016);
#3019=CURVE_STYLE('',#33,POSITIVE_LENGTH_MEASURE(2.E-2),#6);
#3020=PRESENTATION_STYLE_ASSIGNMENT((#3019));
#3021=STYLED_ITEM('',(#3020),#3018);
#3022=DIRECTION('',(0.E0,1.E0,0.E0));
#3023=VECTOR('',#3022,1.75E-1);
#3024=CARTESIAN_POINT('',(1.3E-1,0.E0,3.E0));
#3025=LINE('',#3024,#3023);
#3026=CURVE_STYLE('',#33,POSITIVE_LENGTH_MEASURE(2.E-2),#6);
#3027=PRESENTATION_STYLE_ASSIGNMENT((#3026));
#3028=STYLED_ITEM('',(#3027),#3025);
#3029=DIRECTION('',(0.E0,0.E0,1.E0));
#3030=VECTOR('',#3029,2.8E-1);
#3031=CARTESIAN_POINT('',(3.7E-1,1.75E-1,2.72E0));
#3032=LINE('',#3031,#3030);
#3033=CURVE_STYLE('',#33,POSITIVE_LENGTH_MEASURE(2.E-2),#6);
#3034=PRESENTATION_STYLE_ASSIGNMENT((#3033));
#3035=STYLED_ITEM('',(#3034),#3032);
#3036=CARTESIAN_POINT('',(2.5E-1,1.75E-1,2.72E0));
#3037=DIRECTION('',(0.E0,-1.E0,0.E0));
#3038=DIRECTION('',(-1.E0,0.E0,0.E0));
#3039=AXIS2_PLACEMENT_3D('',#3036,#3037,#3038);
#3041=CURVE_STYLE('',#33,POSITIVE_LENGTH_MEASURE(2.E-2),#6);
#3042=PRESENTATION_STYLE_ASSIGNMENT((#3041));
#3043=STYLED_ITEM('',(#3042),#3040);
#3044=DIRECTION('',(0.E0,0.E0,-1.E0));
#3045=VECTOR('',#3044,2.8E-1);
#3046=CARTESIAN_POINT('',(1.3E-1,1.75E-1,3.E0));
#3047=LINE('',#3046,#3045);
#3048=CURVE_STYLE('',#33,POSITIVE_LENGTH_MEASURE(2.E-2),#6);
#3049=PRESENTATION_STYLE_ASSIGNMENT((#3048));
#3050=STYLED_ITEM('',(#3049),#3047);
#3051=DIRECTION('',(0.E0,1.E0,0.E0));
#3052=VECTOR('',#3051,1.75E-1);
#3053=CARTESIAN_POINT('',(-1.3E-1,0.E0,2.72E0));
#3054=LINE('',#3053,#3052);
#3055=CURVE_STYLE('',#33,POSITIVE_LENGTH_MEASURE(2.E-2),#6);
#3056=PRESENTATION_STYLE_ASSIGNMENT((#3055));
#3057=STYLED_ITEM('',(#3056),#3054);
#3058=DIRECTION('',(0.E0,-1.E0,0.E0));
#3059=VECTOR('',#3058,1.75E-1);
#3060=CARTESIAN_POINT('',(-1.3E-1,1.75E-1,3.E0));
#3061=LINE('',#3060,#3059);
#3062=CURVE_STYLE('',#33,POSITIVE_LENGTH_MEASURE(2.E-2),#6);
#3063=PRESENTATION_STYLE_ASSIGNMENT((#3062));
#3064=STYLED_ITEM('',(#3063),#3061);
#3065=DIRECTION('',(0.E0,1.E0,0.E0));
#3066=VECTOR('',#3065,1.75E-1);
#3067=CARTESIAN_POINT('',(-3.7E-1,0.E0,2.72E0));
#3068=LINE('',#3067,#3066);
#3069=CURVE_STYLE('',#33,POSITIVE_LENGTH_MEASURE(2.E-2),#6);
#3070=PRESENTATION_STYLE_ASSIGNMENT((#3069));
#3071=STYLED_ITEM('',(#3070),#3068);
#3072=DIRECTION('',(0.E0,1.E0,0.E0));
#3073=VECTOR('',#3072,1.75E-1);
#3074=CARTESIAN_POINT('',(-3.7E-1,0.E0,3.E0));
#3075=LINE('',#3074,#3073);
#3076=CURVE_STYLE('',#33,POSITIVE_LENGTH_MEASURE(2.E-2),#6);
#3077=PRESENTATION_STYLE_ASSIGNMENT((#3076));
#3078=STYLED_ITEM('',(#3077),#3075);
#3079=DIRECTION('',(0.E0,0.E0,1.E0));
#3080=VECTOR('',#3079,2.8E-1);
#3081=CARTESIAN_POINT('',(-1.3E-1,1.75E-1,2.72E0));
#3082=LINE('',#3081,#3080);
#3083=CURVE_STYLE('',#33,POSITIVE_LENGTH_MEASURE(2.E-2),#6);
#3084=PRESENTATION_STYLE_ASSIGNMENT((#3083));
#3085=STYLED_ITEM('',(#3084),#3082);
#3086=CARTESIAN_POINT('',(-2.5E-1,1.75E-1,2.72E0));
#3087=DIRECTION('',(0.E0,-1.E0,0.E0));
#3088=DIRECTION('',(-1.E0,0.E0,0.E0));
#3089=AXIS2_PLACEMENT_3D('',#3086,#3087,#3088);
#3091=CURVE_STYLE('',#33,POSITIVE_LENGTH_MEASURE(2.E-2),#6);
#3092=PRESENTATION_STYLE_ASSIGNMENT((#3091));
#3093=STYLED_ITEM('',(#3092),#3090);
#3094=DIRECTION('',(0.E0,0.E0,-1.E0));
#3095=VECTOR('',#3094,2.8E-1);
#3096=CARTESIAN_POINT('',(-3.7E-1,1.75E-1,3.E0));
#3097=LINE('',#3096,#3095);
#3098=CURVE_STYLE('',#33,POSITIVE_LENGTH_MEASURE(2.E-2),#6);
#3099=PRESENTATION_STYLE_ASSIGNMENT((#3098));
#3100=STYLED_ITEM('',(#3099),#3097);
#3101=DIRECTION('',(0.E0,1.E0,0.E0));
#3102=VECTOR('',#3101,1.75E-1);
#3103=CARTESIAN_POINT('',(-6.3E-1,0.E0,2.72E0));
#3104=LINE('',#3103,#3102);
#3105=CURVE_STYLE('',#33,POSITIVE_LENGTH_MEASURE(2.E-2),#6);
#3106=PRESENTATION_STYLE_ASSIGNMENT((#3105));
#3107=STYLED_ITEM('',(#3106),#3104);
#3108=DIRECTION('',(0.E0,-1.E0,0.E0));
#3109=VECTOR('',#3108,1.75E-1);
#3110=CARTESIAN_POINT('',(-6.3E-1,1.75E-1,3.E0));
#3111=LINE('',#3110,#3109);
#3112=CURVE_STYLE('',#33,POSITIVE_LENGTH_MEASURE(2.E-2),#6);
#3113=PRESENTATION_STYLE_ASSIGNMENT((#3112));
#3114=STYLED_ITEM('',(#3113),#3111);
#3115=DIRECTION('',(0.E0,1.E0,0.E0));
#3116=VECTOR('',#3115,1.75E-1);
#3117=CARTESIAN_POINT('',(-8.7E-1,0.E0,2.72E0));
#3118=LINE('',#3117,#3116);
#3119=CURVE_STYLE('',#33,POSITIVE_LENGTH_MEASURE(2.E-2),#6);
#3120=PRESENTATION_STYLE_ASSIGNMENT((#3119));
#3121=STYLED_ITEM('',(#3120),#3118);
#3122=DIRECTION('',(0.E0,1.E0,0.E0));
#3123=VECTOR('',#3122,1.75E-1);
#3124=CARTESIAN_POINT('',(-8.7E-1,0.E0,3.E0));
#3125=LINE('',#3124,#3123);
#3126=CURVE_STYLE('',#33,POSITIVE_LENGTH_MEASURE(2.E-2),#6);
#3127=PRESENTATION_STYLE_ASSIGNMENT((#3126));
#3128=STYLED_ITEM('',(#3127),#3125);
#3129=DIRECTION('',(0.E0,0.E0,1.E0));
#3130=VECTOR('',#3129,2.8E-1);
#3131=CARTESIAN_POINT('',(-6.3E-1,1.75E-1,2.72E0));
#3132=LINE('',#3131,#3130);
#3133=CURVE_STYLE('',#33,POSITIVE_LENGTH_MEASURE(2.E-2),#6);
#3134=PRESENTATION_STYLE_ASSIGNMENT((#3133));
#3135=STYLED_ITEM('',(#3134),#3132);
#3136=CARTESIAN_POINT('',(-7.5E-1,1.75E-1,2.72E0));
#3137=DIRECTION('',(0.E0,-1.E0,0.E0));
#3138=DIRECTION('',(-1.E0,0.E0,0.E0));
#3139=AXIS2_PLACEMENT_3D('',#3136,#3137,#3138);
#3141=CURVE_STYLE('',#33,POSITIVE_LENGTH_MEASURE(2.E-2),#6);
#3142=PRESENTATION_STYLE_ASSIGNMENT((#3141));
#3143=STYLED_ITEM('',(#3142),#3140);
#3144=DIRECTION('',(0.E0,0.E0,-1.E0));
#3145=VECTOR('',#3144,2.8E-1);
#3146=CARTESIAN_POINT('',(-8.7E-1,1.75E-1,3.E0));
#3147=LINE('',#3146,#3145);
#3148=CURVE_STYLE('',#33,POSITIVE_LENGTH_MEASURE(2.E-2),#6);
#3149=PRESENTATION_STYLE_ASSIGNMENT((#3148));
#3150=STYLED_ITEM('',(#3149),#3147);
#3151=DIRECTION('',(0.E0,1.E0,0.E0));
#3152=VECTOR('',#3151,1.75E-1);
#3153=CARTESIAN_POINT('',(-1.13E0,0.E0,2.72E0));
#3154=LINE('',#3153,#3152);
#3155=CURVE_STYLE('',#33,POSITIVE_LENGTH_MEASURE(2.E-2),#6);
#3156=PRESENTATION_STYLE_ASSIGNMENT((#3155));
#3157=STYLED_ITEM('',(#3156),#3154);
#3158=DIRECTION('',(0.E0,-1.E0,0.E0));
#3159=VECTOR('',#3158,1.75E-1);
#3160=CARTESIAN_POINT('',(-1.13E0,1.75E-1,3.E0));
#3161=LINE('',#3160,#3159);
#3162=CURVE_STYLE('',#33,POSITIVE_LENGTH_MEASURE(2.E-2),#6);
#3163=PRESENTATION_STYLE_ASSIGNMENT((#3162));
#3164=STYLED_ITEM('',(#3163),#3161);
#3165=DIRECTION('',(0.E0,1.E0,0.E0));
#3166=VECTOR('',#3165,1.75E-1);
#3167=CARTESIAN_POINT('',(-1.37E0,0.E0,2.72E0));
#3168=LINE('',#3167,#3166);
#3169=CURVE_STYLE('',#33,POSITIVE_LENGTH_MEASURE(2.E-2),#6);
#3170=PRESENTATION_STYLE_ASSIGNMENT((#3169));
#3171=STYLED_ITEM('',(#3170),#3168);
#3172=DIRECTION('',(0.E0,1.E0,0.E0));
#3173=VECTOR('',#3172,1.75E-1);
#3174=CARTESIAN_POINT('',(-1.37E0,0.E0,3.E0));
#3175=LINE('',#3174,#3173);
#3176=CURVE_STYLE('',#33,POSITIVE_LENGTH_MEASURE(2.E-2),#6);
#3177=PRESENTATION_STYLE_ASSIGNMENT((#3176));
#3178=STYLED_ITEM('',(#3177),#3175);
#3179=DIRECTION('',(0.E0,0.E0,1.E0));
#3180=VECTOR('',#3179,2.8E-1);
#3181=CARTESIAN_POINT('',(-1.13E0,1.75E-1,2.72E0));
#3182=LINE('',#3181,#3180);
#3183=CURVE_STYLE('',#33,POSITIVE_LENGTH_MEASURE(2.E-2),#6);
#3184=PRESENTATION_STYLE_ASSIGNMENT((#3183));
#3185=STYLED_ITEM('',(#3184),#3182);
#3186=CARTESIAN_POINT('',(-1.25E0,1.75E-1,2.72E0));
#3187=DIRECTION('',(0.E0,-1.E0,0.E0));
#3188=DIRECTION('',(-1.E0,0.E0,0.E0));
#3189=AXIS2_PLACEMENT_3D('',#3186,#3187,#3188);
#3191=CURVE_STYLE('',#33,POSITIVE_LENGTH_MEASURE(2.E-2),#6);
#3192=PRESENTATION_STYLE_ASSIGNMENT((#3191));
#3193=STYLED_ITEM('',(#3192),#3190);
#3194=DIRECTION('',(0.E0,0.E0,-1.E0));
#3195=VECTOR('',#3194,2.8E-1);
#3196=CARTESIAN_POINT('',(-1.37E0,1.75E-1,3.E0));
#3197=LINE('',#3196,#3195);
#3198=CURVE_STYLE('',#33,POSITIVE_LENGTH_MEASURE(2.E-2),#6);
#3199=PRESENTATION_STYLE_ASSIGNMENT((#3198));
#3200=STYLED_ITEM('',(#3199),#3197);
#3201=DIRECTION('',(0.E0,1.E0,0.E0));
#3202=VECTOR('',#3201,1.75E-1);
#3203=CARTESIAN_POINT('',(-1.63E0,0.E0,2.72E0));
#3204=LINE('',#3203,#3202);
#3205=CURVE_STYLE('',#33,POSITIVE_LENGTH_MEASURE(2.E-2),#6);
#3206=PRESENTATION_STYLE_ASSIGNMENT((#3205));
#3207=STYLED_ITEM('',(#3206),#3204);
#3208=DIRECTION('',(0.E0,-1.E0,0.E0));
#3209=VECTOR('',#3208,1.75E-1);
#3210=CARTESIAN_POINT('',(-1.63E0,1.75E-1,3.E0));
#3211=LINE('',#3210,#3209);
#3212=CURVE_STYLE('',#33,POSITIVE_LENGTH_MEASURE(2.E-2),#6);
#3213=PRESENTATION_STYLE_ASSIGNMENT((#3212));
#3214=STYLED_ITEM('',(#3213),#3211);
#3215=DIRECTION('',(0.E0,1.E0,0.E0));
#3216=VECTOR('',#3215,1.75E-1);
#3217=CARTESIAN_POINT('',(-1.87E0,0.E0,2.72E0));
#3218=LINE('',#3217,#3216);
#3219=CURVE_STYLE('',#33,POSITIVE_LENGTH_MEASURE(2.E-2),#6);
#3220=PRESENTATION_STYLE_ASSIGNMENT((#3219));
#3221=STYLED_ITEM('',(#3220),#3218);
#3222=DIRECTION('',(0.E0,1.E0,0.E0));
#3223=VECTOR('',#3222,1.75E-1);
#3224=CARTESIAN_POINT('',(-1.87E0,0.E0,3.E0));
#3225=LINE('',#3224,#3223);
#3226=CURVE_STYLE('',#33,POSITIVE_LENGTH_MEASURE(2.E-2),#6);
#3227=PRESENTATION_STYLE_ASSIGNMENT((#3226));
#3228=STYLED_ITEM('',(#3227),#3225);
#3229=DIRECTION('',(0.E0,0.E0,1.E0));
#3230=VECTOR('',#3229,2.8E-1);
#3231=CARTESIAN_POINT('',(-1.63E0,1.75E-1,2.72E0));
#3232=LINE('',#3231,#3230);
#3233=CURVE_STYLE('',#33,POSITIVE_LENGTH_MEASURE(2.E-2),#6);
#3234=PRESENTATION_STYLE_ASSIGNMENT((#3233));
#3235=STYLED_ITEM('',(#3234),#3232);
#3236=CARTESIAN_POINT('',(-1.75E0,1.75E-1,2.72E0));
#3237=DIRECTION('',(0.E0,-1.E0,0.E0));
#3238=DIRECTION('',(-1.E0,0.E0,-1.110223024625E-14));
#3239=AXIS2_PLACEMENT_3D('',#3236,#3237,#3238);
#3241=CURVE_STYLE('',#33,POSITIVE_LENGTH_MEASURE(2.E-2),#6);
#3242=PRESENTATION_STYLE_ASSIGNMENT((#3241));
#3243=STYLED_ITEM('',(#3242),#3240);
#3244=DIRECTION('',(0.E0,0.E0,-1.E0));
#3245=VECTOR('',#3244,2.8E-1);
#3246=CARTESIAN_POINT('',(-1.87E0,1.75E-1,3.E0));
#3247=LINE('',#3246,#3245);
#3248=CURVE_STYLE('',#33,POSITIVE_LENGTH_MEASURE(2.E-2),#6);
#3249=PRESENTATION_STYLE_ASSIGNMENT((#3248));
#3250=STYLED_ITEM('',(#3249),#3247);
#3251=DIRECTION('',(0.E0,-1.E0,0.E0));
#3252=VECTOR('',#3251,1.75E-1);
#3253=CARTESIAN_POINT('',(3.E0,1.75E-1,-2.37E0));
#3254=LINE('',#3253,#3252);
#3255=CURVE_STYLE('',#33,POSITIVE_LENGTH_MEASURE(2.E-2),#6);
#3256=PRESENTATION_STYLE_ASSIGNMENT((#3255));
#3257=STYLED_ITEM('',(#3256),#3254);
#3258=DIRECTION('',(0.E0,-1.E0,0.E0));
#3259=VECTOR('',#3258,1.75E-1);
#3260=CARTESIAN_POINT('',(2.72E0,1.75E-1,-2.37E0));
#3261=LINE('',#3260,#3259);
#3262=CURVE_STYLE('',#33,POSITIVE_LENGTH_MEASURE(2.E-2),#6);
#3263=PRESENTATION_STYLE_ASSIGNMENT((#3262));
#3264=STYLED_ITEM('',(#3263),#3261);
#3265=DIRECTION('',(0.E0,1.E0,0.E0));
#3266=VECTOR('',#3265,1.75E-1);
#3267=CARTESIAN_POINT('',(3.E0,0.E0,-2.13E0));
#3268=LINE('',#3267,#3266);
#3269=CURVE_STYLE('',#33,POSITIVE_LENGTH_MEASURE(2.E-2),#6);
#3270=PRESENTATION_STYLE_ASSIGNMENT((#3269));
#3271=STYLED_ITEM('',(#3270),#3268);
#3272=DIRECTION('',(0.E0,-1.E0,0.E0));
#3273=VECTOR('',#3272,1.75E-1);
#3274=CARTESIAN_POINT('',(2.72E0,1.75E-1,-2.13E0));
#3275=LINE('',#3274,#3273);
#3276=CURVE_STYLE('',#33,POSITIVE_LENGTH_MEASURE(2.E-2),#6);
#3277=PRESENTATION_STYLE_ASSIGNMENT((#3276));
#3278=STYLED_ITEM('',(#3277),#3275);
#3279=DIRECTION('',(-1.E0,0.E0,0.E0));
#3280=VECTOR('',#3279,2.8E-1);
#3281=CARTESIAN_POINT('',(3.E0,1.75E-1,-2.37E0));
#3282=LINE('',#3281,#3280);
#3283=CURVE_STYLE('',#33,POSITIVE_LENGTH_MEASURE(2.E-2),#6);
#3284=PRESENTATION_STYLE_ASSIGNMENT((#3283));
#3285=STYLED_ITEM('',(#3284),#3282);
#3286=CARTESIAN_POINT('',(2.72E0,1.75E-1,-2.25E0));
#3287=DIRECTION('',(0.E0,1.E0,0.E0));
#3288=DIRECTION('',(0.E0,0.E0,-1.E0));
#3289=AXIS2_PLACEMENT_3D('',#3286,#3287,#3288);
#3291=CURVE_STYLE('',#33,POSITIVE_LENGTH_MEASURE(2.E-2),#6);
#3292=PRESENTATION_STYLE_ASSIGNMENT((#3291));
#3293=STYLED_ITEM('',(#3292),#3290);
#3294=DIRECTION('',(1.E0,0.E0,0.E0));
#3295=VECTOR('',#3294,2.8E-1);
#3296=CARTESIAN_POINT('',(2.72E0,1.75E-1,-2.13E0));
#3297=LINE('',#3296,#3295);
#3298=CURVE_STYLE('',#33,POSITIVE_LENGTH_MEASURE(2.E-2),#6);
#3299=PRESENTATION_STYLE_ASSIGNMENT((#3298));
#3300=STYLED_ITEM('',(#3299),#3297);
#3301=DIRECTION('',(0.E0,-1.E0,0.E0));
#3302=VECTOR('',#3301,1.75E-1);
#3303=CARTESIAN_POINT('',(3.E0,1.75E-1,-1.87E0));
#3304=LINE('',#3303,#3302);
#3305=CURVE_STYLE('',#33,POSITIVE_LENGTH_MEASURE(2.E-2),#6);
#3306=PRESENTATION_STYLE_ASSIGNMENT((#3305));
#3307=STYLED_ITEM('',(#3306),#3304);
#3308=DIRECTION('',(0.E0,-1.E0,0.E0));
#3309=VECTOR('',#3308,1.75E-1);
#3310=CARTESIAN_POINT('',(2.72E0,1.75E-1,-1.87E0));
#3311=LINE('',#3310,#3309);
#3312=CURVE_STYLE('',#33,POSITIVE_LENGTH_MEASURE(2.E-2),#6);
#3313=PRESENTATION_STYLE_ASSIGNMENT((#3312));
#3314=STYLED_ITEM('',(#3313),#3311);
#3315=DIRECTION('',(0.E0,1.E0,0.E0));
#3316=VECTOR('',#3315,1.75E-1);
#3317=CARTESIAN_POINT('',(3.E0,0.E0,-1.63E0));
#3318=LINE('',#3317,#3316);
#3319=CURVE_STYLE('',#33,POSITIVE_LENGTH_MEASURE(2.E-2),#6);
#3320=PRESENTATION_STYLE_ASSIGNMENT((#3319));
#3321=STYLED_ITEM('',(#3320),#3318);
#3322=DIRECTION('',(0.E0,-1.E0,0.E0));
#3323=VECTOR('',#3322,1.75E-1);
#3324=CARTESIAN_POINT('',(2.72E0,1.75E-1,-1.63E0));
#3325=LINE('',#3324,#3323);
#3326=CURVE_STYLE('',#33,POSITIVE_LENGTH_MEASURE(2.E-2),#6);
#3327=PRESENTATION_STYLE_ASSIGNMENT((#3326));
#3328=STYLED_ITEM('',(#3327),#3325);
#3329=DIRECTION('',(-1.E0,0.E0,0.E0));
#3330=VECTOR('',#3329,2.8E-1);
#3331=CARTESIAN_POINT('',(3.E0,1.75E-1,-1.87E0));
#3332=LINE('',#3331,#3330);
#3333=CURVE_STYLE('',#33,POSITIVE_LENGTH_MEASURE(2.E-2),#6);
#3334=PRESENTATION_STYLE_ASSIGNMENT((#3333));
#3335=STYLED_ITEM('',(#3334),#3332);
#3336=CARTESIAN_POINT('',(2.72E0,1.75E-1,-1.75E0));
#3337=DIRECTION('',(0.E0,1.E0,0.E0));
#3338=DIRECTION('',(0.E0,0.E0,-1.E0));
#3339=AXIS2_PLACEMENT_3D('',#3336,#3337,#3338);
#3341=CURVE_STYLE('',#33,POSITIVE_LENGTH_MEASURE(2.E-2),#6);
#3342=PRESENTATION_STYLE_ASSIGNMENT((#3341));
#3343=STYLED_ITEM('',(#3342),#3340);
#3344=DIRECTION('',(1.E0,0.E0,0.E0));
#3345=VECTOR('',#3344,2.8E-1);
#3346=CARTESIAN_POINT('',(2.72E0,1.75E-1,-1.63E0));
#3347=LINE('',#3346,#3345);
#3348=CURVE_STYLE('',#33,POSITIVE_LENGTH_MEASURE(2.E-2),#6);
#3349=PRESENTATION_STYLE_ASSIGNMENT((#3348));
#3350=STYLED_ITEM('',(#3349),#3347);
#3351=DIRECTION('',(0.E0,-1.E0,0.E0));
#3352=VECTOR('',#3351,1.75E-1);
#3353=CARTESIAN_POINT('',(3.E0,1.75E-1,-1.37E0));
#3354=LINE('',#3353,#3352);
#3355=CURVE_STYLE('',#33,POSITIVE_LENGTH_MEASURE(2.E-2),#6);
#3356=PRESENTATION_STYLE_ASSIGNMENT((#3355));
#3357=STYLED_ITEM('',(#3356),#3354);
#3358=DIRECTION('',(0.E0,-1.E0,0.E0));
#3359=VECTOR('',#3358,1.75E-1);
#3360=CARTESIAN_POINT('',(2.72E0,1.75E-1,-1.37E0));
#3361=LINE('',#3360,#3359);
#3362=CURVE_STYLE('',#33,POSITIVE_LENGTH_MEASURE(2.E-2),#6);
#3363=PRESENTATION_STYLE_ASSIGNMENT((#3362));
#3364=STYLED_ITEM('',(#3363),#3361);
#3365=DIRECTION('',(0.E0,1.E0,0.E0));
#3366=VECTOR('',#3365,1.75E-1);
#3367=CARTESIAN_POINT('',(3.E0,0.E0,-1.13E0));
#3368=LINE('',#3367,#3366);
#3369=CURVE_STYLE('',#33,POSITIVE_LENGTH_MEASURE(2.E-2),#6);
#3370=PRESENTATION_STYLE_ASSIGNMENT((#3369));
#3371=STYLED_ITEM('',(#3370),#3368);
#3372=DIRECTION('',(0.E0,-1.E0,0.E0));
#3373=VECTOR('',#3372,1.75E-1);
#3374=CARTESIAN_POINT('',(2.72E0,1.75E-1,-1.13E0));
#3375=LINE('',#3374,#3373);
#3376=CURVE_STYLE('',#33,POSITIVE_LENGTH_MEASURE(2.E-2),#6);
#3377=PRESENTATION_STYLE_ASSIGNMENT((#3376));
#3378=STYLED_ITEM('',(#3377),#3375);
#3379=DIRECTION('',(-1.E0,0.E0,0.E0));
#3380=VECTOR('',#3379,2.8E-1);
#3381=CARTESIAN_POINT('',(3.E0,1.75E-1,-1.37E0));
#3382=LINE('',#3381,#3380);
#3383=CURVE_STYLE('',#33,POSITIVE_LENGTH_MEASURE(2.E-2),#6);
#3384=PRESENTATION_STYLE_ASSIGNMENT((#3383));
#3385=STYLED_ITEM('',(#3384),#3382);
#3386=CARTESIAN_POINT('',(2.72E0,1.75E-1,-1.25E0));
#3387=DIRECTION('',(0.E0,1.E0,0.E0));
#3388=DIRECTION('',(0.E0,0.E0,-1.E0));
#3389=AXIS2_PLACEMENT_3D('',#3386,#3387,#3388);
#3391=CURVE_STYLE('',#33,POSITIVE_LENGTH_MEASURE(2.E-2),#6);
#3392=PRESENTATION_STYLE_ASSIGNMENT((#3391));
#3393=STYLED_ITEM('',(#3392),#3390);
#3394=DIRECTION('',(1.E0,0.E0,0.E0));
#3395=VECTOR('',#3394,2.8E-1);
#3396=CARTESIAN_POINT('',(2.72E0,1.75E-1,-1.13E0));
#3397=LINE('',#3396,#3395);
#3398=CURVE_STYLE('',#33,POSITIVE_LENGTH_MEASURE(2.E-2),#6);
#3399=PRESENTATION_STYLE_ASSIGNMENT((#3398));
#3400=STYLED_ITEM('',(#3399),#3397);
#3401=DIRECTION('',(0.E0,-1.E0,0.E0));
#3402=VECTOR('',#3401,1.75E-1);
#3403=CARTESIAN_POINT('',(3.E0,1.75E-1,-8.7E-1));
#3404=LINE('',#3403,#3402);
#3405=CURVE_STYLE('',#33,POSITIVE_LENGTH_MEASURE(2.E-2),#6);
#3406=PRESENTATION_STYLE_ASSIGNMENT((#3405));
#3407=STYLED_ITEM('',(#3406),#3404);
#3408=DIRECTION('',(0.E0,-1.E0,0.E0));
#3409=VECTOR('',#3408,1.75E-1);
#3410=CARTESIAN_POINT('',(2.72E0,1.75E-1,-8.7E-1));
#3411=LINE('',#3410,#3409);
#3412=CURVE_STYLE('',#33,POSITIVE_LENGTH_MEASURE(2.E-2),#6);
#3413=PRESENTATION_STYLE_ASSIGNMENT((#3412));
#3414=STYLED_ITEM('',(#3413),#3411);
#3415=DIRECTION('',(0.E0,1.E0,0.E0));
#3416=VECTOR('',#3415,1.75E-1);
#3417=CARTESIAN_POINT('',(3.E0,0.E0,-6.3E-1));
#3418=LINE('',#3417,#3416);
#3419=CURVE_STYLE('',#33,POSITIVE_LENGTH_MEASURE(2.E-2),#6);
#3420=PRESENTATION_STYLE_ASSIGNMENT((#3419));
#3421=STYLED_ITEM('',(#3420),#3418);
#3422=DIRECTION('',(0.E0,-1.E0,0.E0));
#3423=VECTOR('',#3422,1.75E-1);
#3424=CARTESIAN_POINT('',(2.72E0,1.75E-1,-6.3E-1));
#3425=LINE('',#3424,#3423);
#3426=CURVE_STYLE('',#33,POSITIVE_LENGTH_MEASURE(2.E-2),#6);
#3427=PRESENTATION_STYLE_ASSIGNMENT((#3426));
#3428=STYLED_ITEM('',(#3427),#3425);
#3429=DIRECTION('',(-1.E0,0.E0,0.E0));
#3430=VECTOR('',#3429,2.8E-1);
#3431=CARTESIAN_POINT('',(3.E0,1.75E-1,-8.7E-1));
#3432=LINE('',#3431,#3430);
#3433=CURVE_STYLE('',#33,POSITIVE_LENGTH_MEASURE(2.E-2),#6);
#3434=PRESENTATION_STYLE_ASSIGNMENT((#3433));
#3435=STYLED_ITEM('',(#3434),#3432);
#3436=CARTESIAN_POINT('',(2.72E0,1.75E-1,-7.5E-1));
#3437=DIRECTION('',(0.E0,1.E0,0.E0));
#3438=DIRECTION('',(0.E0,0.E0,-1.E0));
#3439=AXIS2_PLACEMENT_3D('',#3436,#3437,#3438);
#3441=CURVE_STYLE('',#33,POSITIVE_LENGTH_MEASURE(2.E-2),#6);
#3442=PRESENTATION_STYLE_ASSIGNMENT((#3441));
#3443=STYLED_ITEM('',(#3442),#3440);
#3444=DIRECTION('',(1.E0,0.E0,0.E0));
#3445=VECTOR('',#3444,2.8E-1);
#3446=CARTESIAN_POINT('',(2.72E0,1.75E-1,-6.3E-1));
#3447=LINE('',#3446,#3445);
#3448=CURVE_STYLE('',#33,POSITIVE_LENGTH_MEASURE(2.E-2),#6);
#3449=PRESENTATION_STYLE_ASSIGNMENT((#3448));
#3450=STYLED_ITEM('',(#3449),#3447);
#3451=DIRECTION('',(0.E0,-1.E0,0.E0));
#3452=VECTOR('',#3451,1.75E-1);
#3453=CARTESIAN_POINT('',(3.E0,1.75E-1,-3.7E-1));
#3454=LINE('',#3453,#3452);
#3455=CURVE_STYLE('',#33,POSITIVE_LENGTH_MEASURE(2.E-2),#6);
#3456=PRESENTATION_STYLE_ASSIGNMENT((#3455));
#3457=STYLED_ITEM('',(#3456),#3454);
#3458=DIRECTION('',(0.E0,-1.E0,0.E0));
#3459=VECTOR('',#3458,1.75E-1);
#3460=CARTESIAN_POINT('',(2.72E0,1.75E-1,-3.7E-1));
#3461=LINE('',#3460,#3459);
#3462=CURVE_STYLE('',#33,POSITIVE_LENGTH_MEASURE(2.E-2),#6);
#3463=PRESENTATION_STYLE_ASSIGNMENT((#3462));
#3464=STYLED_ITEM('',(#3463),#3461);
#3465=DIRECTION('',(0.E0,1.E0,0.E0));
#3466=VECTOR('',#3465,1.75E-1);
#3467=CARTESIAN_POINT('',(3.E0,0.E0,-1.3E-1));
#3468=LINE('',#3467,#3466);
#3469=CURVE_STYLE('',#33,POSITIVE_LENGTH_MEASURE(2.E-2),#6);
#3470=PRESENTATION_STYLE_ASSIGNMENT((#3469));
#3471=STYLED_ITEM('',(#3470),#3468);
#3472=DIRECTION('',(0.E0,-1.E0,0.E0));
#3473=VECTOR('',#3472,1.75E-1);
#3474=CARTESIAN_POINT('',(2.72E0,1.75E-1,-1.3E-1));
#3475=LINE('',#3474,#3473);
#3476=CURVE_STYLE('',#33,POSITIVE_LENGTH_MEASURE(2.E-2),#6);
#3477=PRESENTATION_STYLE_ASSIGNMENT((#3476));
#3478=STYLED_ITEM('',(#3477),#3475);
#3479=DIRECTION('',(-1.E0,0.E0,0.E0));
#3480=VECTOR('',#3479,2.8E-1);
#3481=CARTESIAN_POINT('',(3.E0,1.75E-1,-3.7E-1));
#3482=LINE('',#3481,#3480);
#3483=CURVE_STYLE('',#33,POSITIVE_LENGTH_MEASURE(2.E-2),#6);
#3484=PRESENTATION_STYLE_ASSIGNMENT((#3483));
#3485=STYLED_ITEM('',(#3484),#3482);
#3486=CARTESIAN_POINT('',(2.72E0,1.75E-1,-2.5E-1));
#3487=DIRECTION('',(0.E0,1.E0,0.E0));
#3488=DIRECTION('',(0.E0,0.E0,-1.E0));
#3489=AXIS2_PLACEMENT_3D('',#3486,#3487,#3488);
#3491=CURVE_STYLE('',#33,POSITIVE_LENGTH_MEASURE(2.E-2),#6);
#3492=PRESENTATION_STYLE_ASSIGNMENT((#3491));
#3493=STYLED_ITEM('',(#3492),#3490);
#3494=DIRECTION('',(1.E0,0.E0,0.E0));
#3495=VECTOR('',#3494,2.8E-1);
#3496=CARTESIAN_POINT('',(2.72E0,1.75E-1,-1.3E-1));
#3497=LINE('',#3496,#3495);
#3498=CURVE_STYLE('',#33,POSITIVE_LENGTH_MEASURE(2.E-2),#6);
#3499=PRESENTATION_STYLE_ASSIGNMENT((#3498));
#3500=STYLED_ITEM('',(#3499),#3497);
#3501=DIRECTION('',(0.E0,-1.E0,0.E0));
#3502=VECTOR('',#3501,1.75E-1);
#3503=CARTESIAN_POINT('',(3.E0,1.75E-1,1.3E-1));
#3504=LINE('',#3503,#3502);
#3505=CURVE_STYLE('',#33,POSITIVE_LENGTH_MEASURE(2.E-2),#6);
#3506=PRESENTATION_STYLE_ASSIGNMENT((#3505));
#3507=STYLED_ITEM('',(#3506),#3504);
#3508=DIRECTION('',(0.E0,-1.E0,0.E0));
#3509=VECTOR('',#3508,1.75E-1);
#3510=CARTESIAN_POINT('',(2.72E0,1.75E-1,1.3E-1));
#3511=LINE('',#3510,#3509);
#3512=CURVE_STYLE('',#33,POSITIVE_LENGTH_MEASURE(2.E-2),#6);
#3513=PRESENTATION_STYLE_ASSIGNMENT((#3512));
#3514=STYLED_ITEM('',(#3513),#3511);
#3515=DIRECTION('',(0.E0,1.E0,0.E0));
#3516=VECTOR('',#3515,1.75E-1);
#3517=CARTESIAN_POINT('',(3.E0,0.E0,3.7E-1));
#3518=LINE('',#3517,#3516);
#3519=CURVE_STYLE('',#33,POSITIVE_LENGTH_MEASURE(2.E-2),#6);
#3520=PRESENTATION_STYLE_ASSIGNMENT((#3519));
#3521=STYLED_ITEM('',(#3520),#3518);
#3522=DIRECTION('',(0.E0,-1.E0,0.E0));
#3523=VECTOR('',#3522,1.75E-1);
#3524=CARTESIAN_POINT('',(2.72E0,1.75E-1,3.7E-1));
#3525=LINE('',#3524,#3523);
#3526=CURVE_STYLE('',#33,POSITIVE_LENGTH_MEASURE(2.E-2),#6);
#3527=PRESENTATION_STYLE_ASSIGNMENT((#3526));
#3528=STYLED_ITEM('',(#3527),#3525);
#3529=DIRECTION('',(-1.E0,0.E0,0.E0));
#3530=VECTOR('',#3529,2.8E-1);
#3531=CARTESIAN_POINT('',(3.E0,1.75E-1,1.3E-1));
#3532=LINE('',#3531,#3530);
#3533=CURVE_STYLE('',#33,POSITIVE_LENGTH_MEASURE(2.E-2),#6);
#3534=PRESENTATION_STYLE_ASSIGNMENT((#3533));
#3535=STYLED_ITEM('',(#3534),#3532);
#3536=CARTESIAN_POINT('',(2.72E0,1.75E-1,2.5E-1));
#3537=DIRECTION('',(0.E0,1.E0,0.E0));
#3538=DIRECTION('',(0.E0,0.E0,-1.E0));
#3539=AXIS2_PLACEMENT_3D('',#3536,#3537,#3538);
#3541=CURVE_STYLE('',#33,POSITIVE_LENGTH_MEASURE(2.E-2),#6);
#3542=PRESENTATION_STYLE_ASSIGNMENT((#3541));
#3543=STYLED_ITEM('',(#3542),#3540);
#3544=DIRECTION('',(1.E0,0.E0,0.E0));
#3545=VECTOR('',#3544,2.8E-1);
#3546=CARTESIAN_POINT('',(2.72E0,1.75E-1,3.7E-1));
#3547=LINE('',#3546,#3545);
#3548=CURVE_STYLE('',#33,POSITIVE_LENGTH_MEASURE(2.E-2),#6);
#3549=PRESENTATION_STYLE_ASSIGNMENT((#3548));
#3550=STYLED_ITEM('',(#3549),#3547);
#3551=DIRECTION('',(0.E0,-1.E0,0.E0));
#3552=VECTOR('',#3551,1.75E-1);
#3553=CARTESIAN_POINT('',(3.E0,1.75E-1,6.3E-1));
#3554=LINE('',#3553,#3552);
#3555=CURVE_STYLE('',#33,POSITIVE_LENGTH_MEASURE(2.E-2),#6);
#3556=PRESENTATION_STYLE_ASSIGNMENT((#3555));
#3557=STYLED_ITEM('',(#3556),#3554);
#3558=DIRECTION('',(0.E0,-1.E0,0.E0));
#3559=VECTOR('',#3558,1.75E-1);
#3560=CARTESIAN_POINT('',(2.72E0,1.75E-1,6.3E-1));
#3561=LINE('',#3560,#3559);
#3562=CURVE_STYLE('',#33,POSITIVE_LENGTH_MEASURE(2.E-2),#6);
#3563=PRESENTATION_STYLE_ASSIGNMENT((#3562));
#3564=STYLED_ITEM('',(#3563),#3561);
#3565=DIRECTION('',(0.E0,1.E0,0.E0));
#3566=VECTOR('',#3565,1.75E-1);
#3567=CARTESIAN_POINT('',(3.E0,0.E0,8.7E-1));
#3568=LINE('',#3567,#3566);
#3569=CURVE_STYLE('',#33,POSITIVE_LENGTH_MEASURE(2.E-2),#6);
#3570=PRESENTATION_STYLE_ASSIGNMENT((#3569));
#3571=STYLED_ITEM('',(#3570),#3568);
#3572=DIRECTION('',(0.E0,-1.E0,0.E0));
#3573=VECTOR('',#3572,1.75E-1);
#3574=CARTESIAN_POINT('',(2.72E0,1.75E-1,8.7E-1));
#3575=LINE('',#3574,#3573);
#3576=CURVE_STYLE('',#33,POSITIVE_LENGTH_MEASURE(2.E-2),#6);
#3577=PRESENTATION_STYLE_ASSIGNMENT((#3576));
#3578=STYLED_ITEM('',(#3577),#3575);
#3579=DIRECTION('',(-1.E0,0.E0,0.E0));
#3580=VECTOR('',#3579,2.8E-1);
#3581=CARTESIAN_POINT('',(3.E0,1.75E-1,6.3E-1));
#3582=LINE('',#3581,#3580);
#3583=CURVE_STYLE('',#33,POSITIVE_LENGTH_MEASURE(2.E-2),#6);
#3584=PRESENTATION_STYLE_ASSIGNMENT((#3583));
#3585=STYLED_ITEM('',(#3584),#3582);
#3586=CARTESIAN_POINT('',(2.72E0,1.75E-1,7.5E-1));
#3587=DIRECTION('',(0.E0,1.E0,0.E0));
#3588=DIRECTION('',(0.E0,0.E0,-1.E0));
#3589=AXIS2_PLACEMENT_3D('',#3586,#3587,#3588);
#3591=CURVE_STYLE('',#33,POSITIVE_LENGTH_MEASURE(2.E-2),#6);
#3592=PRESENTATION_STYLE_ASSIGNMENT((#3591));
#3593=STYLED_ITEM('',(#3592),#3590);
#3594=DIRECTION('',(1.E0,0.E0,0.E0));
#3595=VECTOR('',#3594,2.8E-1);
#3596=CARTESIAN_POINT('',(2.72E0,1.75E-1,8.7E-1));
#3597=LINE('',#3596,#3595);
#3598=CURVE_STYLE('',#33,POSITIVE_LENGTH_MEASURE(2.E-2),#6);
#3599=PRESENTATION_STYLE_ASSIGNMENT((#3598));
#3600=STYLED_ITEM('',(#3599),#3597);
#3601=DIRECTION('',(0.E0,-1.E0,0.E0));
#3602=VECTOR('',#3601,1.75E-1);
#3603=CARTESIAN_POINT('',(3.E0,1.75E-1,1.13E0));
#3604=LINE('',#3603,#3602);
#3605=CURVE_STYLE('',#33,POSITIVE_LENGTH_MEASURE(2.E-2),#6);
#3606=PRESENTATION_STYLE_ASSIGNMENT((#3605));
#3607=STYLED_ITEM('',(#3606),#3604);
#3608=DIRECTION('',(0.E0,-1.E0,0.E0));
#3609=VECTOR('',#3608,1.75E-1);
#3610=CARTESIAN_POINT('',(2.72E0,1.75E-1,1.13E0));
#3611=LINE('',#3610,#3609);
#3612=CURVE_STYLE('',#33,POSITIVE_LENGTH_MEASURE(2.E-2),#6);
#3613=PRESENTATION_STYLE_ASSIGNMENT((#3612));
#3614=STYLED_ITEM('',(#3613),#3611);
#3615=DIRECTION('',(0.E0,1.E0,0.E0));
#3616=VECTOR('',#3615,1.75E-1);
#3617=CARTESIAN_POINT('',(3.E0,0.E0,1.37E0));
#3618=LINE('',#3617,#3616);
#3619=CURVE_STYLE('',#33,POSITIVE_LENGTH_MEASURE(2.E-2),#6);
#3620=PRESENTATION_STYLE_ASSIGNMENT((#3619));
#3621=STYLED_ITEM('',(#3620),#3618);
#3622=DIRECTION('',(0.E0,-1.E0,0.E0));
#3623=VECTOR('',#3622,1.75E-1);
#3624=CARTESIAN_POINT('',(2.72E0,1.75E-1,1.37E0));
#3625=LINE('',#3624,#3623);
#3626=CURVE_STYLE('',#33,POSITIVE_LENGTH_MEASURE(2.E-2),#6);
#3627=PRESENTATION_STYLE_ASSIGNMENT((#3626));
#3628=STYLED_ITEM('',(#3627),#3625);
#3629=DIRECTION('',(-1.E0,0.E0,0.E0));
#3630=VECTOR('',#3629,2.8E-1);
#3631=CARTESIAN_POINT('',(3.E0,1.75E-1,1.13E0));
#3632=LINE('',#3631,#3630);
#3633=CURVE_STYLE('',#33,POSITIVE_LENGTH_MEASURE(2.E-2),#6);
#3634=PRESENTATION_STYLE_ASSIGNMENT((#3633));
#3635=STYLED_ITEM('',(#3634),#3632);
#3636=CARTESIAN_POINT('',(2.72E0,1.75E-1,1.25E0));
#3637=DIRECTION('',(0.E0,1.E0,0.E0));
#3638=DIRECTION('',(-1.110223024625E-14,0.E0,-1.E0));
#3639=AXIS2_PLACEMENT_3D('',#3636,#3637,#3638);
#3641=CURVE_STYLE('',#33,POSITIVE_LENGTH_MEASURE(2.E-2),#6);
#3642=PRESENTATION_STYLE_ASSIGNMENT((#3641));
#3643=STYLED_ITEM('',(#3642),#3640);
#3644=DIRECTION('',(1.E0,0.E0,0.E0));
#3645=VECTOR('',#3644,2.8E-1);
#3646=CARTESIAN_POINT('',(2.72E0,1.75E-1,1.37E0));
#3647=LINE('',#3646,#3645);
#3648=CURVE_STYLE('',#33,POSITIVE_LENGTH_MEASURE(2.E-2),#6);
#3649=PRESENTATION_STYLE_ASSIGNMENT((#3648));
#3650=STYLED_ITEM('',(#3649),#3647);
#3651=DIRECTION('',(0.E0,-1.E0,0.E0));
#3652=VECTOR('',#3651,1.75E-1);
#3653=CARTESIAN_POINT('',(3.E0,1.75E-1,1.63E0));
#3654=LINE('',#3653,#3652);
#3655=CURVE_STYLE('',#33,POSITIVE_LENGTH_MEASURE(2.E-2),#6);
#3656=PRESENTATION_STYLE_ASSIGNMENT((#3655));
#3657=STYLED_ITEM('',(#3656),#3654);
#3658=DIRECTION('',(0.E0,-1.E0,0.E0));
#3659=VECTOR('',#3658,1.75E-1);
#3660=CARTESIAN_POINT('',(2.72E0,1.75E-1,1.63E0));
#3661=LINE('',#3660,#3659);
#3662=CURVE_STYLE('',#33,POSITIVE_LENGTH_MEASURE(2.E-2),#6);
#3663=PRESENTATION_STYLE_ASSIGNMENT((#3662));
#3664=STYLED_ITEM('',(#3663),#3661);
#3665=DIRECTION('',(0.E0,1.E0,0.E0));
#3666=VECTOR('',#3665,1.75E-1);
#3667=CARTESIAN_POINT('',(3.E0,0.E0,1.87E0));
#3668=LINE('',#3667,#3666);
#3669=CURVE_STYLE('',#33,POSITIVE_LENGTH_MEASURE(2.E-2),#6);
#3670=PRESENTATION_STYLE_ASSIGNMENT((#3669));
#3671=STYLED_ITEM('',(#3670),#3668);
#3672=DIRECTION('',(0.E0,-1.E0,0.E0));
#3673=VECTOR('',#3672,1.75E-1);
#3674=CARTESIAN_POINT('',(2.72E0,1.75E-1,1.87E0));
#3675=LINE('',#3674,#3673);
#3676=CURVE_STYLE('',#33,POSITIVE_LENGTH_MEASURE(2.E-2),#6);
#3677=PRESENTATION_STYLE_ASSIGNMENT((#3676));
#3678=STYLED_ITEM('',(#3677),#3675);
#3679=DIRECTION('',(-1.E0,0.E0,0.E0));
#3680=VECTOR('',#3679,2.8E-1);
#3681=CARTESIAN_POINT('',(3.E0,1.75E-1,1.63E0));
#3682=LINE('',#3681,#3680);
#3683=CURVE_STYLE('',#33,POSITIVE_LENGTH_MEASURE(2.E-2),#6);
#3684=PRESENTATION_STYLE_ASSIGNMENT((#3683));
#3685=STYLED_ITEM('',(#3684),#3682);
#3686=CARTESIAN_POINT('',(2.72E0,1.75E-1,1.75E0));
#3687=DIRECTION('',(0.E0,1.E0,0.E0));
#3688=DIRECTION('',(0.E0,0.E0,-1.E0));
#3689=AXIS2_PLACEMENT_3D('',#3686,#3687,#3688);
#3691=CURVE_STYLE('',#33,POSITIVE_LENGTH_MEASURE(2.E-2),#6);
#3692=PRESENTATION_STYLE_ASSIGNMENT((#3691));
#3693=STYLED_ITEM('',(#3692),#3690);
#3694=DIRECTION('',(1.E0,0.E0,0.E0));
#3695=VECTOR('',#3694,2.8E-1);
#3696=CARTESIAN_POINT('',(2.72E0,1.75E-1,1.87E0));
#3697=LINE('',#3696,#3695);
#3698=CURVE_STYLE('',#33,POSITIVE_LENGTH_MEASURE(2.E-2),#6);
#3699=PRESENTATION_STYLE_ASSIGNMENT((#3698));
#3700=STYLED_ITEM('',(#3699),#3697);
#3701=DIRECTION('',(0.E0,1.E0,0.E0));
#3702=VECTOR('',#3701,6.E-2);
#3703=CARTESIAN_POINT('',(-1.725E0,0.E0,-2.075E0));
#3704=LINE('',#3703,#3702);
#3705=CURVE_STYLE('',#33,POSITIVE_LENGTH_MEASURE(2.E-2),#6);
#3706=PRESENTATION_STYLE_ASSIGNMENT((#3705));
#3707=STYLED_ITEM('',(#3706),#3704);
#3708=DIRECTION('',(-7.071067811865E-1,0.E0,7.071067811865E-1));
#3709=VECTOR('',#3708,4.949747468306E-1);
#3710=CARTESIAN_POINT('',(-1.725E0,6.E-2,-2.075E0));
#3711=LINE('',#3710,#3709);
#3712=CURVE_STYLE('',#33,POSITIVE_LENGTH_MEASURE(2.E-2),#6);
#3713=PRESENTATION_STYLE_ASSIGNMENT((#3712));
#3714=STYLED_ITEM('',(#3713),#3711);
#3715=DIRECTION('',(0.E0,-1.E0,0.E0));
#3716=VECTOR('',#3715,6.E-2);
#3717=CARTESIAN_POINT('',(-2.075E0,6.E-2,2.075E0));
#3718=LINE('',#3717,#3716);
#3719=CURVE_STYLE('',#33,POSITIVE_LENGTH_MEASURE(2.E-2),#6);
#3720=PRESENTATION_STYLE_ASSIGNMENT((#3719));
#3721=STYLED_ITEM('',(#3720),#3718);
#3722=DIRECTION('',(0.E0,1.E0,0.E0));
#3723=VECTOR('',#3722,6.E-2);
#3724=CARTESIAN_POINT('',(-2.075E0,0.E0,-1.725E0));
#3725=LINE('',#3724,#3723);
#3726=CURVE_STYLE('',#33,POSITIVE_LENGTH_MEASURE(2.E-2),#6);
#3727=PRESENTATION_STYLE_ASSIGNMENT((#3726));
#3728=STYLED_ITEM('',(#3727),#3725);
#3729=DIRECTION('',(0.E0,-1.E0,0.E0));
#3730=VECTOR('',#3729,6.E-2);
#3731=CARTESIAN_POINT('',(2.075E0,6.E-2,2.075E0));
#3732=LINE('',#3731,#3730);
#3733=CURVE_STYLE('',#33,POSITIVE_LENGTH_MEASURE(2.E-2),#6);
#3734=PRESENTATION_STYLE_ASSIGNMENT((#3733));
#3735=STYLED_ITEM('',(#3734),#3732);
#3736=DIRECTION('',(0.E0,-1.E0,0.E0));
#3737=VECTOR('',#3736,6.E-2);
#3738=CARTESIAN_POINT('',(2.075E0,6.E-2,-2.075E0));
#3739=LINE('',#3738,#3737);
#3740=CURVE_STYLE('',#33,POSITIVE_LENGTH_MEASURE(2.E-2),#6);
#3741=PRESENTATION_STYLE_ASSIGNMENT((#3740));
#3742=STYLED_ITEM('',(#3741),#3739);
#3743=DIRECTION('',(0.E0,0.E0,1.E0));
#3744=VECTOR('',#3743,4.7E0);
#3745=CARTESIAN_POINT('',(-2.35E0,6.E-2,-2.35E0));
#3746=LINE('',#3745,#3744);
#3747=CURVE_STYLE('',#33,POSITIVE_LENGTH_MEASURE(2.E-2),#6);
#3748=PRESENTATION_STYLE_ASSIGNMENT((#3747));
#3749=STYLED_ITEM('',(#3748),#3746);
#3750=DIRECTION('',(-1.E0,0.E0,0.E0));
#3751=VECTOR('',#3750,4.7E0);
#3752=CARTESIAN_POINT('',(2.35E0,6.E-2,-2.35E0));
#3753=LINE('',#3752,#3751);
#3754=CURVE_STYLE('',#33,POSITIVE_LENGTH_MEASURE(2.E-2),#6);
#3755=PRESENTATION_STYLE_ASSIGNMENT((#3754));
#3756=STYLED_ITEM('',(#3755),#3753);
#3757=DIRECTION('',(0.E0,0.E0,-1.E0));
#3758=VECTOR('',#3757,4.7E0);
#3759=CARTESIAN_POINT('',(2.35E0,6.E-2,2.35E0));
#3760=LINE('',#3759,#3758);
#3761=CURVE_STYLE('',#33,POSITIVE_LENGTH_MEASURE(2.E-2),#6);
#3762=PRESENTATION_STYLE_ASSIGNMENT((#3761));
#3763=STYLED_ITEM('',(#3762),#3760);
#3764=DIRECTION('',(1.E0,0.E0,0.E0));
#3765=VECTOR('',#3764,4.7E0);
#3766=CARTESIAN_POINT('',(-2.35E0,6.E-2,2.35E0));
#3767=LINE('',#3766,#3765);
#3768=CURVE_STYLE('',#33,POSITIVE_LENGTH_MEASURE(2.E-2),#6);
#3769=PRESENTATION_STYLE_ASSIGNMENT((#3768));
#3770=STYLED_ITEM('',(#3769),#3767);
#3771=DIRECTION('',(0.E0,0.E0,-1.E0));
#3772=VECTOR('',#3771,3.8E0);
#3773=CARTESIAN_POINT('',(-2.075E0,6.E-2,2.075E0));
#3774=LINE('',#3773,#3772);
#3775=CURVE_STYLE('',#33,POSITIVE_LENGTH_MEASURE(2.E-2),#6);
#3776=PRESENTATION_STYLE_ASSIGNMENT((#3775));
#3777=STYLED_ITEM('',(#3776),#3774);
#3778=DIRECTION('',(-1.E0,0.E0,0.E0));
#3779=VECTOR('',#3778,4.15E0);
#3780=CARTESIAN_POINT('',(2.075E0,6.E-2,2.075E0));
#3781=LINE('',#3780,#3779);
#3782=CURVE_STYLE('',#33,POSITIVE_LENGTH_MEASURE(2.E-2),#6);
#3783=PRESENTATION_STYLE_ASSIGNMENT((#3782));
#3784=STYLED_ITEM('',(#3783),#3781);
#3785=DIRECTION('',(0.E0,0.E0,1.E0));
#3786=VECTOR('',#3785,4.15E0);
#3787=CARTESIAN_POINT('',(2.075E0,6.E-2,-2.075E0));
#3788=LINE('',#3787,#3786);
#3789=CURVE_STYLE('',#33,POSITIVE_LENGTH_MEASURE(2.E-2),#6);
#3790=PRESENTATION_STYLE_ASSIGNMENT((#3789));
#3791=STYLED_ITEM('',(#3790),#3788);
#3792=DIRECTION('',(1.E0,0.E0,0.E0));
#3793=VECTOR('',#3792,3.8E0);
#3794=CARTESIAN_POINT('',(-1.725E0,6.E-2,-2.075E0));
#3795=LINE('',#3794,#3793);
#3796=CURVE_STYLE('',#33,POSITIVE_LENGTH_MEASURE(2.E-2),#6);
#3797=PRESENTATION_STYLE_ASSIGNMENT((#3796));
#3798=STYLED_ITEM('',(#3797),#3795);
#3799=DIRECTION('',(0.E0,-1.E0,0.E0));
#3800=VECTOR('',#3799,1.15E-1);
#3801=CARTESIAN_POINT('',(-2.35E0,1.75E-1,2.35E0));
#3802=LINE('',#3801,#3800);
#3803=CURVE_STYLE('',#33,POSITIVE_LENGTH_MEASURE(2.E-2),#6);
#3804=PRESENTATION_STYLE_ASSIGNMENT((#3803));
#3805=STYLED_ITEM('',(#3804),#3802);
#3806=DIRECTION('',(0.E0,-1.E0,0.E0));
#3807=VECTOR('',#3806,1.15E-1);
#3808=CARTESIAN_POINT('',(2.35E0,1.75E-1,2.35E0));
#3809=LINE('',#3808,#3807);
#3810=CURVE_STYLE('',#33,POSITIVE_LENGTH_MEASURE(2.E-2),#6);
#3811=PRESENTATION_STYLE_ASSIGNMENT((#3810));
#3812=STYLED_ITEM('',(#3811),#3809);
#3813=DIRECTION('',(0.E0,1.E0,0.E0));
#3814=VECTOR('',#3813,1.15E-1);
#3815=CARTESIAN_POINT('',(-2.35E0,6.E-2,-2.35E0));
#3816=LINE('',#3815,#3814);
#3817=CURVE_STYLE('',#33,POSITIVE_LENGTH_MEASURE(2.E-2),#6);
#3818=PRESENTATION_STYLE_ASSIGNMENT((#3817));
#3819=STYLED_ITEM('',(#3818),#3816);
#3820=DIRECTION('',(0.E0,-1.E0,0.E0));
#3821=VECTOR('',#3820,1.15E-1);
#3822=CARTESIAN_POINT('',(2.35E0,1.75E-1,-2.35E0));
#3823=LINE('',#3822,#3821);
#3824=CURVE_STYLE('',#33,POSITIVE_LENGTH_MEASURE(2.E-2),#6);
#3825=PRESENTATION_STYLE_ASSIGNMENT((#3824));
#3826=STYLED_ITEM('',(#3825),#3823);
#3827=DIRECTION('',(0.E0,0.E0,1.E0));
#3828=VECTOR('',#3827,4.7E0);
#3829=CARTESIAN_POINT('',(-2.35E0,1.75E-1,-2.35E0));
#3830=LINE('',#3829,#3828);
#3831=CURVE_STYLE('',#33,POSITIVE_LENGTH_MEASURE(2.E-2),#6);
#3832=PRESENTATION_STYLE_ASSIGNMENT((#3831));
#3833=STYLED_ITEM('',(#3832),#3830);
#3834=DIRECTION('',(1.E0,0.E0,0.E0));
#3835=VECTOR('',#3834,4.7E0);
#3836=CARTESIAN_POINT('',(-2.35E0,1.75E-1,2.35E0));
#3837=LINE('',#3836,#3835);
#3838=CURVE_STYLE('',#33,POSITIVE_LENGTH_MEASURE(2.E-2),#6);
#3839=PRESENTATION_STYLE_ASSIGNMENT((#3838));
#3840=STYLED_ITEM('',(#3839),#3837);
#3841=DIRECTION('',(0.E0,0.E0,-1.E0));
#3842=VECTOR('',#3841,4.7E0);
#3843=CARTESIAN_POINT('',(2.35E0,1.75E-1,2.35E0));
#3844=LINE('',#3843,#3842);
#3845=CURVE_STYLE('',#33,POSITIVE_LENGTH_MEASURE(2.E-2),#6);
#3846=PRESENTATION_STYLE_ASSIGNMENT((#3845));
#3847=STYLED_ITEM('',(#3846),#3844);
#3848=DIRECTION('',(-1.E0,0.E0,0.E0));
#3849=VECTOR('',#3848,4.7E0);
#3850=CARTESIAN_POINT('',(2.35E0,1.75E-1,-2.35E0));
#3851=LINE('',#3850,#3849);
#3852=CURVE_STYLE('',#33,POSITIVE_LENGTH_MEASURE(2.E-2),#6);
#3853=PRESENTATION_STYLE_ASSIGNMENT((#3852));
#3854=STYLED_ITEM('',(#3853),#3851);
#3855=DIRECTION('',(0.E0,-1.E0,0.E0));
#3856=VECTOR('',#3855,1.75E-1);
#3857=CARTESIAN_POINT('',(-2.9E0,1.75E-1,-2.58E0));
#3858=LINE('',#3857,#3856);
#3859=CURVE_STYLE('',#33,POSITIVE_LENGTH_MEASURE(2.E-2),#6);
#3860=PRESENTATION_STYLE_ASSIGNMENT((#3859));
#3861=STYLED_ITEM('',(#3860),#3858);
#3862=DIRECTION('',(0.E0,-1.E0,0.E0));
#3863=VECTOR('',#3862,1.75E-1);
#3864=CARTESIAN_POINT('',(-2.58E0,1.75E-1,-2.58E0));
#3865=LINE('',#3864,#3863);
#3866=CURVE_STYLE('',#33,POSITIVE_LENGTH_MEASURE(2.E-2),#6);
#3867=PRESENTATION_STYLE_ASSIGNMENT((#3866));
#3868=STYLED_ITEM('',(#3867),#3865);
#3869=DIRECTION('',(0.E0,1.E0,0.E0));
#3870=VECTOR('',#3869,1.75E-1);
#3871=CARTESIAN_POINT('',(-2.9E0,0.E0,-2.9E0));
#3872=LINE('',#3871,#3870);
#3873=CURVE_STYLE('',#33,POSITIVE_LENGTH_MEASURE(2.E-2),#6);
#3874=PRESENTATION_STYLE_ASSIGNMENT((#3873));
#3875=STYLED_ITEM('',(#3874),#3872);
#3876=DIRECTION('',(0.E0,-1.E0,0.E0));
#3877=VECTOR('',#3876,1.75E-1);
#3878=CARTESIAN_POINT('',(-2.58E0,1.75E-1,-2.9E0));
#3879=LINE('',#3878,#3877);
#3880=CURVE_STYLE('',#33,POSITIVE_LENGTH_MEASURE(2.E-2),#6);
#3881=PRESENTATION_STYLE_ASSIGNMENT((#3880));
#3882=STYLED_ITEM('',(#3881),#3879);
#3883=DIRECTION('',(0.E0,0.E0,1.E0));
#3884=VECTOR('',#3883,3.2E-1);
#3885=CARTESIAN_POINT('',(-2.9E0,1.75E-1,-2.9E0));
#3886=LINE('',#3885,#3884);
#3887=CURVE_STYLE('',#33,POSITIVE_LENGTH_MEASURE(2.E-2),#6);
#3888=PRESENTATION_STYLE_ASSIGNMENT((#3887));
#3889=STYLED_ITEM('',(#3888),#3886);
#3890=DIRECTION('',(1.E0,0.E0,0.E0));
#3891=VECTOR('',#3890,3.2E-1);
#3892=CARTESIAN_POINT('',(-2.9E0,1.75E-1,-2.58E0));
#3893=LINE('',#3892,#3891);
#3894=CURVE_STYLE('',#33,POSITIVE_LENGTH_MEASURE(2.E-2),#6);
#3895=PRESENTATION_STYLE_ASSIGNMENT((#3894));
#3896=STYLED_ITEM('',(#3895),#3893);
#3897=DIRECTION('',(0.E0,0.E0,-1.E0));
#3898=VECTOR('',#3897,3.2E-1);
#3899=CARTESIAN_POINT('',(-2.58E0,1.75E-1,-2.58E0));
#3900=LINE('',#3899,#3898);
#3901=CURVE_STYLE('',#33,POSITIVE_LENGTH_MEASURE(2.E-2),#6);
#3902=PRESENTATION_STYLE_ASSIGNMENT((#3901));
#3903=STYLED_ITEM('',(#3902),#3900);
#3904=DIRECTION('',(-1.E0,0.E0,0.E0));
#3905=VECTOR('',#3904,3.2E-1);
#3906=CARTESIAN_POINT('',(-2.58E0,1.75E-1,-2.9E0));
#3907=LINE('',#3906,#3905);
#3908=CURVE_STYLE('',#33,POSITIVE_LENGTH_MEASURE(2.E-2),#6);
#3909=PRESENTATION_STYLE_ASSIGNMENT((#3908));
#3910=STYLED_ITEM('',(#3909),#3907);
#3911=DIRECTION('',(-1.E0,0.E0,0.E0));
#3912=VECTOR('',#3911,3.2E-1);
#3913=CARTESIAN_POINT('',(2.9E0,1.75E-1,-2.9E0));
#3914=LINE('',#3913,#3912);
#3915=CURVE_STYLE('',#33,POSITIVE_LENGTH_MEASURE(2.E-2),#6);
#3916=PRESENTATION_STYLE_ASSIGNMENT((#3915));
#3917=STYLED_ITEM('',(#3916),#3914);
#3918=DIRECTION('',(0.E0,0.E0,1.E0));
#3919=VECTOR('',#3918,3.2E-1);
#3920=CARTESIAN_POINT('',(2.58E0,1.75E-1,-2.9E0));
#3921=LINE('',#3920,#3919);
#3922=CURVE_STYLE('',#33,POSITIVE_LENGTH_MEASURE(2.E-2),#6);
#3923=PRESENTATION_STYLE_ASSIGNMENT((#3922));
#3924=STYLED_ITEM('',(#3923),#3921);
#3925=DIRECTION('',(1.E0,0.E0,0.E0));
#3926=VECTOR('',#3925,3.2E-1);
#3927=CARTESIAN_POINT('',(2.58E0,1.75E-1,-2.58E0));
#3928=LINE('',#3927,#3926);
#3929=CURVE_STYLE('',#33,POSITIVE_LENGTH_MEASURE(2.E-2),#6);
#3930=PRESENTATION_STYLE_ASSIGNMENT((#3929));
#3931=STYLED_ITEM('',(#3930),#3928);
#3932=DIRECTION('',(0.E0,0.E0,-1.E0));
#3933=VECTOR('',#3932,3.2E-1);
#3934=CARTESIAN_POINT('',(2.9E0,1.75E-1,-2.58E0));
#3935=LINE('',#3934,#3933);
#3936=CURVE_STYLE('',#33,POSITIVE_LENGTH_MEASURE(2.E-2),#6);
#3937=PRESENTATION_STYLE_ASSIGNMENT((#3936));
#3938=STYLED_ITEM('',(#3937),#3935);
#3939=DIRECTION('',(1.E0,0.E0,0.E0));
#3940=VECTOR('',#3939,3.2E-1);
#3941=CARTESIAN_POINT('',(-2.9E0,1.75E-1,2.9E0));
#3942=LINE('',#3941,#3940);
#3943=CURVE_STYLE('',#33,POSITIVE_LENGTH_MEASURE(2.E-2),#6);
#3944=PRESENTATION_STYLE_ASSIGNMENT((#3943));
#3945=STYLED_ITEM('',(#3944),#3942);
#3946=DIRECTION('',(0.E0,0.E0,-1.E0));
#3947=VECTOR('',#3946,3.2E-1);
#3948=CARTESIAN_POINT('',(-2.58E0,1.75E-1,2.9E0));
#3949=LINE('',#3948,#3947);
#3950=CURVE_STYLE('',#33,POSITIVE_LENGTH_MEASURE(2.E-2),#6);
#3951=PRESENTATION_STYLE_ASSIGNMENT((#3950));
#3952=STYLED_ITEM('',(#3951),#3949);
#3953=DIRECTION('',(-1.E0,0.E0,0.E0));
#3954=VECTOR('',#3953,3.2E-1);
#3955=CARTESIAN_POINT('',(-2.58E0,1.75E-1,2.58E0));
#3956=LINE('',#3955,#3954);
#3957=CURVE_STYLE('',#33,POSITIVE_LENGTH_MEASURE(2.E-2),#6);
#3958=PRESENTATION_STYLE_ASSIGNMENT((#3957));
#3959=STYLED_ITEM('',(#3958),#3956);
#3960=DIRECTION('',(0.E0,0.E0,1.E0));
#3961=VECTOR('',#3960,3.2E-1);
#3962=CARTESIAN_POINT('',(-2.9E0,1.75E-1,2.58E0));
#3963=LINE('',#3962,#3961);
#3964=CURVE_STYLE('',#33,POSITIVE_LENGTH_MEASURE(2.E-2),#6);
#3965=PRESENTATION_STYLE_ASSIGNMENT((#3964));
#3966=STYLED_ITEM('',(#3965),#3963);
#3967=DIRECTION('',(0.E0,0.E0,-1.E0));
#3968=VECTOR('',#3967,3.2E-1);
#3969=CARTESIAN_POINT('',(2.9E0,1.75E-1,2.9E0));
#3970=LINE('',#3969,#3968);
#3971=CURVE_STYLE('',#33,POSITIVE_LENGTH_MEASURE(2.E-2),#6);
#3972=PRESENTATION_STYLE_ASSIGNMENT((#3971));
#3973=STYLED_ITEM('',(#3972),#3970);
#3974=DIRECTION('',(-1.E0,0.E0,0.E0));
#3975=VECTOR('',#3974,3.2E-1);
#3976=CARTESIAN_POINT('',(2.9E0,1.75E-1,2.58E0));
#3977=LINE('',#3976,#3975);
#3978=CURVE_STYLE('',#33,POSITIVE_LENGTH_MEASURE(2.E-2),#6);
#3979=PRESENTATION_STYLE_ASSIGNMENT((#3978));
#3980=STYLED_ITEM('',(#3979),#3977);
#3981=DIRECTION('',(0.E0,0.E0,1.E0));
#3982=VECTOR('',#3981,3.2E-1);
#3983=CARTESIAN_POINT('',(2.58E0,1.75E-1,2.58E0));
#3984=LINE('',#3983,#3982);
#3985=CURVE_STYLE('',#33,POSITIVE_LENGTH_MEASURE(2.E-2),#6);
#3986=PRESENTATION_STYLE_ASSIGNMENT((#3985));
#3987=STYLED_ITEM('',(#3986),#3984);
#3988=DIRECTION('',(1.E0,0.E0,0.E0));
#3989=VECTOR('',#3988,3.2E-1);
#3990=CARTESIAN_POINT('',(2.58E0,1.75E-1,2.9E0));
#3991=LINE('',#3990,#3989);
#3992=CURVE_STYLE('',#33,POSITIVE_LENGTH_MEASURE(2.E-2),#6);
#3993=PRESENTATION_STYLE_ASSIGNMENT((#3992));
#3994=STYLED_ITEM('',(#3993),#3991);
#3995=DIRECTION('',(0.E0,-1.E0,0.E0));
#3996=VECTOR('',#3995,1.75E-1);
#3997=CARTESIAN_POINT('',(2.58E0,1.75E-1,-2.9E0));
#3998=LINE('',#3997,#3996);
#3999=CURVE_STYLE('',#33,POSITIVE_LENGTH_MEASURE(2.E-2),#6);
#4000=PRESENTATION_STYLE_ASSIGNMENT((#3999));
#4001=STYLED_ITEM('',(#4000),#3998);
#4002=DIRECTION('',(0.E0,-1.E0,0.E0));
#4003=VECTOR('',#4002,1.75E-1);
#4004=CARTESIAN_POINT('',(2.58E0,1.75E-1,-2.58E0));
#4005=LINE('',#4004,#4003);
#4006=CURVE_STYLE('',#33,POSITIVE_LENGTH_MEASURE(2.E-2),#6);
#4007=PRESENTATION_STYLE_ASSIGNMENT((#4006));
#4008=STYLED_ITEM('',(#4007),#4005);
#4009=DIRECTION('',(0.E0,1.E0,0.E0));
#4010=VECTOR('',#4009,1.75E-1);
#4011=CARTESIAN_POINT('',(2.9E0,0.E0,-2.9E0));
#4012=LINE('',#4011,#4010);
#4013=CURVE_STYLE('',#33,POSITIVE_LENGTH_MEASURE(2.E-2),#6);
#4014=PRESENTATION_STYLE_ASSIGNMENT((#4013));
#4015=STYLED_ITEM('',(#4014),#4012);
#4016=DIRECTION('',(0.E0,-1.E0,0.E0));
#4017=VECTOR('',#4016,1.75E-1);
#4018=CARTESIAN_POINT('',(2.9E0,1.75E-1,-2.58E0));
#4019=LINE('',#4018,#4017);
#4020=CURVE_STYLE('',#33,POSITIVE_LENGTH_MEASURE(2.E-2),#6);
#4021=PRESENTATION_STYLE_ASSIGNMENT((#4020));
#4022=STYLED_ITEM('',(#4021),#4019);
#4023=DIRECTION('',(0.E0,-1.E0,0.E0));
#4024=VECTOR('',#4023,1.75E-1);
#4025=CARTESIAN_POINT('',(-2.58E0,1.75E-1,2.9E0));
#4026=LINE('',#4025,#4024);
#4027=CURVE_STYLE('',#33,POSITIVE_LENGTH_MEASURE(2.E-2),#6);
#4028=PRESENTATION_STYLE_ASSIGNMENT((#4027));
#4029=STYLED_ITEM('',(#4028),#4026);
#4030=DIRECTION('',(0.E0,-1.E0,0.E0));
#4031=VECTOR('',#4030,1.75E-1);
#4032=CARTESIAN_POINT('',(-2.58E0,1.75E-1,2.58E0));
#4033=LINE('',#4032,#4031);
#4034=CURVE_STYLE('',#33,POSITIVE_LENGTH_MEASURE(2.E-2),#6);
#4035=PRESENTATION_STYLE_ASSIGNMENT((#4034));
#4036=STYLED_ITEM('',(#4035),#4033);
#4037=DIRECTION('',(0.E0,1.E0,0.E0));
#4038=VECTOR('',#4037,1.75E-1);
#4039=CARTESIAN_POINT('',(-2.9E0,0.E0,2.9E0));
#4040=LINE('',#4039,#4038);
#4041=CURVE_STYLE('',#33,POSITIVE_LENGTH_MEASURE(2.E-2),#6);
#4042=PRESENTATION_STYLE_ASSIGNMENT((#4041));
#4043=STYLED_ITEM('',(#4042),#4040);
#4044=DIRECTION('',(0.E0,-1.E0,0.E0));
#4045=VECTOR('',#4044,1.75E-1);
#4046=CARTESIAN_POINT('',(-2.9E0,1.75E-1,2.58E0));
#4047=LINE('',#4046,#4045);
#4048=CURVE_STYLE('',#33,POSITIVE_LENGTH_MEASURE(2.E-2),#6);
#4049=PRESENTATION_STYLE_ASSIGNMENT((#4048));
#4050=STYLED_ITEM('',(#4049),#4047);
#4051=DIRECTION('',(0.E0,-1.E0,0.E0));
#4052=VECTOR('',#4051,1.75E-1);
#4053=CARTESIAN_POINT('',(2.9E0,1.75E-1,2.58E0));
#4054=LINE('',#4053,#4052);
#4055=CURVE_STYLE('',#33,POSITIVE_LENGTH_MEASURE(2.E-2),#6);
#4056=PRESENTATION_STYLE_ASSIGNMENT((#4055));
#4057=STYLED_ITEM('',(#4056),#4054);
#4058=DIRECTION('',(0.E0,-1.E0,0.E0));
#4059=VECTOR('',#4058,1.75E-1);
#4060=CARTESIAN_POINT('',(2.58E0,1.75E-1,2.58E0));
#4061=LINE('',#4060,#4059);
#4062=CURVE_STYLE('',#33,POSITIVE_LENGTH_MEASURE(2.E-2),#6);
#4063=PRESENTATION_STYLE_ASSIGNMENT((#4062));
#4064=STYLED_ITEM('',(#4063),#4061);
#4065=DIRECTION('',(0.E0,1.E0,0.E0));
#4066=VECTOR('',#4065,1.75E-1);
#4067=CARTESIAN_POINT('',(2.9E0,0.E0,2.9E0));
#4068=LINE('',#4067,#4066);
#4069=CURVE_STYLE('',#33,POSITIVE_LENGTH_MEASURE(2.E-2),#6);
#4070=PRESENTATION_STYLE_ASSIGNMENT((#4069));
#4071=STYLED_ITEM('',(#4070),#4068);
#4072=DIRECTION('',(0.E0,-1.E0,0.E0));
#4073=VECTOR('',#4072,1.75E-1);
#4074=CARTESIAN_POINT('',(2.58E0,1.75E-1,2.9E0));
#4075=LINE('',#4074,#4073);
#4076=CURVE_STYLE('',#33,POSITIVE_LENGTH_MEASURE(2.E-2),#6);
#4077=PRESENTATION_STYLE_ASSIGNMENT((#4076));
#4078=STYLED_ITEM('',(#4077),#4075);
#4079=CARTESIAN_POINT('',(-3.E0,9.75E-1,-3.E0));
#4080=CARTESIAN_POINT('',(-3.E0,9.75E-1,3.E0));
#4081=VERTEX_POINT('',#4079);
#4082=VERTEX_POINT('',#4080);
#4083=CARTESIAN_POINT('',(3.E0,9.75E-1,3.E0));
#4084=VERTEX_POINT('',#4083);
#4085=CARTESIAN_POINT('',(3.E0,9.75E-1,-3.E0));
#4086=VERTEX_POINT('',#4085);
#4087=CARTESIAN_POINT('',(-3.E0,0.E0,-3.E0));
#4088=VERTEX_POINT('',#4087);
#4089=CARTESIAN_POINT('',(-3.E0,0.E0,3.E0));
#4090=VERTEX_POINT('',#4089);
#4091=CARTESIAN_POINT('',(3.E0,0.E0,3.E0));
#4092=VERTEX_POINT('',#4091);
#4093=CARTESIAN_POINT('',(3.E0,0.E0,-3.E0));
#4094=VERTEX_POINT('',#4093);
#4095=CARTESIAN_POINT('',(-3.E0,0.E0,-2.37E0));
#4096=VERTEX_POINT('',#4095);
#4097=CARTESIAN_POINT('',(-3.E0,0.E0,-2.13E0));
#4098=CARTESIAN_POINT('',(-3.E0,0.E0,-1.87E0));
#4099=VERTEX_POINT('',#4097);
#4100=VERTEX_POINT('',#4098);
#4101=CARTESIAN_POINT('',(-3.E0,0.E0,-1.63E0));
#4102=CARTESIAN_POINT('',(-3.E0,0.E0,-1.37E0));
#4103=VERTEX_POINT('',#4101);
#4104=VERTEX_POINT('',#4102);
#4105=CARTESIAN_POINT('',(-3.E0,0.E0,-1.13E0));
#4106=CARTESIAN_POINT('',(-3.E0,0.E0,-8.7E-1));
#4107=VERTEX_POINT('',#4105);
#4108=VERTEX_POINT('',#4106);
#4109=CARTESIAN_POINT('',(-3.E0,0.E0,-6.3E-1));
#4110=CARTESIAN_POINT('',(-3.E0,0.E0,-3.7E-1));
#4111=VERTEX_POINT('',#4109);
#4112=VERTEX_POINT('',#4110);
#4113=CARTESIAN_POINT('',(-3.E0,0.E0,-1.3E-1));
#4114=CARTESIAN_POINT('',(-3.E0,0.E0,1.3E-1));
#4115=VERTEX_POINT('',#4113);
#4116=VERTEX_POINT('',#4114);
#4117=CARTESIAN_POINT('',(-2.37E0,0.E0,3.E0));
#4118=VERTEX_POINT('',#4117);
#4119=CARTESIAN_POINT('',(-2.13E0,0.E0,3.E0));
#4120=CARTESIAN_POINT('',(-1.87E0,0.E0,3.E0));
#4121=VERTEX_POINT('',#4119);
#4122=VERTEX_POINT('',#4120);
#4123=CARTESIAN_POINT('',(-1.63E0,0.E0,3.E0));
#4124=CARTESIAN_POINT('',(-1.37E0,0.E0,3.E0));
#4125=VERTEX_POINT('',#4123);
#4126=VERTEX_POINT('',#4124);
#4127=CARTESIAN_POINT('',(-1.13E0,0.E0,3.E0));
#4128=CARTESIAN_POINT('',(-8.7E-1,0.E0,3.E0));
#4129=VERTEX_POINT('',#4127);
#4130=VERTEX_POINT('',#4128);
#4131=CARTESIAN_POINT('',(-6.3E-1,0.E0,3.E0));
#4132=CARTESIAN_POINT('',(-3.7E-1,0.E0,3.E0));
#4133=VERTEX_POINT('',#4131);
#4134=VERTEX_POINT('',#4132);
#4135=CARTESIAN_POINT('',(-1.3E-1,0.E0,3.E0));
#4136=CARTESIAN_POINT('',(1.3E-1,0.E0,3.E0));
#4137=VERTEX_POINT('',#4135);
#4138=VERTEX_POINT('',#4136);
#4139=CARTESIAN_POINT('',(3.7E-1,0.E0,3.E0));
#4140=CARTESIAN_POINT('',(6.3E-1,0.E0,3.E0));
#4141=VERTEX_POINT('',#4139);
#4142=VERTEX_POINT('',#4140);
#4143=CARTESIAN_POINT('',(8.7E-1,0.E0,3.E0));
#4144=CARTESIAN_POINT('',(1.13E0,0.E0,3.E0));
#4145=VERTEX_POINT('',#4143);
#4146=VERTEX_POINT('',#4144);
#4147=CARTESIAN_POINT('',(3.E0,0.E0,2.37E0));
#4148=VERTEX_POINT('',#4147);
#4149=CARTESIAN_POINT('',(3.E0,0.E0,2.13E0));
#4150=CARTESIAN_POINT('',(3.E0,0.E0,1.87E0));
#4151=VERTEX_POINT('',#4149);
#4152=VERTEX_POINT('',#4150);
#4153=CARTESIAN_POINT('',(3.E0,0.E0,1.63E0));
#4154=CARTESIAN_POINT('',(3.E0,0.E0,1.37E0));
#4155=VERTEX_POINT('',#4153);
#4156=VERTEX_POINT('',#4154);
#4157=CARTESIAN_POINT('',(3.E0,0.E0,1.13E0));
#4158=CARTESIAN_POINT('',(3.E0,0.E0,8.7E-1));
#4159=VERTEX_POINT('',#4157);
#4160=VERTEX_POINT('',#4158);
#4161=CARTESIAN_POINT('',(3.E0,0.E0,6.3E-1));
#4162=CARTESIAN_POINT('',(3.E0,0.E0,3.7E-1));
#4163=VERTEX_POINT('',#4161);
#4164=VERTEX_POINT('',#4162);
#4165=CARTESIAN_POINT('',(3.E0,0.E0,1.3E-1));
#4166=CARTESIAN_POINT('',(3.E0,0.E0,-1.3E-1));
#4167=VERTEX_POINT('',#4165);
#4168=VERTEX_POINT('',#4166);
#4169=CARTESIAN_POINT('',(2.37E0,0.E0,-3.E0));
#4170=VERTEX_POINT('',#4169);
#4171=CARTESIAN_POINT('',(2.13E0,0.E0,-3.E0));
#4172=CARTESIAN_POINT('',(1.87E0,0.E0,-3.E0));
#4173=VERTEX_POINT('',#4171);
#4174=VERTEX_POINT('',#4172);
#4175=CARTESIAN_POINT('',(1.63E0,0.E0,-3.E0));
#4176=CARTESIAN_POINT('',(1.37E0,0.E0,-3.E0));
#4177=VERTEX_POINT('',#4175);
#4178=VERTEX_POINT('',#4176);
#4179=CARTESIAN_POINT('',(1.13E0,0.E0,-3.E0));
#4180=CARTESIAN_POINT('',(8.7E-1,0.E0,-3.E0));
#4181=VERTEX_POINT('',#4179);
#4182=VERTEX_POINT('',#4180);
#4183=CARTESIAN_POINT('',(6.3E-1,0.E0,-3.E0));
#4184=CARTESIAN_POINT('',(3.7E-1,0.E0,-3.E0));
#4185=VERTEX_POINT('',#4183);
#4186=VERTEX_POINT('',#4184);
#4187=CARTESIAN_POINT('',(1.3E-1,0.E0,-3.E0));
#4188=CARTESIAN_POINT('',(-1.3E-1,0.E0,-3.E0));
#4189=VERTEX_POINT('',#4187);
#4190=VERTEX_POINT('',#4188);
#4191=CARTESIAN_POINT('',(-3.7E-1,0.E0,-3.E0));
#4192=CARTESIAN_POINT('',(-6.3E-1,0.E0,-3.E0));
#4193=VERTEX_POINT('',#4191);
#4194=VERTEX_POINT('',#4192);
#4195=CARTESIAN_POINT('',(-8.7E-1,0.E0,-3.E0));
#4196=CARTESIAN_POINT('',(-1.13E0,0.E0,-3.E0));
#4197=VERTEX_POINT('',#4195);
#4198=VERTEX_POINT('',#4196);
#4199=CARTESIAN_POINT('',(-2.35E0,6.E-2,-2.35E0));
#4200=CARTESIAN_POINT('',(-2.35E0,6.E-2,2.35E0));
#4201=VERTEX_POINT('',#4199);
#4202=VERTEX_POINT('',#4200);
#4203=CARTESIAN_POINT('',(2.35E0,6.E-2,2.35E0));
#4204=VERTEX_POINT('',#4203);
#4205=CARTESIAN_POINT('',(2.72E0,0.E0,2.13E0));
#4206=VERTEX_POINT('',#4205);
#4207=CARTESIAN_POINT('',(2.72E0,0.E0,2.37E0));
#4208=VERTEX_POINT('',#4207);
#4209=CARTESIAN_POINT('',(2.72E0,0.E0,1.63E0));
#4210=VERTEX_POINT('',#4209);
#4211=CARTESIAN_POINT('',(2.72E0,0.E0,1.87E0));
#4212=VERTEX_POINT('',#4211);
#4213=CARTESIAN_POINT('',(2.72E0,0.E0,1.13E0));
#4214=VERTEX_POINT('',#4213);
#4215=CARTESIAN_POINT('',(2.72E0,0.E0,1.37E0));
#4216=VERTEX_POINT('',#4215);
#4217=CARTESIAN_POINT('',(2.72E0,0.E0,6.3E-1));
#4218=VERTEX_POINT('',#4217);
#4219=CARTESIAN_POINT('',(2.72E0,0.E0,8.7E-1));
#4220=VERTEX_POINT('',#4219);
#4221=CARTESIAN_POINT('',(2.72E0,0.E0,1.3E-1));
#4222=VERTEX_POINT('',#4221);
#4223=CARTESIAN_POINT('',(2.72E0,0.E0,3.7E-1));
#4224=VERTEX_POINT('',#4223);
#4225=CARTESIAN_POINT('',(1.37E0,0.E0,3.E0));
#4226=CARTESIAN_POINT('',(1.63E0,0.E0,3.E0));
#4227=VERTEX_POINT('',#4225);
#4228=VERTEX_POINT('',#4226);
#4229=CARTESIAN_POINT('',(1.87E0,0.E0,3.E0));
#4230=CARTESIAN_POINT('',(2.13E0,0.E0,3.E0));
#4231=VERTEX_POINT('',#4229);
#4232=VERTEX_POINT('',#4230);
#4233=CARTESIAN_POINT('',(2.37E0,0.E0,3.E0));
#4234=VERTEX_POINT('',#4233);
#4235=CARTESIAN_POINT('',(-1.37E0,0.E0,-3.E0));
#4236=CARTESIAN_POINT('',(-1.63E0,0.E0,-3.E0));
#4237=VERTEX_POINT('',#4235);
#4238=VERTEX_POINT('',#4236);
#4239=CARTESIAN_POINT('',(-1.87E0,0.E0,-3.E0));
#4240=CARTESIAN_POINT('',(-2.13E0,0.E0,-3.E0));
#4241=VERTEX_POINT('',#4239);
#4242=VERTEX_POINT('',#4240);
#4243=CARTESIAN_POINT('',(-2.37E0,0.E0,-3.E0));
#4244=VERTEX_POINT('',#4243);
#4245=CARTESIAN_POINT('',(2.075E0,6.E-2,2.075E0));
#4246=CARTESIAN_POINT('',(-2.075E0,6.E-2,2.075E0));
#4247=VERTEX_POINT('',#4245);
#4248=VERTEX_POINT('',#4246);
#4249=CARTESIAN_POINT('',(2.075E0,6.E-2,-2.075E0));
#4250=VERTEX_POINT('',#4249);
#4251=CARTESIAN_POINT('',(2.075E0,0.E0,-2.075E0));
#4252=CARTESIAN_POINT('',(-1.725E0,0.E0,-2.075E0));
#4253=VERTEX_POINT('',#4251);
#4254=VERTEX_POINT('',#4252);
#4255=CARTESIAN_POINT('',(-2.075E0,0.E0,-1.725E0));
#4256=CARTESIAN_POINT('',(-2.075E0,0.E0,2.075E0));
#4257=VERTEX_POINT('',#4255);
#4258=VERTEX_POINT('',#4256);
#4259=CARTESIAN_POINT('',(2.075E0,0.E0,2.075E0));
#4260=VERTEX_POINT('',#4259);
#4261=CARTESIAN_POINT('',(2.35E0,6.E-2,-2.35E0));
#4262=VERTEX_POINT('',#4261);
#4263=CARTESIAN_POINT('',(-2.35E0,1.75E-1,-2.35E0));
#4264=CARTESIAN_POINT('',(-2.35E0,1.75E-1,2.35E0));
#4265=VERTEX_POINT('',#4263);
#4266=VERTEX_POINT('',#4264);
#4267=CARTESIAN_POINT('',(2.35E0,1.75E-1,2.35E0));
#4268=VERTEX_POINT('',#4267);
#4269=CARTESIAN_POINT('',(2.35E0,1.75E-1,-2.35E0));
#4270=VERTEX_POINT('',#4269);
#4271=CARTESIAN_POINT('',(2.72E0,1.75E-1,2.13E0));
#4272=CARTESIAN_POINT('',(2.72E0,1.75E-1,2.37E0));
#4273=VERTEX_POINT('',#4271);
#4274=VERTEX_POINT('',#4272);
#4275=CARTESIAN_POINT('',(2.72E0,1.75E-1,1.63E0));
#4276=CARTESIAN_POINT('',(2.72E0,1.75E-1,1.87E0));
#4277=VERTEX_POINT('',#4275);
#4278=VERTEX_POINT('',#4276);
#4279=CARTESIAN_POINT('',(2.72E0,1.75E-1,1.13E0));
#4280=CARTESIAN_POINT('',(2.72E0,1.75E-1,1.37E0));
#4281=VERTEX_POINT('',#4279);
#4282=VERTEX_POINT('',#4280);
#4283=CARTESIAN_POINT('',(2.72E0,1.75E-1,6.3E-1));
#4284=CARTESIAN_POINT('',(2.72E0,1.75E-1,8.7E-1));
#4285=VERTEX_POINT('',#4283);
#4286=VERTEX_POINT('',#4284);
#4287=CARTESIAN_POINT('',(2.72E0,1.75E-1,1.3E-1));
#4288=CARTESIAN_POINT('',(2.72E0,1.75E-1,3.7E-1));
#4289=VERTEX_POINT('',#4287);
#4290=VERTEX_POINT('',#4288);
#4291=CARTESIAN_POINT('',(3.E0,1.75E-1,2.13E0));
#4292=VERTEX_POINT('',#4291);
#4293=CARTESIAN_POINT('',(3.E0,1.75E-1,2.37E0));
#4294=VERTEX_POINT('',#4293);
#4295=CARTESIAN_POINT('',(3.E0,1.75E-1,1.63E0));
#4296=VERTEX_POINT('',#4295);
#4297=CARTESIAN_POINT('',(3.E0,1.75E-1,1.87E0));
#4298=VERTEX_POINT('',#4297);
#4299=CARTESIAN_POINT('',(3.E0,1.75E-1,1.13E0));
#4300=VERTEX_POINT('',#4299);
#4301=CARTESIAN_POINT('',(3.E0,1.75E-1,1.37E0));
#4302=VERTEX_POINT('',#4301);
#4303=CARTESIAN_POINT('',(3.E0,1.75E-1,6.3E-1));
#4304=VERTEX_POINT('',#4303);
#4305=CARTESIAN_POINT('',(3.E0,1.75E-1,8.7E-1));
#4306=VERTEX_POINT('',#4305);
#4307=CARTESIAN_POINT('',(3.E0,1.75E-1,1.3E-1));
#4308=VERTEX_POINT('',#4307);
#4309=CARTESIAN_POINT('',(3.E0,1.75E-1,3.7E-1));
#4310=VERTEX_POINT('',#4309);
#4311=CARTESIAN_POINT('',(-3.E0,0.E0,2.13E0));
#4312=CARTESIAN_POINT('',(-2.72E0,0.E0,2.13E0));
#4313=VERTEX_POINT('',#4311);
#4314=VERTEX_POINT('',#4312);
#4315=CARTESIAN_POINT('',(-2.72E0,0.E0,2.37E0));
#4316=VERTEX_POINT('',#4315);
#4317=CARTESIAN_POINT('',(-3.E0,0.E0,2.37E0));
#4318=VERTEX_POINT('',#4317);
#4319=CARTESIAN_POINT('',(-3.E0,0.E0,1.63E0));
#4320=CARTESIAN_POINT('',(-2.72E0,0.E0,1.63E0));
#4321=VERTEX_POINT('',#4319);
#4322=VERTEX_POINT('',#4320);
#4323=CARTESIAN_POINT('',(-2.72E0,0.E0,1.87E0));
#4324=VERTEX_POINT('',#4323);
#4325=CARTESIAN_POINT('',(-3.E0,0.E0,1.87E0));
#4326=VERTEX_POINT('',#4325);
#4327=CARTESIAN_POINT('',(-3.E0,0.E0,1.13E0));
#4328=CARTESIAN_POINT('',(-2.72E0,0.E0,1.13E0));
#4329=VERTEX_POINT('',#4327);
#4330=VERTEX_POINT('',#4328);
#4331=CARTESIAN_POINT('',(-2.72E0,0.E0,1.37E0));
#4332=VERTEX_POINT('',#4331);
#4333=CARTESIAN_POINT('',(-3.E0,0.E0,1.37E0));
#4334=VERTEX_POINT('',#4333);
#4335=CARTESIAN_POINT('',(-3.E0,0.E0,6.3E-1));
#4336=CARTESIAN_POINT('',(-2.72E0,0.E0,6.3E-1));
#4337=VERTEX_POINT('',#4335);
#4338=VERTEX_POINT('',#4336);
#4339=CARTESIAN_POINT('',(-2.72E0,0.E0,8.7E-1));
#4340=VERTEX_POINT('',#4339);
#4341=CARTESIAN_POINT('',(-3.E0,0.E0,8.7E-1));
#4342=VERTEX_POINT('',#4341);
#4343=CARTESIAN_POINT('',(-2.72E0,0.E0,1.3E-1));
#4344=VERTEX_POINT('',#4343);
#4345=CARTESIAN_POINT('',(-2.72E0,0.E0,3.7E-1));
#4346=VERTEX_POINT('',#4345);
#4347=CARTESIAN_POINT('',(-3.E0,0.E0,3.7E-1));
#4348=VERTEX_POINT('',#4347);
#4349=CARTESIAN_POINT('',(-2.72E0,1.75E-1,2.13E0));
#4350=CARTESIAN_POINT('',(-2.72E0,1.75E-1,2.37E0));
#4351=VERTEX_POINT('',#4349);
#4352=VERTEX_POINT('',#4350);
#4353=CARTESIAN_POINT('',(-2.72E0,1.75E-1,1.63E0));
#4354=CARTESIAN_POINT('',(-2.72E0,1.75E-1,1.87E0));
#4355=VERTEX_POINT('',#4353);
#4356=VERTEX_POINT('',#4354);
#4357=CARTESIAN_POINT('',(-2.72E0,1.75E-1,1.13E0));
#4358=CARTESIAN_POINT('',(-2.72E0,1.75E-1,1.37E0));
#4359=VERTEX_POINT('',#4357);
#4360=VERTEX_POINT('',#4358);
#4361=CARTESIAN_POINT('',(-2.72E0,1.75E-1,6.3E-1));
#4362=CARTESIAN_POINT('',(-2.72E0,1.75E-1,8.7E-1));
#4363=VERTEX_POINT('',#4361);
#4364=VERTEX_POINT('',#4362);
#4365=CARTESIAN_POINT('',(-2.72E0,1.75E-1,1.3E-1));
#4366=CARTESIAN_POINT('',(-2.72E0,1.75E-1,3.7E-1));
#4367=VERTEX_POINT('',#4365);
#4368=VERTEX_POINT('',#4366);
#4369=CARTESIAN_POINT('',(-3.E0,1.75E-1,2.37E0));
#4370=CARTESIAN_POINT('',(-3.E0,1.75E-1,2.13E0));
#4371=VERTEX_POINT('',#4369);
#4372=VERTEX_POINT('',#4370);
#4373=CARTESIAN_POINT('',(-3.E0,1.75E-1,1.87E0));
#4374=CARTESIAN_POINT('',(-3.E0,1.75E-1,1.63E0));
#4375=VERTEX_POINT('',#4373);
#4376=VERTEX_POINT('',#4374);
#4377=CARTESIAN_POINT('',(-3.E0,1.75E-1,1.37E0));
#4378=CARTESIAN_POINT('',(-3.E0,1.75E-1,1.13E0));
#4379=VERTEX_POINT('',#4377);
#4380=VERTEX_POINT('',#4378);
#4381=CARTESIAN_POINT('',(-3.E0,1.75E-1,3.7E-1));
#4382=CARTESIAN_POINT('',(-3.E0,1.75E-1,1.3E-1));
#4383=VERTEX_POINT('',#4381);
#4384=VERTEX_POINT('',#4382);
#4385=CARTESIAN_POINT('',(-3.E0,1.75E-1,6.3E-1));
#4386=VERTEX_POINT('',#4385);
#4387=CARTESIAN_POINT('',(-3.E0,1.75E-1,8.7E-1));
#4388=VERTEX_POINT('',#4387);
#4389=CARTESIAN_POINT('',(3.E0,0.E0,-3.7E-1));
#4390=CARTESIAN_POINT('',(2.72E0,0.E0,-3.7E-1));
#4391=VERTEX_POINT('',#4389);
#4392=VERTEX_POINT('',#4390);
#4393=CARTESIAN_POINT('',(2.72E0,0.E0,-1.3E-1));
#4394=VERTEX_POINT('',#4393);
#4395=CARTESIAN_POINT('',(3.E0,0.E0,-8.7E-1));
#4396=CARTESIAN_POINT('',(2.72E0,0.E0,-8.7E-1));
#4397=VERTEX_POINT('',#4395);
#4398=VERTEX_POINT('',#4396);
#4399=CARTESIAN_POINT('',(2.72E0,0.E0,-6.3E-1));
#4400=VERTEX_POINT('',#4399);
#4401=CARTESIAN_POINT('',(3.E0,0.E0,-6.3E-1));
#4402=VERTEX_POINT('',#4401);
#4403=CARTESIAN_POINT('',(3.E0,0.E0,-1.37E0));
#4404=CARTESIAN_POINT('',(2.72E0,0.E0,-1.37E0));
#4405=VERTEX_POINT('',#4403);
#4406=VERTEX_POINT('',#4404);
#4407=CARTESIAN_POINT('',(2.72E0,0.E0,-1.13E0));
#4408=VERTEX_POINT('',#4407);
#4409=CARTESIAN_POINT('',(3.E0,0.E0,-1.13E0));
#4410=VERTEX_POINT('',#4409);
#4411=CARTESIAN_POINT('',(3.E0,0.E0,-1.87E0));
#4412=CARTESIAN_POINT('',(2.72E0,0.E0,-1.87E0));
#4413=VERTEX_POINT('',#4411);
#4414=VERTEX_POINT('',#4412);
#4415=CARTESIAN_POINT('',(2.72E0,0.E0,-1.63E0));
#4416=VERTEX_POINT('',#4415);
#4417=CARTESIAN_POINT('',(3.E0,0.E0,-1.63E0));
#4418=VERTEX_POINT('',#4417);
#4419=CARTESIAN_POINT('',(3.E0,0.E0,-2.37E0));
#4420=CARTESIAN_POINT('',(2.72E0,0.E0,-2.37E0));
#4421=VERTEX_POINT('',#4419);
#4422=VERTEX_POINT('',#4420);
#4423=CARTESIAN_POINT('',(2.72E0,0.E0,-2.13E0));
#4424=VERTEX_POINT('',#4423);
#4425=CARTESIAN_POINT('',(3.E0,0.E0,-2.13E0));
#4426=VERTEX_POINT('',#4425);
#4427=CARTESIAN_POINT('',(-2.72E0,0.E0,-3.7E-1));
#4428=VERTEX_POINT('',#4427);
#4429=CARTESIAN_POINT('',(-2.72E0,0.E0,-1.3E-1));
#4430=VERTEX_POINT('',#4429);
#4431=CARTESIAN_POINT('',(-2.72E0,0.E0,-8.7E-1));
#4432=VERTEX_POINT('',#4431);
#4433=CARTESIAN_POINT('',(-2.72E0,0.E0,-6.3E-1));
#4434=VERTEX_POINT('',#4433);
#4435=CARTESIAN_POINT('',(-2.72E0,0.E0,-1.37E0));
#4436=VERTEX_POINT('',#4435);
#4437=CARTESIAN_POINT('',(-2.72E0,0.E0,-1.13E0));
#4438=VERTEX_POINT('',#4437);
#4439=CARTESIAN_POINT('',(-2.72E0,0.E0,-1.87E0));
#4440=VERTEX_POINT('',#4439);
#4441=CARTESIAN_POINT('',(-2.72E0,0.E0,-1.63E0));
#4442=VERTEX_POINT('',#4441);
#4443=CARTESIAN_POINT('',(-2.72E0,0.E0,-2.37E0));
#4444=VERTEX_POINT('',#4443);
#4445=CARTESIAN_POINT('',(-2.72E0,0.E0,-2.13E0));
#4446=VERTEX_POINT('',#4445);
#4447=CARTESIAN_POINT('',(2.72E0,1.75E-1,-3.7E-1));
#4448=CARTESIAN_POINT('',(2.72E0,1.75E-1,-1.3E-1));
#4449=VERTEX_POINT('',#4447);
#4450=VERTEX_POINT('',#4448);
#4451=CARTESIAN_POINT('',(2.72E0,1.75E-1,-8.7E-1));
#4452=CARTESIAN_POINT('',(2.72E0,1.75E-1,-6.3E-1));
#4453=VERTEX_POINT('',#4451);
#4454=VERTEX_POINT('',#4452);
#4455=CARTESIAN_POINT('',(2.72E0,1.75E-1,-1.37E0));
#4456=CARTESIAN_POINT('',(2.72E0,1.75E-1,-1.13E0));
#4457=VERTEX_POINT('',#4455);
#4458=VERTEX_POINT('',#4456);
#4459=CARTESIAN_POINT('',(2.72E0,1.75E-1,-1.87E0));
#4460=CARTESIAN_POINT('',(2.72E0,1.75E-1,-1.63E0));
#4461=VERTEX_POINT('',#4459);
#4462=VERTEX_POINT('',#4460);
#4463=CARTESIAN_POINT('',(2.72E0,1.75E-1,-2.37E0));
#4464=CARTESIAN_POINT('',(2.72E0,1.75E-1,-2.13E0));
#4465=VERTEX_POINT('',#4463);
#4466=VERTEX_POINT('',#4464);
#4467=CARTESIAN_POINT('',(-2.72E0,1.75E-1,-3.7E-1));
#4468=CARTESIAN_POINT('',(-2.72E0,1.75E-1,-1.3E-1));
#4469=VERTEX_POINT('',#4467);
#4470=VERTEX_POINT('',#4468);
#4471=CARTESIAN_POINT('',(-2.72E0,1.75E-1,-8.7E-1));
#4472=CARTESIAN_POINT('',(-2.72E0,1.75E-1,-6.3E-1));
#4473=VERTEX_POINT('',#4471);
#4474=VERTEX_POINT('',#4472);
#4475=CARTESIAN_POINT('',(-2.72E0,1.75E-1,-1.37E0));
#4476=CARTESIAN_POINT('',(-2.72E0,1.75E-1,-1.13E0));
#4477=VERTEX_POINT('',#4475);
#4478=VERTEX_POINT('',#4476);
#4479=CARTESIAN_POINT('',(-2.72E0,1.75E-1,-1.87E0));
#4480=CARTESIAN_POINT('',(-2.72E0,1.75E-1,-1.63E0));
#4481=VERTEX_POINT('',#4479);
#4482=VERTEX_POINT('',#4480);
#4483=CARTESIAN_POINT('',(-2.72E0,1.75E-1,-2.37E0));
#4484=CARTESIAN_POINT('',(-2.72E0,1.75E-1,-2.13E0));
#4485=VERTEX_POINT('',#4483);
#4486=VERTEX_POINT('',#4484);
#4487=CARTESIAN_POINT('',(-3.E0,1.75E-1,-1.3E-1));
#4488=CARTESIAN_POINT('',(-3.E0,1.75E-1,-3.7E-1));
#4489=VERTEX_POINT('',#4487);
#4490=VERTEX_POINT('',#4488);
#4491=CARTESIAN_POINT('',(-3.E0,1.75E-1,-6.3E-1));
#4492=CARTESIAN_POINT('',(-3.E0,1.75E-1,-8.7E-1));
#4493=VERTEX_POINT('',#4491);
#4494=VERTEX_POINT('',#4492);
#4495=CARTESIAN_POINT('',(-3.E0,1.75E-1,-1.13E0));
#4496=CARTESIAN_POINT('',(-3.E0,1.75E-1,-1.37E0));
#4497=VERTEX_POINT('',#4495);
#4498=VERTEX_POINT('',#4496);
#4499=CARTESIAN_POINT('',(-3.E0,1.75E-1,-1.63E0));
#4500=CARTESIAN_POINT('',(-3.E0,1.75E-1,-1.87E0));
#4501=VERTEX_POINT('',#4499);
#4502=VERTEX_POINT('',#4500);
#4503=CARTESIAN_POINT('',(-3.E0,1.75E-1,-2.13E0));
#4504=CARTESIAN_POINT('',(-3.E0,1.75E-1,-2.37E0));
#4505=VERTEX_POINT('',#4503);
#4506=VERTEX_POINT('',#4504);
#4507=CARTESIAN_POINT('',(3.E0,1.75E-1,-1.3E-1));
#4508=CARTESIAN_POINT('',(3.E0,1.75E-1,-3.7E-1));
#4509=VERTEX_POINT('',#4507);
#4510=VERTEX_POINT('',#4508);
#4511=CARTESIAN_POINT('',(3.E0,1.75E-1,-6.3E-1));
#4512=CARTESIAN_POINT('',(3.E0,1.75E-1,-8.7E-1));
#4513=VERTEX_POINT('',#4511);
#4514=VERTEX_POINT('',#4512);
#4515=CARTESIAN_POINT('',(3.E0,1.75E-1,-1.13E0));
#4516=CARTESIAN_POINT('',(3.E0,1.75E-1,-1.37E0));
#4517=VERTEX_POINT('',#4515);
#4518=VERTEX_POINT('',#4516);
#4519=CARTESIAN_POINT('',(3.E0,1.75E-1,-1.63E0));
#4520=CARTESIAN_POINT('',(3.E0,1.75E-1,-1.87E0));
#4521=VERTEX_POINT('',#4519);
#4522=VERTEX_POINT('',#4520);
#4523=CARTESIAN_POINT('',(3.E0,1.75E-1,-2.13E0));
#4524=CARTESIAN_POINT('',(3.E0,1.75E-1,-2.37E0));
#4525=VERTEX_POINT('',#4523);
#4526=VERTEX_POINT('',#4524);
#4527=CARTESIAN_POINT('',(-2.37E0,0.E0,-2.72E0));
#4528=VERTEX_POINT('',#4527);
#4529=CARTESIAN_POINT('',(-2.13E0,0.E0,-2.72E0));
#4530=VERTEX_POINT('',#4529);
#4531=CARTESIAN_POINT('',(-1.87E0,0.E0,-2.72E0));
#4532=VERTEX_POINT('',#4531);
#4533=CARTESIAN_POINT('',(-1.63E0,0.E0,-2.72E0));
#4534=VERTEX_POINT('',#4533);
#4535=CARTESIAN_POINT('',(-1.37E0,0.E0,-2.72E0));
#4536=VERTEX_POINT('',#4535);
#4537=CARTESIAN_POINT('',(-1.13E0,0.E0,-2.72E0));
#4538=VERTEX_POINT('',#4537);
#4539=CARTESIAN_POINT('',(-8.7E-1,0.E0,-2.72E0));
#4540=VERTEX_POINT('',#4539);
#4541=CARTESIAN_POINT('',(-6.3E-1,0.E0,-2.72E0));
#4542=VERTEX_POINT('',#4541);
#4543=CARTESIAN_POINT('',(-3.7E-1,0.E0,-2.72E0));
#4544=VERTEX_POINT('',#4543);
#4545=CARTESIAN_POINT('',(-1.3E-1,0.E0,-2.72E0));
#4546=VERTEX_POINT('',#4545);
#4547=CARTESIAN_POINT('',(1.3E-1,0.E0,-2.72E0));
#4548=VERTEX_POINT('',#4547);
#4549=CARTESIAN_POINT('',(3.7E-1,0.E0,-2.72E0));
#4550=VERTEX_POINT('',#4549);
#4551=CARTESIAN_POINT('',(6.3E-1,0.E0,-2.72E0));
#4552=VERTEX_POINT('',#4551);
#4553=CARTESIAN_POINT('',(8.7E-1,0.E0,-2.72E0));
#4554=VERTEX_POINT('',#4553);
#4555=CARTESIAN_POINT('',(1.13E0,0.E0,-2.72E0));
#4556=VERTEX_POINT('',#4555);
#4557=CARTESIAN_POINT('',(1.37E0,0.E0,-2.72E0));
#4558=VERTEX_POINT('',#4557);
#4559=CARTESIAN_POINT('',(1.63E0,0.E0,-2.72E0));
#4560=VERTEX_POINT('',#4559);
#4561=CARTESIAN_POINT('',(1.87E0,0.E0,-2.72E0));
#4562=VERTEX_POINT('',#4561);
#4563=CARTESIAN_POINT('',(2.13E0,0.E0,-2.72E0));
#4564=VERTEX_POINT('',#4563);
#4565=CARTESIAN_POINT('',(2.37E0,0.E0,-2.72E0));
#4566=VERTEX_POINT('',#4565);
#4567=CARTESIAN_POINT('',(-2.37E0,0.E0,2.72E0));
#4568=VERTEX_POINT('',#4567);
#4569=CARTESIAN_POINT('',(-2.13E0,0.E0,2.72E0));
#4570=VERTEX_POINT('',#4569);
#4571=CARTESIAN_POINT('',(-1.87E0,0.E0,2.72E0));
#4572=VERTEX_POINT('',#4571);
#4573=CARTESIAN_POINT('',(-1.63E0,0.E0,2.72E0));
#4574=VERTEX_POINT('',#4573);
#4575=CARTESIAN_POINT('',(-1.37E0,0.E0,2.72E0));
#4576=VERTEX_POINT('',#4575);
#4577=CARTESIAN_POINT('',(-1.13E0,0.E0,2.72E0));
#4578=VERTEX_POINT('',#4577);
#4579=CARTESIAN_POINT('',(-8.7E-1,0.E0,2.72E0));
#4580=VERTEX_POINT('',#4579);
#4581=CARTESIAN_POINT('',(-6.3E-1,0.E0,2.72E0));
#4582=VERTEX_POINT('',#4581);
#4583=CARTESIAN_POINT('',(-3.7E-1,0.E0,2.72E0));
#4584=VERTEX_POINT('',#4583);
#4585=CARTESIAN_POINT('',(-1.3E-1,0.E0,2.72E0));
#4586=VERTEX_POINT('',#4585);
#4587=CARTESIAN_POINT('',(1.3E-1,0.E0,2.72E0));
#4588=VERTEX_POINT('',#4587);
#4589=CARTESIAN_POINT('',(3.7E-1,0.E0,2.72E0));
#4590=VERTEX_POINT('',#4589);
#4591=CARTESIAN_POINT('',(6.3E-1,0.E0,2.72E0));
#4592=VERTEX_POINT('',#4591);
#4593=CARTESIAN_POINT('',(8.7E-1,0.E0,2.72E0));
#4594=VERTEX_POINT('',#4593);
#4595=CARTESIAN_POINT('',(1.13E0,0.E0,2.72E0));
#4596=VERTEX_POINT('',#4595);
#4597=CARTESIAN_POINT('',(1.37E0,0.E0,2.72E0));
#4598=VERTEX_POINT('',#4597);
#4599=CARTESIAN_POINT('',(1.63E0,0.E0,2.72E0));
#4600=VERTEX_POINT('',#4599);
#4601=CARTESIAN_POINT('',(1.87E0,0.E0,2.72E0));
#4602=VERTEX_POINT('',#4601);
#4603=CARTESIAN_POINT('',(2.13E0,0.E0,2.72E0));
#4604=VERTEX_POINT('',#4603);
#4605=CARTESIAN_POINT('',(2.37E0,0.E0,2.72E0));
#4606=VERTEX_POINT('',#4605);
#4607=CARTESIAN_POINT('',(-2.37E0,1.75E-1,-2.72E0));
#4608=CARTESIAN_POINT('',(-2.13E0,1.75E-1,-2.72E0));
#4609=VERTEX_POINT('',#4607);
#4610=VERTEX_POINT('',#4608);
#4611=CARTESIAN_POINT('',(-1.87E0,1.75E-1,-2.72E0));
#4612=CARTESIAN_POINT('',(-1.63E0,1.75E-1,-2.72E0));
#4613=VERTEX_POINT('',#4611);
#4614=VERTEX_POINT('',#4612);
#4615=CARTESIAN_POINT('',(-1.37E0,1.75E-1,-2.72E0));
#4616=CARTESIAN_POINT('',(-1.13E0,1.75E-1,-2.72E0));
#4617=VERTEX_POINT('',#4615);
#4618=VERTEX_POINT('',#4616);
#4619=CARTESIAN_POINT('',(-8.7E-1,1.75E-1,-2.72E0));
#4620=CARTESIAN_POINT('',(-6.3E-1,1.75E-1,-2.72E0));
#4621=VERTEX_POINT('',#4619);
#4622=VERTEX_POINT('',#4620);
#4623=CARTESIAN_POINT('',(-3.7E-1,1.75E-1,-2.72E0));
#4624=CARTESIAN_POINT('',(-1.3E-1,1.75E-1,-2.72E0));
#4625=VERTEX_POINT('',#4623);
#4626=VERTEX_POINT('',#4624);
#4627=CARTESIAN_POINT('',(1.3E-1,1.75E-1,-2.72E0));
#4628=CARTESIAN_POINT('',(3.7E-1,1.75E-1,-2.72E0));
#4629=VERTEX_POINT('',#4627);
#4630=VERTEX_POINT('',#4628);
#4631=CARTESIAN_POINT('',(6.3E-1,1.75E-1,-2.72E0));
#4632=CARTESIAN_POINT('',(8.7E-1,1.75E-1,-2.72E0));
#4633=VERTEX_POINT('',#4631);
#4634=VERTEX_POINT('',#4632);
#4635=CARTESIAN_POINT('',(1.13E0,1.75E-1,-2.72E0));
#4636=CARTESIAN_POINT('',(1.37E0,1.75E-1,-2.72E0));
#4637=VERTEX_POINT('',#4635);
#4638=VERTEX_POINT('',#4636);
#4639=CARTESIAN_POINT('',(1.63E0,1.75E-1,-2.72E0));
#4640=CARTESIAN_POINT('',(1.87E0,1.75E-1,-2.72E0));
#4641=VERTEX_POINT('',#4639);
#4642=VERTEX_POINT('',#4640);
#4643=CARTESIAN_POINT('',(2.13E0,1.75E-1,-2.72E0));
#4644=CARTESIAN_POINT('',(2.37E0,1.75E-1,-2.72E0));
#4645=VERTEX_POINT('',#4643);
#4646=VERTEX_POINT('',#4644);
#4647=CARTESIAN_POINT('',(-2.37E0,1.75E-1,2.72E0));
#4648=CARTESIAN_POINT('',(-2.13E0,1.75E-1,2.72E0));
#4649=VERTEX_POINT('',#4647);
#4650=VERTEX_POINT('',#4648);
#4651=CARTESIAN_POINT('',(-1.87E0,1.75E-1,2.72E0));
#4652=CARTESIAN_POINT('',(-1.63E0,1.75E-1,2.72E0));
#4653=VERTEX_POINT('',#4651);
#4654=VERTEX_POINT('',#4652);
#4655=CARTESIAN_POINT('',(-1.37E0,1.75E-1,2.72E0));
#4656=CARTESIAN_POINT('',(-1.13E0,1.75E-1,2.72E0));
#4657=VERTEX_POINT('',#4655);
#4658=VERTEX_POINT('',#4656);
#4659=CARTESIAN_POINT('',(-8.7E-1,1.75E-1,2.72E0));
#4660=CARTESIAN_POINT('',(-6.3E-1,1.75E-1,2.72E0));
#4661=VERTEX_POINT('',#4659);
#4662=VERTEX_POINT('',#4660);
#4663=CARTESIAN_POINT('',(-3.7E-1,1.75E-1,2.72E0));
#4664=CARTESIAN_POINT('',(-1.3E-1,1.75E-1,2.72E0));
#4665=VERTEX_POINT('',#4663);
#4666=VERTEX_POINT('',#4664);
#4667=CARTESIAN_POINT('',(1.3E-1,1.75E-1,2.72E0));
#4668=CARTESIAN_POINT('',(3.7E-1,1.75E-1,2.72E0));
#4669=VERTEX_POINT('',#4667);
#4670=VERTEX_POINT('',#4668);
#4671=CARTESIAN_POINT('',(6.3E-1,1.75E-1,2.72E0));
#4672=CARTESIAN_POINT('',(8.7E-1,1.75E-1,2.72E0));
#4673=VERTEX_POINT('',#4671);
#4674=VERTEX_POINT('',#4672);
#4675=CARTESIAN_POINT('',(1.13E0,1.75E-1,2.72E0));
#4676=CARTESIAN_POINT('',(1.37E0,1.75E-1,2.72E0));
#4677=VERTEX_POINT('',#4675);
#4678=VERTEX_POINT('',#4676);
#4679=CARTESIAN_POINT('',(1.63E0,1.75E-1,2.72E0));
#4680=CARTESIAN_POINT('',(1.87E0,1.75E-1,2.72E0));
#4681=VERTEX_POINT('',#4679);
#4682=VERTEX_POINT('',#4680);
#4683=CARTESIAN_POINT('',(2.13E0,1.75E-1,2.72E0));
#4684=CARTESIAN_POINT('',(2.37E0,1.75E-1,2.72E0));
#4685=VERTEX_POINT('',#4683);
#4686=VERTEX_POINT('',#4684);
#4687=CARTESIAN_POINT('',(-2.37E0,1.75E-1,3.E0));
#4688=CARTESIAN_POINT('',(-2.13E0,1.75E-1,3.E0));
#4689=VERTEX_POINT('',#4687);
#4690=VERTEX_POINT('',#4688);
#4691=CARTESIAN_POINT('',(-1.87E0,1.75E-1,3.E0));
#4692=CARTESIAN_POINT('',(-1.63E0,1.75E-1,3.E0));
#4693=VERTEX_POINT('',#4691);
#4694=VERTEX_POINT('',#4692);
#4695=CARTESIAN_POINT('',(-1.37E0,1.75E-1,3.E0));
#4696=CARTESIAN_POINT('',(-1.13E0,1.75E-1,3.E0));
#4697=VERTEX_POINT('',#4695);
#4698=VERTEX_POINT('',#4696);
#4699=CARTESIAN_POINT('',(-8.7E-1,1.75E-1,3.E0));
#4700=CARTESIAN_POINT('',(-6.3E-1,1.75E-1,3.E0));
#4701=VERTEX_POINT('',#4699);
#4702=VERTEX_POINT('',#4700);
#4703=CARTESIAN_POINT('',(-3.7E-1,1.75E-1,3.E0));
#4704=CARTESIAN_POINT('',(-1.3E-1,1.75E-1,3.E0));
#4705=VERTEX_POINT('',#4703);
#4706=VERTEX_POINT('',#4704);
#4707=CARTESIAN_POINT('',(1.3E-1,1.75E-1,3.E0));
#4708=CARTESIAN_POINT('',(3.7E-1,1.75E-1,3.E0));
#4709=VERTEX_POINT('',#4707);
#4710=VERTEX_POINT('',#4708);
#4711=CARTESIAN_POINT('',(6.3E-1,1.75E-1,3.E0));
#4712=CARTESIAN_POINT('',(8.7E-1,1.75E-1,3.E0));
#4713=VERTEX_POINT('',#4711);
#4714=VERTEX_POINT('',#4712);
#4715=CARTESIAN_POINT('',(1.13E0,1.75E-1,3.E0));
#4716=CARTESIAN_POINT('',(1.37E0,1.75E-1,3.E0));
#4717=VERTEX_POINT('',#4715);
#4718=VERTEX_POINT('',#4716);
#4719=CARTESIAN_POINT('',(1.63E0,1.75E-1,3.E0));
#4720=CARTESIAN_POINT('',(1.87E0,1.75E-1,3.E0));
#4721=VERTEX_POINT('',#4719);
#4722=VERTEX_POINT('',#4720);
#4723=CARTESIAN_POINT('',(2.13E0,1.75E-1,3.E0));
#4724=CARTESIAN_POINT('',(2.37E0,1.75E-1,3.E0));
#4725=VERTEX_POINT('',#4723);
#4726=VERTEX_POINT('',#4724);
#4727=CARTESIAN_POINT('',(-2.37E0,1.75E-1,-3.E0));
#4728=CARTESIAN_POINT('',(-2.13E0,1.75E-1,-3.E0));
#4729=VERTEX_POINT('',#4727);
#4730=VERTEX_POINT('',#4728);
#4731=CARTESIAN_POINT('',(-1.87E0,1.75E-1,-3.E0));
#4732=CARTESIAN_POINT('',(-1.63E0,1.75E-1,-3.E0));
#4733=VERTEX_POINT('',#4731);
#4734=VERTEX_POINT('',#4732);
#4735=CARTESIAN_POINT('',(-1.37E0,1.75E-1,-3.E0));
#4736=CARTESIAN_POINT('',(-1.13E0,1.75E-1,-3.E0));
#4737=VERTEX_POINT('',#4735);
#4738=VERTEX_POINT('',#4736);
#4739=CARTESIAN_POINT('',(-3.7E-1,1.75E-1,-3.E0));
#4740=CARTESIAN_POINT('',(-1.3E-1,1.75E-1,-3.E0));
#4741=VERTEX_POINT('',#4739);
#4742=VERTEX_POINT('',#4740);
#4743=CARTESIAN_POINT('',(1.3E-1,1.75E-1,-3.E0));
#4744=CARTESIAN_POINT('',(3.7E-1,1.75E-1,-3.E0));
#4745=VERTEX_POINT('',#4743);
#4746=VERTEX_POINT('',#4744);
#4747=CARTESIAN_POINT('',(6.3E-1,1.75E-1,-3.E0));
#4748=CARTESIAN_POINT('',(8.7E-1,1.75E-1,-3.E0));
#4749=VERTEX_POINT('',#4747);
#4750=VERTEX_POINT('',#4748);
#4751=CARTESIAN_POINT('',(1.13E0,1.75E-1,-3.E0));
#4752=CARTESIAN_POINT('',(1.37E0,1.75E-1,-3.E0));
#4753=VERTEX_POINT('',#4751);
#4754=VERTEX_POINT('',#4752);
#4755=CARTESIAN_POINT('',(1.63E0,1.75E-1,-3.E0));
#4756=CARTESIAN_POINT('',(1.87E0,1.75E-1,-3.E0));
#4757=VERTEX_POINT('',#4755);
#4758=VERTEX_POINT('',#4756);
#4759=CARTESIAN_POINT('',(2.13E0,1.75E-1,-3.E0));
#4760=CARTESIAN_POINT('',(2.37E0,1.75E-1,-3.E0));
#4761=VERTEX_POINT('',#4759);
#4762=VERTEX_POINT('',#4760);
#4763=CARTESIAN_POINT('',(-8.7E-1,1.75E-1,-3.E0));
#4764=VERTEX_POINT('',#4763);
#4765=CARTESIAN_POINT('',(-6.3E-1,1.75E-1,-3.E0));
#4766=VERTEX_POINT('',#4765);
#4767=CARTESIAN_POINT('',(-1.725E0,6.E-2,-2.075E0));
#4768=VERTEX_POINT('',#4767);
#4769=CARTESIAN_POINT('',(-2.075E0,6.E-2,-1.725E0));
#4770=VERTEX_POINT('',#4769);
#4771=CARTESIAN_POINT('',(-2.9E0,0.E0,-2.9E0));
#4772=CARTESIAN_POINT('',(-2.9E0,0.E0,-2.58E0));
#4773=VERTEX_POINT('',#4771);
#4774=VERTEX_POINT('',#4772);
#4775=CARTESIAN_POINT('',(-2.58E0,0.E0,-2.58E0));
#4776=VERTEX_POINT('',#4775);
#4777=CARTESIAN_POINT('',(-2.58E0,0.E0,-2.9E0));
#4778=VERTEX_POINT('',#4777);
#4779=CARTESIAN_POINT('',(2.9E0,0.E0,-2.9E0));
#4780=CARTESIAN_POINT('',(2.58E0,0.E0,-2.9E0));
#4781=VERTEX_POINT('',#4779);
#4782=VERTEX_POINT('',#4780);
#4783=CARTESIAN_POINT('',(2.58E0,0.E0,-2.58E0));
#4784=VERTEX_POINT('',#4783);
#4785=CARTESIAN_POINT('',(2.9E0,0.E0,-2.58E0));
#4786=VERTEX_POINT('',#4785);
#4787=CARTESIAN_POINT('',(-2.9E0,0.E0,2.9E0));
#4788=CARTESIAN_POINT('',(-2.58E0,0.E0,2.9E0));
#4789=VERTEX_POINT('',#4787);
#4790=VERTEX_POINT('',#4788);
#4791=CARTESIAN_POINT('',(-2.58E0,0.E0,2.58E0));
#4792=VERTEX_POINT('',#4791);
#4793=CARTESIAN_POINT('',(-2.9E0,0.E0,2.58E0));
#4794=VERTEX_POINT('',#4793);
#4795=CARTESIAN_POINT('',(2.9E0,0.E0,2.9E0));
#4796=CARTESIAN_POINT('',(2.9E0,0.E0,2.58E0));
#4797=VERTEX_POINT('',#4795);
#4798=VERTEX_POINT('',#4796);
#4799=CARTESIAN_POINT('',(2.58E0,0.E0,2.58E0));
#4800=VERTEX_POINT('',#4799);
#4801=CARTESIAN_POINT('',(2.58E0,0.E0,2.9E0));
#4802=VERTEX_POINT('',#4801);
#4803=CARTESIAN_POINT('',(-2.9E0,1.75E-1,-2.9E0));
#4804=CARTESIAN_POINT('',(-2.9E0,1.75E-1,-2.58E0));
#4805=VERTEX_POINT('',#4803);
#4806=VERTEX_POINT('',#4804);
#4807=CARTESIAN_POINT('',(-2.58E0,1.75E-1,-2.58E0));
#4808=VERTEX_POINT('',#4807);
#4809=CARTESIAN_POINT('',(-2.58E0,1.75E-1,-2.9E0));
#4810=VERTEX_POINT('',#4809);
#4811=CARTESIAN_POINT('',(2.9E0,1.75E-1,-2.9E0));
#4812=CARTESIAN_POINT('',(2.58E0,1.75E-1,-2.9E0));
#4813=VERTEX_POINT('',#4811);
#4814=VERTEX_POINT('',#4812);
#4815=CARTESIAN_POINT('',(2.58E0,1.75E-1,-2.58E0));
#4816=VERTEX_POINT('',#4815);
#4817=CARTESIAN_POINT('',(2.9E0,1.75E-1,-2.58E0));
#4818=VERTEX_POINT('',#4817);
#4819=CARTESIAN_POINT('',(-2.9E0,1.75E-1,2.9E0));
#4820=CARTESIAN_POINT('',(-2.58E0,1.75E-1,2.9E0));
#4821=VERTEX_POINT('',#4819);
#4822=VERTEX_POINT('',#4820);
#4823=CARTESIAN_POINT('',(-2.58E0,1.75E-1,2.58E0));
#4824=VERTEX_POINT('',#4823);
#4825=CARTESIAN_POINT('',(-2.9E0,1.75E-1,2.58E0));
#4826=VERTEX_POINT('',#4825);
#4827=CARTESIAN_POINT('',(2.9E0,1.75E-1,2.9E0));
#4828=CARTESIAN_POINT('',(2.9E0,1.75E-1,2.58E0));
#4829=VERTEX_POINT('',#4827);
#4830=VERTEX_POINT('',#4828);
#4831=CARTESIAN_POINT('',(2.58E0,1.75E-1,2.58E0));
#4832=VERTEX_POINT('',#4831);
#4833=CARTESIAN_POINT('',(2.58E0,1.75E-1,2.9E0));
#4834=VERTEX_POINT('',#4833);
#4835=CARTESIAN_POINT('',(0.E0,0.E0,0.E0));
#4836=DIRECTION('',(0.E0,1.E0,0.E0));
#4837=DIRECTION('',(1.E0,0.E0,0.E0));
#4838=AXIS2_PLACEMENT_3D('',#4835,#4836,#4837);
#4839=PLANE('',#4838);
#4841=ORIENTED_EDGE('',*,*,#4840,.T.);
#4843=ORIENTED_EDGE('',*,*,#4842,.T.);
#4845=ORIENTED_EDGE('',*,*,#4844,.T.);
#4847=ORIENTED_EDGE('',*,*,#4846,.F.);
#4849=ORIENTED_EDGE('',*,*,#4848,.T.);
#4851=ORIENTED_EDGE('',*,*,#4850,.T.);
#4853=ORIENTED_EDGE('',*,*,#4852,.T.);
#4855=ORIENTED_EDGE('',*,*,#4854,.F.);
#4857=ORIENTED_EDGE('',*,*,#4856,.T.);
#4859=ORIENTED_EDGE('',*,*,#4858,.T.);
#4861=ORIENTED_EDGE('',*,*,#4860,.T.);
#4863=ORIENTED_EDGE('',*,*,#4862,.F.);
#4865=ORIENTED_EDGE('',*,*,#4864,.T.);
#4867=ORIENTED_EDGE('',*,*,#4866,.T.);
#4869=ORIENTED_EDGE('',*,*,#4868,.T.);
#4871=ORIENTED_EDGE('',*,*,#4870,.F.);
#4873=ORIENTED_EDGE('',*,*,#4872,.T.);
#4875=ORIENTED_EDGE('',*,*,#4874,.T.);
#4877=ORIENTED_EDGE('',*,*,#4876,.T.);
#4879=ORIENTED_EDGE('',*,*,#4878,.F.);
#4881=ORIENTED_EDGE('',*,*,#4880,.T.);
#4883=ORIENTED_EDGE('',*,*,#4882,.T.);
#4885=ORIENTED_EDGE('',*,*,#4884,.T.);
#4887=ORIENTED_EDGE('',*,*,#4886,.F.);
#4889=ORIENTED_EDGE('',*,*,#4888,.T.);
#4891=ORIENTED_EDGE('',*,*,#4890,.T.);
#4893=ORIENTED_EDGE('',*,*,#4892,.T.);
#4895=ORIENTED_EDGE('',*,*,#4894,.F.);
#4897=ORIENTED_EDGE('',*,*,#4896,.T.);
#4899=ORIENTED_EDGE('',*,*,#4898,.T.);
#4901=ORIENTED_EDGE('',*,*,#4900,.T.);
#4903=ORIENTED_EDGE('',*,*,#4902,.F.);
#4905=ORIENTED_EDGE('',*,*,#4904,.T.);
#4907=ORIENTED_EDGE('',*,*,#4906,.T.);
#4909=ORIENTED_EDGE('',*,*,#4908,.T.);
#4911=ORIENTED_EDGE('',*,*,#4910,.F.);
#4913=ORIENTED_EDGE('',*,*,#4912,.T.);
#4915=ORIENTED_EDGE('',*,*,#4914,.T.);
#4917=ORIENTED_EDGE('',*,*,#4916,.T.);
#4919=ORIENTED_EDGE('',*,*,#4918,.F.);
#4921=ORIENTED_EDGE('',*,*,#4920,.T.);
#4923=ORIENTED_EDGE('',*,*,#4922,.T.);
#4925=ORIENTED_EDGE('',*,*,#4924,.T.);
#4927=ORIENTED_EDGE('',*,*,#4926,.T.);
#4929=ORIENTED_EDGE('',*,*,#4928,.F.);
#4931=ORIENTED_EDGE('',*,*,#4930,.T.);
#4933=ORIENTED_EDGE('',*,*,#4932,.T.);
#4935=ORIENTED_EDGE('',*,*,#4934,.T.);
#4937=ORIENTED_EDGE('',*,*,#4936,.F.);
#4939=ORIENTED_EDGE('',*,*,#4938,.T.);
#4941=ORIENTED_EDGE('',*,*,#4940,.T.);
#4943=ORIENTED_EDGE('',*,*,#4942,.T.);
#4945=ORIENTED_EDGE('',*,*,#4944,.F.);
#4947=ORIENTED_EDGE('',*,*,#4946,.T.);
#4949=ORIENTED_EDGE('',*,*,#4948,.T.);
#4951=ORIENTED_EDGE('',*,*,#4950,.T.);
#4953=ORIENTED_EDGE('',*,*,#4952,.F.);
#4955=ORIENTED_EDGE('',*,*,#4954,.T.);
#4957=ORIENTED_EDGE('',*,*,#4956,.T.);
#4959=ORIENTED_EDGE('',*,*,#4958,.T.);
#4961=ORIENTED_EDGE('',*,*,#4960,.F.);
#4963=ORIENTED_EDGE('',*,*,#4962,.T.);
#4965=ORIENTED_EDGE('',*,*,#4964,.T.);
#4967=ORIENTED_EDGE('',*,*,#4966,.T.);
#4969=ORIENTED_EDGE('',*,*,#4968,.F.);
#4971=ORIENTED_EDGE('',*,*,#4970,.T.);
#4973=ORIENTED_EDGE('',*,*,#4972,.T.);
#4975=ORIENTED_EDGE('',*,*,#4974,.T.);
#4977=ORIENTED_EDGE('',*,*,#4976,.F.);
#4979=ORIENTED_EDGE('',*,*,#4978,.T.);
#4981=ORIENTED_EDGE('',*,*,#4980,.T.);
#4983=ORIENTED_EDGE('',*,*,#4982,.T.);
#4985=ORIENTED_EDGE('',*,*,#4984,.F.);
#4987=ORIENTED_EDGE('',*,*,#4986,.T.);
#4989=ORIENTED_EDGE('',*,*,#4988,.T.);
#4991=ORIENTED_EDGE('',*,*,#4990,.T.);
#4993=ORIENTED_EDGE('',*,*,#4992,.F.);
#4995=ORIENTED_EDGE('',*,*,#4994,.T.);
#4997=ORIENTED_EDGE('',*,*,#4996,.T.);
#4999=ORIENTED_EDGE('',*,*,#4998,.T.);
#5001=ORIENTED_EDGE('',*,*,#5000,.F.);
#5003=ORIENTED_EDGE('',*,*,#5002,.T.);
#5005=ORIENTED_EDGE('',*,*,#5004,.T.);
#5007=ORIENTED_EDGE('',*,*,#5006,.T.);
#5009=ORIENTED_EDGE('',*,*,#5008,.F.);
#5011=ORIENTED_EDGE('',*,*,#5010,.F.);
#5013=ORIENTED_EDGE('',*,*,#5012,.T.);
#5015=ORIENTED_EDGE('',*,*,#5014,.T.);
#5017=ORIENTED_EDGE('',*,*,#5016,.F.);
#5019=ORIENTED_EDGE('',*,*,#5018,.F.);
#5021=ORIENTED_EDGE('',*,*,#5020,.T.);
#5023=ORIENTED_EDGE('',*,*,#5022,.T.);
#5025=ORIENTED_EDGE('',*,*,#5024,.F.);
#5027=ORIENTED_EDGE('',*,*,#5026,.F.);
#5029=ORIENTED_EDGE('',*,*,#5028,.T.);
#5031=ORIENTED_EDGE('',*,*,#5030,.T.);
#5033=ORIENTED_EDGE('',*,*,#5032,.F.);
#5035=ORIENTED_EDGE('',*,*,#5034,.F.);
#5037=ORIENTED_EDGE('',*,*,#5036,.T.);
#5039=ORIENTED_EDGE('',*,*,#5038,.T.);
#5041=ORIENTED_EDGE('',*,*,#5040,.F.);
#5043=ORIENTED_EDGE('',*,*,#5042,.F.);
#5045=ORIENTED_EDGE('',*,*,#5044,.T.);
#5047=ORIENTED_EDGE('',*,*,#5046,.T.);
#5049=ORIENTED_EDGE('',*,*,#5048,.F.);
#5051=ORIENTED_EDGE('',*,*,#5050,.F.);
#5053=ORIENTED_EDGE('',*,*,#5052,.T.);
#5055=ORIENTED_EDGE('',*,*,#5054,.T.);
#5057=ORIENTED_EDGE('',*,*,#5056,.F.);
#5059=ORIENTED_EDGE('',*,*,#5058,.F.);
#5061=ORIENTED_EDGE('',*,*,#5060,.T.);
#5063=ORIENTED_EDGE('',*,*,#5062,.T.);
#5065=ORIENTED_EDGE('',*,*,#5064,.F.);
#5067=ORIENTED_EDGE('',*,*,#5066,.F.);
#5069=ORIENTED_EDGE('',*,*,#5068,.T.);
#5071=ORIENTED_EDGE('',*,*,#5070,.T.);
#5073=ORIENTED_EDGE('',*,*,#5072,.F.);
#5075=ORIENTED_EDGE('',*,*,#5074,.F.);
#5077=ORIENTED_EDGE('',*,*,#5076,.T.);
#5079=ORIENTED_EDGE('',*,*,#5078,.T.);
#5081=ORIENTED_EDGE('',*,*,#5080,.F.);
#5083=ORIENTED_EDGE('',*,*,#5082,.F.);
#5085=ORIENTED_EDGE('',*,*,#5084,.T.);
#5087=ORIENTED_EDGE('',*,*,#5086,.T.);
#5089=ORIENTED_EDGE('',*,*,#5088,.T.);
#5091=ORIENTED_EDGE('',*,*,#5090,.F.);
#5093=ORIENTED_EDGE('',*,*,#5092,.F.);
#5095=ORIENTED_EDGE('',*,*,#5094,.T.);
#5097=ORIENTED_EDGE('',*,*,#5096,.T.);
#5099=ORIENTED_EDGE('',*,*,#5098,.F.);
#5101=ORIENTED_EDGE('',*,*,#5100,.F.);
#5103=ORIENTED_EDGE('',*,*,#5102,.T.);
#5105=ORIENTED_EDGE('',*,*,#5104,.T.);
#5107=ORIENTED_EDGE('',*,*,#5106,.F.);
#5109=ORIENTED_EDGE('',*,*,#5108,.F.);
#5111=ORIENTED_EDGE('',*,*,#5110,.T.);
#5113=ORIENTED_EDGE('',*,*,#5112,.T.);
#5115=ORIENTED_EDGE('',*,*,#5114,.F.);
#5117=ORIENTED_EDGE('',*,*,#5116,.F.);
#5119=ORIENTED_EDGE('',*,*,#5118,.T.);
#5121=ORIENTED_EDGE('',*,*,#5120,.T.);
#5123=ORIENTED_EDGE('',*,*,#5122,.F.);
#5125=ORIENTED_EDGE('',*,*,#5124,.F.);
#5127=ORIENTED_EDGE('',*,*,#5126,.T.);
#5129=ORIENTED_EDGE('',*,*,#5128,.T.);
#5131=ORIENTED_EDGE('',*,*,#5130,.F.);
#5133=ORIENTED_EDGE('',*,*,#5132,.F.);
#5135=ORIENTED_EDGE('',*,*,#5134,.T.);
#5137=ORIENTED_EDGE('',*,*,#5136,.T.);
#5139=ORIENTED_EDGE('',*,*,#5138,.F.);
#5141=ORIENTED_EDGE('',*,*,#5140,.F.);
#5143=ORIENTED_EDGE('',*,*,#5142,.T.);
#5145=ORIENTED_EDGE('',*,*,#5144,.T.);
#5147=ORIENTED_EDGE('',*,*,#5146,.F.);
#5149=ORIENTED_EDGE('',*,*,#5148,.F.);
#5151=ORIENTED_EDGE('',*,*,#5150,.T.);
#5153=ORIENTED_EDGE('',*,*,#5152,.T.);
#5155=ORIENTED_EDGE('',*,*,#5154,.F.);
#5157=ORIENTED_EDGE('',*,*,#5156,.F.);
#5159=ORIENTED_EDGE('',*,*,#5158,.T.);
#5161=ORIENTED_EDGE('',*,*,#5160,.T.);
#5163=ORIENTED_EDGE('',*,*,#5162,.F.);
#5165=ORIENTED_EDGE('',*,*,#5164,.F.);
#5167=ORIENTED_EDGE('',*,*,#5166,.T.);
#5168=EDGE_LOOP('',(#4841,#4843,#4845,#4847,#4849,#4851,#4853,#4855,#4857,#4859,
#4861,#4863,#4865,#4867,#4869,#4871,#4873,#4875,#4877,#4879,#4881,#4883,#4885,
#4887,#4889,#4891,#4893,#4895,#4897,#4899,#4901,#4903,#4905,#4907,#4909,#4911,
#4913,#4915,#4917,#4919,#4921,#4923,#4925,#4927,#4929,#4931,#4933,#4935,#4937,
#4939,#4941,#4943,#4945,#4947,#4949,#4951,#4953,#4955,#4957,#4959,#4961,#4963,
#4965,#4967,#4969,#4971,#4973,#4975,#4977,#4979,#4981,#4983,#4985,#4987,#4989,
#4991,#4993,#4995,#4997,#4999,#5001,#5003,#5005,#5007,#5009,#5011,#5013,#5015,
#5017,#5019,#5021,#5023,#5025,#5027,#5029,#5031,#5033,#5035,#5037,#5039,#5041,
#5043,#5045,#5047,#5049,#5051,#5053,#5055,#5057,#5059,#5061,#5063,#5065,#5067,
#5069,#5071,#5073,#5075,#5077,#5079,#5081,#5083,#5085,#5087,#5089,#5091,#5093,
#5095,#5097,#5099,#5101,#5103,#5105,#5107,#5109,#5111,#5113,#5115,#5117,#5119,
#5121,#5123,#5125,#5127,#5129,#5131,#5133,#5135,#5137,#5139,#5141,#5143,#5145,
#5147,#5149,#5151,#5153,#5155,#5157,#5159,#5161,#5163,#5165,#5167));
#5169=FACE_OUTER_BOUND('',#5168,.F.);
#5171=ORIENTED_EDGE('',*,*,#5170,.F.);
#5173=ORIENTED_EDGE('',*,*,#5172,.F.);
#5175=ORIENTED_EDGE('',*,*,#5174,.F.);
#5177=ORIENTED_EDGE('',*,*,#5176,.F.);
#5179=ORIENTED_EDGE('',*,*,#5178,.F.);
#5180=EDGE_LOOP('',(#5171,#5173,#5175,#5177,#5179));
#5181=FACE_BOUND('',#5180,.F.);
#5183=ORIENTED_EDGE('',*,*,#5182,.F.);
#5185=ORIENTED_EDGE('',*,*,#5184,.F.);
#5187=ORIENTED_EDGE('',*,*,#5186,.F.);
#5189=ORIENTED_EDGE('',*,*,#5188,.F.);
#5190=EDGE_LOOP('',(#5183,#5185,#5187,#5189));
#5191=FACE_BOUND('',#5190,.F.);
#5193=ORIENTED_EDGE('',*,*,#5192,.F.);
#5195=ORIENTED_EDGE('',*,*,#5194,.F.);
#5197=ORIENTED_EDGE('',*,*,#5196,.F.);
#5199=ORIENTED_EDGE('',*,*,#5198,.F.);
#5200=EDGE_LOOP('',(#5193,#5195,#5197,#5199));
#5201=FACE_BOUND('',#5200,.F.);
#5203=ORIENTED_EDGE('',*,*,#5202,.F.);
#5205=ORIENTED_EDGE('',*,*,#5204,.F.);
#5207=ORIENTED_EDGE('',*,*,#5206,.F.);
#5209=ORIENTED_EDGE('',*,*,#5208,.F.);
#5210=EDGE_LOOP('',(#5203,#5205,#5207,#5209));
#5211=FACE_BOUND('',#5210,.F.);
#5213=ORIENTED_EDGE('',*,*,#5212,.F.);
#5215=ORIENTED_EDGE('',*,*,#5214,.F.);
#5217=ORIENTED_EDGE('',*,*,#5216,.F.);
#5219=ORIENTED_EDGE('',*,*,#5218,.F.);
#5220=EDGE_LOOP('',(#5213,#5215,#5217,#5219));
#5221=FACE_BOUND('',#5220,.F.);
#5223=CARTESIAN_POINT('',(-3.E0,0.E0,-3.E0));
#5224=DIRECTION('',(-1.E0,0.E0,0.E0));
#5225=DIRECTION('',(0.E0,0.E0,1.E0));
#5226=AXIS2_PLACEMENT_3D('',#5223,#5224,#5225);
#5227=PLANE('',#5226);
#5229=ORIENTED_EDGE('',*,*,#5228,.T.);
#5231=ORIENTED_EDGE('',*,*,#5230,.F.);
#5232=ORIENTED_EDGE('',*,*,#4912,.F.);
#5234=ORIENTED_EDGE('',*,*,#5233,.F.);
#5236=ORIENTED_EDGE('',*,*,#5235,.T.);
#5238=ORIENTED_EDGE('',*,*,#5237,.F.);
#5239=ORIENTED_EDGE('',*,*,#4904,.F.);
#5241=ORIENTED_EDGE('',*,*,#5240,.F.);
#5243=ORIENTED_EDGE('',*,*,#5242,.T.);
#5245=ORIENTED_EDGE('',*,*,#5244,.F.);
#5246=ORIENTED_EDGE('',*,*,#4896,.F.);
#5248=ORIENTED_EDGE('',*,*,#5247,.F.);
#5250=ORIENTED_EDGE('',*,*,#5249,.T.);
#5252=ORIENTED_EDGE('',*,*,#5251,.F.);
#5253=ORIENTED_EDGE('',*,*,#4888,.F.);
#5255=ORIENTED_EDGE('',*,*,#5254,.F.);
#5257=ORIENTED_EDGE('',*,*,#5256,.T.);
#5259=ORIENTED_EDGE('',*,*,#5258,.F.);
#5260=ORIENTED_EDGE('',*,*,#4880,.F.);
#5262=ORIENTED_EDGE('',*,*,#5261,.F.);
#5264=ORIENTED_EDGE('',*,*,#5263,.T.);
#5266=ORIENTED_EDGE('',*,*,#5265,.F.);
#5267=ORIENTED_EDGE('',*,*,#4872,.F.);
#5269=ORIENTED_EDGE('',*,*,#5268,.F.);
#5271=ORIENTED_EDGE('',*,*,#5270,.T.);
#5273=ORIENTED_EDGE('',*,*,#5272,.F.);
#5274=ORIENTED_EDGE('',*,*,#4864,.F.);
#5276=ORIENTED_EDGE('',*,*,#5275,.F.);
#5278=ORIENTED_EDGE('',*,*,#5277,.T.);
#5280=ORIENTED_EDGE('',*,*,#5279,.F.);
#5281=ORIENTED_EDGE('',*,*,#4856,.F.);
#5283=ORIENTED_EDGE('',*,*,#5282,.F.);
#5285=ORIENTED_EDGE('',*,*,#5284,.T.);
#5287=ORIENTED_EDGE('',*,*,#5286,.F.);
#5288=ORIENTED_EDGE('',*,*,#4848,.F.);
#5290=ORIENTED_EDGE('',*,*,#5289,.F.);
#5292=ORIENTED_EDGE('',*,*,#5291,.T.);
#5294=ORIENTED_EDGE('',*,*,#5293,.F.);
#5295=ORIENTED_EDGE('',*,*,#4840,.F.);
#5297=ORIENTED_EDGE('',*,*,#5296,.T.);
#5299=ORIENTED_EDGE('',*,*,#5298,.T.);
#5301=ORIENTED_EDGE('',*,*,#5300,.F.);
#5302=ORIENTED_EDGE('',*,*,#4920,.F.);
#5304=ORIENTED_EDGE('',*,*,#5303,.F.);
#5305=EDGE_LOOP('',(#5229,#5231,#5232,#5234,#5236,#5238,#5239,#5241,#5243,#5245,
#5246,#5248,#5250,#5252,#5253,#5255,#5257,#5259,#5260,#5262,#5264,#5266,#5267,
#5269,#5271,#5273,#5274,#5276,#5278,#5280,#5281,#5283,#5285,#5287,#5288,#5290,
#5292,#5294,#5295,#5297,#5299,#5301,#5302,#5304));
#5306=FACE_OUTER_BOUND('',#5305,.F.);
#5308=CARTESIAN_POINT('',(0.E0,1.75E-1,0.E0));
#5309=DIRECTION('',(0.E0,-1.E0,0.E0));
#5310=DIRECTION('',(-1.E0,0.E0,0.E0));
#5311=AXIS2_PLACEMENT_3D('',#5308,#5309,#5310);
#5312=PLANE('',#5311);
#5313=ORIENTED_EDGE('',*,*,#5228,.F.);
#5315=ORIENTED_EDGE('',*,*,#5314,.F.);
#5317=ORIENTED_EDGE('',*,*,#5316,.F.);
#5319=ORIENTED_EDGE('',*,*,#5318,.F.);
#5320=EDGE_LOOP('',(#5313,#5315,#5317,#5319));
#5321=FACE_OUTER_BOUND('',#5320,.F.);
#5323=CARTESIAN_POINT('',(-2.72E0,-4.E-2,2.37E0));
#5324=DIRECTION('',(0.E0,0.E0,-1.E0));
#5325=DIRECTION('',(-1.E0,0.E0,0.E0));
#5326=AXIS2_PLACEMENT_3D('',#5323,#5324,#5325);
#5327=PLANE('',#5326);
#5329=ORIENTED_EDGE('',*,*,#5328,.T.);
#5330=ORIENTED_EDGE('',*,*,#5314,.T.);
#5331=ORIENTED_EDGE('',*,*,#5303,.T.);
#5332=ORIENTED_EDGE('',*,*,#4918,.T.);
#5333=EDGE_LOOP('',(#5329,#5330,#5331,#5332));
#5334=FACE_OUTER_BOUND('',#5333,.F.);
#5336=CARTESIAN_POINT('',(-2.72E0,-4.E-2,2.25E0));
#5337=DIRECTION('',(0.E0,-1.E0,0.E0));
#5338=DIRECTION('',(-1.E0,0.E0,0.E0));
#5339=AXIS2_PLACEMENT_3D('',#5336,#5337,#5338);
#5340=CYLINDRICAL_SURFACE('',#5339,1.2E-1);
#5342=ORIENTED_EDGE('',*,*,#5341,.T.);
#5343=ORIENTED_EDGE('',*,*,#5316,.T.);
#5344=ORIENTED_EDGE('',*,*,#5328,.F.);
#5345=ORIENTED_EDGE('',*,*,#4916,.F.);
#5346=EDGE_LOOP('',(#5342,#5343,#5344,#5345));
#5347=FACE_OUTER_BOUND('',#5346,.F.);
#5349=CARTESIAN_POINT('',(-3.E0,-4.E-2,2.13E0));
#5350=DIRECTION('',(0.E0,0.E0,1.E0));
#5351=DIRECTION('',(1.E0,0.E0,0.E0));
#5352=AXIS2_PLACEMENT_3D('',#5349,#5350,#5351);
#5353=PLANE('',#5352);
#5354=ORIENTED_EDGE('',*,*,#5230,.T.);
#5355=ORIENTED_EDGE('',*,*,#5318,.T.);
#5356=ORIENTED_EDGE('',*,*,#5341,.F.);
#5357=ORIENTED_EDGE('',*,*,#4914,.F.);
#5358=EDGE_LOOP('',(#5354,#5355,#5356,#5357));
#5359=FACE_OUTER_BOUND('',#5358,.F.);
#5361=CARTESIAN_POINT('',(-2.72E0,-4.E-2,1.87E0));
#5362=DIRECTION('',(0.E0,0.E0,-1.E0));
#5363=DIRECTION('',(-1.E0,0.E0,0.E0));
#5364=AXIS2_PLACEMENT_3D('',#5361,#5362,#5363);
#5365=PLANE('',#5364);
#5367=ORIENTED_EDGE('',*,*,#5366,.T.);
#5369=ORIENTED_EDGE('',*,*,#5368,.T.);
#5370=ORIENTED_EDGE('',*,*,#5233,.T.);
#5371=ORIENTED_EDGE('',*,*,#4910,.T.);
#5372=EDGE_LOOP('',(#5367,#5369,#5370,#5371));
#5373=FACE_OUTER_BOUND('',#5372,.F.);
#5375=CARTESIAN_POINT('',(-2.72E0,-4.E-2,1.75E0));
#5376=DIRECTION('',(0.E0,-1.E0,0.E0));
#5377=DIRECTION('',(-1.E0,0.E0,0.E0));
#5378=AXIS2_PLACEMENT_3D('',#5375,#5376,#5377);
#5379=CYLINDRICAL_SURFACE('',#5378,1.2E-1);
#5381=ORIENTED_EDGE('',*,*,#5380,.T.);
#5383=ORIENTED_EDGE('',*,*,#5382,.T.);
#5384=ORIENTED_EDGE('',*,*,#5366,.F.);
#5385=ORIENTED_EDGE('',*,*,#4908,.F.);
#5386=EDGE_LOOP('',(#5381,#5383,#5384,#5385));
#5387=FACE_OUTER_BOUND('',#5386,.F.);
#5389=CARTESIAN_POINT('',(-3.E0,-4.E-2,1.63E0));
#5390=DIRECTION('',(0.E0,0.E0,1.E0));
#5391=DIRECTION('',(1.E0,0.E0,0.E0));
#5392=AXIS2_PLACEMENT_3D('',#5389,#5390,#5391);
#5393=PLANE('',#5392);
#5394=ORIENTED_EDGE('',*,*,#5237,.T.);
#5396=ORIENTED_EDGE('',*,*,#5395,.T.);
#5397=ORIENTED_EDGE('',*,*,#5380,.F.);
#5398=ORIENTED_EDGE('',*,*,#4906,.F.);
#5399=EDGE_LOOP('',(#5394,#5396,#5397,#5398));
#5400=FACE_OUTER_BOUND('',#5399,.F.);
#5402=CARTESIAN_POINT('',(0.E0,1.75E-1,0.E0));
#5403=DIRECTION('',(0.E0,-1.E0,0.E0));
#5404=DIRECTION('',(-1.E0,0.E0,0.E0));
#5405=AXIS2_PLACEMENT_3D('',#5402,#5403,#5404);
#5406=PLANE('',#5405);
#5407=ORIENTED_EDGE('',*,*,#5235,.F.);
#5408=ORIENTED_EDGE('',*,*,#5368,.F.);
#5409=ORIENTED_EDGE('',*,*,#5382,.F.);
#5410=ORIENTED_EDGE('',*,*,#5395,.F.);
#5411=EDGE_LOOP('',(#5407,#5408,#5409,#5410));
#5412=FACE_OUTER_BOUND('',#5411,.F.);
#5414=CARTESIAN_POINT('',(-2.72E0,-4.E-2,1.37E0));
#5415=DIRECTION('',(0.E0,0.E0,-1.E0));
#5416=DIRECTION('',(-1.E0,0.E0,0.E0));
#5417=AXIS2_PLACEMENT_3D('',#5414,#5415,#5416);
#5418=PLANE('',#5417);
#5420=ORIENTED_EDGE('',*,*,#5419,.T.);
#5422=ORIENTED_EDGE('',*,*,#5421,.T.);
#5423=ORIENTED_EDGE('',*,*,#5240,.T.);
#5424=ORIENTED_EDGE('',*,*,#4902,.T.);
#5425=EDGE_LOOP('',(#5420,#5422,#5423,#5424));
#5426=FACE_OUTER_BOUND('',#5425,.F.);
#5428=CARTESIAN_POINT('',(-2.72E0,-4.E-2,1.25E0));
#5429=DIRECTION('',(0.E0,-1.E0,0.E0));
#5430=DIRECTION('',(-1.E0,0.E0,0.E0));
#5431=AXIS2_PLACEMENT_3D('',#5428,#5429,#5430);
#5432=CYLINDRICAL_SURFACE('',#5431,1.2E-1);
#5434=ORIENTED_EDGE('',*,*,#5433,.T.);
#5436=ORIENTED_EDGE('',*,*,#5435,.T.);
#5437=ORIENTED_EDGE('',*,*,#5419,.F.);
#5438=ORIENTED_EDGE('',*,*,#4900,.F.);
#5439=EDGE_LOOP('',(#5434,#5436,#5437,#5438));
#5440=FACE_OUTER_BOUND('',#5439,.F.);
#5442=CARTESIAN_POINT('',(-3.E0,-4.E-2,1.13E0));
#5443=DIRECTION('',(0.E0,0.E0,1.E0));
#5444=DIRECTION('',(1.E0,0.E0,0.E0));
#5445=AXIS2_PLACEMENT_3D('',#5442,#5443,#5444);
#5446=PLANE('',#5445);
#5447=ORIENTED_EDGE('',*,*,#5244,.T.);
#5449=ORIENTED_EDGE('',*,*,#5448,.T.);
#5450=ORIENTED_EDGE('',*,*,#5433,.F.);
#5451=ORIENTED_EDGE('',*,*,#4898,.F.);
#5452=EDGE_LOOP('',(#5447,#5449,#5450,#5451));
#5453=FACE_OUTER_BOUND('',#5452,.F.);
#5455=CARTESIAN_POINT('',(0.E0,1.75E-1,0.E0));
#5456=DIRECTION('',(0.E0,-1.E0,0.E0));
#5457=DIRECTION('',(-1.E0,0.E0,0.E0));
#5458=AXIS2_PLACEMENT_3D('',#5455,#5456,#5457);
#5459=PLANE('',#5458);
#5460=ORIENTED_EDGE('',*,*,#5242,.F.);
#5461=ORIENTED_EDGE('',*,*,#5421,.F.);
#5462=ORIENTED_EDGE('',*,*,#5435,.F.);
#5463=ORIENTED_EDGE('',*,*,#5448,.F.);
#5464=EDGE_LOOP('',(#5460,#5461,#5462,#5463));
#5465=FACE_OUTER_BOUND('',#5464,.F.);
#5467=CARTESIAN_POINT('',(-2.72E0,-4.E-2,8.7E-1));
#5468=DIRECTION('',(0.E0,0.E0,-1.E0));
#5469=DIRECTION('',(-1.E0,0.E0,0.E0));
#5470=AXIS2_PLACEMENT_3D('',#5467,#5468,#5469);
#5471=PLANE('',#5470);
#5473=ORIENTED_EDGE('',*,*,#5472,.T.);
#5475=ORIENTED_EDGE('',*,*,#5474,.T.);
#5476=ORIENTED_EDGE('',*,*,#5247,.T.);
#5477=ORIENTED_EDGE('',*,*,#4894,.T.);
#5478=EDGE_LOOP('',(#5473,#5475,#5476,#5477));
#5479=FACE_OUTER_BOUND('',#5478,.F.);
#5481=CARTESIAN_POINT('',(-2.72E0,-4.E-2,7.5E-1));
#5482=DIRECTION('',(0.E0,-1.E0,0.E0));
#5483=DIRECTION('',(-1.E0,0.E0,0.E0));
#5484=AXIS2_PLACEMENT_3D('',#5481,#5482,#5483);
#5485=CYLINDRICAL_SURFACE('',#5484,1.2E-1);
#5487=ORIENTED_EDGE('',*,*,#5486,.T.);
#5489=ORIENTED_EDGE('',*,*,#5488,.T.);
#5490=ORIENTED_EDGE('',*,*,#5472,.F.);
#5491=ORIENTED_EDGE('',*,*,#4892,.F.);
#5492=EDGE_LOOP('',(#5487,#5489,#5490,#5491));
#5493=FACE_OUTER_BOUND('',#5492,.F.);
#5495=CARTESIAN_POINT('',(-3.E0,-4.E-2,6.3E-1));
#5496=DIRECTION('',(0.E0,0.E0,1.E0));
#5497=DIRECTION('',(1.E0,0.E0,0.E0));
#5498=AXIS2_PLACEMENT_3D('',#5495,#5496,#5497);
#5499=PLANE('',#5498);
#5500=ORIENTED_EDGE('',*,*,#5251,.T.);
#5502=ORIENTED_EDGE('',*,*,#5501,.T.);
#5503=ORIENTED_EDGE('',*,*,#5486,.F.);
#5504=ORIENTED_EDGE('',*,*,#4890,.F.);
#5505=EDGE_LOOP('',(#5500,#5502,#5503,#5504));
#5506=FACE_OUTER_BOUND('',#5505,.F.);
#5508=CARTESIAN_POINT('',(0.E0,1.75E-1,0.E0));
#5509=DIRECTION('',(0.E0,-1.E0,0.E0));
#5510=DIRECTION('',(-1.E0,0.E0,0.E0));
#5511=AXIS2_PLACEMENT_3D('',#5508,#5509,#5510);
#5512=PLANE('',#5511);
#5513=ORIENTED_EDGE('',*,*,#5501,.F.);
#5514=ORIENTED_EDGE('',*,*,#5249,.F.);
#5515=ORIENTED_EDGE('',*,*,#5474,.F.);
#5516=ORIENTED_EDGE('',*,*,#5488,.F.);
#5517=EDGE_LOOP('',(#5513,#5514,#5515,#5516));
#5518=FACE_OUTER_BOUND('',#5517,.F.);
#5520=CARTESIAN_POINT('',(-2.72E0,-4.E-2,3.7E-1));
#5521=DIRECTION('',(0.E0,0.E0,-1.E0));
#5522=DIRECTION('',(-1.E0,0.E0,0.E0));
#5523=AXIS2_PLACEMENT_3D('',#5520,#5521,#5522);
#5524=PLANE('',#5523);
#5526=ORIENTED_EDGE('',*,*,#5525,.T.);
#5528=ORIENTED_EDGE('',*,*,#5527,.T.);
#5529=ORIENTED_EDGE('',*,*,#5254,.T.);
#5530=ORIENTED_EDGE('',*,*,#4886,.T.);
#5531=EDGE_LOOP('',(#5526,#5528,#5529,#5530));
#5532=FACE_OUTER_BOUND('',#5531,.F.);
#5534=CARTESIAN_POINT('',(-2.72E0,-4.E-2,2.5E-1));
#5535=DIRECTION('',(0.E0,-1.E0,0.E0));
#5536=DIRECTION('',(-1.E0,0.E0,0.E0));
#5537=AXIS2_PLACEMENT_3D('',#5534,#5535,#5536);
#5538=CYLINDRICAL_SURFACE('',#5537,1.2E-1);
#5540=ORIENTED_EDGE('',*,*,#5539,.T.);
#5542=ORIENTED_EDGE('',*,*,#5541,.T.);
#5543=ORIENTED_EDGE('',*,*,#5525,.F.);
#5544=ORIENTED_EDGE('',*,*,#4884,.F.);
#5545=EDGE_LOOP('',(#5540,#5542,#5543,#5544));
#5546=FACE_OUTER_BOUND('',#5545,.F.);
#5548=CARTESIAN_POINT('',(-3.E0,-4.E-2,1.3E-1));
#5549=DIRECTION('',(0.E0,0.E0,1.E0));
#5550=DIRECTION('',(1.E0,0.E0,0.E0));
#5551=AXIS2_PLACEMENT_3D('',#5548,#5549,#5550);
#5552=PLANE('',#5551);
#5553=ORIENTED_EDGE('',*,*,#5258,.T.);
#5555=ORIENTED_EDGE('',*,*,#5554,.T.);
#5556=ORIENTED_EDGE('',*,*,#5539,.F.);
#5557=ORIENTED_EDGE('',*,*,#4882,.F.);
#5558=EDGE_LOOP('',(#5553,#5555,#5556,#5557));
#5559=FACE_OUTER_BOUND('',#5558,.F.);
#5561=CARTESIAN_POINT('',(0.E0,1.75E-1,0.E0));
#5562=DIRECTION('',(0.E0,-1.E0,0.E0));
#5563=DIRECTION('',(-1.E0,0.E0,0.E0));
#5564=AXIS2_PLACEMENT_3D('',#5561,#5562,#5563);
#5565=PLANE('',#5564);
#5566=ORIENTED_EDGE('',*,*,#5256,.F.);
#5567=ORIENTED_EDGE('',*,*,#5527,.F.);
#5568=ORIENTED_EDGE('',*,*,#5541,.F.);
#5569=ORIENTED_EDGE('',*,*,#5554,.F.);
#5570=EDGE_LOOP('',(#5566,#5567,#5568,#5569));
#5571=FACE_OUTER_BOUND('',#5570,.F.);
#5573=CARTESIAN_POINT('',(-2.72E0,-4.E-2,-1.3E-1));
#5574=DIRECTION('',(0.E0,0.E0,-1.E0));
#5575=DIRECTION('',(-1.E0,0.E0,0.E0));
#5576=AXIS2_PLACEMENT_3D('',#5573,#5574,#5575);
#5577=PLANE('',#5576);
#5579=ORIENTED_EDGE('',*,*,#5578,.T.);
#5581=ORIENTED_EDGE('',*,*,#5580,.T.);
#5582=ORIENTED_EDGE('',*,*,#5261,.T.);
#5583=ORIENTED_EDGE('',*,*,#4878,.T.);
#5584=EDGE_LOOP('',(#5579,#5581,#5582,#5583));
#5585=FACE_OUTER_BOUND('',#5584,.F.);
#5587=CARTESIAN_POINT('',(-2.72E0,-4.E-2,-2.5E-1));
#5588=DIRECTION('',(0.E0,-1.E0,0.E0));
#5589=DIRECTION('',(-1.E0,0.E0,0.E0));
#5590=AXIS2_PLACEMENT_3D('',#5587,#5588,#5589);
#5591=CYLINDRICAL_SURFACE('',#5590,1.2E-1);
#5593=ORIENTED_EDGE('',*,*,#5592,.T.);
#5595=ORIENTED_EDGE('',*,*,#5594,.T.);
#5596=ORIENTED_EDGE('',*,*,#5578,.F.);
#5597=ORIENTED_EDGE('',*,*,#4876,.F.);
#5598=EDGE_LOOP('',(#5593,#5595,#5596,#5597));
#5599=FACE_OUTER_BOUND('',#5598,.F.);
#5601=CARTESIAN_POINT('',(-3.E0,-4.E-2,-3.7E-1));
#5602=DIRECTION('',(0.E0,0.E0,1.E0));
#5603=DIRECTION('',(1.E0,0.E0,0.E0));
#5604=AXIS2_PLACEMENT_3D('',#5601,#5602,#5603);
#5605=PLANE('',#5604);
#5606=ORIENTED_EDGE('',*,*,#5265,.T.);
#5608=ORIENTED_EDGE('',*,*,#5607,.T.);
#5609=ORIENTED_EDGE('',*,*,#5592,.F.);
#5610=ORIENTED_EDGE('',*,*,#4874,.F.);
#5611=EDGE_LOOP('',(#5606,#5608,#5609,#5610));
#5612=FACE_OUTER_BOUND('',#5611,.F.);
#5614=CARTESIAN_POINT('',(0.E0,1.75E-1,0.E0));
#5615=DIRECTION('',(0.E0,-1.E0,0.E0));
#5616=DIRECTION('',(-1.E0,0.E0,0.E0));
#5617=AXIS2_PLACEMENT_3D('',#5614,#5615,#5616);
#5618=PLANE('',#5617);
#5619=ORIENTED_EDGE('',*,*,#5263,.F.);
#5620=ORIENTED_EDGE('',*,*,#5580,.F.);
#5621=ORIENTED_EDGE('',*,*,#5594,.F.);
#5622=ORIENTED_EDGE('',*,*,#5607,.F.);
#5623=EDGE_LOOP('',(#5619,#5620,#5621,#5622));
#5624=FACE_OUTER_BOUND('',#5623,.F.);
#5626=CARTESIAN_POINT('',(-2.72E0,-4.E-2,-6.3E-1));
#5627=DIRECTION('',(0.E0,0.E0,-1.E0));
#5628=DIRECTION('',(-1.E0,0.E0,0.E0));
#5629=AXIS2_PLACEMENT_3D('',#5626,#5627,#5628);
#5630=PLANE('',#5629);
#5632=ORIENTED_EDGE('',*,*,#5631,.T.);
#5634=ORIENTED_EDGE('',*,*,#5633,.T.);
#5635=ORIENTED_EDGE('',*,*,#5268,.T.);
#5636=ORIENTED_EDGE('',*,*,#4870,.T.);
#5637=EDGE_LOOP('',(#5632,#5634,#5635,#5636));
#5638=FACE_OUTER_BOUND('',#5637,.F.);
#5640=CARTESIAN_POINT('',(-2.72E0,-4.E-2,-7.5E-1));
#5641=DIRECTION('',(0.E0,-1.E0,0.E0));
#5642=DIRECTION('',(-1.E0,0.E0,0.E0));
#5643=AXIS2_PLACEMENT_3D('',#5640,#5641,#5642);
#5644=CYLINDRICAL_SURFACE('',#5643,1.2E-1);
#5646=ORIENTED_EDGE('',*,*,#5645,.T.);
#5648=ORIENTED_EDGE('',*,*,#5647,.T.);
#5649=ORIENTED_EDGE('',*,*,#5631,.F.);
#5650=ORIENTED_EDGE('',*,*,#4868,.F.);
#5651=EDGE_LOOP('',(#5646,#5648,#5649,#5650));
#5652=FACE_OUTER_BOUND('',#5651,.F.);
#5654=CARTESIAN_POINT('',(-3.E0,-4.E-2,-8.7E-1));
#5655=DIRECTION('',(0.E0,0.E0,1.E0));
#5656=DIRECTION('',(1.E0,0.E0,0.E0));
#5657=AXIS2_PLACEMENT_3D('',#5654,#5655,#5656);
#5658=PLANE('',#5657);
#5659=ORIENTED_EDGE('',*,*,#5272,.T.);
#5661=ORIENTED_EDGE('',*,*,#5660,.T.);
#5662=ORIENTED_EDGE('',*,*,#5645,.F.);
#5663=ORIENTED_EDGE('',*,*,#4866,.F.);
#5664=EDGE_LOOP('',(#5659,#5661,#5662,#5663));
#5665=FACE_OUTER_BOUND('',#5664,.F.);
#5667=CARTESIAN_POINT('',(0.E0,1.75E-1,0.E0));
#5668=DIRECTION('',(0.E0,-1.E0,0.E0));
#5669=DIRECTION('',(-1.E0,0.E0,0.E0));
#5670=AXIS2_PLACEMENT_3D('',#5667,#5668,#5669);
#5671=PLANE('',#5670);
#5672=ORIENTED_EDGE('',*,*,#5270,.F.);
#5673=ORIENTED_EDGE('',*,*,#5633,.F.);
#5674=ORIENTED_EDGE('',*,*,#5647,.F.);
#5675=ORIENTED_EDGE('',*,*,#5660,.F.);
#5676=EDGE_LOOP('',(#5672,#5673,#5674,#5675));
#5677=FACE_OUTER_BOUND('',#5676,.F.);
#5679=CARTESIAN_POINT('',(-2.72E0,-4.E-2,-1.13E0));
#5680=DIRECTION('',(0.E0,0.E0,-1.E0));
#5681=DIRECTION('',(-1.E0,0.E0,0.E0));
#5682=AXIS2_PLACEMENT_3D('',#5679,#5680,#5681);
#5683=PLANE('',#5682);
#5685=ORIENTED_EDGE('',*,*,#5684,.T.);
#5687=ORIENTED_EDGE('',*,*,#5686,.T.);
#5688=ORIENTED_EDGE('',*,*,#5275,.T.);
#5689=ORIENTED_EDGE('',*,*,#4862,.T.);
#5690=EDGE_LOOP('',(#5685,#5687,#5688,#5689));
#5691=FACE_OUTER_BOUND('',#5690,.F.);
#5693=CARTESIAN_POINT('',(-2.72E0,-4.E-2,-1.25E0));
#5694=DIRECTION('',(0.E0,-1.E0,0.E0));
#5695=DIRECTION('',(-1.E0,0.E0,0.E0));
#5696=AXIS2_PLACEMENT_3D('',#5693,#5694,#5695);
#5697=CYLINDRICAL_SURFACE('',#5696,1.2E-1);
#5699=ORIENTED_EDGE('',*,*,#5698,.T.);
#5701=ORIENTED_EDGE('',*,*,#5700,.T.);
#5702=ORIENTED_EDGE('',*,*,#5684,.F.);
#5703=ORIENTED_EDGE('',*,*,#4860,.F.);
#5704=EDGE_LOOP('',(#5699,#5701,#5702,#5703));
#5705=FACE_OUTER_BOUND('',#5704,.F.);
#5707=CARTESIAN_POINT('',(-3.E0,-4.E-2,-1.37E0));
#5708=DIRECTION('',(0.E0,0.E0,1.E0));
#5709=DIRECTION('',(1.E0,0.E0,0.E0));
#5710=AXIS2_PLACEMENT_3D('',#5707,#5708,#5709);
#5711=PLANE('',#5710);
#5712=ORIENTED_EDGE('',*,*,#5279,.T.);
#5714=ORIENTED_EDGE('',*,*,#5713,.T.);
#5715=ORIENTED_EDGE('',*,*,#5698,.F.);
#5716=ORIENTED_EDGE('',*,*,#4858,.F.);
#5717=EDGE_LOOP('',(#5712,#5714,#5715,#5716));
#5718=FACE_OUTER_BOUND('',#5717,.F.);
#5720=CARTESIAN_POINT('',(0.E0,1.75E-1,0.E0));
#5721=DIRECTION('',(0.E0,-1.E0,0.E0));
#5722=DIRECTION('',(-1.E0,0.E0,0.E0));
#5723=AXIS2_PLACEMENT_3D('',#5720,#5721,#5722);
#5724=PLANE('',#5723);
#5725=ORIENTED_EDGE('',*,*,#5277,.F.);
#5726=ORIENTED_EDGE('',*,*,#5686,.F.);
#5727=ORIENTED_EDGE('',*,*,#5700,.F.);
#5728=ORIENTED_EDGE('',*,*,#5713,.F.);
#5729=EDGE_LOOP('',(#5725,#5726,#5727,#5728));
#5730=FACE_OUTER_BOUND('',#5729,.F.);
#5732=CARTESIAN_POINT('',(-2.72E0,-4.E-2,-1.63E0));
#5733=DIRECTION('',(0.E0,0.E0,-1.E0));
#5734=DIRECTION('',(-1.E0,0.E0,0.E0));
#5735=AXIS2_PLACEMENT_3D('',#5732,#5733,#5734);
#5736=PLANE('',#5735);
#5738=ORIENTED_EDGE('',*,*,#5737,.T.);
#5740=ORIENTED_EDGE('',*,*,#5739,.T.);
#5741=ORIENTED_EDGE('',*,*,#5282,.T.);
#5742=ORIENTED_EDGE('',*,*,#4854,.T.);
#5743=EDGE_LOOP('',(#5738,#5740,#5741,#5742));
#5744=FACE_OUTER_BOUND('',#5743,.F.);
#5746=CARTESIAN_POINT('',(-2.72E0,-4.E-2,-1.75E0));
#5747=DIRECTION('',(0.E0,-1.E0,0.E0));
#5748=DIRECTION('',(-1.E0,0.E0,0.E0));
#5749=AXIS2_PLACEMENT_3D('',#5746,#5747,#5748);
#5750=CYLINDRICAL_SURFACE('',#5749,1.2E-1);
#5752=ORIENTED_EDGE('',*,*,#5751,.T.);
#5754=ORIENTED_EDGE('',*,*,#5753,.T.);
#5755=ORIENTED_EDGE('',*,*,#5737,.F.);
#5756=ORIENTED_EDGE('',*,*,#4852,.F.);
#5757=EDGE_LOOP('',(#5752,#5754,#5755,#5756));
#5758=FACE_OUTER_BOUND('',#5757,.F.);
#5760=CARTESIAN_POINT('',(-3.E0,-4.E-2,-1.87E0));
#5761=DIRECTION('',(0.E0,0.E0,1.E0));
#5762=DIRECTION('',(1.E0,0.E0,0.E0));
#5763=AXIS2_PLACEMENT_3D('',#5760,#5761,#5762);
#5764=PLANE('',#5763);
#5765=ORIENTED_EDGE('',*,*,#5286,.T.);
#5767=ORIENTED_EDGE('',*,*,#5766,.T.);
#5768=ORIENTED_EDGE('',*,*,#5751,.F.);
#5769=ORIENTED_EDGE('',*,*,#4850,.F.);
#5770=EDGE_LOOP('',(#5765,#5767,#5768,#5769));
#5771=FACE_OUTER_BOUND('',#5770,.F.);
#5773=CARTESIAN_POINT('',(0.E0,1.75E-1,0.E0));
#5774=DIRECTION('',(0.E0,-1.E0,0.E0));
#5775=DIRECTION('',(-1.E0,0.E0,0.E0));
#5776=AXIS2_PLACEMENT_3D('',#5773,#5774,#5775);
#5777=PLANE('',#5776);
#5778=ORIENTED_EDGE('',*,*,#5284,.F.);
#5779=ORIENTED_EDGE('',*,*,#5739,.F.);
#5780=ORIENTED_EDGE('',*,*,#5753,.F.);
#5781=ORIENTED_EDGE('',*,*,#5766,.F.);
#5782=EDGE_LOOP('',(#5778,#5779,#5780,#5781));
#5783=FACE_OUTER_BOUND('',#5782,.F.);
#5785=CARTESIAN_POINT('',(-2.72E0,-4.E-2,-2.13E0));
#5786=DIRECTION('',(0.E0,0.E0,-1.E0));
#5787=DIRECTION('',(-1.E0,0.E0,0.E0));
#5788=AXIS2_PLACEMENT_3D('',#5785,#5786,#5787);
#5789=PLANE('',#5788);
#5791=ORIENTED_EDGE('',*,*,#5790,.T.);
#5793=ORIENTED_EDGE('',*,*,#5792,.T.);
#5794=ORIENTED_EDGE('',*,*,#5289,.T.);
#5795=ORIENTED_EDGE('',*,*,#4846,.T.);
#5796=EDGE_LOOP('',(#5791,#5793,#5794,#5795));
#5797=FACE_OUTER_BOUND('',#5796,.F.);
#5799=CARTESIAN_POINT('',(-2.72E0,-4.E-2,-2.25E0));
#5800=DIRECTION('',(0.E0,-1.E0,0.E0));
#5801=DIRECTION('',(-1.E0,0.E0,0.E0));
#5802=AXIS2_PLACEMENT_3D('',#5799,#5800,#5801);
#5803=CYLINDRICAL_SURFACE('',#5802,1.2E-1);
#5805=ORIENTED_EDGE('',*,*,#5804,.T.);
#5807=ORIENTED_EDGE('',*,*,#5806,.T.);
#5808=ORIENTED_EDGE('',*,*,#5790,.F.);
#5809=ORIENTED_EDGE('',*,*,#4844,.F.);
#5810=EDGE_LOOP('',(#5805,#5807,#5808,#5809));
#5811=FACE_OUTER_BOUND('',#5810,.F.);
#5813=CARTESIAN_POINT('',(-3.E0,-4.E-2,-2.37E0));
#5814=DIRECTION('',(0.E0,0.E0,1.E0));
#5815=DIRECTION('',(1.E0,0.E0,0.E0));
#5816=AXIS2_PLACEMENT_3D('',#5813,#5814,#5815);
#5817=PLANE('',#5816);
#5818=ORIENTED_EDGE('',*,*,#5293,.T.);
#5820=ORIENTED_EDGE('',*,*,#5819,.T.);
#5821=ORIENTED_EDGE('',*,*,#5804,.F.);
#5822=ORIENTED_EDGE('',*,*,#4842,.F.);
#5823=EDGE_LOOP('',(#5818,#5820,#5821,#5822));
#5824=FACE_OUTER_BOUND('',#5823,.F.);
#5826=CARTESIAN_POINT('',(0.E0,1.75E-1,0.E0));
#5827=DIRECTION('',(0.E0,-1.E0,0.E0));
#5828=DIRECTION('',(-1.E0,0.E0,0.E0));
#5829=AXIS2_PLACEMENT_3D('',#5826,#5827,#5828);
#5830=PLANE('',#5829);
#5831=ORIENTED_EDGE('',*,*,#5291,.F.);
#5832=ORIENTED_EDGE('',*,*,#5792,.F.);
#5833=ORIENTED_EDGE('',*,*,#5806,.F.);
#5834=ORIENTED_EDGE('',*,*,#5819,.F.);
#5835=EDGE_LOOP('',(#5831,#5832,#5833,#5834));
#5836=FACE_OUTER_BOUND('',#5835,.F.);
#5838=CARTESIAN_POINT('',(3.E0,0.E0,-3.E0));
#5839=DIRECTION('',(0.E0,0.E0,-1.E0));
#5840=DIRECTION('',(-1.E0,0.E0,0.E0));
#5841=AXIS2_PLACEMENT_3D('',#5838,#5839,#5840);
#5842=PLANE('',#5841);
#5844=ORIENTED_EDGE('',*,*,#5843,.T.);
#5846=ORIENTED_EDGE('',*,*,#5845,.F.);
#5847=ORIENTED_EDGE('',*,*,#5158,.F.);
#5849=ORIENTED_EDGE('',*,*,#5848,.F.);
#5851=ORIENTED_EDGE('',*,*,#5850,.T.);
#5853=ORIENTED_EDGE('',*,*,#5852,.F.);
#5854=ORIENTED_EDGE('',*,*,#5150,.F.);
#5856=ORIENTED_EDGE('',*,*,#5855,.F.);
#5858=ORIENTED_EDGE('',*,*,#5857,.T.);
#5860=ORIENTED_EDGE('',*,*,#5859,.F.);
#5861=ORIENTED_EDGE('',*,*,#5142,.F.);
#5863=ORIENTED_EDGE('',*,*,#5862,.F.);
#5865=ORIENTED_EDGE('',*,*,#5864,.T.);
#5867=ORIENTED_EDGE('',*,*,#5866,.F.);
#5868=ORIENTED_EDGE('',*,*,#5134,.F.);
#5870=ORIENTED_EDGE('',*,*,#5869,.F.);
#5872=ORIENTED_EDGE('',*,*,#5871,.T.);
#5874=ORIENTED_EDGE('',*,*,#5873,.F.);
#5875=ORIENTED_EDGE('',*,*,#5126,.F.);
#5877=ORIENTED_EDGE('',*,*,#5876,.F.);
#5879=ORIENTED_EDGE('',*,*,#5878,.T.);
#5881=ORIENTED_EDGE('',*,*,#5880,.F.);
#5882=ORIENTED_EDGE('',*,*,#5118,.F.);
#5884=ORIENTED_EDGE('',*,*,#5883,.F.);
#5886=ORIENTED_EDGE('',*,*,#5885,.T.);
#5888=ORIENTED_EDGE('',*,*,#5887,.F.);
#5889=ORIENTED_EDGE('',*,*,#5110,.F.);
#5891=ORIENTED_EDGE('',*,*,#5890,.F.);
#5893=ORIENTED_EDGE('',*,*,#5892,.T.);
#5895=ORIENTED_EDGE('',*,*,#5894,.F.);
#5896=ORIENTED_EDGE('',*,*,#5102,.F.);
#5898=ORIENTED_EDGE('',*,*,#5897,.F.);
#5900=ORIENTED_EDGE('',*,*,#5899,.T.);
#5902=ORIENTED_EDGE('',*,*,#5901,.F.);
#5903=ORIENTED_EDGE('',*,*,#5094,.F.);
#5905=ORIENTED_EDGE('',*,*,#5904,.F.);
#5907=ORIENTED_EDGE('',*,*,#5906,.T.);
#5909=ORIENTED_EDGE('',*,*,#5908,.F.);
#5910=ORIENTED_EDGE('',*,*,#5086,.F.);
#5912=ORIENTED_EDGE('',*,*,#5911,.T.);
#5914=ORIENTED_EDGE('',*,*,#5913,.T.);
#5915=ORIENTED_EDGE('',*,*,#5296,.F.);
#5916=ORIENTED_EDGE('',*,*,#5166,.F.);
#5918=ORIENTED_EDGE('',*,*,#5917,.F.);
#5919=EDGE_LOOP('',(#5844,#5846,#5847,#5849,#5851,#5853,#5854,#5856,#5858,#5860,
#5861,#5863,#5865,#5867,#5868,#5870,#5872,#5874,#5875,#5877,#5879,#5881,#5882,
#5884,#5886,#5888,#5889,#5891,#5893,#5895,#5896,#5898,#5900,#5902,#5903,#5905,
#5907,#5909,#5910,#5912,#5914,#5915,#5916,#5918));
#5920=FACE_OUTER_BOUND('',#5919,.F.);
#5922=CARTESIAN_POINT('',(0.E0,1.75E-1,0.E0));
#5923=DIRECTION('',(0.E0,1.E0,0.E0));
#5924=DIRECTION('',(1.E0,0.E0,0.E0));
#5925=AXIS2_PLACEMENT_3D('',#5922,#5923,#5924);
#5926=PLANE('',#5925);
#5927=ORIENTED_EDGE('',*,*,#5843,.F.);
#5929=ORIENTED_EDGE('',*,*,#5928,.T.);
#5931=ORIENTED_EDGE('',*,*,#5930,.T.);
#5933=ORIENTED_EDGE('',*,*,#5932,.T.);
#5934=EDGE_LOOP('',(#5927,#5929,#5931,#5933));
#5935=FACE_OUTER_BOUND('',#5934,.F.);
#5937=CARTESIAN_POINT('',(-2.37E0,-4.E-2,-3.E0));
#5938=DIRECTION('',(-1.E0,0.E0,0.E0));
#5939=DIRECTION('',(0.E0,0.E0,1.E0));
#5940=AXIS2_PLACEMENT_3D('',#5937,#5938,#5939);
#5941=PLANE('',#5940);
#5943=ORIENTED_EDGE('',*,*,#5942,.F.);
#5944=ORIENTED_EDGE('',*,*,#5928,.F.);
#5945=ORIENTED_EDGE('',*,*,#5917,.T.);
#5946=ORIENTED_EDGE('',*,*,#5164,.T.);
#5947=EDGE_LOOP('',(#5943,#5944,#5945,#5946));
#5948=FACE_OUTER_BOUND('',#5947,.F.);
#5950=CARTESIAN_POINT('',(-2.25E0,-4.E-2,-2.72E0));
#5951=DIRECTION('',(0.E0,1.E0,0.E0));
#5952=DIRECTION('',(1.E0,0.E0,0.E0));
#5953=AXIS2_PLACEMENT_3D('',#5950,#5951,#5952);
#5954=CYLINDRICAL_SURFACE('',#5953,1.2E-1);
#5956=ORIENTED_EDGE('',*,*,#5955,.F.);
#5957=ORIENTED_EDGE('',*,*,#5930,.F.);
#5958=ORIENTED_EDGE('',*,*,#5942,.T.);
#5959=ORIENTED_EDGE('',*,*,#5162,.T.);
#5960=EDGE_LOOP('',(#5956,#5957,#5958,#5959));
#5961=FACE_OUTER_BOUND('',#5960,.F.);
#5963=CARTESIAN_POINT('',(-2.13E0,-4.E-2,-2.72E0));
#5964=DIRECTION('',(1.E0,0.E0,0.E0));
#5965=DIRECTION('',(0.E0,0.E0,-1.E0));
#5966=AXIS2_PLACEMENT_3D('',#5963,#5964,#5965);
#5967=PLANE('',#5966);
#5968=ORIENTED_EDGE('',*,*,#5845,.T.);
#5969=ORIENTED_EDGE('',*,*,#5932,.F.);
#5970=ORIENTED_EDGE('',*,*,#5955,.T.);
#5971=ORIENTED_EDGE('',*,*,#5160,.F.);
#5972=EDGE_LOOP('',(#5968,#5969,#5970,#5971));
#5973=FACE_OUTER_BOUND('',#5972,.F.);
#5975=CARTESIAN_POINT('',(-1.87E0,-4.E-2,-3.E0));
#5976=DIRECTION('',(-1.E0,0.E0,0.E0));
#5977=DIRECTION('',(0.E0,0.E0,1.E0));
#5978=AXIS2_PLACEMENT_3D('',#5975,#5976,#5977);
#5979=PLANE('',#5978);
#5981=ORIENTED_EDGE('',*,*,#5980,.F.);
#5983=ORIENTED_EDGE('',*,*,#5982,.F.);
#5984=ORIENTED_EDGE('',*,*,#5848,.T.);
#5985=ORIENTED_EDGE('',*,*,#5156,.T.);
#5986=EDGE_LOOP('',(#5981,#5983,#5984,#5985));
#5987=FACE_OUTER_BOUND('',#5986,.F.);
#5989=CARTESIAN_POINT('',(-1.75E0,-4.E-2,-2.72E0));
#5990=DIRECTION('',(0.E0,1.E0,0.E0));
#5991=DIRECTION('',(1.E0,0.E0,0.E0));
#5992=AXIS2_PLACEMENT_3D('',#5989,#5990,#5991);
#5993=CYLINDRICAL_SURFACE('',#5992,1.2E-1);
#5995=ORIENTED_EDGE('',*,*,#5994,.F.);
#5997=ORIENTED_EDGE('',*,*,#5996,.F.);
#5998=ORIENTED_EDGE('',*,*,#5980,.T.);
#5999=ORIENTED_EDGE('',*,*,#5154,.T.);
#6000=EDGE_LOOP('',(#5995,#5997,#5998,#5999));
#6001=FACE_OUTER_BOUND('',#6000,.F.);
#6003=CARTESIAN_POINT('',(-1.63E0,-4.E-2,-2.72E0));
#6004=DIRECTION('',(1.E0,0.E0,0.E0));
#6005=DIRECTION('',(0.E0,0.E0,-1.E0));
#6006=AXIS2_PLACEMENT_3D('',#6003,#6004,#6005);
#6007=PLANE('',#6006);
#6008=ORIENTED_EDGE('',*,*,#5852,.T.);
#6010=ORIENTED_EDGE('',*,*,#6009,.F.);
#6011=ORIENTED_EDGE('',*,*,#5994,.T.);
#6012=ORIENTED_EDGE('',*,*,#5152,.F.);
#6013=EDGE_LOOP('',(#6008,#6010,#6011,#6012));
#6014=FACE_OUTER_BOUND('',#6013,.F.);
#6016=CARTESIAN_POINT('',(0.E0,1.75E-1,0.E0));
#6017=DIRECTION('',(0.E0,1.E0,0.E0));
#6018=DIRECTION('',(1.E0,0.E0,0.E0));
#6019=AXIS2_PLACEMENT_3D('',#6016,#6017,#6018);
#6020=PLANE('',#6019);
#6021=ORIENTED_EDGE('',*,*,#5850,.F.);
#6022=ORIENTED_EDGE('',*,*,#5982,.T.);
#6023=ORIENTED_EDGE('',*,*,#5996,.T.);
#6024=ORIENTED_EDGE('',*,*,#6009,.T.);
#6025=EDGE_LOOP('',(#6021,#6022,#6023,#6024));
#6026=FACE_OUTER_BOUND('',#6025,.F.);
#6028=CARTESIAN_POINT('',(-1.37E0,-4.E-2,-3.E0));
#6029=DIRECTION('',(-1.E0,0.E0,0.E0));
#6030=DIRECTION('',(0.E0,0.E0,1.E0));
#6031=AXIS2_PLACEMENT_3D('',#6028,#6029,#6030);
#6032=PLANE('',#6031);
#6034=ORIENTED_EDGE('',*,*,#6033,.F.);
#6036=ORIENTED_EDGE('',*,*,#6035,.F.);
#6037=ORIENTED_EDGE('',*,*,#5855,.T.);
#6038=ORIENTED_EDGE('',*,*,#5148,.T.);
#6039=EDGE_LOOP('',(#6034,#6036,#6037,#6038));
#6040=FACE_OUTER_BOUND('',#6039,.F.);
#6042=CARTESIAN_POINT('',(-1.25E0,-4.E-2,-2.72E0));
#6043=DIRECTION('',(0.E0,1.E0,0.E0));
#6044=DIRECTION('',(1.E0,0.E0,0.E0));
#6045=AXIS2_PLACEMENT_3D('',#6042,#6043,#6044);
#6046=CYLINDRICAL_SURFACE('',#6045,1.2E-1);
#6048=ORIENTED_EDGE('',*,*,#6047,.F.);
#6050=ORIENTED_EDGE('',*,*,#6049,.F.);
#6051=ORIENTED_EDGE('',*,*,#6033,.T.);
#6052=ORIENTED_EDGE('',*,*,#5146,.T.);
#6053=EDGE_LOOP('',(#6048,#6050,#6051,#6052));
#6054=FACE_OUTER_BOUND('',#6053,.F.);
#6056=CARTESIAN_POINT('',(-1.13E0,-4.E-2,-2.72E0));
#6057=DIRECTION('',(1.E0,0.E0,0.E0));
#6058=DIRECTION('',(0.E0,0.E0,-1.E0));
#6059=AXIS2_PLACEMENT_3D('',#6056,#6057,#6058);
#6060=PLANE('',#6059);
#6061=ORIENTED_EDGE('',*,*,#5859,.T.);
#6063=ORIENTED_EDGE('',*,*,#6062,.F.);
#6064=ORIENTED_EDGE('',*,*,#6047,.T.);
#6065=ORIENTED_EDGE('',*,*,#5144,.F.);
#6066=EDGE_LOOP('',(#6061,#6063,#6064,#6065));
#6067=FACE_OUTER_BOUND('',#6066,.F.);
#6069=CARTESIAN_POINT('',(0.E0,1.75E-1,0.E0));
#6070=DIRECTION('',(0.E0,1.E0,0.E0));
#6071=DIRECTION('',(1.E0,0.E0,0.E0));
#6072=AXIS2_PLACEMENT_3D('',#6069,#6070,#6071);
#6073=PLANE('',#6072);
#6074=ORIENTED_EDGE('',*,*,#5857,.F.);
#6075=ORIENTED_EDGE('',*,*,#6035,.T.);
#6076=ORIENTED_EDGE('',*,*,#6049,.T.);
#6077=ORIENTED_EDGE('',*,*,#6062,.T.);
#6078=EDGE_LOOP('',(#6074,#6075,#6076,#6077));
#6079=FACE_OUTER_BOUND('',#6078,.F.);
#6081=CARTESIAN_POINT('',(-8.7E-1,-4.E-2,-3.E0));
#6082=DIRECTION('',(-1.E0,0.E0,0.E0));
#6083=DIRECTION('',(0.E0,0.E0,1.E0));
#6084=AXIS2_PLACEMENT_3D('',#6081,#6082,#6083);
#6085=PLANE('',#6084);
#6087=ORIENTED_EDGE('',*,*,#6086,.F.);
#6089=ORIENTED_EDGE('',*,*,#6088,.F.);
#6090=ORIENTED_EDGE('',*,*,#5862,.T.);
#6091=ORIENTED_EDGE('',*,*,#5140,.T.);
#6092=EDGE_LOOP('',(#6087,#6089,#6090,#6091));
#6093=FACE_OUTER_BOUND('',#6092,.F.);
#6095=CARTESIAN_POINT('',(-7.5E-1,-4.E-2,-2.72E0));
#6096=DIRECTION('',(0.E0,1.E0,0.E0));
#6097=DIRECTION('',(1.E0,0.E0,0.E0));
#6098=AXIS2_PLACEMENT_3D('',#6095,#6096,#6097);
#6099=CYLINDRICAL_SURFACE('',#6098,1.2E-1);
#6101=ORIENTED_EDGE('',*,*,#6100,.F.);
#6103=ORIENTED_EDGE('',*,*,#6102,.F.);
#6104=ORIENTED_EDGE('',*,*,#6086,.T.);
#6105=ORIENTED_EDGE('',*,*,#5138,.T.);
#6106=EDGE_LOOP('',(#6101,#6103,#6104,#6105));
#6107=FACE_OUTER_BOUND('',#6106,.F.);
#6109=CARTESIAN_POINT('',(-6.3E-1,-4.E-2,-2.72E0));
#6110=DIRECTION('',(1.E0,0.E0,0.E0));
#6111=DIRECTION('',(0.E0,0.E0,-1.E0));
#6112=AXIS2_PLACEMENT_3D('',#6109,#6110,#6111);
#6113=PLANE('',#6112);
#6114=ORIENTED_EDGE('',*,*,#5866,.T.);
#6116=ORIENTED_EDGE('',*,*,#6115,.F.);
#6117=ORIENTED_EDGE('',*,*,#6100,.T.);
#6118=ORIENTED_EDGE('',*,*,#5136,.F.);
#6119=EDGE_LOOP('',(#6114,#6116,#6117,#6118));
#6120=FACE_OUTER_BOUND('',#6119,.F.);
#6122=CARTESIAN_POINT('',(0.E0,1.75E-1,0.E0));
#6123=DIRECTION('',(0.E0,1.E0,0.E0));
#6124=DIRECTION('',(1.E0,0.E0,0.E0));
#6125=AXIS2_PLACEMENT_3D('',#6122,#6123,#6124);
#6126=PLANE('',#6125);
#6127=ORIENTED_EDGE('',*,*,#6088,.T.);
#6128=ORIENTED_EDGE('',*,*,#6102,.T.);
#6129=ORIENTED_EDGE('',*,*,#6115,.T.);
#6130=ORIENTED_EDGE('',*,*,#5864,.F.);
#6131=EDGE_LOOP('',(#6127,#6128,#6129,#6130));
#6132=FACE_OUTER_BOUND('',#6131,.F.);
#6134=CARTESIAN_POINT('',(-3.7E-1,-4.E-2,-3.E0));
#6135=DIRECTION('',(-1.E0,0.E0,0.E0));
#6136=DIRECTION('',(0.E0,0.E0,1.E0));
#6137=AXIS2_PLACEMENT_3D('',#6134,#6135,#6136);
#6138=PLANE('',#6137);
#6140=ORIENTED_EDGE('',*,*,#6139,.F.);
#6142=ORIENTED_EDGE('',*,*,#6141,.F.);
#6143=ORIENTED_EDGE('',*,*,#5869,.T.);
#6144=ORIENTED_EDGE('',*,*,#5132,.T.);
#6145=EDGE_LOOP('',(#6140,#6142,#6143,#6144));
#6146=FACE_OUTER_BOUND('',#6145,.F.);
#6148=CARTESIAN_POINT('',(-2.5E-1,-4.E-2,-2.72E0));
#6149=DIRECTION('',(0.E0,1.E0,0.E0));
#6150=DIRECTION('',(1.E0,0.E0,0.E0));
#6151=AXIS2_PLACEMENT_3D('',#6148,#6149,#6150);
#6152=CYLINDRICAL_SURFACE('',#6151,1.2E-1);
#6154=ORIENTED_EDGE('',*,*,#6153,.F.);
#6156=ORIENTED_EDGE('',*,*,#6155,.F.);
#6157=ORIENTED_EDGE('',*,*,#6139,.T.);
#6158=ORIENTED_EDGE('',*,*,#5130,.T.);
#6159=EDGE_LOOP('',(#6154,#6156,#6157,#6158));
#6160=FACE_OUTER_BOUND('',#6159,.F.);
#6162=CARTESIAN_POINT('',(-1.3E-1,-4.E-2,-2.72E0));
#6163=DIRECTION('',(1.E0,0.E0,0.E0));
#6164=DIRECTION('',(0.E0,0.E0,-1.E0));
#6165=AXIS2_PLACEMENT_3D('',#6162,#6163,#6164);
#6166=PLANE('',#6165);
#6167=ORIENTED_EDGE('',*,*,#5873,.T.);
#6169=ORIENTED_EDGE('',*,*,#6168,.F.);
#6170=ORIENTED_EDGE('',*,*,#6153,.T.);
#6171=ORIENTED_EDGE('',*,*,#5128,.F.);
#6172=EDGE_LOOP('',(#6167,#6169,#6170,#6171));
#6173=FACE_OUTER_BOUND('',#6172,.F.);
#6175=CARTESIAN_POINT('',(0.E0,1.75E-1,0.E0));
#6176=DIRECTION('',(0.E0,1.E0,0.E0));
#6177=DIRECTION('',(1.E0,0.E0,0.E0));
#6178=AXIS2_PLACEMENT_3D('',#6175,#6176,#6177);
#6179=PLANE('',#6178);
#6180=ORIENTED_EDGE('',*,*,#5871,.F.);
#6181=ORIENTED_EDGE('',*,*,#6141,.T.);
#6182=ORIENTED_EDGE('',*,*,#6155,.T.);
#6183=ORIENTED_EDGE('',*,*,#6168,.T.);
#6184=EDGE_LOOP('',(#6180,#6181,#6182,#6183));
#6185=FACE_OUTER_BOUND('',#6184,.F.);
#6187=CARTESIAN_POINT('',(1.3E-1,-4.E-2,-3.E0));
#6188=DIRECTION('',(-1.E0,0.E0,0.E0));
#6189=DIRECTION('',(0.E0,0.E0,1.E0));
#6190=AXIS2_PLACEMENT_3D('',#6187,#6188,#6189);
#6191=PLANE('',#6190);
#6193=ORIENTED_EDGE('',*,*,#6192,.F.);
#6195=ORIENTED_EDGE('',*,*,#6194,.F.);
#6196=ORIENTED_EDGE('',*,*,#5876,.T.);
#6197=ORIENTED_EDGE('',*,*,#5124,.T.);
#6198=EDGE_LOOP('',(#6193,#6195,#6196,#6197));
#6199=FACE_OUTER_BOUND('',#6198,.F.);
#6201=CARTESIAN_POINT('',(2.5E-1,-4.E-2,-2.72E0));
#6202=DIRECTION('',(0.E0,1.E0,0.E0));
#6203=DIRECTION('',(1.E0,0.E0,0.E0));
#6204=AXIS2_PLACEMENT_3D('',#6201,#6202,#6203);
#6205=CYLINDRICAL_SURFACE('',#6204,1.2E-1);
#6207=ORIENTED_EDGE('',*,*,#6206,.F.);
#6209=ORIENTED_EDGE('',*,*,#6208,.F.);
#6210=ORIENTED_EDGE('',*,*,#6192,.T.);
#6211=ORIENTED_EDGE('',*,*,#5122,.T.);
#6212=EDGE_LOOP('',(#6207,#6209,#6210,#6211));
#6213=FACE_OUTER_BOUND('',#6212,.F.);
#6215=CARTESIAN_POINT('',(3.7E-1,-4.E-2,-2.72E0));
#6216=DIRECTION('',(1.E0,0.E0,0.E0));
#6217=DIRECTION('',(0.E0,0.E0,-1.E0));
#6218=AXIS2_PLACEMENT_3D('',#6215,#6216,#6217);
#6219=PLANE('',#6218);
#6220=ORIENTED_EDGE('',*,*,#5880,.T.);
#6222=ORIENTED_EDGE('',*,*,#6221,.F.);
#6223=ORIENTED_EDGE('',*,*,#6206,.T.);
#6224=ORIENTED_EDGE('',*,*,#5120,.F.);
#6225=EDGE_LOOP('',(#6220,#6222,#6223,#6224));
#6226=FACE_OUTER_BOUND('',#6225,.F.);
#6228=CARTESIAN_POINT('',(0.E0,1.75E-1,0.E0));
#6229=DIRECTION('',(0.E0,1.E0,0.E0));
#6230=DIRECTION('',(1.E0,0.E0,0.E0));
#6231=AXIS2_PLACEMENT_3D('',#6228,#6229,#6230);
#6232=PLANE('',#6231);
#6233=ORIENTED_EDGE('',*,*,#5878,.F.);
#6234=ORIENTED_EDGE('',*,*,#6194,.T.);
#6235=ORIENTED_EDGE('',*,*,#6208,.T.);
#6236=ORIENTED_EDGE('',*,*,#6221,.T.);
#6237=EDGE_LOOP('',(#6233,#6234,#6235,#6236));
#6238=FACE_OUTER_BOUND('',#6237,.F.);
#6240=CARTESIAN_POINT('',(6.3E-1,-4.E-2,-3.E0));
#6241=DIRECTION('',(-1.E0,0.E0,0.E0));
#6242=DIRECTION('',(0.E0,0.E0,1.E0));
#6243=AXIS2_PLACEMENT_3D('',#6240,#6241,#6242);
#6244=PLANE('',#6243);
#6246=ORIENTED_EDGE('',*,*,#6245,.F.);
#6248=ORIENTED_EDGE('',*,*,#6247,.F.);
#6249=ORIENTED_EDGE('',*,*,#5883,.T.);
#6250=ORIENTED_EDGE('',*,*,#5116,.T.);
#6251=EDGE_LOOP('',(#6246,#6248,#6249,#6250));
#6252=FACE_OUTER_BOUND('',#6251,.F.);
#6254=CARTESIAN_POINT('',(7.5E-1,-4.E-2,-2.72E0));
#6255=DIRECTION('',(0.E0,1.E0,0.E0));
#6256=DIRECTION('',(1.E0,0.E0,0.E0));
#6257=AXIS2_PLACEMENT_3D('',#6254,#6255,#6256);
#6258=CYLINDRICAL_SURFACE('',#6257,1.2E-1);
#6260=ORIENTED_EDGE('',*,*,#6259,.F.);
#6262=ORIENTED_EDGE('',*,*,#6261,.F.);
#6263=ORIENTED_EDGE('',*,*,#6245,.T.);
#6264=ORIENTED_EDGE('',*,*,#5114,.T.);
#6265=EDGE_LOOP('',(#6260,#6262,#6263,#6264));
#6266=FACE_OUTER_BOUND('',#6265,.F.);
#6268=CARTESIAN_POINT('',(8.7E-1,-4.E-2,-2.72E0));
#6269=DIRECTION('',(1.E0,0.E0,0.E0));
#6270=DIRECTION('',(0.E0,0.E0,-1.E0));
#6271=AXIS2_PLACEMENT_3D('',#6268,#6269,#6270);
#6272=PLANE('',#6271);
#6273=ORIENTED_EDGE('',*,*,#5887,.T.);
#6275=ORIENTED_EDGE('',*,*,#6274,.F.);
#6276=ORIENTED_EDGE('',*,*,#6259,.T.);
#6277=ORIENTED_EDGE('',*,*,#5112,.F.);
#6278=EDGE_LOOP('',(#6273,#6275,#6276,#6277));
#6279=FACE_OUTER_BOUND('',#6278,.F.);
#6281=CARTESIAN_POINT('',(0.E0,1.75E-1,0.E0));
#6282=DIRECTION('',(0.E0,1.E0,0.E0));
#6283=DIRECTION('',(1.E0,0.E0,0.E0));
#6284=AXIS2_PLACEMENT_3D('',#6281,#6282,#6283);
#6285=PLANE('',#6284);
#6286=ORIENTED_EDGE('',*,*,#5885,.F.);
#6287=ORIENTED_EDGE('',*,*,#6247,.T.);
#6288=ORIENTED_EDGE('',*,*,#6261,.T.);
#6289=ORIENTED_EDGE('',*,*,#6274,.T.);
#6290=EDGE_LOOP('',(#6286,#6287,#6288,#6289));
#6291=FACE_OUTER_BOUND('',#6290,.F.);
#6293=CARTESIAN_POINT('',(1.13E0,-4.E-2,-3.E0));
#6294=DIRECTION('',(-1.E0,0.E0,0.E0));
#6295=DIRECTION('',(0.E0,0.E0,1.E0));
#6296=AXIS2_PLACEMENT_3D('',#6293,#6294,#6295);
#6297=PLANE('',#6296);
#6299=ORIENTED_EDGE('',*,*,#6298,.F.);
#6301=ORIENTED_EDGE('',*,*,#6300,.F.);
#6302=ORIENTED_EDGE('',*,*,#5890,.T.);
#6303=ORIENTED_EDGE('',*,*,#5108,.T.);
#6304=EDGE_LOOP('',(#6299,#6301,#6302,#6303));
#6305=FACE_OUTER_BOUND('',#6304,.F.);
#6307=CARTESIAN_POINT('',(1.25E0,-4.E-2,-2.72E0));
#6308=DIRECTION('',(0.E0,1.E0,0.E0));
#6309=DIRECTION('',(1.E0,0.E0,0.E0));
#6310=AXIS2_PLACEMENT_3D('',#6307,#6308,#6309);
#6311=CYLINDRICAL_SURFACE('',#6310,1.2E-1);
#6313=ORIENTED_EDGE('',*,*,#6312,.F.);
#6315=ORIENTED_EDGE('',*,*,#6314,.F.);
#6316=ORIENTED_EDGE('',*,*,#6298,.T.);
#6317=ORIENTED_EDGE('',*,*,#5106,.T.);
#6318=EDGE_LOOP('',(#6313,#6315,#6316,#6317));
#6319=FACE_OUTER_BOUND('',#6318,.F.);
#6321=CARTESIAN_POINT('',(1.37E0,-4.E-2,-2.72E0));
#6322=DIRECTION('',(1.E0,0.E0,0.E0));
#6323=DIRECTION('',(0.E0,0.E0,-1.E0));
#6324=AXIS2_PLACEMENT_3D('',#6321,#6322,#6323);
#6325=PLANE('',#6324);
#6326=ORIENTED_EDGE('',*,*,#5894,.T.);
#6328=ORIENTED_EDGE('',*,*,#6327,.F.);
#6329=ORIENTED_EDGE('',*,*,#6312,.T.);
#6330=ORIENTED_EDGE('',*,*,#5104,.F.);
#6331=EDGE_LOOP('',(#6326,#6328,#6329,#6330));
#6332=FACE_OUTER_BOUND('',#6331,.F.);
#6334=CARTESIAN_POINT('',(0.E0,1.75E-1,0.E0));
#6335=DIRECTION('',(0.E0,1.E0,0.E0));
#6336=DIRECTION('',(1.E0,0.E0,0.E0));
#6337=AXIS2_PLACEMENT_3D('',#6334,#6335,#6336);
#6338=PLANE('',#6337);
#6339=ORIENTED_EDGE('',*,*,#5892,.F.);
#6340=ORIENTED_EDGE('',*,*,#6300,.T.);
#6341=ORIENTED_EDGE('',*,*,#6314,.T.);
#6342=ORIENTED_EDGE('',*,*,#6327,.T.);
#6343=EDGE_LOOP('',(#6339,#6340,#6341,#6342));
#6344=FACE_OUTER_BOUND('',#6343,.F.);
#6346=CARTESIAN_POINT('',(1.63E0,-4.E-2,-3.E0));
#6347=DIRECTION('',(-1.E0,0.E0,0.E0));
#6348=DIRECTION('',(0.E0,0.E0,1.E0));
#6349=AXIS2_PLACEMENT_3D('',#6346,#6347,#6348);
#6350=PLANE('',#6349);
#6352=ORIENTED_EDGE('',*,*,#6351,.F.);
#6354=ORIENTED_EDGE('',*,*,#6353,.F.);
#6355=ORIENTED_EDGE('',*,*,#5897,.T.);
#6356=ORIENTED_EDGE('',*,*,#5100,.T.);
#6357=EDGE_LOOP('',(#6352,#6354,#6355,#6356));
#6358=FACE_OUTER_BOUND('',#6357,.F.);
#6360=CARTESIAN_POINT('',(1.75E0,-4.E-2,-2.72E0));
#6361=DIRECTION('',(0.E0,1.E0,0.E0));
#6362=DIRECTION('',(1.E0,0.E0,0.E0));
#6363=AXIS2_PLACEMENT_3D('',#6360,#6361,#6362);
#6364=CYLINDRICAL_SURFACE('',#6363,1.2E-1);
#6366=ORIENTED_EDGE('',*,*,#6365,.F.);
#6368=ORIENTED_EDGE('',*,*,#6367,.F.);
#6369=ORIENTED_EDGE('',*,*,#6351,.T.);
#6370=ORIENTED_EDGE('',*,*,#5098,.T.);
#6371=EDGE_LOOP('',(#6366,#6368,#6369,#6370));
#6372=FACE_OUTER_BOUND('',#6371,.F.);
#6374=CARTESIAN_POINT('',(1.87E0,-4.E-2,-2.72E0));
#6375=DIRECTION('',(1.E0,0.E0,0.E0));
#6376=DIRECTION('',(0.E0,0.E0,-1.E0));
#6377=AXIS2_PLACEMENT_3D('',#6374,#6375,#6376);
#6378=PLANE('',#6377);
#6379=ORIENTED_EDGE('',*,*,#5901,.T.);
#6381=ORIENTED_EDGE('',*,*,#6380,.F.);
#6382=ORIENTED_EDGE('',*,*,#6365,.T.);
#6383=ORIENTED_EDGE('',*,*,#5096,.F.);
#6384=EDGE_LOOP('',(#6379,#6381,#6382,#6383));
#6385=FACE_OUTER_BOUND('',#6384,.F.);
#6387=CARTESIAN_POINT('',(0.E0,1.75E-1,0.E0));
#6388=DIRECTION('',(0.E0,1.E0,0.E0));
#6389=DIRECTION('',(1.E0,0.E0,0.E0));
#6390=AXIS2_PLACEMENT_3D('',#6387,#6388,#6389);
#6391=PLANE('',#6390);
#6392=ORIENTED_EDGE('',*,*,#5899,.F.);
#6393=ORIENTED_EDGE('',*,*,#6353,.T.);
#6394=ORIENTED_EDGE('',*,*,#6367,.T.);
#6395=ORIENTED_EDGE('',*,*,#6380,.T.);
#6396=EDGE_LOOP('',(#6392,#6393,#6394,#6395));
#6397=FACE_OUTER_BOUND('',#6396,.F.);
#6399=CARTESIAN_POINT('',(2.13E0,-4.E-2,-3.E0));
#6400=DIRECTION('',(-1.E0,0.E0,0.E0));
#6401=DIRECTION('',(0.E0,0.E0,1.E0));
#6402=AXIS2_PLACEMENT_3D('',#6399,#6400,#6401);
#6403=PLANE('',#6402);
#6405=ORIENTED_EDGE('',*,*,#6404,.F.);
#6407=ORIENTED_EDGE('',*,*,#6406,.F.);
#6408=ORIENTED_EDGE('',*,*,#5904,.T.);
#6409=ORIENTED_EDGE('',*,*,#5092,.T.);
#6410=EDGE_LOOP('',(#6405,#6407,#6408,#6409));
#6411=FACE_OUTER_BOUND('',#6410,.F.);
#6413=CARTESIAN_POINT('',(2.25E0,-4.E-2,-2.72E0));
#6414=DIRECTION('',(0.E0,1.E0,0.E0));
#6415=DIRECTION('',(1.E0,0.E0,0.E0));
#6416=AXIS2_PLACEMENT_3D('',#6413,#6414,#6415);
#6417=CYLINDRICAL_SURFACE('',#6416,1.2E-1);
#6419=ORIENTED_EDGE('',*,*,#6418,.F.);
#6421=ORIENTED_EDGE('',*,*,#6420,.F.);
#6422=ORIENTED_EDGE('',*,*,#6404,.T.);
#6423=ORIENTED_EDGE('',*,*,#5090,.T.);
#6424=EDGE_LOOP('',(#6419,#6421,#6422,#6423));
#6425=FACE_OUTER_BOUND('',#6424,.F.);
#6427=CARTESIAN_POINT('',(2.37E0,-4.E-2,-2.72E0));
#6428=DIRECTION('',(1.E0,0.E0,0.E0));
#6429=DIRECTION('',(0.E0,0.E0,-1.E0));
#6430=AXIS2_PLACEMENT_3D('',#6427,#6428,#6429);
#6431=PLANE('',#6430);
#6432=ORIENTED_EDGE('',*,*,#5908,.T.);
#6434=ORIENTED_EDGE('',*,*,#6433,.F.);
#6435=ORIENTED_EDGE('',*,*,#6418,.T.);
#6436=ORIENTED_EDGE('',*,*,#5088,.F.);
#6437=EDGE_LOOP('',(#6432,#6434,#6435,#6436));
#6438=FACE_OUTER_BOUND('',#6437,.F.);
#6440=CARTESIAN_POINT('',(0.E0,1.75E-1,0.E0));
#6441=DIRECTION('',(0.E0,1.E0,0.E0));
#6442=DIRECTION('',(1.E0,0.E0,0.E0));
#6443=AXIS2_PLACEMENT_3D('',#6440,#6441,#6442);
#6444=PLANE('',#6443);
#6445=ORIENTED_EDGE('',*,*,#5906,.F.);
#6446=ORIENTED_EDGE('',*,*,#6406,.T.);
#6447=ORIENTED_EDGE('',*,*,#6420,.T.);
#6448=ORIENTED_EDGE('',*,*,#6433,.T.);
#6449=EDGE_LOOP('',(#6445,#6446,#6447,#6448));
#6450=FACE_OUTER_BOUND('',#6449,.F.);
#6452=CARTESIAN_POINT('',(3.E0,0.E0,3.E0));
#6453=DIRECTION('',(1.E0,0.E0,0.E0));
#6454=DIRECTION('',(0.E0,0.E0,-1.E0));
#6455=AXIS2_PLACEMENT_3D('',#6452,#6453,#6454);
#6456=PLANE('',#6455);
#6458=ORIENTED_EDGE('',*,*,#6457,.F.);
#6460=ORIENTED_EDGE('',*,*,#6459,.F.);
#6462=ORIENTED_EDGE('',*,*,#6461,.F.);
#6463=ORIENTED_EDGE('',*,*,#5004,.F.);
#6465=ORIENTED_EDGE('',*,*,#6464,.T.);
#6467=ORIENTED_EDGE('',*,*,#6466,.T.);
#6468=ORIENTED_EDGE('',*,*,#5911,.F.);
#6469=ORIENTED_EDGE('',*,*,#5084,.F.);
#6471=ORIENTED_EDGE('',*,*,#6470,.F.);
#6473=ORIENTED_EDGE('',*,*,#6472,.F.);
#6475=ORIENTED_EDGE('',*,*,#6474,.F.);
#6476=ORIENTED_EDGE('',*,*,#5076,.F.);
#6478=ORIENTED_EDGE('',*,*,#6477,.F.);
#6480=ORIENTED_EDGE('',*,*,#6479,.F.);
#6482=ORIENTED_EDGE('',*,*,#6481,.F.);
#6483=ORIENTED_EDGE('',*,*,#5068,.F.);
#6485=ORIENTED_EDGE('',*,*,#6484,.F.);
#6487=ORIENTED_EDGE('',*,*,#6486,.F.);
#6489=ORIENTED_EDGE('',*,*,#6488,.F.);
#6490=ORIENTED_EDGE('',*,*,#5060,.F.);
#6492=ORIENTED_EDGE('',*,*,#6491,.F.);
#6494=ORIENTED_EDGE('',*,*,#6493,.F.);
#6496=ORIENTED_EDGE('',*,*,#6495,.F.);
#6497=ORIENTED_EDGE('',*,*,#5052,.F.);
#6499=ORIENTED_EDGE('',*,*,#6498,.F.);
#6501=ORIENTED_EDGE('',*,*,#6500,.F.);
#6503=ORIENTED_EDGE('',*,*,#6502,.F.);
#6504=ORIENTED_EDGE('',*,*,#5044,.F.);
#6506=ORIENTED_EDGE('',*,*,#6505,.F.);
#6508=ORIENTED_EDGE('',*,*,#6507,.F.);
#6510=ORIENTED_EDGE('',*,*,#6509,.F.);
#6511=ORIENTED_EDGE('',*,*,#5036,.F.);
#6513=ORIENTED_EDGE('',*,*,#6512,.F.);
#6515=ORIENTED_EDGE('',*,*,#6514,.F.);
#6517=ORIENTED_EDGE('',*,*,#6516,.F.);
#6518=ORIENTED_EDGE('',*,*,#5028,.F.);
#6520=ORIENTED_EDGE('',*,*,#6519,.F.);
#6522=ORIENTED_EDGE('',*,*,#6521,.F.);
#6524=ORIENTED_EDGE('',*,*,#6523,.F.);
#6525=ORIENTED_EDGE('',*,*,#5020,.F.);
#6527=ORIENTED_EDGE('',*,*,#6526,.F.);
#6529=ORIENTED_EDGE('',*,*,#6528,.F.);
#6531=ORIENTED_EDGE('',*,*,#6530,.F.);
#6532=ORIENTED_EDGE('',*,*,#5012,.F.);
#6533=EDGE_LOOP('',(#6458,#6460,#6462,#6463,#6465,#6467,#6468,#6469,#6471,#6473,
#6475,#6476,#6478,#6480,#6482,#6483,#6485,#6487,#6489,#6490,#6492,#6494,#6496,
#6497,#6499,#6501,#6503,#6504,#6506,#6508,#6510,#6511,#6513,#6515,#6517,#6518,
#6520,#6522,#6524,#6525,#6527,#6529,#6531,#6532));
#6534=FACE_OUTER_BOUND('',#6533,.F.);
#6536=CARTESIAN_POINT('',(3.E0,-4.E-2,2.13E0));
#6537=DIRECTION('',(0.E0,0.E0,-1.E0));
#6538=DIRECTION('',(-1.E0,0.E0,0.E0));
#6539=AXIS2_PLACEMENT_3D('',#6536,#6537,#6538);
#6540=PLANE('',#6539);
#6542=ORIENTED_EDGE('',*,*,#6541,.F.);
#6544=ORIENTED_EDGE('',*,*,#6543,.F.);
#6545=ORIENTED_EDGE('',*,*,#6457,.T.);
#6546=ORIENTED_EDGE('',*,*,#5010,.T.);
#6547=EDGE_LOOP('',(#6542,#6544,#6545,#6546));
#6548=FACE_OUTER_BOUND('',#6547,.F.);
#6550=CARTESIAN_POINT('',(2.72E0,-4.E-2,2.25E0));
#6551=DIRECTION('',(0.E0,1.E0,0.E0));
#6552=DIRECTION('',(1.E0,0.E0,0.E0));
#6553=AXIS2_PLACEMENT_3D('',#6550,#6551,#6552);
#6554=CYLINDRICAL_SURFACE('',#6553,1.2E-1);
#6556=ORIENTED_EDGE('',*,*,#6555,.F.);
#6558=ORIENTED_EDGE('',*,*,#6557,.F.);
#6559=ORIENTED_EDGE('',*,*,#6541,.T.);
#6560=ORIENTED_EDGE('',*,*,#5008,.T.);
#6561=EDGE_LOOP('',(#6556,#6558,#6559,#6560));
#6562=FACE_OUTER_BOUND('',#6561,.F.);
#6564=CARTESIAN_POINT('',(2.72E0,-4.E-2,2.37E0));
#6565=DIRECTION('',(0.E0,0.E0,1.E0));
#6566=DIRECTION('',(1.E0,0.E0,0.E0));
#6567=AXIS2_PLACEMENT_3D('',#6564,#6565,#6566);
#6568=PLANE('',#6567);
#6569=ORIENTED_EDGE('',*,*,#6461,.T.);
#6571=ORIENTED_EDGE('',*,*,#6570,.F.);
#6572=ORIENTED_EDGE('',*,*,#6555,.T.);
#6573=ORIENTED_EDGE('',*,*,#5006,.F.);
#6574=EDGE_LOOP('',(#6569,#6571,#6572,#6573));
#6575=FACE_OUTER_BOUND('',#6574,.F.);
#6577=CARTESIAN_POINT('',(0.E0,1.75E-1,0.E0));
#6578=DIRECTION('',(0.E0,1.E0,0.E0));
#6579=DIRECTION('',(1.E0,0.E0,0.E0));
#6580=AXIS2_PLACEMENT_3D('',#6577,#6578,#6579);
#6581=PLANE('',#6580);
#6582=ORIENTED_EDGE('',*,*,#6459,.T.);
#6583=ORIENTED_EDGE('',*,*,#6543,.T.);
#6584=ORIENTED_EDGE('',*,*,#6557,.T.);
#6585=ORIENTED_EDGE('',*,*,#6570,.T.);
#6586=EDGE_LOOP('',(#6582,#6583,#6584,#6585));
#6587=FACE_OUTER_BOUND('',#6586,.F.);
#6589=CARTESIAN_POINT('',(-3.E0,0.E0,3.E0));
#6590=DIRECTION('',(0.E0,0.E0,1.E0));
#6591=DIRECTION('',(1.E0,0.E0,0.E0));
#6592=AXIS2_PLACEMENT_3D('',#6589,#6590,#6591);
#6593=PLANE('',#6592);
#6595=ORIENTED_EDGE('',*,*,#6594,.F.);
#6597=ORIENTED_EDGE('',*,*,#6596,.F.);
#6598=ORIENTED_EDGE('',*,*,#4922,.F.);
#6599=ORIENTED_EDGE('',*,*,#5300,.T.);
#6601=ORIENTED_EDGE('',*,*,#6600,.T.);
#6602=ORIENTED_EDGE('',*,*,#6464,.F.);
#6603=ORIENTED_EDGE('',*,*,#5002,.F.);
#6605=ORIENTED_EDGE('',*,*,#6604,.F.);
#6607=ORIENTED_EDGE('',*,*,#6606,.F.);
#6609=ORIENTED_EDGE('',*,*,#6608,.F.);
#6610=ORIENTED_EDGE('',*,*,#4994,.F.);
#6612=ORIENTED_EDGE('',*,*,#6611,.F.);
#6614=ORIENTED_EDGE('',*,*,#6613,.F.);
#6616=ORIENTED_EDGE('',*,*,#6615,.F.);
#6617=ORIENTED_EDGE('',*,*,#4986,.F.);
#6619=ORIENTED_EDGE('',*,*,#6618,.F.);
#6621=ORIENTED_EDGE('',*,*,#6620,.F.);
#6623=ORIENTED_EDGE('',*,*,#6622,.F.);
#6624=ORIENTED_EDGE('',*,*,#4978,.F.);
#6626=ORIENTED_EDGE('',*,*,#6625,.F.);
#6628=ORIENTED_EDGE('',*,*,#6627,.F.);
#6630=ORIENTED_EDGE('',*,*,#6629,.F.);
#6631=ORIENTED_EDGE('',*,*,#4970,.F.);
#6633=ORIENTED_EDGE('',*,*,#6632,.F.);
#6635=ORIENTED_EDGE('',*,*,#6634,.F.);
#6637=ORIENTED_EDGE('',*,*,#6636,.F.);
#6638=ORIENTED_EDGE('',*,*,#4962,.F.);
#6640=ORIENTED_EDGE('',*,*,#6639,.F.);
#6642=ORIENTED_EDGE('',*,*,#6641,.F.);
#6644=ORIENTED_EDGE('',*,*,#6643,.F.);
#6645=ORIENTED_EDGE('',*,*,#4954,.F.);
#6647=ORIENTED_EDGE('',*,*,#6646,.F.);
#6649=ORIENTED_EDGE('',*,*,#6648,.F.);
#6651=ORIENTED_EDGE('',*,*,#6650,.F.);
#6652=ORIENTED_EDGE('',*,*,#4946,.F.);
#6654=ORIENTED_EDGE('',*,*,#6653,.F.);
#6656=ORIENTED_EDGE('',*,*,#6655,.F.);
#6658=ORIENTED_EDGE('',*,*,#6657,.F.);
#6659=ORIENTED_EDGE('',*,*,#4938,.F.);
#6661=ORIENTED_EDGE('',*,*,#6660,.F.);
#6663=ORIENTED_EDGE('',*,*,#6662,.F.);
#6665=ORIENTED_EDGE('',*,*,#6664,.F.);
#6666=ORIENTED_EDGE('',*,*,#4930,.F.);
#6668=ORIENTED_EDGE('',*,*,#6667,.F.);
#6669=EDGE_LOOP('',(#6595,#6597,#6598,#6599,#6601,#6602,#6603,#6605,#6607,#6609,
#6610,#6612,#6614,#6616,#6617,#6619,#6621,#6623,#6624,#6626,#6628,#6630,#6631,
#6633,#6635,#6637,#6638,#6640,#6642,#6644,#6645,#6647,#6649,#6651,#6652,#6654,
#6656,#6658,#6659,#6661,#6663,#6665,#6666,#6668));
#6670=FACE_OUTER_BOUND('',#6669,.F.);
#6672=CARTESIAN_POINT('',(0.E0,1.75E-1,0.E0));
#6673=DIRECTION('',(0.E0,-1.E0,0.E0));
#6674=DIRECTION('',(1.E0,0.E0,0.E0));
#6675=AXIS2_PLACEMENT_3D('',#6672,#6673,#6674);
#6676=PLANE('',#6675);
#6677=ORIENTED_EDGE('',*,*,#6594,.T.);
#6679=ORIENTED_EDGE('',*,*,#6678,.F.);
#6681=ORIENTED_EDGE('',*,*,#6680,.F.);
#6683=ORIENTED_EDGE('',*,*,#6682,.F.);
#6684=EDGE_LOOP('',(#6677,#6679,#6681,#6683));
#6685=FACE_OUTER_BOUND('',#6684,.F.);
#6687=CARTESIAN_POINT('',(-2.13E0,-4.E-2,2.72E0));
#6688=DIRECTION('',(-1.E0,0.E0,0.E0));
#6689=DIRECTION('',(0.E0,0.E0,1.E0));
#6690=AXIS2_PLACEMENT_3D('',#6687,#6688,#6689);
#6691=PLANE('',#6690);
#6693=ORIENTED_EDGE('',*,*,#6692,.T.);
#6694=ORIENTED_EDGE('',*,*,#6678,.T.);
#6695=ORIENTED_EDGE('',*,*,#6667,.T.);
#6696=ORIENTED_EDGE('',*,*,#4928,.T.);
#6697=EDGE_LOOP('',(#6693,#6694,#6695,#6696));
#6698=FACE_OUTER_BOUND('',#6697,.F.);
#6700=CARTESIAN_POINT('',(-2.25E0,-4.E-2,2.72E0));
#6701=DIRECTION('',(0.E0,-1.E0,0.E0));
#6702=DIRECTION('',(1.E0,0.E0,0.E0));
#6703=AXIS2_PLACEMENT_3D('',#6700,#6701,#6702);
#6704=CYLINDRICAL_SURFACE('',#6703,1.2E-1);
#6706=ORIENTED_EDGE('',*,*,#6705,.T.);
#6707=ORIENTED_EDGE('',*,*,#6680,.T.);
#6708=ORIENTED_EDGE('',*,*,#6692,.F.);
#6709=ORIENTED_EDGE('',*,*,#4926,.F.);
#6710=EDGE_LOOP('',(#6706,#6707,#6708,#6709));
#6711=FACE_OUTER_BOUND('',#6710,.F.);
#6713=CARTESIAN_POINT('',(-2.37E0,-4.E-2,3.E0));
#6714=DIRECTION('',(1.E0,0.E0,0.E0));
#6715=DIRECTION('',(0.E0,0.E0,-1.E0));
#6716=AXIS2_PLACEMENT_3D('',#6713,#6714,#6715);
#6717=PLANE('',#6716);
#6718=ORIENTED_EDGE('',*,*,#6596,.T.);
#6719=ORIENTED_EDGE('',*,*,#6682,.T.);
#6720=ORIENTED_EDGE('',*,*,#6705,.F.);
#6721=ORIENTED_EDGE('',*,*,#4924,.F.);
#6722=EDGE_LOOP('',(#6718,#6719,#6720,#6721));
#6723=FACE_OUTER_BOUND('',#6722,.F.);
#6725=CARTESIAN_POINT('',(0.E0,9.75E-1,0.E0));
#6726=DIRECTION('',(0.E0,1.E0,0.E0));
#6727=DIRECTION('',(1.E0,0.E0,0.E0));
#6728=AXIS2_PLACEMENT_3D('',#6725,#6726,#6727);
#6729=PLANE('',#6728);
#6730=ORIENTED_EDGE('',*,*,#5298,.F.);
#6731=ORIENTED_EDGE('',*,*,#5913,.F.);
#6732=ORIENTED_EDGE('',*,*,#6466,.F.);
#6733=ORIENTED_EDGE('',*,*,#6600,.F.);
#6734=EDGE_LOOP('',(#6730,#6731,#6732,#6733));
#6735=FACE_OUTER_BOUND('',#6734,.F.);
#6737=CARTESIAN_POINT('',(2.37E0,-4.E-2,2.72E0));
#6738=DIRECTION('',(-1.E0,0.E0,0.E0));
#6739=DIRECTION('',(0.E0,0.E0,1.E0));
#6740=AXIS2_PLACEMENT_3D('',#6737,#6738,#6739);
#6741=PLANE('',#6740);
#6743=ORIENTED_EDGE('',*,*,#6742,.T.);
#6745=ORIENTED_EDGE('',*,*,#6744,.T.);
#6746=ORIENTED_EDGE('',*,*,#6604,.T.);
#6747=ORIENTED_EDGE('',*,*,#5000,.T.);
#6748=EDGE_LOOP('',(#6743,#6745,#6746,#6747));
#6749=FACE_OUTER_BOUND('',#6748,.F.);
#6751=CARTESIAN_POINT('',(2.25E0,-4.E-2,2.72E0));
#6752=DIRECTION('',(0.E0,-1.E0,0.E0));
#6753=DIRECTION('',(1.E0,0.E0,0.E0));
#6754=AXIS2_PLACEMENT_3D('',#6751,#6752,#6753);
#6755=CYLINDRICAL_SURFACE('',#6754,1.2E-1);
#6757=ORIENTED_EDGE('',*,*,#6756,.T.);
#6759=ORIENTED_EDGE('',*,*,#6758,.T.);
#6760=ORIENTED_EDGE('',*,*,#6742,.F.);
#6761=ORIENTED_EDGE('',*,*,#4998,.F.);
#6762=EDGE_LOOP('',(#6757,#6759,#6760,#6761));
#6763=FACE_OUTER_BOUND('',#6762,.F.);
#6765=CARTESIAN_POINT('',(2.13E0,-4.E-2,3.E0));
#6766=DIRECTION('',(1.E0,0.E0,0.E0));
#6767=DIRECTION('',(0.E0,0.E0,-1.E0));
#6768=AXIS2_PLACEMENT_3D('',#6765,#6766,#6767);
#6769=PLANE('',#6768);
#6770=ORIENTED_EDGE('',*,*,#6608,.T.);
#6772=ORIENTED_EDGE('',*,*,#6771,.T.);
#6773=ORIENTED_EDGE('',*,*,#6756,.F.);
#6774=ORIENTED_EDGE('',*,*,#4996,.F.);
#6775=EDGE_LOOP('',(#6770,#6772,#6773,#6774));
#6776=FACE_OUTER_BOUND('',#6775,.F.);
#6778=CARTESIAN_POINT('',(0.E0,1.75E-1,0.E0));
#6779=DIRECTION('',(0.E0,-1.E0,0.E0));
#6780=DIRECTION('',(1.E0,0.E0,0.E0));
#6781=AXIS2_PLACEMENT_3D('',#6778,#6779,#6780);
#6782=PLANE('',#6781);
#6783=ORIENTED_EDGE('',*,*,#6606,.T.);
#6784=ORIENTED_EDGE('',*,*,#6744,.F.);
#6785=ORIENTED_EDGE('',*,*,#6758,.F.);
#6786=ORIENTED_EDGE('',*,*,#6771,.F.);
#6787=EDGE_LOOP('',(#6783,#6784,#6785,#6786));
#6788=FACE_OUTER_BOUND('',#6787,.F.);
#6790=CARTESIAN_POINT('',(1.87E0,-4.E-2,2.72E0));
#6791=DIRECTION('',(-1.E0,0.E0,0.E0));
#6792=DIRECTION('',(0.E0,0.E0,1.E0));
#6793=AXIS2_PLACEMENT_3D('',#6790,#6791,#6792);
#6794=PLANE('',#6793);
#6796=ORIENTED_EDGE('',*,*,#6795,.T.);
#6798=ORIENTED_EDGE('',*,*,#6797,.T.);
#6799=ORIENTED_EDGE('',*,*,#6611,.T.);
#6800=ORIENTED_EDGE('',*,*,#4992,.T.);
#6801=EDGE_LOOP('',(#6796,#6798,#6799,#6800));
#6802=FACE_OUTER_BOUND('',#6801,.F.);
#6804=CARTESIAN_POINT('',(1.75E0,-4.E-2,2.72E0));
#6805=DIRECTION('',(0.E0,-1.E0,0.E0));
#6806=DIRECTION('',(1.E0,0.E0,0.E0));
#6807=AXIS2_PLACEMENT_3D('',#6804,#6805,#6806);
#6808=CYLINDRICAL_SURFACE('',#6807,1.2E-1);
#6810=ORIENTED_EDGE('',*,*,#6809,.T.);
#6812=ORIENTED_EDGE('',*,*,#6811,.T.);
#6813=ORIENTED_EDGE('',*,*,#6795,.F.);
#6814=ORIENTED_EDGE('',*,*,#4990,.F.);
#6815=EDGE_LOOP('',(#6810,#6812,#6813,#6814));
#6816=FACE_OUTER_BOUND('',#6815,.F.);
#6818=CARTESIAN_POINT('',(1.63E0,-4.E-2,3.E0));
#6819=DIRECTION('',(1.E0,0.E0,0.E0));
#6820=DIRECTION('',(0.E0,0.E0,-1.E0));
#6821=AXIS2_PLACEMENT_3D('',#6818,#6819,#6820);
#6822=PLANE('',#6821);
#6823=ORIENTED_EDGE('',*,*,#6615,.T.);
#6825=ORIENTED_EDGE('',*,*,#6824,.T.);
#6826=ORIENTED_EDGE('',*,*,#6809,.F.);
#6827=ORIENTED_EDGE('',*,*,#4988,.F.);
#6828=EDGE_LOOP('',(#6823,#6825,#6826,#6827));
#6829=FACE_OUTER_BOUND('',#6828,.F.);
#6831=CARTESIAN_POINT('',(0.E0,1.75E-1,0.E0));
#6832=DIRECTION('',(0.E0,-1.E0,0.E0));
#6833=DIRECTION('',(1.E0,0.E0,0.E0));
#6834=AXIS2_PLACEMENT_3D('',#6831,#6832,#6833);
#6835=PLANE('',#6834);
#6836=ORIENTED_EDGE('',*,*,#6613,.T.);
#6837=ORIENTED_EDGE('',*,*,#6797,.F.);
#6838=ORIENTED_EDGE('',*,*,#6811,.F.);
#6839=ORIENTED_EDGE('',*,*,#6824,.F.);
#6840=EDGE_LOOP('',(#6836,#6837,#6838,#6839));
#6841=FACE_OUTER_BOUND('',#6840,.F.);
#6843=CARTESIAN_POINT('',(1.37E0,-4.E-2,2.72E0));
#6844=DIRECTION('',(-1.E0,0.E0,0.E0));
#6845=DIRECTION('',(0.E0,0.E0,1.E0));
#6846=AXIS2_PLACEMENT_3D('',#6843,#6844,#6845);
#6847=PLANE('',#6846);
#6849=ORIENTED_EDGE('',*,*,#6848,.T.);
#6851=ORIENTED_EDGE('',*,*,#6850,.T.);
#6852=ORIENTED_EDGE('',*,*,#6618,.T.);
#6853=ORIENTED_EDGE('',*,*,#4984,.T.);
#6854=EDGE_LOOP('',(#6849,#6851,#6852,#6853));
#6855=FACE_OUTER_BOUND('',#6854,.F.);
#6857=CARTESIAN_POINT('',(1.25E0,-4.E-2,2.72E0));
#6858=DIRECTION('',(0.E0,-1.E0,0.E0));
#6859=DIRECTION('',(1.E0,0.E0,0.E0));
#6860=AXIS2_PLACEMENT_3D('',#6857,#6858,#6859);
#6861=CYLINDRICAL_SURFACE('',#6860,1.2E-1);
#6863=ORIENTED_EDGE('',*,*,#6862,.T.);
#6865=ORIENTED_EDGE('',*,*,#6864,.T.);
#6866=ORIENTED_EDGE('',*,*,#6848,.F.);
#6867=ORIENTED_EDGE('',*,*,#4982,.F.);
#6868=EDGE_LOOP('',(#6863,#6865,#6866,#6867));
#6869=FACE_OUTER_BOUND('',#6868,.F.);
#6871=CARTESIAN_POINT('',(1.13E0,-4.E-2,3.E0));
#6872=DIRECTION('',(1.E0,0.E0,0.E0));
#6873=DIRECTION('',(0.E0,0.E0,-1.E0));
#6874=AXIS2_PLACEMENT_3D('',#6871,#6872,#6873);
#6875=PLANE('',#6874);
#6876=ORIENTED_EDGE('',*,*,#6622,.T.);
#6878=ORIENTED_EDGE('',*,*,#6877,.T.);
#6879=ORIENTED_EDGE('',*,*,#6862,.F.);
#6880=ORIENTED_EDGE('',*,*,#4980,.F.);
#6881=EDGE_LOOP('',(#6876,#6878,#6879,#6880));
#6882=FACE_OUTER_BOUND('',#6881,.F.);
#6884=CARTESIAN_POINT('',(0.E0,1.75E-1,0.E0));
#6885=DIRECTION('',(0.E0,-1.E0,0.E0));
#6886=DIRECTION('',(1.E0,0.E0,0.E0));
#6887=AXIS2_PLACEMENT_3D('',#6884,#6885,#6886);
#6888=PLANE('',#6887);
#6889=ORIENTED_EDGE('',*,*,#6620,.T.);
#6890=ORIENTED_EDGE('',*,*,#6850,.F.);
#6891=ORIENTED_EDGE('',*,*,#6864,.F.);
#6892=ORIENTED_EDGE('',*,*,#6877,.F.);
#6893=EDGE_LOOP('',(#6889,#6890,#6891,#6892));
#6894=FACE_OUTER_BOUND('',#6893,.F.);
#6896=CARTESIAN_POINT('',(8.7E-1,-4.E-2,2.72E0));
#6897=DIRECTION('',(-1.E0,0.E0,0.E0));
#6898=DIRECTION('',(0.E0,0.E0,1.E0));
#6899=AXIS2_PLACEMENT_3D('',#6896,#6897,#6898);
#6900=PLANE('',#6899);
#6902=ORIENTED_EDGE('',*,*,#6901,.T.);
#6904=ORIENTED_EDGE('',*,*,#6903,.T.);
#6905=ORIENTED_EDGE('',*,*,#6625,.T.);
#6906=ORIENTED_EDGE('',*,*,#4976,.T.);
#6907=EDGE_LOOP('',(#6902,#6904,#6905,#6906));
#6908=FACE_OUTER_BOUND('',#6907,.F.);
#6910=CARTESIAN_POINT('',(7.5E-1,-4.E-2,2.72E0));
#6911=DIRECTION('',(0.E0,-1.E0,0.E0));
#6912=DIRECTION('',(1.E0,0.E0,0.E0));
#6913=AXIS2_PLACEMENT_3D('',#6910,#6911,#6912);
#6914=CYLINDRICAL_SURFACE('',#6913,1.2E-1);
#6916=ORIENTED_EDGE('',*,*,#6915,.T.);
#6918=ORIENTED_EDGE('',*,*,#6917,.T.);
#6919=ORIENTED_EDGE('',*,*,#6901,.F.);
#6920=ORIENTED_EDGE('',*,*,#4974,.F.);
#6921=EDGE_LOOP('',(#6916,#6918,#6919,#6920));
#6922=FACE_OUTER_BOUND('',#6921,.F.);
#6924=CARTESIAN_POINT('',(6.3E-1,-4.E-2,3.E0));
#6925=DIRECTION('',(1.E0,0.E0,0.E0));
#6926=DIRECTION('',(0.E0,0.E0,-1.E0));
#6927=AXIS2_PLACEMENT_3D('',#6924,#6925,#6926);
#6928=PLANE('',#6927);
#6929=ORIENTED_EDGE('',*,*,#6629,.T.);
#6931=ORIENTED_EDGE('',*,*,#6930,.T.);
#6932=ORIENTED_EDGE('',*,*,#6915,.F.);
#6933=ORIENTED_EDGE('',*,*,#4972,.F.);
#6934=EDGE_LOOP('',(#6929,#6931,#6932,#6933));
#6935=FACE_OUTER_BOUND('',#6934,.F.);
#6937=CARTESIAN_POINT('',(0.E0,1.75E-1,0.E0));
#6938=DIRECTION('',(0.E0,-1.E0,0.E0));
#6939=DIRECTION('',(1.E0,0.E0,0.E0));
#6940=AXIS2_PLACEMENT_3D('',#6937,#6938,#6939);
#6941=PLANE('',#6940);
#6942=ORIENTED_EDGE('',*,*,#6627,.T.);
#6943=ORIENTED_EDGE('',*,*,#6903,.F.);
#6944=ORIENTED_EDGE('',*,*,#6917,.F.);
#6945=ORIENTED_EDGE('',*,*,#6930,.F.);
#6946=EDGE_LOOP('',(#6942,#6943,#6944,#6945));
#6947=FACE_OUTER_BOUND('',#6946,.F.);
#6949=CARTESIAN_POINT('',(3.7E-1,-4.E-2,2.72E0));
#6950=DIRECTION('',(-1.E0,0.E0,0.E0));
#6951=DIRECTION('',(0.E0,0.E0,1.E0));
#6952=AXIS2_PLACEMENT_3D('',#6949,#6950,#6951);
#6953=PLANE('',#6952);
#6955=ORIENTED_EDGE('',*,*,#6954,.T.);
#6957=ORIENTED_EDGE('',*,*,#6956,.T.);
#6958=ORIENTED_EDGE('',*,*,#6632,.T.);
#6959=ORIENTED_EDGE('',*,*,#4968,.T.);
#6960=EDGE_LOOP('',(#6955,#6957,#6958,#6959));
#6961=FACE_OUTER_BOUND('',#6960,.F.);
#6963=CARTESIAN_POINT('',(2.5E-1,-4.E-2,2.72E0));
#6964=DIRECTION('',(0.E0,-1.E0,0.E0));
#6965=DIRECTION('',(1.E0,0.E0,0.E0));
#6966=AXIS2_PLACEMENT_3D('',#6963,#6964,#6965);
#6967=CYLINDRICAL_SURFACE('',#6966,1.2E-1);
#6969=ORIENTED_EDGE('',*,*,#6968,.T.);
#6971=ORIENTED_EDGE('',*,*,#6970,.T.);
#6972=ORIENTED_EDGE('',*,*,#6954,.F.);
#6973=ORIENTED_EDGE('',*,*,#4966,.F.);
#6974=EDGE_LOOP('',(#6969,#6971,#6972,#6973));
#6975=FACE_OUTER_BOUND('',#6974,.F.);
#6977=CARTESIAN_POINT('',(1.3E-1,-4.E-2,3.E0));
#6978=DIRECTION('',(1.E0,0.E0,0.E0));
#6979=DIRECTION('',(0.E0,0.E0,-1.E0));
#6980=AXIS2_PLACEMENT_3D('',#6977,#6978,#6979);
#6981=PLANE('',#6980);
#6982=ORIENTED_EDGE('',*,*,#6636,.T.);
#6984=ORIENTED_EDGE('',*,*,#6983,.T.);
#6985=ORIENTED_EDGE('',*,*,#6968,.F.);
#6986=ORIENTED_EDGE('',*,*,#4964,.F.);
#6987=EDGE_LOOP('',(#6982,#6984,#6985,#6986));
#6988=FACE_OUTER_BOUND('',#6987,.F.);
#6990=CARTESIAN_POINT('',(0.E0,1.75E-1,0.E0));
#6991=DIRECTION('',(0.E0,-1.E0,0.E0));
#6992=DIRECTION('',(1.E0,0.E0,0.E0));
#6993=AXIS2_PLACEMENT_3D('',#6990,#6991,#6992);
#6994=PLANE('',#6993);
#6995=ORIENTED_EDGE('',*,*,#6634,.T.);
#6996=ORIENTED_EDGE('',*,*,#6956,.F.);
#6997=ORIENTED_EDGE('',*,*,#6970,.F.);
#6998=ORIENTED_EDGE('',*,*,#6983,.F.);
#6999=EDGE_LOOP('',(#6995,#6996,#6997,#6998));
#7000=FACE_OUTER_BOUND('',#6999,.F.);
#7002=CARTESIAN_POINT('',(-1.3E-1,-4.E-2,2.72E0));
#7003=DIRECTION('',(-1.E0,0.E0,0.E0));
#7004=DIRECTION('',(0.E0,0.E0,1.E0));
#7005=AXIS2_PLACEMENT_3D('',#7002,#7003,#7004);
#7006=PLANE('',#7005);
#7008=ORIENTED_EDGE('',*,*,#7007,.T.);
#7010=ORIENTED_EDGE('',*,*,#7009,.T.);
#7011=ORIENTED_EDGE('',*,*,#6639,.T.);
#7012=ORIENTED_EDGE('',*,*,#4960,.T.);
#7013=EDGE_LOOP('',(#7008,#7010,#7011,#7012));
#7014=FACE_OUTER_BOUND('',#7013,.F.);
#7016=CARTESIAN_POINT('',(-2.5E-1,-4.E-2,2.72E0));
#7017=DIRECTION('',(0.E0,-1.E0,0.E0));
#7018=DIRECTION('',(1.E0,0.E0,0.E0));
#7019=AXIS2_PLACEMENT_3D('',#7016,#7017,#7018);
#7020=CYLINDRICAL_SURFACE('',#7019,1.2E-1);
#7022=ORIENTED_EDGE('',*,*,#7021,.T.);
#7024=ORIENTED_EDGE('',*,*,#7023,.T.);
#7025=ORIENTED_EDGE('',*,*,#7007,.F.);
#7026=ORIENTED_EDGE('',*,*,#4958,.F.);
#7027=EDGE_LOOP('',(#7022,#7024,#7025,#7026));
#7028=FACE_OUTER_BOUND('',#7027,.F.);
#7030=CARTESIAN_POINT('',(-3.7E-1,-4.E-2,3.E0));
#7031=DIRECTION('',(1.E0,0.E0,0.E0));
#7032=DIRECTION('',(0.E0,0.E0,-1.E0));
#7033=AXIS2_PLACEMENT_3D('',#7030,#7031,#7032);
#7034=PLANE('',#7033);
#7035=ORIENTED_EDGE('',*,*,#6643,.T.);
#7037=ORIENTED_EDGE('',*,*,#7036,.T.);
#7038=ORIENTED_EDGE('',*,*,#7021,.F.);
#7039=ORIENTED_EDGE('',*,*,#4956,.F.);
#7040=EDGE_LOOP('',(#7035,#7037,#7038,#7039));
#7041=FACE_OUTER_BOUND('',#7040,.F.);
#7043=CARTESIAN_POINT('',(0.E0,1.75E-1,0.E0));
#7044=DIRECTION('',(0.E0,-1.E0,0.E0));
#7045=DIRECTION('',(1.E0,0.E0,0.E0));
#7046=AXIS2_PLACEMENT_3D('',#7043,#7044,#7045);
#7047=PLANE('',#7046);
#7048=ORIENTED_EDGE('',*,*,#6641,.T.);
#7049=ORIENTED_EDGE('',*,*,#7009,.F.);
#7050=ORIENTED_EDGE('',*,*,#7023,.F.);
#7051=ORIENTED_EDGE('',*,*,#7036,.F.);
#7052=EDGE_LOOP('',(#7048,#7049,#7050,#7051));
#7053=FACE_OUTER_BOUND('',#7052,.F.);
#7055=CARTESIAN_POINT('',(-6.3E-1,-4.E-2,2.72E0));
#7056=DIRECTION('',(-1.E0,0.E0,0.E0));
#7057=DIRECTION('',(0.E0,0.E0,1.E0));
#7058=AXIS2_PLACEMENT_3D('',#7055,#7056,#7057);
#7059=PLANE('',#7058);
#7061=ORIENTED_EDGE('',*,*,#7060,.T.);
#7063=ORIENTED_EDGE('',*,*,#7062,.T.);
#7064=ORIENTED_EDGE('',*,*,#6646,.T.);
#7065=ORIENTED_EDGE('',*,*,#4952,.T.);
#7066=EDGE_LOOP('',(#7061,#7063,#7064,#7065));
#7067=FACE_OUTER_BOUND('',#7066,.F.);
#7069=CARTESIAN_POINT('',(-7.5E-1,-4.E-2,2.72E0));
#7070=DIRECTION('',(0.E0,-1.E0,0.E0));
#7071=DIRECTION('',(1.E0,0.E0,0.E0));
#7072=AXIS2_PLACEMENT_3D('',#7069,#7070,#7071);
#7073=CYLINDRICAL_SURFACE('',#7072,1.2E-1);
#7075=ORIENTED_EDGE('',*,*,#7074,.T.);
#7077=ORIENTED_EDGE('',*,*,#7076,.T.);
#7078=ORIENTED_EDGE('',*,*,#7060,.F.);
#7079=ORIENTED_EDGE('',*,*,#4950,.F.);
#7080=EDGE_LOOP('',(#7075,#7077,#7078,#7079));
#7081=FACE_OUTER_BOUND('',#7080,.F.);
#7083=CARTESIAN_POINT('',(-8.7E-1,-4.E-2,3.E0));
#7084=DIRECTION('',(1.E0,0.E0,0.E0));
#7085=DIRECTION('',(0.E0,0.E0,-1.E0));
#7086=AXIS2_PLACEMENT_3D('',#7083,#7084,#7085);
#7087=PLANE('',#7086);
#7088=ORIENTED_EDGE('',*,*,#6650,.T.);
#7090=ORIENTED_EDGE('',*,*,#7089,.T.);
#7091=ORIENTED_EDGE('',*,*,#7074,.F.);
#7092=ORIENTED_EDGE('',*,*,#4948,.F.);
#7093=EDGE_LOOP('',(#7088,#7090,#7091,#7092));
#7094=FACE_OUTER_BOUND('',#7093,.F.);
#7096=CARTESIAN_POINT('',(0.E0,1.75E-1,0.E0));
#7097=DIRECTION('',(0.E0,-1.E0,0.E0));
#7098=DIRECTION('',(1.E0,0.E0,0.E0));
#7099=AXIS2_PLACEMENT_3D('',#7096,#7097,#7098);
#7100=PLANE('',#7099);
#7101=ORIENTED_EDGE('',*,*,#6648,.T.);
#7102=ORIENTED_EDGE('',*,*,#7062,.F.);
#7103=ORIENTED_EDGE('',*,*,#7076,.F.);
#7104=ORIENTED_EDGE('',*,*,#7089,.F.);
#7105=EDGE_LOOP('',(#7101,#7102,#7103,#7104));
#7106=FACE_OUTER_BOUND('',#7105,.F.);
#7108=CARTESIAN_POINT('',(-1.13E0,-4.E-2,2.72E0));
#7109=DIRECTION('',(-1.E0,0.E0,0.E0));
#7110=DIRECTION('',(0.E0,0.E0,1.E0));
#7111=AXIS2_PLACEMENT_3D('',#7108,#7109,#7110);
#7112=PLANE('',#7111);
#7114=ORIENTED_EDGE('',*,*,#7113,.T.);
#7116=ORIENTED_EDGE('',*,*,#7115,.T.);
#7117=ORIENTED_EDGE('',*,*,#6653,.T.);
#7118=ORIENTED_EDGE('',*,*,#4944,.T.);
#7119=EDGE_LOOP('',(#7114,#7116,#7117,#7118));
#7120=FACE_OUTER_BOUND('',#7119,.F.);
#7122=CARTESIAN_POINT('',(-1.25E0,-4.E-2,2.72E0));
#7123=DIRECTION('',(0.E0,-1.E0,0.E0));
#7124=DIRECTION('',(1.E0,0.E0,0.E0));
#7125=AXIS2_PLACEMENT_3D('',#7122,#7123,#7124);
#7126=CYLINDRICAL_SURFACE('',#7125,1.2E-1);
#7128=ORIENTED_EDGE('',*,*,#7127,.T.);
#7130=ORIENTED_EDGE('',*,*,#7129,.T.);
#7131=ORIENTED_EDGE('',*,*,#7113,.F.);
#7132=ORIENTED_EDGE('',*,*,#4942,.F.);
#7133=EDGE_LOOP('',(#7128,#7130,#7131,#7132));
#7134=FACE_OUTER_BOUND('',#7133,.F.);
#7136=CARTESIAN_POINT('',(-1.37E0,-4.E-2,3.E0));
#7137=DIRECTION('',(1.E0,0.E0,0.E0));
#7138=DIRECTION('',(0.E0,0.E0,-1.E0));
#7139=AXIS2_PLACEMENT_3D('',#7136,#7137,#7138);
#7140=PLANE('',#7139);
#7141=ORIENTED_EDGE('',*,*,#6657,.T.);
#7143=ORIENTED_EDGE('',*,*,#7142,.T.);
#7144=ORIENTED_EDGE('',*,*,#7127,.F.);
#7145=ORIENTED_EDGE('',*,*,#4940,.F.);
#7146=EDGE_LOOP('',(#7141,#7143,#7144,#7145));
#7147=FACE_OUTER_BOUND('',#7146,.F.);
#7149=CARTESIAN_POINT('',(0.E0,1.75E-1,0.E0));
#7150=DIRECTION('',(0.E0,-1.E0,0.E0));
#7151=DIRECTION('',(1.E0,0.E0,0.E0));
#7152=AXIS2_PLACEMENT_3D('',#7149,#7150,#7151);
#7153=PLANE('',#7152);
#7154=ORIENTED_EDGE('',*,*,#6655,.T.);
#7155=ORIENTED_EDGE('',*,*,#7115,.F.);
#7156=ORIENTED_EDGE('',*,*,#7129,.F.);
#7157=ORIENTED_EDGE('',*,*,#7142,.F.);
#7158=EDGE_LOOP('',(#7154,#7155,#7156,#7157));
#7159=FACE_OUTER_BOUND('',#7158,.F.);
#7161=CARTESIAN_POINT('',(-1.63E0,-4.E-2,2.72E0));
#7162=DIRECTION('',(-1.E0,0.E0,0.E0));
#7163=DIRECTION('',(0.E0,0.E0,1.E0));
#7164=AXIS2_PLACEMENT_3D('',#7161,#7162,#7163);
#7165=PLANE('',#7164);
#7167=ORIENTED_EDGE('',*,*,#7166,.T.);
#7169=ORIENTED_EDGE('',*,*,#7168,.T.);
#7170=ORIENTED_EDGE('',*,*,#6660,.T.);
#7171=ORIENTED_EDGE('',*,*,#4936,.T.);
#7172=EDGE_LOOP('',(#7167,#7169,#7170,#7171));
#7173=FACE_OUTER_BOUND('',#7172,.F.);
#7175=CARTESIAN_POINT('',(-1.75E0,-4.E-2,2.72E0));
#7176=DIRECTION('',(0.E0,-1.E0,0.E0));
#7177=DIRECTION('',(1.E0,0.E0,0.E0));
#7178=AXIS2_PLACEMENT_3D('',#7175,#7176,#7177);
#7179=CYLINDRICAL_SURFACE('',#7178,1.2E-1);
#7181=ORIENTED_EDGE('',*,*,#7180,.T.);
#7183=ORIENTED_EDGE('',*,*,#7182,.T.);
#7184=ORIENTED_EDGE('',*,*,#7166,.F.);
#7185=ORIENTED_EDGE('',*,*,#4934,.F.);
#7186=EDGE_LOOP('',(#7181,#7183,#7184,#7185));
#7187=FACE_OUTER_BOUND('',#7186,.F.);
#7189=CARTESIAN_POINT('',(-1.87E0,-4.E-2,3.E0));
#7190=DIRECTION('',(1.E0,0.E0,0.E0));
#7191=DIRECTION('',(0.E0,0.E0,-1.E0));
#7192=AXIS2_PLACEMENT_3D('',#7189,#7190,#7191);
#7193=PLANE('',#7192);
#7194=ORIENTED_EDGE('',*,*,#6664,.T.);
#7196=ORIENTED_EDGE('',*,*,#7195,.T.);
#7197=ORIENTED_EDGE('',*,*,#7180,.F.);
#7198=ORIENTED_EDGE('',*,*,#4932,.F.);
#7199=EDGE_LOOP('',(#7194,#7196,#7197,#7198));
#7200=FACE_OUTER_BOUND('',#7199,.F.);
#7202=CARTESIAN_POINT('',(0.E0,1.75E-1,0.E0));
#7203=DIRECTION('',(0.E0,-1.E0,0.E0));
#7204=DIRECTION('',(1.E0,0.E0,0.E0));
#7205=AXIS2_PLACEMENT_3D('',#7202,#7203,#7204);
#7206=PLANE('',#7205);
#7207=ORIENTED_EDGE('',*,*,#6662,.T.);
#7208=ORIENTED_EDGE('',*,*,#7168,.F.);
#7209=ORIENTED_EDGE('',*,*,#7182,.F.);
#7210=ORIENTED_EDGE('',*,*,#7195,.F.);
#7211=EDGE_LOOP('',(#7207,#7208,#7209,#7210));
#7212=FACE_OUTER_BOUND('',#7211,.F.);
#7214=CARTESIAN_POINT('',(3.E0,-4.E-2,-2.37E0));
#7215=DIRECTION('',(0.E0,0.E0,-1.E0));
#7216=DIRECTION('',(-1.E0,0.E0,0.E0));
#7217=AXIS2_PLACEMENT_3D('',#7214,#7215,#7216);
#7218=PLANE('',#7217);
#7220=ORIENTED_EDGE('',*,*,#7219,.F.);
#7222=ORIENTED_EDGE('',*,*,#7221,.F.);
#7223=ORIENTED_EDGE('',*,*,#6470,.T.);
#7224=ORIENTED_EDGE('',*,*,#5082,.T.);
#7225=EDGE_LOOP('',(#7220,#7222,#7223,#7224));
#7226=FACE_OUTER_BOUND('',#7225,.F.);
#7228=CARTESIAN_POINT('',(2.72E0,-4.E-2,-2.25E0));
#7229=DIRECTION('',(0.E0,1.E0,0.E0));
#7230=DIRECTION('',(1.E0,0.E0,0.E0));
#7231=AXIS2_PLACEMENT_3D('',#7228,#7229,#7230);
#7232=CYLINDRICAL_SURFACE('',#7231,1.2E-1);
#7234=ORIENTED_EDGE('',*,*,#7233,.F.);
#7236=ORIENTED_EDGE('',*,*,#7235,.F.);
#7237=ORIENTED_EDGE('',*,*,#7219,.T.);
#7238=ORIENTED_EDGE('',*,*,#5080,.T.);
#7239=EDGE_LOOP('',(#7234,#7236,#7237,#7238));
#7240=FACE_OUTER_BOUND('',#7239,.F.);
#7242=CARTESIAN_POINT('',(2.72E0,-4.E-2,-2.13E0));
#7243=DIRECTION('',(0.E0,0.E0,1.E0));
#7244=DIRECTION('',(1.E0,0.E0,0.E0));
#7245=AXIS2_PLACEMENT_3D('',#7242,#7243,#7244);
#7246=PLANE('',#7245);
#7247=ORIENTED_EDGE('',*,*,#6474,.T.);
#7249=ORIENTED_EDGE('',*,*,#7248,.F.);
#7250=ORIENTED_EDGE('',*,*,#7233,.T.);
#7251=ORIENTED_EDGE('',*,*,#5078,.F.);
#7252=EDGE_LOOP('',(#7247,#7249,#7250,#7251));
#7253=FACE_OUTER_BOUND('',#7252,.F.);
#7255=CARTESIAN_POINT('',(0.E0,1.75E-1,0.E0));
#7256=DIRECTION('',(0.E0,1.E0,0.E0));
#7257=DIRECTION('',(1.E0,0.E0,0.E0));
#7258=AXIS2_PLACEMENT_3D('',#7255,#7256,#7257);
#7259=PLANE('',#7258);
#7260=ORIENTED_EDGE('',*,*,#6472,.T.);
#7261=ORIENTED_EDGE('',*,*,#7221,.T.);
#7262=ORIENTED_EDGE('',*,*,#7235,.T.);
#7263=ORIENTED_EDGE('',*,*,#7248,.T.);
#7264=EDGE_LOOP('',(#7260,#7261,#7262,#7263));
#7265=FACE_OUTER_BOUND('',#7264,.F.);
#7267=CARTESIAN_POINT('',(3.E0,-4.E-2,-1.87E0));
#7268=DIRECTION('',(0.E0,0.E0,-1.E0));
#7269=DIRECTION('',(-1.E0,0.E0,0.E0));
#7270=AXIS2_PLACEMENT_3D('',#7267,#7268,#7269);
#7271=PLANE('',#7270);
#7273=ORIENTED_EDGE('',*,*,#7272,.F.);
#7275=ORIENTED_EDGE('',*,*,#7274,.F.);
#7276=ORIENTED_EDGE('',*,*,#6477,.T.);
#7277=ORIENTED_EDGE('',*,*,#5074,.T.);
#7278=EDGE_LOOP('',(#7273,#7275,#7276,#7277));
#7279=FACE_OUTER_BOUND('',#7278,.F.);
#7281=CARTESIAN_POINT('',(2.72E0,-4.E-2,-1.75E0));
#7282=DIRECTION('',(0.E0,1.E0,0.E0));
#7283=DIRECTION('',(1.E0,0.E0,0.E0));
#7284=AXIS2_PLACEMENT_3D('',#7281,#7282,#7283);
#7285=CYLINDRICAL_SURFACE('',#7284,1.2E-1);
#7287=ORIENTED_EDGE('',*,*,#7286,.F.);
#7289=ORIENTED_EDGE('',*,*,#7288,.F.);
#7290=ORIENTED_EDGE('',*,*,#7272,.T.);
#7291=ORIENTED_EDGE('',*,*,#5072,.T.);
#7292=EDGE_LOOP('',(#7287,#7289,#7290,#7291));
#7293=FACE_OUTER_BOUND('',#7292,.F.);
#7295=CARTESIAN_POINT('',(2.72E0,-4.E-2,-1.63E0));
#7296=DIRECTION('',(0.E0,0.E0,1.E0));
#7297=DIRECTION('',(1.E0,0.E0,0.E0));
#7298=AXIS2_PLACEMENT_3D('',#7295,#7296,#7297);
#7299=PLANE('',#7298);
#7300=ORIENTED_EDGE('',*,*,#6481,.T.);
#7302=ORIENTED_EDGE('',*,*,#7301,.F.);
#7303=ORIENTED_EDGE('',*,*,#7286,.T.);
#7304=ORIENTED_EDGE('',*,*,#5070,.F.);
#7305=EDGE_LOOP('',(#7300,#7302,#7303,#7304));
#7306=FACE_OUTER_BOUND('',#7305,.F.);
#7308=CARTESIAN_POINT('',(0.E0,1.75E-1,0.E0));
#7309=DIRECTION('',(0.E0,1.E0,0.E0));
#7310=DIRECTION('',(1.E0,0.E0,0.E0));
#7311=AXIS2_PLACEMENT_3D('',#7308,#7309,#7310);
#7312=PLANE('',#7311);
#7313=ORIENTED_EDGE('',*,*,#6479,.T.);
#7314=ORIENTED_EDGE('',*,*,#7274,.T.);
#7315=ORIENTED_EDGE('',*,*,#7288,.T.);
#7316=ORIENTED_EDGE('',*,*,#7301,.T.);
#7317=EDGE_LOOP('',(#7313,#7314,#7315,#7316));
#7318=FACE_OUTER_BOUND('',#7317,.F.);
#7320=CARTESIAN_POINT('',(3.E0,-4.E-2,-1.37E0));
#7321=DIRECTION('',(0.E0,0.E0,-1.E0));
#7322=DIRECTION('',(-1.E0,0.E0,0.E0));
#7323=AXIS2_PLACEMENT_3D('',#7320,#7321,#7322);
#7324=PLANE('',#7323);
#7326=ORIENTED_EDGE('',*,*,#7325,.F.);
#7328=ORIENTED_EDGE('',*,*,#7327,.F.);
#7329=ORIENTED_EDGE('',*,*,#6484,.T.);
#7330=ORIENTED_EDGE('',*,*,#5066,.T.);
#7331=EDGE_LOOP('',(#7326,#7328,#7329,#7330));
#7332=FACE_OUTER_BOUND('',#7331,.F.);
#7334=CARTESIAN_POINT('',(2.72E0,-4.E-2,-1.25E0));
#7335=DIRECTION('',(0.E0,1.E0,0.E0));
#7336=DIRECTION('',(1.E0,0.E0,0.E0));
#7337=AXIS2_PLACEMENT_3D('',#7334,#7335,#7336);
#7338=CYLINDRICAL_SURFACE('',#7337,1.2E-1);
#7340=ORIENTED_EDGE('',*,*,#7339,.F.);
#7342=ORIENTED_EDGE('',*,*,#7341,.F.);
#7343=ORIENTED_EDGE('',*,*,#7325,.T.);
#7344=ORIENTED_EDGE('',*,*,#5064,.T.);
#7345=EDGE_LOOP('',(#7340,#7342,#7343,#7344));
#7346=FACE_OUTER_BOUND('',#7345,.F.);
#7348=CARTESIAN_POINT('',(2.72E0,-4.E-2,-1.13E0));
#7349=DIRECTION('',(0.E0,0.E0,1.E0));
#7350=DIRECTION('',(1.E0,0.E0,0.E0));
#7351=AXIS2_PLACEMENT_3D('',#7348,#7349,#7350);
#7352=PLANE('',#7351);
#7353=ORIENTED_EDGE('',*,*,#6488,.T.);
#7355=ORIENTED_EDGE('',*,*,#7354,.F.);
#7356=ORIENTED_EDGE('',*,*,#7339,.T.);
#7357=ORIENTED_EDGE('',*,*,#5062,.F.);
#7358=EDGE_LOOP('',(#7353,#7355,#7356,#7357));
#7359=FACE_OUTER_BOUND('',#7358,.F.);
#7361=CARTESIAN_POINT('',(0.E0,1.75E-1,0.E0));
#7362=DIRECTION('',(0.E0,1.E0,0.E0));
#7363=DIRECTION('',(1.E0,0.E0,0.E0));
#7364=AXIS2_PLACEMENT_3D('',#7361,#7362,#7363);
#7365=PLANE('',#7364);
#7366=ORIENTED_EDGE('',*,*,#6486,.T.);
#7367=ORIENTED_EDGE('',*,*,#7327,.T.);
#7368=ORIENTED_EDGE('',*,*,#7341,.T.);
#7369=ORIENTED_EDGE('',*,*,#7354,.T.);
#7370=EDGE_LOOP('',(#7366,#7367,#7368,#7369));
#7371=FACE_OUTER_BOUND('',#7370,.F.);
#7373=CARTESIAN_POINT('',(3.E0,-4.E-2,-8.7E-1));
#7374=DIRECTION('',(0.E0,0.E0,-1.E0));
#7375=DIRECTION('',(-1.E0,0.E0,0.E0));
#7376=AXIS2_PLACEMENT_3D('',#7373,#7374,#7375);
#7377=PLANE('',#7376);
#7379=ORIENTED_EDGE('',*,*,#7378,.F.);
#7381=ORIENTED_EDGE('',*,*,#7380,.F.);
#7382=ORIENTED_EDGE('',*,*,#6491,.T.);
#7383=ORIENTED_EDGE('',*,*,#5058,.T.);
#7384=EDGE_LOOP('',(#7379,#7381,#7382,#7383));
#7385=FACE_OUTER_BOUND('',#7384,.F.);
#7387=CARTESIAN_POINT('',(2.72E0,-4.E-2,-7.5E-1));
#7388=DIRECTION('',(0.E0,1.E0,0.E0));
#7389=DIRECTION('',(1.E0,0.E0,0.E0));
#7390=AXIS2_PLACEMENT_3D('',#7387,#7388,#7389);
#7391=CYLINDRICAL_SURFACE('',#7390,1.2E-1);
#7393=ORIENTED_EDGE('',*,*,#7392,.F.);
#7395=ORIENTED_EDGE('',*,*,#7394,.F.);
#7396=ORIENTED_EDGE('',*,*,#7378,.T.);
#7397=ORIENTED_EDGE('',*,*,#5056,.T.);
#7398=EDGE_LOOP('',(#7393,#7395,#7396,#7397));
#7399=FACE_OUTER_BOUND('',#7398,.F.);
#7401=CARTESIAN_POINT('',(2.72E0,-4.E-2,-6.3E-1));
#7402=DIRECTION('',(0.E0,0.E0,1.E0));
#7403=DIRECTION('',(1.E0,0.E0,0.E0));
#7404=AXIS2_PLACEMENT_3D('',#7401,#7402,#7403);
#7405=PLANE('',#7404);
#7406=ORIENTED_EDGE('',*,*,#6495,.T.);
#7408=ORIENTED_EDGE('',*,*,#7407,.F.);
#7409=ORIENTED_EDGE('',*,*,#7392,.T.);
#7410=ORIENTED_EDGE('',*,*,#5054,.F.);
#7411=EDGE_LOOP('',(#7406,#7408,#7409,#7410));
#7412=FACE_OUTER_BOUND('',#7411,.F.);
#7414=CARTESIAN_POINT('',(0.E0,1.75E-1,0.E0));
#7415=DIRECTION('',(0.E0,1.E0,0.E0));
#7416=DIRECTION('',(1.E0,0.E0,0.E0));
#7417=AXIS2_PLACEMENT_3D('',#7414,#7415,#7416);
#7418=PLANE('',#7417);
#7419=ORIENTED_EDGE('',*,*,#6493,.T.);
#7420=ORIENTED_EDGE('',*,*,#7380,.T.);
#7421=ORIENTED_EDGE('',*,*,#7394,.T.);
#7422=ORIENTED_EDGE('',*,*,#7407,.T.);
#7423=EDGE_LOOP('',(#7419,#7420,#7421,#7422));
#7424=FACE_OUTER_BOUND('',#7423,.F.);
#7426=CARTESIAN_POINT('',(3.E0,-4.E-2,-3.7E-1));
#7427=DIRECTION('',(0.E0,0.E0,-1.E0));
#7428=DIRECTION('',(-1.E0,0.E0,0.E0));
#7429=AXIS2_PLACEMENT_3D('',#7426,#7427,#7428);
#7430=PLANE('',#7429);
#7432=ORIENTED_EDGE('',*,*,#7431,.F.);
#7434=ORIENTED_EDGE('',*,*,#7433,.F.);
#7435=ORIENTED_EDGE('',*,*,#6498,.T.);
#7436=ORIENTED_EDGE('',*,*,#5050,.T.);
#7437=EDGE_LOOP('',(#7432,#7434,#7435,#7436));
#7438=FACE_OUTER_BOUND('',#7437,.F.);
#7440=CARTESIAN_POINT('',(2.72E0,-4.E-2,-2.5E-1));
#7441=DIRECTION('',(0.E0,1.E0,0.E0));
#7442=DIRECTION('',(1.E0,0.E0,0.E0));
#7443=AXIS2_PLACEMENT_3D('',#7440,#7441,#7442);
#7444=CYLINDRICAL_SURFACE('',#7443,1.2E-1);
#7446=ORIENTED_EDGE('',*,*,#7445,.F.);
#7448=ORIENTED_EDGE('',*,*,#7447,.F.);
#7449=ORIENTED_EDGE('',*,*,#7431,.T.);
#7450=ORIENTED_EDGE('',*,*,#5048,.T.);
#7451=EDGE_LOOP('',(#7446,#7448,#7449,#7450));
#7452=FACE_OUTER_BOUND('',#7451,.F.);
#7454=CARTESIAN_POINT('',(2.72E0,-4.E-2,-1.3E-1));
#7455=DIRECTION('',(0.E0,0.E0,1.E0));
#7456=DIRECTION('',(1.E0,0.E0,0.E0));
#7457=AXIS2_PLACEMENT_3D('',#7454,#7455,#7456);
#7458=PLANE('',#7457);
#7459=ORIENTED_EDGE('',*,*,#6502,.T.);
#7461=ORIENTED_EDGE('',*,*,#7460,.F.);
#7462=ORIENTED_EDGE('',*,*,#7445,.T.);
#7463=ORIENTED_EDGE('',*,*,#5046,.F.);
#7464=EDGE_LOOP('',(#7459,#7461,#7462,#7463));
#7465=FACE_OUTER_BOUND('',#7464,.F.);
#7467=CARTESIAN_POINT('',(0.E0,1.75E-1,0.E0));
#7468=DIRECTION('',(0.E0,1.E0,0.E0));
#7469=DIRECTION('',(1.E0,0.E0,0.E0));
#7470=AXIS2_PLACEMENT_3D('',#7467,#7468,#7469);
#7471=PLANE('',#7470);
#7472=ORIENTED_EDGE('',*,*,#6500,.T.);
#7473=ORIENTED_EDGE('',*,*,#7433,.T.);
#7474=ORIENTED_EDGE('',*,*,#7447,.T.);
#7475=ORIENTED_EDGE('',*,*,#7460,.T.);
#7476=EDGE_LOOP('',(#7472,#7473,#7474,#7475));
#7477=FACE_OUTER_BOUND('',#7476,.F.);
#7479=CARTESIAN_POINT('',(3.E0,-4.E-2,1.3E-1));
#7480=DIRECTION('',(0.E0,0.E0,-1.E0));
#7481=DIRECTION('',(-1.E0,0.E0,0.E0));
#7482=AXIS2_PLACEMENT_3D('',#7479,#7480,#7481);
#7483=PLANE('',#7482);
#7485=ORIENTED_EDGE('',*,*,#7484,.F.);
#7487=ORIENTED_EDGE('',*,*,#7486,.F.);
#7488=ORIENTED_EDGE('',*,*,#6505,.T.);
#7489=ORIENTED_EDGE('',*,*,#5042,.T.);
#7490=EDGE_LOOP('',(#7485,#7487,#7488,#7489));
#7491=FACE_OUTER_BOUND('',#7490,.F.);
#7493=CARTESIAN_POINT('',(2.72E0,-4.E-2,2.5E-1));
#7494=DIRECTION('',(0.E0,1.E0,0.E0));
#7495=DIRECTION('',(1.E0,0.E0,0.E0));
#7496=AXIS2_PLACEMENT_3D('',#7493,#7494,#7495);
#7497=CYLINDRICAL_SURFACE('',#7496,1.2E-1);
#7499=ORIENTED_EDGE('',*,*,#7498,.F.);
#7501=ORIENTED_EDGE('',*,*,#7500,.F.);
#7502=ORIENTED_EDGE('',*,*,#7484,.T.);
#7503=ORIENTED_EDGE('',*,*,#5040,.T.);
#7504=EDGE_LOOP('',(#7499,#7501,#7502,#7503));
#7505=FACE_OUTER_BOUND('',#7504,.F.);
#7507=CARTESIAN_POINT('',(2.72E0,-4.E-2,3.7E-1));
#7508=DIRECTION('',(0.E0,0.E0,1.E0));
#7509=DIRECTION('',(1.E0,0.E0,0.E0));
#7510=AXIS2_PLACEMENT_3D('',#7507,#7508,#7509);
#7511=PLANE('',#7510);
#7512=ORIENTED_EDGE('',*,*,#6509,.T.);
#7514=ORIENTED_EDGE('',*,*,#7513,.F.);
#7515=ORIENTED_EDGE('',*,*,#7498,.T.);
#7516=ORIENTED_EDGE('',*,*,#5038,.F.);
#7517=EDGE_LOOP('',(#7512,#7514,#7515,#7516));
#7518=FACE_OUTER_BOUND('',#7517,.F.);
#7520=CARTESIAN_POINT('',(0.E0,1.75E-1,0.E0));
#7521=DIRECTION('',(0.E0,1.E0,0.E0));
#7522=DIRECTION('',(1.E0,0.E0,0.E0));
#7523=AXIS2_PLACEMENT_3D('',#7520,#7521,#7522);
#7524=PLANE('',#7523);
#7525=ORIENTED_EDGE('',*,*,#6507,.T.);
#7526=ORIENTED_EDGE('',*,*,#7486,.T.);
#7527=ORIENTED_EDGE('',*,*,#7500,.T.);
#7528=ORIENTED_EDGE('',*,*,#7513,.T.);
#7529=EDGE_LOOP('',(#7525,#7526,#7527,#7528));
#7530=FACE_OUTER_BOUND('',#7529,.F.);
#7532=CARTESIAN_POINT('',(3.E0,-4.E-2,6.3E-1));
#7533=DIRECTION('',(0.E0,0.E0,-1.E0));
#7534=DIRECTION('',(-1.E0,0.E0,0.E0));
#7535=AXIS2_PLACEMENT_3D('',#7532,#7533,#7534);
#7536=PLANE('',#7535);
#7538=ORIENTED_EDGE('',*,*,#7537,.F.);
#7540=ORIENTED_EDGE('',*,*,#7539,.F.);
#7541=ORIENTED_EDGE('',*,*,#6512,.T.);
#7542=ORIENTED_EDGE('',*,*,#5034,.T.);
#7543=EDGE_LOOP('',(#7538,#7540,#7541,#7542));
#7544=FACE_OUTER_BOUND('',#7543,.F.);
#7546=CARTESIAN_POINT('',(2.72E0,-4.E-2,7.5E-1));
#7547=DIRECTION('',(0.E0,1.E0,0.E0));
#7548=DIRECTION('',(1.E0,0.E0,0.E0));
#7549=AXIS2_PLACEMENT_3D('',#7546,#7547,#7548);
#7550=CYLINDRICAL_SURFACE('',#7549,1.2E-1);
#7552=ORIENTED_EDGE('',*,*,#7551,.F.);
#7554=ORIENTED_EDGE('',*,*,#7553,.F.);
#7555=ORIENTED_EDGE('',*,*,#7537,.T.);
#7556=ORIENTED_EDGE('',*,*,#5032,.T.);
#7557=EDGE_LOOP('',(#7552,#7554,#7555,#7556));
#7558=FACE_OUTER_BOUND('',#7557,.F.);
#7560=CARTESIAN_POINT('',(2.72E0,-4.E-2,8.7E-1));
#7561=DIRECTION('',(0.E0,0.E0,1.E0));
#7562=DIRECTION('',(1.E0,0.E0,0.E0));
#7563=AXIS2_PLACEMENT_3D('',#7560,#7561,#7562);
#7564=PLANE('',#7563);
#7565=ORIENTED_EDGE('',*,*,#6516,.T.);
#7567=ORIENTED_EDGE('',*,*,#7566,.F.);
#7568=ORIENTED_EDGE('',*,*,#7551,.T.);
#7569=ORIENTED_EDGE('',*,*,#5030,.F.);
#7570=EDGE_LOOP('',(#7565,#7567,#7568,#7569));
#7571=FACE_OUTER_BOUND('',#7570,.F.);
#7573=CARTESIAN_POINT('',(0.E0,1.75E-1,0.E0));
#7574=DIRECTION('',(0.E0,1.E0,0.E0));
#7575=DIRECTION('',(1.E0,0.E0,0.E0));
#7576=AXIS2_PLACEMENT_3D('',#7573,#7574,#7575);
#7577=PLANE('',#7576);
#7578=ORIENTED_EDGE('',*,*,#7539,.T.);
#7579=ORIENTED_EDGE('',*,*,#7553,.T.);
#7580=ORIENTED_EDGE('',*,*,#7566,.T.);
#7581=ORIENTED_EDGE('',*,*,#6514,.T.);
#7582=EDGE_LOOP('',(#7578,#7579,#7580,#7581));
#7583=FACE_OUTER_BOUND('',#7582,.F.);
#7585=CARTESIAN_POINT('',(3.E0,-4.E-2,1.13E0));
#7586=DIRECTION('',(0.E0,0.E0,-1.E0));
#7587=DIRECTION('',(-1.E0,0.E0,0.E0));
#7588=AXIS2_PLACEMENT_3D('',#7585,#7586,#7587);
#7589=PLANE('',#7588);
#7591=ORIENTED_EDGE('',*,*,#7590,.F.);
#7593=ORIENTED_EDGE('',*,*,#7592,.F.);
#7594=ORIENTED_EDGE('',*,*,#6519,.T.);
#7595=ORIENTED_EDGE('',*,*,#5026,.T.);
#7596=EDGE_LOOP('',(#7591,#7593,#7594,#7595));
#7597=FACE_OUTER_BOUND('',#7596,.F.);
#7599=CARTESIAN_POINT('',(2.72E0,-4.E-2,1.25E0));
#7600=DIRECTION('',(0.E0,1.E0,0.E0));
#7601=DIRECTION('',(1.E0,0.E0,0.E0));
#7602=AXIS2_PLACEMENT_3D('',#7599,#7600,#7601);
#7603=CYLINDRICAL_SURFACE('',#7602,1.2E-1);
#7605=ORIENTED_EDGE('',*,*,#7604,.F.);
#7607=ORIENTED_EDGE('',*,*,#7606,.F.);
#7608=ORIENTED_EDGE('',*,*,#7590,.T.);
#7609=ORIENTED_EDGE('',*,*,#5024,.T.);
#7610=EDGE_LOOP('',(#7605,#7607,#7608,#7609));
#7611=FACE_OUTER_BOUND('',#7610,.F.);
#7613=CARTESIAN_POINT('',(2.72E0,-4.E-2,1.37E0));
#7614=DIRECTION('',(0.E0,0.E0,1.E0));
#7615=DIRECTION('',(1.E0,0.E0,0.E0));
#7616=AXIS2_PLACEMENT_3D('',#7613,#7614,#7615);
#7617=PLANE('',#7616);
#7618=ORIENTED_EDGE('',*,*,#6523,.T.);
#7620=ORIENTED_EDGE('',*,*,#7619,.F.);
#7621=ORIENTED_EDGE('',*,*,#7604,.T.);
#7622=ORIENTED_EDGE('',*,*,#5022,.F.);
#7623=EDGE_LOOP('',(#7618,#7620,#7621,#7622));
#7624=FACE_OUTER_BOUND('',#7623,.F.);
#7626=CARTESIAN_POINT('',(0.E0,1.75E-1,0.E0));
#7627=DIRECTION('',(0.E0,1.E0,0.E0));
#7628=DIRECTION('',(1.E0,0.E0,0.E0));
#7629=AXIS2_PLACEMENT_3D('',#7626,#7627,#7628);
#7630=PLANE('',#7629);
#7631=ORIENTED_EDGE('',*,*,#6521,.T.);
#7632=ORIENTED_EDGE('',*,*,#7592,.T.);
#7633=ORIENTED_EDGE('',*,*,#7606,.T.);
#7634=ORIENTED_EDGE('',*,*,#7619,.T.);
#7635=EDGE_LOOP('',(#7631,#7632,#7633,#7634));
#7636=FACE_OUTER_BOUND('',#7635,.F.);
#7638=CARTESIAN_POINT('',(3.E0,-4.E-2,1.63E0));
#7639=DIRECTION('',(0.E0,0.E0,-1.E0));
#7640=DIRECTION('',(-1.E0,0.E0,0.E0));
#7641=AXIS2_PLACEMENT_3D('',#7638,#7639,#7640);
#7642=PLANE('',#7641);
#7644=ORIENTED_EDGE('',*,*,#7643,.F.);
#7646=ORIENTED_EDGE('',*,*,#7645,.F.);
#7647=ORIENTED_EDGE('',*,*,#6526,.T.);
#7648=ORIENTED_EDGE('',*,*,#5018,.T.);
#7649=EDGE_LOOP('',(#7644,#7646,#7647,#7648));
#7650=FACE_OUTER_BOUND('',#7649,.F.);
#7652=CARTESIAN_POINT('',(2.72E0,-4.E-2,1.75E0));
#7653=DIRECTION('',(0.E0,1.E0,0.E0));
#7654=DIRECTION('',(1.E0,0.E0,0.E0));
#7655=AXIS2_PLACEMENT_3D('',#7652,#7653,#7654);
#7656=CYLINDRICAL_SURFACE('',#7655,1.2E-1);
#7658=ORIENTED_EDGE('',*,*,#7657,.F.);
#7660=ORIENTED_EDGE('',*,*,#7659,.F.);
#7661=ORIENTED_EDGE('',*,*,#7643,.T.);
#7662=ORIENTED_EDGE('',*,*,#5016,.T.);
#7663=EDGE_LOOP('',(#7658,#7660,#7661,#7662));
#7664=FACE_OUTER_BOUND('',#7663,.F.);
#7666=CARTESIAN_POINT('',(2.72E0,-4.E-2,1.87E0));
#7667=DIRECTION('',(0.E0,0.E0,1.E0));
#7668=DIRECTION('',(1.E0,0.E0,0.E0));
#7669=AXIS2_PLACEMENT_3D('',#7666,#7667,#7668);
#7670=PLANE('',#7669);
#7671=ORIENTED_EDGE('',*,*,#6530,.T.);
#7673=ORIENTED_EDGE('',*,*,#7672,.F.);
#7674=ORIENTED_EDGE('',*,*,#7657,.T.);
#7675=ORIENTED_EDGE('',*,*,#5014,.F.);
#7676=EDGE_LOOP('',(#7671,#7673,#7674,#7675));
#7677=FACE_OUTER_BOUND('',#7676,.F.);
#7679=CARTESIAN_POINT('',(0.E0,1.75E-1,0.E0));
#7680=DIRECTION('',(0.E0,1.E0,0.E0));
#7681=DIRECTION('',(1.E0,0.E0,0.E0));
#7682=AXIS2_PLACEMENT_3D('',#7679,#7680,#7681);
#7683=PLANE('',#7682);
#7684=ORIENTED_EDGE('',*,*,#6528,.T.);
#7685=ORIENTED_EDGE('',*,*,#7645,.T.);
#7686=ORIENTED_EDGE('',*,*,#7659,.T.);
#7687=ORIENTED_EDGE('',*,*,#7672,.T.);
#7688=EDGE_LOOP('',(#7684,#7685,#7686,#7687));
#7689=FACE_OUTER_BOUND('',#7688,.F.);
#7691=CARTESIAN_POINT('',(-2.075E0,6.E-2,-2.075E0));
#7692=DIRECTION('',(0.E0,0.E0,-1.E0));
#7693=DIRECTION('',(1.E0,0.E0,0.E0));
#7694=AXIS2_PLACEMENT_3D('',#7691,#7692,#7693);
#7695=PLANE('',#7694);
#7696=ORIENTED_EDGE('',*,*,#5170,.T.);
#7698=ORIENTED_EDGE('',*,*,#7697,.T.);
#7700=ORIENTED_EDGE('',*,*,#7699,.T.);
#7702=ORIENTED_EDGE('',*,*,#7701,.T.);
#7703=EDGE_LOOP('',(#7696,#7698,#7700,#7702));
#7704=FACE_OUTER_BOUND('',#7703,.F.);
#7706=CARTESIAN_POINT('',(-1.9E0,9.999999999999E-3,-1.9E0));
#7707=DIRECTION('',(-7.071067811865E-1,0.E0,-7.071067811865E-1));
#7708=DIRECTION('',(-7.071067811865E-1,0.E0,7.071067811865E-1));
#7709=AXIS2_PLACEMENT_3D('',#7706,#7707,#7708);
#7710=PLANE('',#7709);
#7711=ORIENTED_EDGE('',*,*,#5178,.T.);
#7713=ORIENTED_EDGE('',*,*,#7712,.T.);
#7715=ORIENTED_EDGE('',*,*,#7714,.F.);
#7716=ORIENTED_EDGE('',*,*,#7697,.F.);
#7717=EDGE_LOOP('',(#7711,#7713,#7715,#7716));
#7718=FACE_OUTER_BOUND('',#7717,.F.);
#7720=CARTESIAN_POINT('',(-2.075E0,6.E-2,2.075E0));
#7721=DIRECTION('',(-1.E0,0.E0,0.E0));
#7722=DIRECTION('',(0.E0,0.E0,-1.E0));
#7723=AXIS2_PLACEMENT_3D('',#7720,#7721,#7722);
#7724=PLANE('',#7723);
#7725=ORIENTED_EDGE('',*,*,#5176,.T.);
#7727=ORIENTED_EDGE('',*,*,#7726,.F.);
#7729=ORIENTED_EDGE('',*,*,#7728,.T.);
#7730=ORIENTED_EDGE('',*,*,#7712,.F.);
#7731=EDGE_LOOP('',(#7725,#7727,#7729,#7730));
#7732=FACE_OUTER_BOUND('',#7731,.F.);
#7734=CARTESIAN_POINT('',(2.075E0,6.E-2,2.075E0));
#7735=DIRECTION('',(0.E0,0.E0,1.E0));
#7736=DIRECTION('',(-1.E0,0.E0,0.E0));
#7737=AXIS2_PLACEMENT_3D('',#7734,#7735,#7736);
#7738=PLANE('',#7737);
#7739=ORIENTED_EDGE('',*,*,#5174,.T.);
#7741=ORIENTED_EDGE('',*,*,#7740,.F.);
#7743=ORIENTED_EDGE('',*,*,#7742,.T.);
#7744=ORIENTED_EDGE('',*,*,#7726,.T.);
#7745=EDGE_LOOP('',(#7739,#7741,#7743,#7744));
#7746=FACE_OUTER_BOUND('',#7745,.F.);
#7748=CARTESIAN_POINT('',(2.075E0,6.E-2,-2.075E0));
#7749=DIRECTION('',(1.E0,0.E0,0.E0));
#7750=DIRECTION('',(0.E0,0.E0,1.E0));
#7751=AXIS2_PLACEMENT_3D('',#7748,#7749,#7750);
#7752=PLANE('',#7751);
#7753=ORIENTED_EDGE('',*,*,#5172,.T.);
#7754=ORIENTED_EDGE('',*,*,#7701,.F.);
#7756=ORIENTED_EDGE('',*,*,#7755,.T.);
#7757=ORIENTED_EDGE('',*,*,#7740,.T.);
#7758=EDGE_LOOP('',(#7753,#7754,#7756,#7757));
#7759=FACE_OUTER_BOUND('',#7758,.F.);
#7761=CARTESIAN_POINT('',(0.E0,6.E-2,0.E0));
#7762=DIRECTION('',(0.E0,1.E0,0.E0));
#7763=DIRECTION('',(1.E0,0.E0,0.E0));
#7764=AXIS2_PLACEMENT_3D('',#7761,#7762,#7763);
#7765=PLANE('',#7764);
#7767=ORIENTED_EDGE('',*,*,#7766,.F.);
#7769=ORIENTED_EDGE('',*,*,#7768,.F.);
#7771=ORIENTED_EDGE('',*,*,#7770,.F.);
#7773=ORIENTED_EDGE('',*,*,#7772,.F.);
#7774=EDGE_LOOP('',(#7767,#7769,#7771,#7773));
#7775=FACE_OUTER_BOUND('',#7774,.F.);
#7776=ORIENTED_EDGE('',*,*,#7728,.F.);
#7777=ORIENTED_EDGE('',*,*,#7742,.F.);
#7778=ORIENTED_EDGE('',*,*,#7755,.F.);
#7779=ORIENTED_EDGE('',*,*,#7699,.F.);
#7780=ORIENTED_EDGE('',*,*,#7714,.T.);
#7781=EDGE_LOOP('',(#7776,#7777,#7778,#7779,#7780));
#7782=FACE_BOUND('',#7781,.F.);
#7784=FILL_AREA_STYLE_COLOUR('',#27);
#7785=FILL_AREA_STYLE('',(#7784));
#7786=SURFACE_STYLE_FILL_AREA(#7785);
#7787=SURFACE_SIDE_STYLE('',(#7786));
#7788=SURFACE_STYLE_USAGE(.POSITIVE.,#7787);
#7789=FILL_AREA_STYLE_COLOUR('',#6);
#7790=FILL_AREA_STYLE('',(#7789));
#7791=SURFACE_STYLE_FILL_AREA(#7790);
#7792=SURFACE_SIDE_STYLE('',(#7791));
#7793=SURFACE_STYLE_USAGE(.NEGATIVE.,#7792);
#7794=PRESENTATION_STYLE_ASSIGNMENT((#7788,#7793));
#7795=OVER_RIDING_STYLED_ITEM('',(#7794),#7783,#28);
#7796=CARTESIAN_POINT('',(-2.35E0,6.E-2,-2.35E0));
#7797=DIRECTION('',(-1.E0,0.E0,0.E0));
#7798=DIRECTION('',(0.E0,0.E0,1.E0));
#7799=AXIS2_PLACEMENT_3D('',#7796,#7797,#7798);
#7800=PLANE('',#7799);
#7802=ORIENTED_EDGE('',*,*,#7801,.F.);
#7804=ORIENTED_EDGE('',*,*,#7803,.F.);
#7806=ORIENTED_EDGE('',*,*,#7805,.F.);
#7807=ORIENTED_EDGE('',*,*,#7766,.T.);
#7808=EDGE_LOOP('',(#7802,#7804,#7806,#7807));
#7809=FACE_OUTER_BOUND('',#7808,.F.);
#7811=CARTESIAN_POINT('',(-2.35E0,6.E-2,2.35E0));
#7812=DIRECTION('',(0.E0,0.E0,1.E0));
#7813=DIRECTION('',(1.E0,0.E0,0.E0));
#7814=AXIS2_PLACEMENT_3D('',#7811,#7812,#7813);
#7815=PLANE('',#7814);
#7817=ORIENTED_EDGE('',*,*,#7816,.F.);
#7819=ORIENTED_EDGE('',*,*,#7818,.F.);
#7820=ORIENTED_EDGE('',*,*,#7801,.T.);
#7821=ORIENTED_EDGE('',*,*,#7772,.T.);
#7822=EDGE_LOOP('',(#7817,#7819,#7820,#7821));
#7823=FACE_OUTER_BOUND('',#7822,.F.);
#7825=CARTESIAN_POINT('',(2.35E0,6.E-2,2.35E0));
#7826=DIRECTION('',(1.E0,0.E0,0.E0));
#7827=DIRECTION('',(0.E0,0.E0,-1.E0));
#7828=AXIS2_PLACEMENT_3D('',#7825,#7826,#7827);
#7829=PLANE('',#7828);
#7831=ORIENTED_EDGE('',*,*,#7830,.F.);
#7833=ORIENTED_EDGE('',*,*,#7832,.F.);
#7834=ORIENTED_EDGE('',*,*,#7816,.T.);
#7835=ORIENTED_EDGE('',*,*,#7770,.T.);
#7836=EDGE_LOOP('',(#7831,#7833,#7834,#7835));
#7837=FACE_OUTER_BOUND('',#7836,.F.);
#7839=CARTESIAN_POINT('',(2.35E0,6.E-2,-2.35E0));
#7840=DIRECTION('',(0.E0,0.E0,-1.E0));
#7841=DIRECTION('',(-1.E0,0.E0,0.E0));
#7842=AXIS2_PLACEMENT_3D('',#7839,#7840,#7841);
#7843=PLANE('',#7842);
#7844=ORIENTED_EDGE('',*,*,#7805,.T.);
#7846=ORIENTED_EDGE('',*,*,#7845,.F.);
#7847=ORIENTED_EDGE('',*,*,#7830,.T.);
#7848=ORIENTED_EDGE('',*,*,#7768,.T.);
#7849=EDGE_LOOP('',(#7844,#7846,#7847,#7848));
#7850=FACE_OUTER_BOUND('',#7849,.F.);
#7852=CARTESIAN_POINT('',(0.E0,1.75E-1,0.E0));
#7853=DIRECTION('',(0.E0,1.E0,0.E0));
#7854=DIRECTION('',(1.E0,0.E0,0.E0));
#7855=AXIS2_PLACEMENT_3D('',#7852,#7853,#7854);
#7856=PLANE('',#7855);
#7857=ORIENTED_EDGE('',*,*,#7803,.T.);
#7858=ORIENTED_EDGE('',*,*,#7818,.T.);
#7859=ORIENTED_EDGE('',*,*,#7832,.T.);
#7860=ORIENTED_EDGE('',*,*,#7845,.T.);
#7861=EDGE_LOOP('',(#7857,#7858,#7859,#7860));
#7862=FACE_OUTER_BOUND('',#7861,.F.);
#7864=CARTESIAN_POINT('',(-2.9E0,-4.E-2,-2.9E0));
#7865=DIRECTION('',(-1.E0,0.E0,0.E0));
#7866=DIRECTION('',(0.E0,0.E0,1.E0));
#7867=AXIS2_PLACEMENT_3D('',#7864,#7865,#7866);
#7868=PLANE('',#7867);
#7870=ORIENTED_EDGE('',*,*,#7869,.F.);
#7872=ORIENTED_EDGE('',*,*,#7871,.F.);
#7874=ORIENTED_EDGE('',*,*,#7873,.F.);
#7875=ORIENTED_EDGE('',*,*,#5182,.T.);
#7876=EDGE_LOOP('',(#7870,#7872,#7874,#7875));
#7877=FACE_OUTER_BOUND('',#7876,.F.);
#7879=CARTESIAN_POINT('',(-2.9E0,-4.E-2,-2.58E0));
#7880=DIRECTION('',(0.E0,0.E0,1.E0));
#7881=DIRECTION('',(1.E0,0.E0,0.E0));
#7882=AXIS2_PLACEMENT_3D('',#7879,#7880,#7881);
#7883=PLANE('',#7882);
#7885=ORIENTED_EDGE('',*,*,#7884,.F.);
#7887=ORIENTED_EDGE('',*,*,#7886,.F.);
#7888=ORIENTED_EDGE('',*,*,#7869,.T.);
#7889=ORIENTED_EDGE('',*,*,#5188,.T.);
#7890=EDGE_LOOP('',(#7885,#7887,#7888,#7889));
#7891=FACE_OUTER_BOUND('',#7890,.F.);
#7893=CARTESIAN_POINT('',(-2.58E0,-4.E-2,-2.58E0));
#7894=DIRECTION('',(1.E0,0.E0,0.E0));
#7895=DIRECTION('',(0.E0,0.E0,-1.E0));
#7896=AXIS2_PLACEMENT_3D('',#7893,#7894,#7895);
#7897=PLANE('',#7896);
#7899=ORIENTED_EDGE('',*,*,#7898,.F.);
#7901=ORIENTED_EDGE('',*,*,#7900,.F.);
#7902=ORIENTED_EDGE('',*,*,#7884,.T.);
#7903=ORIENTED_EDGE('',*,*,#5186,.T.);
#7904=EDGE_LOOP('',(#7899,#7901,#7902,#7903));
#7905=FACE_OUTER_BOUND('',#7904,.F.);
#7907=CARTESIAN_POINT('',(-2.58E0,-4.E-2,-2.9E0));
#7908=DIRECTION('',(0.E0,0.E0,-1.E0));
#7909=DIRECTION('',(-1.E0,0.E0,0.E0));
#7910=AXIS2_PLACEMENT_3D('',#7907,#7908,#7909);
#7911=PLANE('',#7910);
#7912=ORIENTED_EDGE('',*,*,#7873,.T.);
#7914=ORIENTED_EDGE('',*,*,#7913,.F.);
#7915=ORIENTED_EDGE('',*,*,#7898,.T.);
#7916=ORIENTED_EDGE('',*,*,#5184,.T.);
#7917=EDGE_LOOP('',(#7912,#7914,#7915,#7916));
#7918=FACE_OUTER_BOUND('',#7917,.F.);
#7920=CARTESIAN_POINT('',(0.E0,1.75E-1,0.E0));
#7921=DIRECTION('',(0.E0,-1.E0,0.E0));
#7922=DIRECTION('',(-1.E0,0.E0,0.E0));
#7923=AXIS2_PLACEMENT_3D('',#7920,#7921,#7922);
#7924=PLANE('',#7923);
#7925=ORIENTED_EDGE('',*,*,#7871,.T.);
#7926=ORIENTED_EDGE('',*,*,#7886,.T.);
#7927=ORIENTED_EDGE('',*,*,#7900,.T.);
#7928=ORIENTED_EDGE('',*,*,#7913,.T.);
#7929=EDGE_LOOP('',(#7925,#7926,#7927,#7928));
#7930=FACE_OUTER_BOUND('',#7929,.F.);
#7932=CARTESIAN_POINT('',(0.E0,1.75E-1,0.E0));
#7933=DIRECTION('',(0.E0,-1.E0,0.E0));
#7934=DIRECTION('',(-1.E0,0.E0,0.E0));
#7935=AXIS2_PLACEMENT_3D('',#7932,#7933,#7934);
#7936=PLANE('',#7935);
#7938=ORIENTED_EDGE('',*,*,#7937,.T.);
#7940=ORIENTED_EDGE('',*,*,#7939,.T.);
#7942=ORIENTED_EDGE('',*,*,#7941,.T.);
#7944=ORIENTED_EDGE('',*,*,#7943,.T.);
#7945=EDGE_LOOP('',(#7938,#7940,#7942,#7944));
#7946=FACE_OUTER_BOUND('',#7945,.F.);
#7948=CARTESIAN_POINT('',(0.E0,1.75E-1,0.E0));
#7949=DIRECTION('',(0.E0,-1.E0,0.E0));
#7950=DIRECTION('',(-1.E0,0.E0,0.E0));
#7951=AXIS2_PLACEMENT_3D('',#7948,#7949,#7950);
#7952=PLANE('',#7951);
#7954=ORIENTED_EDGE('',*,*,#7953,.T.);
#7956=ORIENTED_EDGE('',*,*,#7955,.T.);
#7958=ORIENTED_EDGE('',*,*,#7957,.T.);
#7960=ORIENTED_EDGE('',*,*,#7959,.T.);
#7961=EDGE_LOOP('',(#7954,#7956,#7958,#7960));
#7962=FACE_OUTER_BOUND('',#7961,.F.);
#7964=CARTESIAN_POINT('',(0.E0,1.75E-1,0.E0));
#7965=DIRECTION('',(0.E0,-1.E0,0.E0));
#7966=DIRECTION('',(-1.E0,0.E0,0.E0));
#7967=AXIS2_PLACEMENT_3D('',#7964,#7965,#7966);
#7968=PLANE('',#7967);
#7970=ORIENTED_EDGE('',*,*,#7969,.T.);
#7972=ORIENTED_EDGE('',*,*,#7971,.T.);
#7974=ORIENTED_EDGE('',*,*,#7973,.T.);
#7976=ORIENTED_EDGE('',*,*,#7975,.T.);
#7977=EDGE_LOOP('',(#7970,#7972,#7974,#7976));
#7978=FACE_OUTER_BOUND('',#7977,.F.);
#7980=CARTESIAN_POINT('',(2.9E0,-4.E-2,-2.9E0));
#7981=DIRECTION('',(0.E0,0.E0,-1.E0));
#7982=DIRECTION('',(-1.E0,0.E0,0.E0));
#7983=AXIS2_PLACEMENT_3D('',#7980,#7981,#7982);
#7984=PLANE('',#7983);
#7986=ORIENTED_EDGE('',*,*,#7985,.F.);
#7987=ORIENTED_EDGE('',*,*,#7937,.F.);
#7989=ORIENTED_EDGE('',*,*,#7988,.F.);
#7990=ORIENTED_EDGE('',*,*,#5192,.T.);
#7991=EDGE_LOOP('',(#7986,#7987,#7989,#7990));
#7992=FACE_OUTER_BOUND('',#7991,.F.);
#7994=CARTESIAN_POINT('',(2.58E0,-4.E-2,-2.9E0));
#7995=DIRECTION('',(-1.E0,0.E0,0.E0));
#7996=DIRECTION('',(0.E0,0.E0,1.E0));
#7997=AXIS2_PLACEMENT_3D('',#7994,#7995,#7996);
#7998=PLANE('',#7997);
#8000=ORIENTED_EDGE('',*,*,#7999,.F.);
#8001=ORIENTED_EDGE('',*,*,#7939,.F.);
#8002=ORIENTED_EDGE('',*,*,#7985,.T.);
#8003=ORIENTED_EDGE('',*,*,#5198,.T.);
#8004=EDGE_LOOP('',(#8000,#8001,#8002,#8003));
#8005=FACE_OUTER_BOUND('',#8004,.F.);
#8007=CARTESIAN_POINT('',(2.58E0,-4.E-2,-2.58E0));
#8008=DIRECTION('',(0.E0,0.E0,1.E0));
#8009=DIRECTION('',(1.E0,0.E0,0.E0));
#8010=AXIS2_PLACEMENT_3D('',#8007,#8008,#8009);
#8011=PLANE('',#8010);
#8013=ORIENTED_EDGE('',*,*,#8012,.F.);
#8014=ORIENTED_EDGE('',*,*,#7941,.F.);
#8015=ORIENTED_EDGE('',*,*,#7999,.T.);
#8016=ORIENTED_EDGE('',*,*,#5196,.T.);
#8017=EDGE_LOOP('',(#8013,#8014,#8015,#8016));
#8018=FACE_OUTER_BOUND('',#8017,.F.);
#8020=CARTESIAN_POINT('',(2.9E0,-4.E-2,-2.58E0));
#8021=DIRECTION('',(1.E0,0.E0,0.E0));
#8022=DIRECTION('',(0.E0,0.E0,-1.E0));
#8023=AXIS2_PLACEMENT_3D('',#8020,#8021,#8022);
#8024=PLANE('',#8023);
#8025=ORIENTED_EDGE('',*,*,#7988,.T.);
#8026=ORIENTED_EDGE('',*,*,#7943,.F.);
#8027=ORIENTED_EDGE('',*,*,#8012,.T.);
#8028=ORIENTED_EDGE('',*,*,#5194,.T.);
#8029=EDGE_LOOP('',(#8025,#8026,#8027,#8028));
#8030=FACE_OUTER_BOUND('',#8029,.F.);
#8032=CARTESIAN_POINT('',(-2.9E0,-4.E-2,2.9E0));
#8033=DIRECTION('',(0.E0,0.E0,1.E0));
#8034=DIRECTION('',(1.E0,0.E0,0.E0));
#8035=AXIS2_PLACEMENT_3D('',#8032,#8033,#8034);
#8036=PLANE('',#8035);
#8038=ORIENTED_EDGE('',*,*,#8037,.F.);
#8039=ORIENTED_EDGE('',*,*,#7953,.F.);
#8041=ORIENTED_EDGE('',*,*,#8040,.F.);
#8042=ORIENTED_EDGE('',*,*,#5202,.T.);
#8043=EDGE_LOOP('',(#8038,#8039,#8041,#8042));
#8044=FACE_OUTER_BOUND('',#8043,.F.);
#8046=CARTESIAN_POINT('',(-2.58E0,-4.E-2,2.9E0));
#8047=DIRECTION('',(1.E0,0.E0,0.E0));
#8048=DIRECTION('',(0.E0,0.E0,-1.E0));
#8049=AXIS2_PLACEMENT_3D('',#8046,#8047,#8048);
#8050=PLANE('',#8049);
#8052=ORIENTED_EDGE('',*,*,#8051,.F.);
#8053=ORIENTED_EDGE('',*,*,#7955,.F.);
#8054=ORIENTED_EDGE('',*,*,#8037,.T.);
#8055=ORIENTED_EDGE('',*,*,#5208,.T.);
#8056=EDGE_LOOP('',(#8052,#8053,#8054,#8055));
#8057=FACE_OUTER_BOUND('',#8056,.F.);
#8059=CARTESIAN_POINT('',(-2.58E0,-4.E-2,2.58E0));
#8060=DIRECTION('',(0.E0,0.E0,-1.E0));
#8061=DIRECTION('',(-1.E0,0.E0,0.E0));
#8062=AXIS2_PLACEMENT_3D('',#8059,#8060,#8061);
#8063=PLANE('',#8062);
#8065=ORIENTED_EDGE('',*,*,#8064,.F.);
#8066=ORIENTED_EDGE('',*,*,#7957,.F.);
#8067=ORIENTED_EDGE('',*,*,#8051,.T.);
#8068=ORIENTED_EDGE('',*,*,#5206,.T.);
#8069=EDGE_LOOP('',(#8065,#8066,#8067,#8068));
#8070=FACE_OUTER_BOUND('',#8069,.F.);
#8072=CARTESIAN_POINT('',(-2.9E0,-4.E-2,2.58E0));
#8073=DIRECTION('',(-1.E0,0.E0,0.E0));
#8074=DIRECTION('',(0.E0,0.E0,1.E0));
#8075=AXIS2_PLACEMENT_3D('',#8072,#8073,#8074);
#8076=PLANE('',#8075);
#8077=ORIENTED_EDGE('',*,*,#8040,.T.);
#8078=ORIENTED_EDGE('',*,*,#7959,.F.);
#8079=ORIENTED_EDGE('',*,*,#8064,.T.);
#8080=ORIENTED_EDGE('',*,*,#5204,.T.);
#8081=EDGE_LOOP('',(#8077,#8078,#8079,#8080));
#8082=FACE_OUTER_BOUND('',#8081,.F.);
#8084=CARTESIAN_POINT('',(2.9E0,-4.E-2,2.9E0));
#8085=DIRECTION('',(1.E0,0.E0,0.E0));
#8086=DIRECTION('',(0.E0,0.E0,-1.E0));
#8087=AXIS2_PLACEMENT_3D('',#8084,#8085,#8086);
#8088=PLANE('',#8087);
#8090=ORIENTED_EDGE('',*,*,#8089,.F.);
#8091=ORIENTED_EDGE('',*,*,#7969,.F.);
#8093=ORIENTED_EDGE('',*,*,#8092,.F.);
#8094=ORIENTED_EDGE('',*,*,#5212,.T.);
#8095=EDGE_LOOP('',(#8090,#8091,#8093,#8094));
#8096=FACE_OUTER_BOUND('',#8095,.F.);
#8098=CARTESIAN_POINT('',(2.9E0,-4.E-2,2.58E0));
#8099=DIRECTION('',(0.E0,0.E0,-1.E0));
#8100=DIRECTION('',(-1.E0,0.E0,0.E0));
#8101=AXIS2_PLACEMENT_3D('',#8098,#8099,#8100);
#8102=PLANE('',#8101);
#8104=ORIENTED_EDGE('',*,*,#8103,.F.);
#8105=ORIENTED_EDGE('',*,*,#7971,.F.);
#8106=ORIENTED_EDGE('',*,*,#8089,.T.);
#8107=ORIENTED_EDGE('',*,*,#5218,.T.);
#8108=EDGE_LOOP('',(#8104,#8105,#8106,#8107));
#8109=FACE_OUTER_BOUND('',#8108,.F.);
#8111=CARTESIAN_POINT('',(2.58E0,-4.E-2,2.58E0));
#8112=DIRECTION('',(-1.E0,0.E0,0.E0));
#8113=DIRECTION('',(0.E0,0.E0,1.E0));
#8114=AXIS2_PLACEMENT_3D('',#8111,#8112,#8113);
#8115=PLANE('',#8114);
#8117=ORIENTED_EDGE('',*,*,#8116,.F.);
#8118=ORIENTED_EDGE('',*,*,#7973,.F.);
#8119=ORIENTED_EDGE('',*,*,#8103,.T.);
#8120=ORIENTED_EDGE('',*,*,#5216,.T.);
#8121=EDGE_LOOP('',(#8117,#8118,#8119,#8120));
#8122=FACE_OUTER_BOUND('',#8121,.F.);
#8124=CARTESIAN_POINT('',(2.58E0,-4.E-2,2.9E0));
#8125=DIRECTION('',(0.E0,0.E0,1.E0));
#8126=DIRECTION('',(1.E0,0.E0,0.E0));
#8127=AXIS2_PLACEMENT_3D('',#8124,#8125,#8126);
#8128=PLANE('',#8127);
#8129=ORIENTED_EDGE('',*,*,#8092,.T.);
#8130=ORIENTED_EDGE('',*,*,#7975,.F.);
#8131=ORIENTED_EDGE('',*,*,#8116,.T.);
#8132=ORIENTED_EDGE('',*,*,#5214,.T.);
#8133=EDGE_LOOP('',(#8129,#8130,#8131,#8132));
#8134=FACE_OUTER_BOUND('',#8133,.F.);
#8136=CLOSED_SHELL('',(#5222,#5307,#5322,#5335,#5348,#5360,#5374,#5388,#5401,
#5413,#5427,#5441,#5454,#5466,#5480,#5494,#5507,#5519,#5533,#5547,#5560,#5572,
#5586,#5600,#5613,#5625,#5639,#5653,#5666,#5678,#5692,#5706,#5719,#5731,#5745,
#5759,#5772,#5784,#5798,#5812,#5825,#5837,#5921,#5936,#5949,#5962,#5974,#5988,
#6002,#6015,#6027,#6041,#6055,#6068,#6080,#6094,#6108,#6121,#6133,#6147,#6161,
#6174,#6186,#6200,#6214,#6227,#6239,#6253,#6267,#6280,#6292,#6306,#6320,#6333,
#6345,#6359,#6373,#6386,#6398,#6412,#6426,#6439,#6451,#6535,#6549,#6563,#6576,
#6588,#6671,#6686,#6699,#6712,#6724,#6736,#6750,#6764,#6777,#6789,#6803,#6817,
#6830,#6842,#6856,#6870,#6883,#6895,#6909,#6923,#6936,#6948,#6962,#6976,#6989,
#7001,#7015,#7029,#7042,#7054,#7068,#7082,#7095,#7107,#7121,#7135,#7148,#7160,
#7174,#7188,#7201,#7213,#7227,#7241,#7254,#7266,#7280,#7294,#7307,#7319,#7333,
#7347,#7360,#7372,#7386,#7400,#7413,#7425,#7439,#7453,#7466,#7478,#7492,#7506,
#7519,#7531,#7545,#7559,#7572,#7584,#7598,#7612,#7625,#7637,#7651,#7665,#7678,
#7690,#7705,#7719,#7733,#7747,#7760,#7783,#7810,#7824,#7838,#7851,#7863,#7878,
#7892,#7906,#7919,#7931,#7947,#7963,#7979,#7993,#8006,#8019,#8031,#8045,#8058,
#8071,#8083,#8097,#8110,#8123,#8135));
#8137=MANIFOLD_SOLID_BREP('',#8136);
#8138=FILL_AREA_STYLE_COLOUR('',#6);
#8139=FILL_AREA_STYLE('',(#8138));
#8140=SURFACE_STYLE_FILL_AREA(#8139);
#8141=SURFACE_SIDE_STYLE('',(#8140));
#8142=SURFACE_STYLE_USAGE(.BOTH.,#8141);
#8143=PRESENTATION_STYLE_ASSIGNMENT((#8142));
#28=STYLED_ITEM('',(#8143),#8137);
#8146=PLANE_ANGLE_MEASURE_WITH_UNIT(PLANE_ANGLE_MEASURE(1.745329251994E-2),
#8145);
#8147=(CONVERSION_BASED_UNIT('DEGREE',#8146)NAMED_UNIT(*)PLANE_ANGLE_UNIT());
#8149=UNCERTAINTY_MEASURE_WITH_UNIT(LENGTH_MEASURE(9.333436159282E-4),#8144,
'distance_accuracy_value',
'Maximum model space distance between geometric entities at asserted connectivities');
#8151=CARTESIAN_POINT('',(0.E0,0.E0,0.E0));
#8152=DIRECTION('',(0.E0,0.E0,1.E0));
#8153=DIRECTION('',(1.E0,0.E0,0.E0));
#8156=APPLICATION_CONTEXT('automotive_design');
#8157=APPLICATION_PROTOCOL_DEFINITION('international standard',
'automotive_design',2001,#8156);
#8158=PRODUCT_DEFINITION_CONTEXT('part definition',#8156,'design');
#8159=PRODUCT_CONTEXT('',#8156,'mechanical');
#8160=PRODUCT('BODY-QFN','BODY-QFN','NOT SPECIFIED',(#8159));
#8161=PRODUCT_DEFINITION_FORMATION('16','LAST_VERSION',#8160);
#8169=DERIVED_UNIT_ELEMENT(#8168,2.E0);
#8170=DERIVED_UNIT((#8169));
#8171=MEASURE_REPRESENTATION_ITEM('surface area measure',AREA_MEASURE(
1.141781363099E2),#8170);
#8176=DERIVED_UNIT_ELEMENT(#8175,3.E0);
#8177=DERIVED_UNIT((#8176));
#8178=MEASURE_REPRESENTATION_ITEM('volume measure',VOLUME_MEASURE(
3.082955876662E1),#8177);
#8182=CARTESIAN_POINT('centre point',(-2.334476033708E-4,5.423555469874E-1,
-2.334476011769E-4));
#8187=DERIVED_UNIT_ELEMENT(#8186,2.E0);
#8188=DERIVED_UNIT((#8187));
#8189=MEASURE_REPRESENTATION_ITEM('surface area measure',AREA_MEASURE(
1.141781363099E2),#8188);
#8194=DERIVED_UNIT_ELEMENT(#8193,3.E0);
#8195=DERIVED_UNIT((#8194));
#8196=MEASURE_REPRESENTATION_ITEM('volume measure',VOLUME_MEASURE(
3.082955876662E1),#8195);
#8200=CARTESIAN_POINT('centre point',(-2.334476033708E-4,5.423555469874E-1,
-2.334476011769E-4));
#8210=CARTESIAN_POINT('centre point',(-2.334476033708E-4,2.334476011769E-4,
5.673555469874E-1));
#8214=CARTESIAN_POINT('',(0.E0,0.E0,2.5E-2));
#8215=DIRECTION('',(0.E0,-1.E0,0.E0));
#8216=DIRECTION('',(1.E0,0.E0,0.E0));
#8217=AXIS2_PLACEMENT_3D('',#8214,#8215,#8216);
#8218=ITEM_DEFINED_TRANSFORMATION('','',#8154,#8217);
#8219=(REPRESENTATION_RELATIONSHIP('','',#8155,#8207)REPRESENTATION_RELATIONSHIP_WITH_TRANSFORMATION(#8218)SHAPE_REPRESENTATION_RELATIONSHIP());
#8220=CONTEXT_DEPENDENT_SHAPE_REPRESENTATION(#8219,#8209);
#8222=DIRECTION('',(-7.071067811865E-1,0.E0,7.071067811865E-1));
#8223=VECTOR('',#8222,4.949747468306E-1);
#8224=CARTESIAN_POINT('',(-1.725E0,1.E-1,-2.075E0));
#8225=LINE('',#8224,#8223);
#8226=CURVE_STYLE('',#33,POSITIVE_LENGTH_MEASURE(2.E-2),#18);
#8227=PRESENTATION_STYLE_ASSIGNMENT((#8226));
#8228=STYLED_ITEM('',(#8227),#8225);
#8229=DIRECTION('',(0.E0,1.E0,0.E0));
#8230=VECTOR('',#8229,1.E-1);
#8231=CARTESIAN_POINT('',(-2.075E0,0.E0,-1.725E0));
#8232=LINE('',#8231,#8230);
#8233=CURVE_STYLE('',#33,POSITIVE_LENGTH_MEASURE(2.E-2),#18);
#8234=PRESENTATION_STYLE_ASSIGNMENT((#8233));
#8235=STYLED_ITEM('',(#8234),#8232);
#8236=DIRECTION('',(0.E0,-1.E0,0.E0));
#8237=VECTOR('',#8236,1.E-1);
#8238=CARTESIAN_POINT('',(-2.075E0,1.E-1,2.075E0));
#8239=LINE('',#8238,#8237);
#8240=CURVE_STYLE('',#33,POSITIVE_LENGTH_MEASURE(2.E-2),#18);
#8241=PRESENTATION_STYLE_ASSIGNMENT((#8240));
#8242=STYLED_ITEM('',(#8241),#8239);
#8243=DIRECTION('',(0.E0,0.E0,1.E0));
#8244=VECTOR('',#8243,4.7E0);
#8245=CARTESIAN_POINT('',(-2.35E0,1.E-1,-2.35E0));
#8246=LINE('',#8245,#8244);
#8247=CURVE_STYLE('',#33,POSITIVE_LENGTH_MEASURE(2.E-2),#18);
#8248=PRESENTATION_STYLE_ASSIGNMENT((#8247));
#8249=STYLED_ITEM('',(#8248),#8246);
#8250=DIRECTION('',(1.E0,0.E0,0.E0));
#8251=VECTOR('',#8250,4.7E0);
#8252=CARTESIAN_POINT('',(-2.35E0,1.E-1,2.35E0));
#8253=LINE('',#8252,#8251);
#8254=CURVE_STYLE('',#33,POSITIVE_LENGTH_MEASURE(2.E-2),#18);
#8255=PRESENTATION_STYLE_ASSIGNMENT((#8254));
#8256=STYLED_ITEM('',(#8255),#8253);
#8257=DIRECTION('',(0.E0,0.E0,-1.E0));
#8258=VECTOR('',#8257,4.7E0);
#8259=CARTESIAN_POINT('',(2.35E0,1.E-1,2.35E0));
#8260=LINE('',#8259,#8258);
#8261=CURVE_STYLE('',#33,POSITIVE_LENGTH_MEASURE(2.E-2),#18);
#8262=PRESENTATION_STYLE_ASSIGNMENT((#8261));
#8263=STYLED_ITEM('',(#8262),#8260);
#8264=DIRECTION('',(-1.E0,0.E0,0.E0));
#8265=VECTOR('',#8264,4.7E0);
#8266=CARTESIAN_POINT('',(2.35E0,1.E-1,-2.35E0));
#8267=LINE('',#8266,#8265);
#8268=CURVE_STYLE('',#33,POSITIVE_LENGTH_MEASURE(2.E-2),#18);
#8269=PRESENTATION_STYLE_ASSIGNMENT((#8268));
#8270=STYLED_ITEM('',(#8269),#8267);
#8271=DIRECTION('',(0.E0,0.E0,-1.E0));
#8272=VECTOR('',#8271,3.8E0);
#8273=CARTESIAN_POINT('',(-2.075E0,1.E-1,2.075E0));
#8274=LINE('',#8273,#8272);
#8275=CURVE_STYLE('',#33,POSITIVE_LENGTH_MEASURE(2.E-2),#18);
#8276=PRESENTATION_STYLE_ASSIGNMENT((#8275));
#8277=STYLED_ITEM('',(#8276),#8274);
#8278=DIRECTION('',(1.E0,0.E0,0.E0));
#8279=VECTOR('',#8278,3.8E0);
#8280=CARTESIAN_POINT('',(-1.725E0,1.E-1,-2.075E0));
#8281=LINE('',#8280,#8279);
#8282=CURVE_STYLE('',#33,POSITIVE_LENGTH_MEASURE(2.E-2),#18);
#8283=PRESENTATION_STYLE_ASSIGNMENT((#8282));
#8284=STYLED_ITEM('',(#8283),#8281);
#8285=DIRECTION('',(0.E0,0.E0,1.E0));
#8286=VECTOR('',#8285,4.15E0);
#8287=CARTESIAN_POINT('',(2.075E0,1.E-1,-2.075E0));
#8288=LINE('',#8287,#8286);
#8289=CURVE_STYLE('',#33,POSITIVE_LENGTH_MEASURE(2.E-2),#18);
#8290=PRESENTATION_STYLE_ASSIGNMENT((#8289));
#8291=STYLED_ITEM('',(#8290),#8288);
#8292=DIRECTION('',(-1.E0,0.E0,0.E0));
#8293=VECTOR('',#8292,4.15E0);
#8294=CARTESIAN_POINT('',(2.075E0,1.E-1,2.075E0));
#8295=LINE('',#8294,#8293);
#8296=CURVE_STYLE('',#33,POSITIVE_LENGTH_MEASURE(2.E-2),#18);
#8297=PRESENTATION_STYLE_ASSIGNMENT((#8296));
#8298=STYLED_ITEM('',(#8297),#8295);
#8299=DIRECTION('',(0.E0,1.E0,0.E0));
#8300=VECTOR('',#8299,1.E-1);
#8301=CARTESIAN_POINT('',(-2.35E0,1.E-1,-2.35E0));
#8302=LINE('',#8301,#8300);
#8303=CURVE_STYLE('',#33,POSITIVE_LENGTH_MEASURE(2.E-2),#18);
#8304=PRESENTATION_STYLE_ASSIGNMENT((#8303));
#8305=STYLED_ITEM('',(#8304),#8302);
#8306=DIRECTION('',(0.E0,1.E0,0.E0));
#8307=VECTOR('',#8306,1.E-1);
#8308=CARTESIAN_POINT('',(2.35E0,1.E-1,-2.35E0));
#8309=LINE('',#8308,#8307);
#8310=CURVE_STYLE('',#33,POSITIVE_LENGTH_MEASURE(2.E-2),#18);
#8311=PRESENTATION_STYLE_ASSIGNMENT((#8310));
#8312=STYLED_ITEM('',(#8311),#8309);
#8313=DIRECTION('',(0.E0,1.E0,0.E0));
#8314=VECTOR('',#8313,1.E-1);
#8315=CARTESIAN_POINT('',(2.35E0,1.E-1,2.35E0));
#8316=LINE('',#8315,#8314);
#8317=CURVE_STYLE('',#33,POSITIVE_LENGTH_MEASURE(2.E-2),#18);
#8318=PRESENTATION_STYLE_ASSIGNMENT((#8317));
#8319=STYLED_ITEM('',(#8318),#8316);
#8320=DIRECTION('',(0.E0,1.E0,0.E0));
#8321=VECTOR('',#8320,1.E-1);
#8322=CARTESIAN_POINT('',(-2.35E0,1.E-1,2.35E0));
#8323=LINE('',#8322,#8321);
#8324=CURVE_STYLE('',#33,POSITIVE_LENGTH_MEASURE(2.E-2),#18);
#8325=PRESENTATION_STYLE_ASSIGNMENT((#8324));
#8326=STYLED_ITEM('',(#8325),#8323);
#8327=DIRECTION('',(0.E0,0.E0,1.E0));
#8328=VECTOR('',#8327,4.7E0);
#8329=CARTESIAN_POINT('',(-2.35E0,2.E-1,-2.35E0));
#8330=LINE('',#8329,#8328);
#8331=CURVE_STYLE('',#33,POSITIVE_LENGTH_MEASURE(2.E-2),#18);
#8332=PRESENTATION_STYLE_ASSIGNMENT((#8331));
#8333=STYLED_ITEM('',(#8332),#8330);
#8334=DIRECTION('',(-1.E0,0.E0,0.E0));
#8335=VECTOR('',#8334,4.7E0);
#8336=CARTESIAN_POINT('',(2.35E0,2.E-1,-2.35E0));
#8337=LINE('',#8336,#8335);
#8338=CURVE_STYLE('',#33,POSITIVE_LENGTH_MEASURE(2.E-2),#18);
#8339=PRESENTATION_STYLE_ASSIGNMENT((#8338));
#8340=STYLED_ITEM('',(#8339),#8337);
#8341=DIRECTION('',(0.E0,0.E0,-1.E0));
#8342=VECTOR('',#8341,4.7E0);
#8343=CARTESIAN_POINT('',(2.35E0,2.E-1,2.35E0));
#8344=LINE('',#8343,#8342);
#8345=CURVE_STYLE('',#33,POSITIVE_LENGTH_MEASURE(2.E-2),#18);
#8346=PRESENTATION_STYLE_ASSIGNMENT((#8345));
#8347=STYLED_ITEM('',(#8346),#8344);
#8348=DIRECTION('',(1.E0,0.E0,0.E0));
#8349=VECTOR('',#8348,4.7E0);
#8350=CARTESIAN_POINT('',(-2.35E0,2.E-1,2.35E0));
#8351=LINE('',#8350,#8349);
#8352=CURVE_STYLE('',#33,POSITIVE_LENGTH_MEASURE(2.E-2),#18);
#8353=PRESENTATION_STYLE_ASSIGNMENT((#8352));
#8354=STYLED_ITEM('',(#8353),#8351);
#8355=DIRECTION('',(0.E0,1.E0,0.E0));
#8356=VECTOR('',#8355,1.E-1);
#8357=CARTESIAN_POINT('',(-1.725E0,0.E0,-2.075E0));
#8358=LINE('',#8357,#8356);
#8359=CURVE_STYLE('',#33,POSITIVE_LENGTH_MEASURE(2.E-2),#18);
#8360=PRESENTATION_STYLE_ASSIGNMENT((#8359));
#8361=STYLED_ITEM('',(#8360),#8358);
#8362=DIRECTION('',(7.071067811865E-1,0.E0,-7.071067811865E-1));
#8363=VECTOR('',#8362,4.949747468306E-1);
#8364=CARTESIAN_POINT('',(-2.075E0,0.E0,-1.725E0));
#8365=LINE('',#8364,#8363);
#8366=CURVE_STYLE('',#33,POSITIVE_LENGTH_MEASURE(2.E-2),#18);
#8367=PRESENTATION_STYLE_ASSIGNMENT((#8366));
#8368=STYLED_ITEM('',(#8367),#8365);
#8369=DIRECTION('',(0.E0,0.E0,-1.E0));
#8370=VECTOR('',#8369,3.8E0);
#8371=CARTESIAN_POINT('',(-2.075E0,0.E0,2.075E0));
#8372=LINE('',#8371,#8370);
#8373=CURVE_STYLE('',#33,POSITIVE_LENGTH_MEASURE(2.E-2),#18);
#8374=PRESENTATION_STYLE_ASSIGNMENT((#8373));
#8375=STYLED_ITEM('',(#8374),#8372);
#8376=DIRECTION('',(-1.E0,0.E0,0.E0));
#8377=VECTOR('',#8376,4.15E0);
#8378=CARTESIAN_POINT('',(2.075E0,0.E0,2.075E0));
#8379=LINE('',#8378,#8377);
#8380=CURVE_STYLE('',#33,POSITIVE_LENGTH_MEASURE(2.E-2),#18);
#8381=PRESENTATION_STYLE_ASSIGNMENT((#8380));
#8382=STYLED_ITEM('',(#8381),#8379);
#8383=DIRECTION('',(0.E0,0.E0,1.E0));
#8384=VECTOR('',#8383,4.15E0);
#8385=CARTESIAN_POINT('',(2.075E0,0.E0,-2.075E0));
#8386=LINE('',#8385,#8384);
#8387=CURVE_STYLE('',#33,POSITIVE_LENGTH_MEASURE(2.E-2),#18);
#8388=PRESENTATION_STYLE_ASSIGNMENT((#8387));
#8389=STYLED_ITEM('',(#8388),#8386);
#8390=DIRECTION('',(1.E0,0.E0,0.E0));
#8391=VECTOR('',#8390,3.8E0);
#8392=CARTESIAN_POINT('',(-1.725E0,0.E0,-2.075E0));
#8393=LINE('',#8392,#8391);
#8394=CURVE_STYLE('',#33,POSITIVE_LENGTH_MEASURE(2.E-2),#18);
#8395=PRESENTATION_STYLE_ASSIGNMENT((#8394));
#8396=STYLED_ITEM('',(#8395),#8393);
#8397=DIRECTION('',(0.E0,-1.E0,0.E0));
#8398=VECTOR('',#8397,1.E-1);
#8399=CARTESIAN_POINT('',(2.075E0,1.E-1,2.075E0));
#8400=LINE('',#8399,#8398);
#8401=CURVE_STYLE('',#33,POSITIVE_LENGTH_MEASURE(2.E-2),#18);
#8402=PRESENTATION_STYLE_ASSIGNMENT((#8401));
#8403=STYLED_ITEM('',(#8402),#8400);
#8404=DIRECTION('',(0.E0,-1.E0,0.E0));
#8405=VECTOR('',#8404,1.E-1);
#8406=CARTESIAN_POINT('',(2.075E0,1.E-1,-2.075E0));
#8407=LINE('',#8406,#8405);
#8408=CURVE_STYLE('',#33,POSITIVE_LENGTH_MEASURE(2.E-2),#18);
#8409=PRESENTATION_STYLE_ASSIGNMENT((#8408));
#8410=STYLED_ITEM('',(#8409),#8407);
#8411=CARTESIAN_POINT('',(-2.35E0,1.E-1,-2.35E0));
#8412=CARTESIAN_POINT('',(-2.35E0,1.E-1,2.35E0));
#8413=VERTEX_POINT('',#8411);
#8414=VERTEX_POINT('',#8412);
#8415=CARTESIAN_POINT('',(2.35E0,1.E-1,2.35E0));
#8416=VERTEX_POINT('',#8415);
#8417=CARTESIAN_POINT('',(2.35E0,1.E-1,-2.35E0));
#8418=VERTEX_POINT('',#8417);
#8419=CARTESIAN_POINT('',(-2.35E0,2.E-1,-2.35E0));
#8420=CARTESIAN_POINT('',(-2.35E0,2.E-1,2.35E0));
#8421=VERTEX_POINT('',#8419);
#8422=VERTEX_POINT('',#8420);
#8423=CARTESIAN_POINT('',(2.35E0,2.E-1,2.35E0));
#8424=VERTEX_POINT('',#8423);
#8425=CARTESIAN_POINT('',(2.35E0,2.E-1,-2.35E0));
#8426=VERTEX_POINT('',#8425);
#8427=CARTESIAN_POINT('',(2.075E0,0.E0,2.075E0));
#8428=CARTESIAN_POINT('',(-2.075E0,0.E0,2.075E0));
#8429=VERTEX_POINT('',#8427);
#8430=VERTEX_POINT('',#8428);
#8431=CARTESIAN_POINT('',(2.075E0,0.E0,-2.075E0));
#8432=VERTEX_POINT('',#8431);
#8433=CARTESIAN_POINT('',(2.075E0,1.E-1,2.075E0));
#8434=CARTESIAN_POINT('',(-2.075E0,1.E-1,2.075E0));
#8435=VERTEX_POINT('',#8433);
#8436=VERTEX_POINT('',#8434);
#8437=CARTESIAN_POINT('',(2.075E0,1.E-1,-2.075E0));
#8438=VERTEX_POINT('',#8437);
#8439=CARTESIAN_POINT('',(-2.075E0,0.E0,-1.725E0));
#8440=CARTESIAN_POINT('',(-2.075E0,1.E-1,-1.725E0));
#8441=VERTEX_POINT('',#8439);
#8442=VERTEX_POINT('',#8440);
#8443=CARTESIAN_POINT('',(-1.725E0,0.E0,-2.075E0));
#8444=VERTEX_POINT('',#8443);
#8445=CARTESIAN_POINT('',(-1.725E0,1.E-1,-2.075E0));
#8446=VERTEX_POINT('',#8445);
#8447=CARTESIAN_POINT('',(-1.9E0,5.E-2,-1.9E0));
#8448=DIRECTION('',(-7.071067811865E-1,0.E0,-7.071067811865E-1));
#8449=DIRECTION('',(-7.071067811865E-1,0.E0,7.071067811865E-1));
#8450=AXIS2_PLACEMENT_3D('',#8447,#8448,#8449);
#8451=PLANE('',#8450);
#8453=ORIENTED_EDGE('',*,*,#8452,.F.);
#8455=ORIENTED_EDGE('',*,*,#8454,.T.);
#8457=ORIENTED_EDGE('',*,*,#8456,.T.);
#8459=ORIENTED_EDGE('',*,*,#8458,.T.);
#8460=EDGE_LOOP('',(#8453,#8455,#8457,#8459));
#8461=FACE_OUTER_BOUND('',#8460,.F.);
#8463=CARTESIAN_POINT('',(-2.075E0,1.E-1,2.075E0));
#8464=DIRECTION('',(-1.E0,0.E0,0.E0));
#8465=DIRECTION('',(0.E0,0.E0,-1.E0));
#8466=AXIS2_PLACEMENT_3D('',#8463,#8464,#8465);
#8467=PLANE('',#8466);
#8468=ORIENTED_EDGE('',*,*,#8452,.T.);
#8470=ORIENTED_EDGE('',*,*,#8469,.F.);
#8472=ORIENTED_EDGE('',*,*,#8471,.T.);
#8474=ORIENTED_EDGE('',*,*,#8473,.T.);
#8475=EDGE_LOOP('',(#8468,#8470,#8472,#8474));
#8476=FACE_OUTER_BOUND('',#8475,.F.);
#8478=CARTESIAN_POINT('',(0.E0,1.E-1,0.E0));
#8479=DIRECTION('',(0.E0,1.E0,0.E0));
#8480=DIRECTION('',(1.E0,0.E0,0.E0));
#8481=AXIS2_PLACEMENT_3D('',#8478,#8479,#8480);
#8482=PLANE('',#8481);
#8484=ORIENTED_EDGE('',*,*,#8483,.T.);
#8486=ORIENTED_EDGE('',*,*,#8485,.T.);
#8488=ORIENTED_EDGE('',*,*,#8487,.T.);
#8490=ORIENTED_EDGE('',*,*,#8489,.T.);
#8491=EDGE_LOOP('',(#8484,#8486,#8488,#8490));
#8492=FACE_OUTER_BOUND('',#8491,.F.);
#8493=ORIENTED_EDGE('',*,*,#8469,.T.);
#8494=ORIENTED_EDGE('',*,*,#8458,.F.);
#8496=ORIENTED_EDGE('',*,*,#8495,.T.);
#8498=ORIENTED_EDGE('',*,*,#8497,.T.);
#8500=ORIENTED_EDGE('',*,*,#8499,.T.);
#8501=EDGE_LOOP('',(#8493,#8494,#8496,#8498,#8500));
#8502=FACE_BOUND('',#8501,.F.);
#8504=CARTESIAN_POINT('',(-2.35E0,1.E-1,-2.35E0));
#8505=DIRECTION('',(-1.E0,0.E0,0.E0));
#8506=DIRECTION('',(0.E0,0.E0,1.E0));
#8507=AXIS2_PLACEMENT_3D('',#8504,#8505,#8506);
#8508=PLANE('',#8507);
#8509=ORIENTED_EDGE('',*,*,#8483,.F.);
#8511=ORIENTED_EDGE('',*,*,#8510,.T.);
#8513=ORIENTED_EDGE('',*,*,#8512,.T.);
#8515=ORIENTED_EDGE('',*,*,#8514,.F.);
#8516=EDGE_LOOP('',(#8509,#8511,#8513,#8515));
#8517=FACE_OUTER_BOUND('',#8516,.F.);
#8519=CARTESIAN_POINT('',(2.35E0,1.E-1,-2.35E0));
#8520=DIRECTION('',(0.E0,0.E0,-1.E0));
#8521=DIRECTION('',(-1.E0,0.E0,0.E0));
#8522=AXIS2_PLACEMENT_3D('',#8519,#8520,#8521);
#8523=PLANE('',#8522);
#8524=ORIENTED_EDGE('',*,*,#8489,.F.);
#8526=ORIENTED_EDGE('',*,*,#8525,.T.);
#8528=ORIENTED_EDGE('',*,*,#8527,.T.);
#8529=ORIENTED_EDGE('',*,*,#8510,.F.);
#8530=EDGE_LOOP('',(#8524,#8526,#8528,#8529));
#8531=FACE_OUTER_BOUND('',#8530,.F.);
#8533=CARTESIAN_POINT('',(2.35E0,1.E-1,2.35E0));
#8534=DIRECTION('',(1.E0,0.E0,0.E0));
#8535=DIRECTION('',(0.E0,0.E0,-1.E0));
#8536=AXIS2_PLACEMENT_3D('',#8533,#8534,#8535);
#8537=PLANE('',#8536);
#8538=ORIENTED_EDGE('',*,*,#8487,.F.);
#8540=ORIENTED_EDGE('',*,*,#8539,.T.);
#8542=ORIENTED_EDGE('',*,*,#8541,.T.);
#8543=ORIENTED_EDGE('',*,*,#8525,.F.);
#8544=EDGE_LOOP('',(#8538,#8540,#8542,#8543));
#8545=FACE_OUTER_BOUND('',#8544,.F.);
#8547=CARTESIAN_POINT('',(-2.35E0,1.E-1,2.35E0));
#8548=DIRECTION('',(0.E0,0.E0,1.E0));
#8549=DIRECTION('',(1.E0,0.E0,0.E0));
#8550=AXIS2_PLACEMENT_3D('',#8547,#8548,#8549);
#8551=PLANE('',#8550);
#8552=ORIENTED_EDGE('',*,*,#8485,.F.);
#8553=ORIENTED_EDGE('',*,*,#8514,.T.);
#8555=ORIENTED_EDGE('',*,*,#8554,.T.);
#8556=ORIENTED_EDGE('',*,*,#8539,.F.);
#8557=EDGE_LOOP('',(#8552,#8553,#8555,#8556));
#8558=FACE_OUTER_BOUND('',#8557,.F.);
#8560=CARTESIAN_POINT('',(0.E0,2.E-1,0.E0));
#8561=DIRECTION('',(0.E0,1.E0,0.E0));
#8562=DIRECTION('',(1.E0,0.E0,0.E0));
#8563=AXIS2_PLACEMENT_3D('',#8560,#8561,#8562);
#8564=PLANE('',#8563);
#8565=ORIENTED_EDGE('',*,*,#8512,.F.);
#8566=ORIENTED_EDGE('',*,*,#8527,.F.);
#8567=ORIENTED_EDGE('',*,*,#8541,.F.);
#8568=ORIENTED_EDGE('',*,*,#8554,.F.);
#8569=EDGE_LOOP('',(#8565,#8566,#8567,#8568));
#8570=FACE_OUTER_BOUND('',#8569,.F.);
#8572=CARTESIAN_POINT('',(-2.075E0,1.E-1,-2.075E0));
#8573=DIRECTION('',(0.E0,0.E0,-1.E0));
#8574=DIRECTION('',(1.E0,0.E0,0.E0));
#8575=AXIS2_PLACEMENT_3D('',#8572,#8573,#8574);
#8576=PLANE('',#8575);
#8577=ORIENTED_EDGE('',*,*,#8456,.F.);
#8579=ORIENTED_EDGE('',*,*,#8578,.T.);
#8581=ORIENTED_EDGE('',*,*,#8580,.F.);
#8582=ORIENTED_EDGE('',*,*,#8495,.F.);
#8583=EDGE_LOOP('',(#8577,#8579,#8581,#8582));
#8584=FACE_OUTER_BOUND('',#8583,.F.);
#8586=CARTESIAN_POINT('',(0.E0,0.E0,0.E0));
#8587=DIRECTION('',(0.E0,-1.E0,0.E0));
#8588=DIRECTION('',(-1.E0,0.E0,0.E0));
#8589=AXIS2_PLACEMENT_3D('',#8586,#8587,#8588);
#8590=PLANE('',#8589);
#8591=ORIENTED_EDGE('',*,*,#8454,.F.);
#8592=ORIENTED_EDGE('',*,*,#8473,.F.);
#8594=ORIENTED_EDGE('',*,*,#8593,.F.);
#8596=ORIENTED_EDGE('',*,*,#8595,.F.);
#8597=ORIENTED_EDGE('',*,*,#8578,.F.);
#8598=EDGE_LOOP('',(#8591,#8592,#8594,#8596,#8597));
#8599=FACE_OUTER_BOUND('',#8598,.F.);
#8601=FILL_AREA_STYLE_COLOUR('',#26);
#8602=FILL_AREA_STYLE('',(#8601));
#8603=SURFACE_STYLE_FILL_AREA(#8602);
#8604=SURFACE_SIDE_STYLE('',(#8603));
#8605=SURFACE_STYLE_USAGE(.POSITIVE.,#8604);
#8606=FILL_AREA_STYLE_COLOUR('',#18);
#8607=FILL_AREA_STYLE('',(#8606));
#8608=SURFACE_STYLE_FILL_AREA(#8607);
#8609=SURFACE_SIDE_STYLE('',(#8608));
#8610=SURFACE_STYLE_USAGE(.NEGATIVE.,#8609);
#8611=PRESENTATION_STYLE_ASSIGNMENT((#8605,#8610));
#8612=OVER_RIDING_STYLED_ITEM('',(#8611),#8600,#8221);
#8613=CARTESIAN_POINT('',(2.075E0,1.E-1,2.075E0));
#8614=DIRECTION('',(0.E0,0.E0,1.E0));
#8615=DIRECTION('',(-1.E0,0.E0,0.E0));
#8616=AXIS2_PLACEMENT_3D('',#8613,#8614,#8615);
#8617=PLANE('',#8616);
#8618=ORIENTED_EDGE('',*,*,#8499,.F.);
#8620=ORIENTED_EDGE('',*,*,#8619,.T.);
#8621=ORIENTED_EDGE('',*,*,#8593,.T.);
#8622=ORIENTED_EDGE('',*,*,#8471,.F.);
#8623=EDGE_LOOP('',(#8618,#8620,#8621,#8622));
#8624=FACE_OUTER_BOUND('',#8623,.F.);
#8626=CARTESIAN_POINT('',(2.075E0,1.E-1,-2.075E0));
#8627=DIRECTION('',(1.E0,0.E0,0.E0));
#8628=DIRECTION('',(0.E0,0.E0,1.E0));
#8629=AXIS2_PLACEMENT_3D('',#8626,#8627,#8628);
#8630=PLANE('',#8629);
#8631=ORIENTED_EDGE('',*,*,#8497,.F.);
#8632=ORIENTED_EDGE('',*,*,#8580,.T.);
#8633=ORIENTED_EDGE('',*,*,#8595,.T.);
#8634=ORIENTED_EDGE('',*,*,#8619,.F.);
#8635=EDGE_LOOP('',(#8631,#8632,#8633,#8634));
#8636=FACE_OUTER_BOUND('',#8635,.F.);
#8638=CLOSED_SHELL('',(#8462,#8477,#8503,#8518,#8532,#8546,#8559,#8571,#8585,
#8600,#8625,#8637));
#8639=MANIFOLD_SOLID_BREP('',#8638);
#8640=FILL_AREA_STYLE_COLOUR('',#18);
#8641=FILL_AREA_STYLE('',(#8640));
#8642=SURFACE_STYLE_FILL_AREA(#8641);
#8643=SURFACE_SIDE_STYLE('',(#8642));
#8644=SURFACE_STYLE_USAGE(.BOTH.,#8643);
#8645=PRESENTATION_STYLE_ASSIGNMENT((#8644));
#8221=STYLED_ITEM('',(#8645),#8639);
#8647=DIRECTION('',(-1.E0,0.E0,0.E0));
#8648=VECTOR('',#8647,2.8E-1);
#8649=CARTESIAN_POINT('',(3.E0,0.E0,2.13E0));
#8650=LINE('',#8649,#8648);
#8651=CURVE_STYLE('',#33,POSITIVE_LENGTH_MEASURE(2.E-2),#18);
#8652=PRESENTATION_STYLE_ASSIGNMENT((#8651));
#8653=STYLED_ITEM('',(#8652),#8650);
#8654=CARTESIAN_POINT('',(2.72E0,0.E0,2.25E0));
#8655=DIRECTION('',(0.E0,1.E0,0.E0));
#8656=DIRECTION('',(0.E0,0.E0,-1.E0));
#8657=AXIS2_PLACEMENT_3D('',#8654,#8655,#8656);
#8659=CURVE_STYLE('',#33,POSITIVE_LENGTH_MEASURE(2.E-2),#18);
#8660=PRESENTATION_STYLE_ASSIGNMENT((#8659));
#8661=STYLED_ITEM('',(#8660),#8658);
#8662=DIRECTION('',(1.E0,0.E0,0.E0));
#8663=VECTOR('',#8662,2.8E-1);
#8664=CARTESIAN_POINT('',(2.72E0,0.E0,2.37E0));
#8665=LINE('',#8664,#8663);
#8666=CURVE_STYLE('',#33,POSITIVE_LENGTH_MEASURE(2.E-2),#18);
#8667=PRESENTATION_STYLE_ASSIGNMENT((#8666));
#8668=STYLED_ITEM('',(#8667),#8665);
#8669=DIRECTION('',(0.E0,0.E0,-1.E0));
#8670=VECTOR('',#8669,2.4E-1);
#8671=CARTESIAN_POINT('',(3.E0,0.E0,2.37E0));
#8672=LINE('',#8671,#8670);
#8673=CURVE_STYLE('',#33,POSITIVE_LENGTH_MEASURE(2.E-2),#18);
#8674=PRESENTATION_STYLE_ASSIGNMENT((#8673));
#8675=STYLED_ITEM('',(#8674),#8672);
#8676=DIRECTION('',(0.E0,1.E0,0.E0));
#8677=VECTOR('',#8676,2.E-1);
#8678=CARTESIAN_POINT('',(3.E0,0.E0,2.13E0));
#8679=LINE('',#8678,#8677);
#8680=CURVE_STYLE('',#33,POSITIVE_LENGTH_MEASURE(2.E-2),#18);
#8681=PRESENTATION_STYLE_ASSIGNMENT((#8680));
#8682=STYLED_ITEM('',(#8681),#8679);
#8683=DIRECTION('',(0.E0,1.E0,0.E0));
#8684=VECTOR('',#8683,2.E-1);
#8685=CARTESIAN_POINT('',(3.E0,0.E0,2.37E0));
#8686=LINE('',#8685,#8684);
#8687=CURVE_STYLE('',#33,POSITIVE_LENGTH_MEASURE(2.E-2),#18);
#8688=PRESENTATION_STYLE_ASSIGNMENT((#8687));
#8689=STYLED_ITEM('',(#8688),#8686);
#8690=DIRECTION('',(0.E0,1.E0,0.E0));
#8691=VECTOR('',#8690,2.E-1);
#8692=CARTESIAN_POINT('',(2.72E0,0.E0,2.37E0));
#8693=LINE('',#8692,#8691);
#8694=CURVE_STYLE('',#33,POSITIVE_LENGTH_MEASURE(2.E-2),#18);
#8695=PRESENTATION_STYLE_ASSIGNMENT((#8694));
#8696=STYLED_ITEM('',(#8695),#8693);
#8697=DIRECTION('',(0.E0,1.E0,0.E0));
#8698=VECTOR('',#8697,2.E-1);
#8699=CARTESIAN_POINT('',(2.72E0,0.E0,2.13E0));
#8700=LINE('',#8699,#8698);
#8701=CURVE_STYLE('',#33,POSITIVE_LENGTH_MEASURE(2.E-2),#18);
#8702=PRESENTATION_STYLE_ASSIGNMENT((#8701));
#8703=STYLED_ITEM('',(#8702),#8700);
#8704=DIRECTION('',(-1.E0,0.E0,0.E0));
#8705=VECTOR('',#8704,2.8E-1);
#8706=CARTESIAN_POINT('',(3.E0,2.E-1,2.13E0));
#8707=LINE('',#8706,#8705);
#8708=CURVE_STYLE('',#33,POSITIVE_LENGTH_MEASURE(2.E-2),#18);
#8709=PRESENTATION_STYLE_ASSIGNMENT((#8708));
#8710=STYLED_ITEM('',(#8709),#8707);
#8711=DIRECTION('',(0.E0,0.E0,-1.E0));
#8712=VECTOR('',#8711,2.4E-1);
#8713=CARTESIAN_POINT('',(3.E0,2.E-1,2.37E0));
#8714=LINE('',#8713,#8712);
#8715=CURVE_STYLE('',#33,POSITIVE_LENGTH_MEASURE(2.E-2),#18);
#8716=PRESENTATION_STYLE_ASSIGNMENT((#8715));
#8717=STYLED_ITEM('',(#8716),#8714);
#8718=DIRECTION('',(1.E0,0.E0,0.E0));
#8719=VECTOR('',#8718,2.8E-1);
#8720=CARTESIAN_POINT('',(2.72E0,2.E-1,2.37E0));
#8721=LINE('',#8720,#8719);
#8722=CURVE_STYLE('',#33,POSITIVE_LENGTH_MEASURE(2.E-2),#18);
#8723=PRESENTATION_STYLE_ASSIGNMENT((#8722));
#8724=STYLED_ITEM('',(#8723),#8721);
#8725=CARTESIAN_POINT('',(2.72E0,2.E-1,2.25E0));
#8726=DIRECTION('',(0.E0,1.E0,0.E0));
#8727=DIRECTION('',(0.E0,0.E0,-1.E0));
#8728=AXIS2_PLACEMENT_3D('',#8725,#8726,#8727);
#8730=CURVE_STYLE('',#33,POSITIVE_LENGTH_MEASURE(2.E-2),#18);
#8731=PRESENTATION_STYLE_ASSIGNMENT((#8730));
#8732=STYLED_ITEM('',(#8731),#8729);
#8733=CARTESIAN_POINT('',(3.E0,0.E0,2.13E0));
#8734=CARTESIAN_POINT('',(2.72E0,0.E0,2.13E0));
#8735=VERTEX_POINT('',#8733);
#8736=VERTEX_POINT('',#8734);
#8737=CARTESIAN_POINT('',(2.72E0,0.E0,2.37E0));
#8738=VERTEX_POINT('',#8737);
#8739=CARTESIAN_POINT('',(3.E0,0.E0,2.37E0));
#8740=VERTEX_POINT('',#8739);
#8741=CARTESIAN_POINT('',(3.E0,2.E-1,2.13E0));
#8742=CARTESIAN_POINT('',(2.72E0,2.E-1,2.13E0));
#8743=VERTEX_POINT('',#8741);
#8744=VERTEX_POINT('',#8742);
#8745=CARTESIAN_POINT('',(2.72E0,2.E-1,2.37E0));
#8746=VERTEX_POINT('',#8745);
#8747=CARTESIAN_POINT('',(3.E0,2.E-1,2.37E0));
#8748=VERTEX_POINT('',#8747);
#8749=CARTESIAN_POINT('',(0.E0,0.E0,0.E0));
#8750=DIRECTION('',(0.E0,1.E0,0.E0));
#8751=DIRECTION('',(1.E0,0.E0,0.E0));
#8752=AXIS2_PLACEMENT_3D('',#8749,#8750,#8751);
#8753=PLANE('',#8752);
#8755=ORIENTED_EDGE('',*,*,#8754,.T.);
#8757=ORIENTED_EDGE('',*,*,#8756,.T.);
#8759=ORIENTED_EDGE('',*,*,#8758,.T.);
#8761=ORIENTED_EDGE('',*,*,#8760,.T.);
#8762=EDGE_LOOP('',(#8755,#8757,#8759,#8761));
#8763=FACE_OUTER_BOUND('',#8762,.F.);
#8765=FILL_AREA_STYLE_COLOUR('',#22);
#8766=FILL_AREA_STYLE('',(#8765));
#8767=SURFACE_STYLE_FILL_AREA(#8766);
#8768=SURFACE_SIDE_STYLE('',(#8767));
#8769=SURFACE_STYLE_USAGE(.POSITIVE.,#8768);
#8770=PRESENTATION_STYLE_ASSIGNMENT((#8769));
#8771=OVER_RIDING_STYLED_ITEM('',(#8770),#8764,#8646);
#8772=CARTESIAN_POINT('',(3.E0,0.E0,2.13E0));
#8773=DIRECTION('',(0.E0,0.E0,-1.E0));
#8774=DIRECTION('',(-1.E0,0.E0,0.E0));
#8775=AXIS2_PLACEMENT_3D('',#8772,#8773,#8774);
#8776=PLANE('',#8775);
#8777=ORIENTED_EDGE('',*,*,#8754,.F.);
#8779=ORIENTED_EDGE('',*,*,#8778,.T.);
#8781=ORIENTED_EDGE('',*,*,#8780,.T.);
#8783=ORIENTED_EDGE('',*,*,#8782,.F.);
#8784=EDGE_LOOP('',(#8777,#8779,#8781,#8783));
#8785=FACE_OUTER_BOUND('',#8784,.F.);
#8787=CARTESIAN_POINT('',(3.E0,0.E0,2.37E0));
#8788=DIRECTION('',(1.E0,0.E0,0.E0));
#8789=DIRECTION('',(0.E0,0.E0,-1.E0));
#8790=AXIS2_PLACEMENT_3D('',#8787,#8788,#8789);
#8791=PLANE('',#8790);
#8792=ORIENTED_EDGE('',*,*,#8760,.F.);
#8794=ORIENTED_EDGE('',*,*,#8793,.T.);
#8796=ORIENTED_EDGE('',*,*,#8795,.T.);
#8797=ORIENTED_EDGE('',*,*,#8778,.F.);
#8798=EDGE_LOOP('',(#8792,#8794,#8796,#8797));
#8799=FACE_OUTER_BOUND('',#8798,.F.);
#8801=CARTESIAN_POINT('',(2.72E0,0.E0,2.37E0));
#8802=DIRECTION('',(0.E0,0.E0,1.E0));
#8803=DIRECTION('',(1.E0,0.E0,0.E0));
#8804=AXIS2_PLACEMENT_3D('',#8801,#8802,#8803);
#8805=PLANE('',#8804);
#8806=ORIENTED_EDGE('',*,*,#8758,.F.);
#8808=ORIENTED_EDGE('',*,*,#8807,.T.);
#8810=ORIENTED_EDGE('',*,*,#8809,.T.);
#8811=ORIENTED_EDGE('',*,*,#8793,.F.);
#8812=EDGE_LOOP('',(#8806,#8808,#8810,#8811));
#8813=FACE_OUTER_BOUND('',#8812,.F.);
#8815=CARTESIAN_POINT('',(2.72E0,0.E0,2.25E0));
#8816=DIRECTION('',(0.E0,1.E0,0.E0));
#8817=DIRECTION('',(1.E0,0.E0,0.E0));
#8818=AXIS2_PLACEMENT_3D('',#8815,#8816,#8817);
#8819=CYLINDRICAL_SURFACE('',#8818,1.2E-1);
#8820=ORIENTED_EDGE('',*,*,#8756,.F.);
#8821=ORIENTED_EDGE('',*,*,#8782,.T.);
#8823=ORIENTED_EDGE('',*,*,#8822,.T.);
#8824=ORIENTED_EDGE('',*,*,#8807,.F.);
#8825=EDGE_LOOP('',(#8820,#8821,#8823,#8824));
#8826=FACE_OUTER_BOUND('',#8825,.F.);
#8828=CARTESIAN_POINT('',(0.E0,2.E-1,0.E0));
#8829=DIRECTION('',(0.E0,1.E0,0.E0));
#8830=DIRECTION('',(1.E0,0.E0,0.E0));
#8831=AXIS2_PLACEMENT_3D('',#8828,#8829,#8830);
#8832=PLANE('',#8831);
#8833=ORIENTED_EDGE('',*,*,#8780,.F.);
#8834=ORIENTED_EDGE('',*,*,#8795,.F.);
#8835=ORIENTED_EDGE('',*,*,#8809,.F.);
#8836=ORIENTED_EDGE('',*,*,#8822,.F.);
#8837=EDGE_LOOP('',(#8833,#8834,#8835,#8836));
#8838=FACE_OUTER_BOUND('',#8837,.F.);
#8840=CLOSED_SHELL('',(#8764,#8786,#8800,#8814,#8827,#8839));
#8841=MANIFOLD_SOLID_BREP('',#8840);
#8842=FILL_AREA_STYLE_COLOUR('',#18);
#8843=FILL_AREA_STYLE('',(#8842));
#8844=SURFACE_STYLE_FILL_AREA(#8843);
#8845=SURFACE_SIDE_STYLE('',(#8844));
#8846=SURFACE_STYLE_USAGE(.POSITIVE.,#8845);
#8847=PRESENTATION_STYLE_ASSIGNMENT((#8846));
#8646=STYLED_ITEM('',(#8847),#8841);
#8849=DIRECTION('',(-1.E0,0.E0,0.E0));
#8850=VECTOR('',#8849,2.8E-1);
#8851=CARTESIAN_POINT('',(3.E0,0.E0,1.63E0));
#8852=LINE('',#8851,#8850);
#8853=CURVE_STYLE('',#33,POSITIVE_LENGTH_MEASURE(2.E-2),#18);
#8854=PRESENTATION_STYLE_ASSIGNMENT((#8853));
#8855=STYLED_ITEM('',(#8854),#8852);
#8856=CARTESIAN_POINT('',(2.72E0,0.E0,1.75E0));
#8857=DIRECTION('',(0.E0,1.E0,0.E0));
#8858=DIRECTION('',(0.E0,0.E0,-1.E0));
#8859=AXIS2_PLACEMENT_3D('',#8856,#8857,#8858);
#8861=CURVE_STYLE('',#33,POSITIVE_LENGTH_MEASURE(2.E-2),#18);
#8862=PRESENTATION_STYLE_ASSIGNMENT((#8861));
#8863=STYLED_ITEM('',(#8862),#8860);
#8864=DIRECTION('',(1.E0,0.E0,0.E0));
#8865=VECTOR('',#8864,2.8E-1);
#8866=CARTESIAN_POINT('',(2.72E0,0.E0,1.87E0));
#8867=LINE('',#8866,#8865);
#8868=CURVE_STYLE('',#33,POSITIVE_LENGTH_MEASURE(2.E-2),#18);
#8869=PRESENTATION_STYLE_ASSIGNMENT((#8868));
#8870=STYLED_ITEM('',(#8869),#8867);
#8871=DIRECTION('',(0.E0,0.E0,-1.E0));
#8872=VECTOR('',#8871,2.4E-1);
#8873=CARTESIAN_POINT('',(3.E0,0.E0,1.87E0));
#8874=LINE('',#8873,#8872);
#8875=CURVE_STYLE('',#33,POSITIVE_LENGTH_MEASURE(2.E-2),#18);
#8876=PRESENTATION_STYLE_ASSIGNMENT((#8875));
#8877=STYLED_ITEM('',(#8876),#8874);
#8878=DIRECTION('',(0.E0,1.E0,0.E0));
#8879=VECTOR('',#8878,2.E-1);
#8880=CARTESIAN_POINT('',(3.E0,0.E0,1.63E0));
#8881=LINE('',#8880,#8879);
#8882=CURVE_STYLE('',#33,POSITIVE_LENGTH_MEASURE(2.E-2),#18);
#8883=PRESENTATION_STYLE_ASSIGNMENT((#8882));
#8884=STYLED_ITEM('',(#8883),#8881);
#8885=DIRECTION('',(0.E0,1.E0,0.E0));
#8886=VECTOR('',#8885,2.E-1);
#8887=CARTESIAN_POINT('',(3.E0,0.E0,1.87E0));
#8888=LINE('',#8887,#8886);
#8889=CURVE_STYLE('',#33,POSITIVE_LENGTH_MEASURE(2.E-2),#18);
#8890=PRESENTATION_STYLE_ASSIGNMENT((#8889));
#8891=STYLED_ITEM('',(#8890),#8888);
#8892=DIRECTION('',(0.E0,1.E0,0.E0));
#8893=VECTOR('',#8892,2.E-1);
#8894=CARTESIAN_POINT('',(2.72E0,0.E0,1.87E0));
#8895=LINE('',#8894,#8893);
#8896=CURVE_STYLE('',#33,POSITIVE_LENGTH_MEASURE(2.E-2),#18);
#8897=PRESENTATION_STYLE_ASSIGNMENT((#8896));
#8898=STYLED_ITEM('',(#8897),#8895);
#8899=DIRECTION('',(0.E0,1.E0,0.E0));
#8900=VECTOR('',#8899,2.E-1);
#8901=CARTESIAN_POINT('',(2.72E0,0.E0,1.63E0));
#8902=LINE('',#8901,#8900);
#8903=CURVE_STYLE('',#33,POSITIVE_LENGTH_MEASURE(2.E-2),#18);
#8904=PRESENTATION_STYLE_ASSIGNMENT((#8903));
#8905=STYLED_ITEM('',(#8904),#8902);
#8906=DIRECTION('',(-1.E0,0.E0,0.E0));
#8907=VECTOR('',#8906,2.8E-1);
#8908=CARTESIAN_POINT('',(3.E0,2.E-1,1.63E0));
#8909=LINE('',#8908,#8907);
#8910=CURVE_STYLE('',#33,POSITIVE_LENGTH_MEASURE(2.E-2),#18);
#8911=PRESENTATION_STYLE_ASSIGNMENT((#8910));
#8912=STYLED_ITEM('',(#8911),#8909);
#8913=DIRECTION('',(0.E0,0.E0,-1.E0));
#8914=VECTOR('',#8913,2.4E-1);
#8915=CARTESIAN_POINT('',(3.E0,2.E-1,1.87E0));
#8916=LINE('',#8915,#8914);
#8917=CURVE_STYLE('',#33,POSITIVE_LENGTH_MEASURE(2.E-2),#18);
#8918=PRESENTATION_STYLE_ASSIGNMENT((#8917));
#8919=STYLED_ITEM('',(#8918),#8916);
#8920=DIRECTION('',(1.E0,0.E0,0.E0));
#8921=VECTOR('',#8920,2.8E-1);
#8922=CARTESIAN_POINT('',(2.72E0,2.E-1,1.87E0));
#8923=LINE('',#8922,#8921);
#8924=CURVE_STYLE('',#33,POSITIVE_LENGTH_MEASURE(2.E-2),#18);
#8925=PRESENTATION_STYLE_ASSIGNMENT((#8924));
#8926=STYLED_ITEM('',(#8925),#8923);
#8927=CARTESIAN_POINT('',(2.72E0,2.E-1,1.75E0));
#8928=DIRECTION('',(0.E0,1.E0,0.E0));
#8929=DIRECTION('',(0.E0,0.E0,-1.E0));
#8930=AXIS2_PLACEMENT_3D('',#8927,#8928,#8929);
#8932=CURVE_STYLE('',#33,POSITIVE_LENGTH_MEASURE(2.E-2),#18);
#8933=PRESENTATION_STYLE_ASSIGNMENT((#8932));
#8934=STYLED_ITEM('',(#8933),#8931);
#8935=CARTESIAN_POINT('',(3.E0,0.E0,1.63E0));
#8936=CARTESIAN_POINT('',(2.72E0,0.E0,1.63E0));
#8937=VERTEX_POINT('',#8935);
#8938=VERTEX_POINT('',#8936);
#8939=CARTESIAN_POINT('',(2.72E0,0.E0,1.87E0));
#8940=VERTEX_POINT('',#8939);
#8941=CARTESIAN_POINT('',(3.E0,0.E0,1.87E0));
#8942=VERTEX_POINT('',#8941);
#8943=CARTESIAN_POINT('',(3.E0,2.E-1,1.63E0));
#8944=CARTESIAN_POINT('',(2.72E0,2.E-1,1.63E0));
#8945=VERTEX_POINT('',#8943);
#8946=VERTEX_POINT('',#8944);
#8947=CARTESIAN_POINT('',(2.72E0,2.E-1,1.87E0));
#8948=VERTEX_POINT('',#8947);
#8949=CARTESIAN_POINT('',(3.E0,2.E-1,1.87E0));
#8950=VERTEX_POINT('',#8949);
#8951=CARTESIAN_POINT('',(0.E0,0.E0,0.E0));
#8952=DIRECTION('',(0.E0,1.E0,0.E0));
#8953=DIRECTION('',(1.E0,0.E0,0.E0));
#8954=AXIS2_PLACEMENT_3D('',#8951,#8952,#8953);
#8955=PLANE('',#8954);
#8957=ORIENTED_EDGE('',*,*,#8956,.T.);
#8959=ORIENTED_EDGE('',*,*,#8958,.T.);
#8961=ORIENTED_EDGE('',*,*,#8960,.T.);
#8963=ORIENTED_EDGE('',*,*,#8962,.T.);
#8964=EDGE_LOOP('',(#8957,#8959,#8961,#8963));
#8965=FACE_OUTER_BOUND('',#8964,.F.);
#8967=FILL_AREA_STYLE_COLOUR('',#22);
#8968=FILL_AREA_STYLE('',(#8967));
#8969=SURFACE_STYLE_FILL_AREA(#8968);
#8970=SURFACE_SIDE_STYLE('',(#8969));
#8971=SURFACE_STYLE_USAGE(.POSITIVE.,#8970);
#8972=PRESENTATION_STYLE_ASSIGNMENT((#8971));
#8973=OVER_RIDING_STYLED_ITEM('',(#8972),#8966,#8848);
#8974=CARTESIAN_POINT('',(3.E0,0.E0,1.63E0));
#8975=DIRECTION('',(0.E0,0.E0,-1.E0));
#8976=DIRECTION('',(-1.E0,0.E0,0.E0));
#8977=AXIS2_PLACEMENT_3D('',#8974,#8975,#8976);
#8978=PLANE('',#8977);
#8979=ORIENTED_EDGE('',*,*,#8956,.F.);
#8981=ORIENTED_EDGE('',*,*,#8980,.T.);
#8983=ORIENTED_EDGE('',*,*,#8982,.T.);
#8985=ORIENTED_EDGE('',*,*,#8984,.F.);
#8986=EDGE_LOOP('',(#8979,#8981,#8983,#8985));
#8987=FACE_OUTER_BOUND('',#8986,.F.);
#8989=CARTESIAN_POINT('',(3.E0,0.E0,1.87E0));
#8990=DIRECTION('',(1.E0,0.E0,0.E0));
#8991=DIRECTION('',(0.E0,0.E0,-1.E0));
#8992=AXIS2_PLACEMENT_3D('',#8989,#8990,#8991);
#8993=PLANE('',#8992);
#8994=ORIENTED_EDGE('',*,*,#8962,.F.);
#8996=ORIENTED_EDGE('',*,*,#8995,.T.);
#8998=ORIENTED_EDGE('',*,*,#8997,.T.);
#8999=ORIENTED_EDGE('',*,*,#8980,.F.);
#9000=EDGE_LOOP('',(#8994,#8996,#8998,#8999));
#9001=FACE_OUTER_BOUND('',#9000,.F.);
#9003=CARTESIAN_POINT('',(2.72E0,0.E0,1.87E0));
#9004=DIRECTION('',(0.E0,0.E0,1.E0));
#9005=DIRECTION('',(1.E0,0.E0,0.E0));
#9006=AXIS2_PLACEMENT_3D('',#9003,#9004,#9005);
#9007=PLANE('',#9006);
#9008=ORIENTED_EDGE('',*,*,#8960,.F.);
#9010=ORIENTED_EDGE('',*,*,#9009,.T.);
#9012=ORIENTED_EDGE('',*,*,#9011,.T.);
#9013=ORIENTED_EDGE('',*,*,#8995,.F.);
#9014=EDGE_LOOP('',(#9008,#9010,#9012,#9013));
#9015=FACE_OUTER_BOUND('',#9014,.F.);
#9017=CARTESIAN_POINT('',(2.72E0,0.E0,1.75E0));
#9018=DIRECTION('',(0.E0,1.E0,0.E0));
#9019=DIRECTION('',(1.E0,0.E0,0.E0));
#9020=AXIS2_PLACEMENT_3D('',#9017,#9018,#9019);
#9021=CYLINDRICAL_SURFACE('',#9020,1.2E-1);
#9022=ORIENTED_EDGE('',*,*,#8958,.F.);
#9023=ORIENTED_EDGE('',*,*,#8984,.T.);
#9025=ORIENTED_EDGE('',*,*,#9024,.T.);
#9026=ORIENTED_EDGE('',*,*,#9009,.F.);
#9027=EDGE_LOOP('',(#9022,#9023,#9025,#9026));
#9028=FACE_OUTER_BOUND('',#9027,.F.);
#9030=CARTESIAN_POINT('',(0.E0,2.E-1,0.E0));
#9031=DIRECTION('',(0.E0,1.E0,0.E0));
#9032=DIRECTION('',(1.E0,0.E0,0.E0));
#9033=AXIS2_PLACEMENT_3D('',#9030,#9031,#9032);
#9034=PLANE('',#9033);
#9035=ORIENTED_EDGE('',*,*,#8982,.F.);
#9036=ORIENTED_EDGE('',*,*,#8997,.F.);
#9037=ORIENTED_EDGE('',*,*,#9011,.F.);
#9038=ORIENTED_EDGE('',*,*,#9024,.F.);
#9039=EDGE_LOOP('',(#9035,#9036,#9037,#9038));
#9040=FACE_OUTER_BOUND('',#9039,.F.);
#9042=CLOSED_SHELL('',(#8966,#8988,#9002,#9016,#9029,#9041));
#9043=MANIFOLD_SOLID_BREP('',#9042);
#9044=FILL_AREA_STYLE_COLOUR('',#18);
#9045=FILL_AREA_STYLE('',(#9044));
#9046=SURFACE_STYLE_FILL_AREA(#9045);
#9047=SURFACE_SIDE_STYLE('',(#9046));
#9048=SURFACE_STYLE_USAGE(.POSITIVE.,#9047);
#9049=PRESENTATION_STYLE_ASSIGNMENT((#9048));
#8848=STYLED_ITEM('',(#9049),#9043);
#9051=DIRECTION('',(-1.E0,0.E0,0.E0));
#9052=VECTOR('',#9051,2.8E-1);
#9053=CARTESIAN_POINT('',(3.E0,0.E0,1.13E0));
#9054=LINE('',#9053,#9052);
#9055=CURVE_STYLE('',#33,POSITIVE_LENGTH_MEASURE(2.E-2),#18);
#9056=PRESENTATION_STYLE_ASSIGNMENT((#9055));
#9057=STYLED_ITEM('',(#9056),#9054);
#9058=CARTESIAN_POINT('',(2.72E0,0.E0,1.25E0));
#9059=DIRECTION('',(0.E0,1.E0,0.E0));
#9060=DIRECTION('',(-1.110223024625E-14,0.E0,-1.E0));
#9061=AXIS2_PLACEMENT_3D('',#9058,#9059,#9060);
#9063=CURVE_STYLE('',#33,POSITIVE_LENGTH_MEASURE(2.E-2),#18);
#9064=PRESENTATION_STYLE_ASSIGNMENT((#9063));
#9065=STYLED_ITEM('',(#9064),#9062);
#9066=DIRECTION('',(1.E0,0.E0,0.E0));
#9067=VECTOR('',#9066,2.8E-1);
#9068=CARTESIAN_POINT('',(2.72E0,0.E0,1.37E0));
#9069=LINE('',#9068,#9067);
#9070=CURVE_STYLE('',#33,POSITIVE_LENGTH_MEASURE(2.E-2),#18);
#9071=PRESENTATION_STYLE_ASSIGNMENT((#9070));
#9072=STYLED_ITEM('',(#9071),#9069);
#9073=DIRECTION('',(0.E0,0.E0,-1.E0));
#9074=VECTOR('',#9073,2.4E-1);
#9075=CARTESIAN_POINT('',(3.E0,0.E0,1.37E0));
#9076=LINE('',#9075,#9074);
#9077=CURVE_STYLE('',#33,POSITIVE_LENGTH_MEASURE(2.E-2),#18);
#9078=PRESENTATION_STYLE_ASSIGNMENT((#9077));
#9079=STYLED_ITEM('',(#9078),#9076);
#9080=DIRECTION('',(0.E0,1.E0,0.E0));
#9081=VECTOR('',#9080,2.E-1);
#9082=CARTESIAN_POINT('',(3.E0,0.E0,1.13E0));
#9083=LINE('',#9082,#9081);
#9084=CURVE_STYLE('',#33,POSITIVE_LENGTH_MEASURE(2.E-2),#18);
#9085=PRESENTATION_STYLE_ASSIGNMENT((#9084));
#9086=STYLED_ITEM('',(#9085),#9083);
#9087=DIRECTION('',(0.E0,1.E0,0.E0));
#9088=VECTOR('',#9087,2.E-1);
#9089=CARTESIAN_POINT('',(3.E0,0.E0,1.37E0));
#9090=LINE('',#9089,#9088);
#9091=CURVE_STYLE('',#33,POSITIVE_LENGTH_MEASURE(2.E-2),#18);
#9092=PRESENTATION_STYLE_ASSIGNMENT((#9091));
#9093=STYLED_ITEM('',(#9092),#9090);
#9094=DIRECTION('',(0.E0,1.E0,0.E0));
#9095=VECTOR('',#9094,2.E-1);
#9096=CARTESIAN_POINT('',(2.72E0,0.E0,1.37E0));
#9097=LINE('',#9096,#9095);
#9098=CURVE_STYLE('',#33,POSITIVE_LENGTH_MEASURE(2.E-2),#18);
#9099=PRESENTATION_STYLE_ASSIGNMENT((#9098));
#9100=STYLED_ITEM('',(#9099),#9097);
#9101=DIRECTION('',(0.E0,1.E0,0.E0));
#9102=VECTOR('',#9101,2.E-1);
#9103=CARTESIAN_POINT('',(2.72E0,0.E0,1.13E0));
#9104=LINE('',#9103,#9102);
#9105=CURVE_STYLE('',#33,POSITIVE_LENGTH_MEASURE(2.E-2),#18);
#9106=PRESENTATION_STYLE_ASSIGNMENT((#9105));
#9107=STYLED_ITEM('',(#9106),#9104);
#9108=DIRECTION('',(-1.E0,0.E0,0.E0));
#9109=VECTOR('',#9108,2.8E-1);
#9110=CARTESIAN_POINT('',(3.E0,2.E-1,1.13E0));
#9111=LINE('',#9110,#9109);
#9112=CURVE_STYLE('',#33,POSITIVE_LENGTH_MEASURE(2.E-2),#18);
#9113=PRESENTATION_STYLE_ASSIGNMENT((#9112));
#9114=STYLED_ITEM('',(#9113),#9111);
#9115=DIRECTION('',(0.E0,0.E0,-1.E0));
#9116=VECTOR('',#9115,2.4E-1);
#9117=CARTESIAN_POINT('',(3.E0,2.E-1,1.37E0));
#9118=LINE('',#9117,#9116);
#9119=CURVE_STYLE('',#33,POSITIVE_LENGTH_MEASURE(2.E-2),#18);
#9120=PRESENTATION_STYLE_ASSIGNMENT((#9119));
#9121=STYLED_ITEM('',(#9120),#9118);
#9122=DIRECTION('',(1.E0,0.E0,0.E0));
#9123=VECTOR('',#9122,2.8E-1);
#9124=CARTESIAN_POINT('',(2.72E0,2.E-1,1.37E0));
#9125=LINE('',#9124,#9123);
#9126=CURVE_STYLE('',#33,POSITIVE_LENGTH_MEASURE(2.E-2),#18);
#9127=PRESENTATION_STYLE_ASSIGNMENT((#9126));
#9128=STYLED_ITEM('',(#9127),#9125);
#9129=CARTESIAN_POINT('',(2.72E0,2.E-1,1.25E0));
#9130=DIRECTION('',(0.E0,1.E0,0.E0));
#9131=DIRECTION('',(-1.110223024625E-14,0.E0,-1.E0));
#9132=AXIS2_PLACEMENT_3D('',#9129,#9130,#9131);
#9134=CURVE_STYLE('',#33,POSITIVE_LENGTH_MEASURE(2.E-2),#18);
#9135=PRESENTATION_STYLE_ASSIGNMENT((#9134));
#9136=STYLED_ITEM('',(#9135),#9133);
#9137=CARTESIAN_POINT('',(3.E0,0.E0,1.13E0));
#9138=CARTESIAN_POINT('',(2.72E0,0.E0,1.13E0));
#9139=VERTEX_POINT('',#9137);
#9140=VERTEX_POINT('',#9138);
#9141=CARTESIAN_POINT('',(2.72E0,0.E0,1.37E0));
#9142=VERTEX_POINT('',#9141);
#9143=CARTESIAN_POINT('',(3.E0,0.E0,1.37E0));
#9144=VERTEX_POINT('',#9143);
#9145=CARTESIAN_POINT('',(3.E0,2.E-1,1.13E0));
#9146=CARTESIAN_POINT('',(2.72E0,2.E-1,1.13E0));
#9147=VERTEX_POINT('',#9145);
#9148=VERTEX_POINT('',#9146);
#9149=CARTESIAN_POINT('',(2.72E0,2.E-1,1.37E0));
#9150=VERTEX_POINT('',#9149);
#9151=CARTESIAN_POINT('',(3.E0,2.E-1,1.37E0));
#9152=VERTEX_POINT('',#9151);
#9153=CARTESIAN_POINT('',(0.E0,0.E0,0.E0));
#9154=DIRECTION('',(0.E0,1.E0,0.E0));
#9155=DIRECTION('',(1.E0,0.E0,0.E0));
#9156=AXIS2_PLACEMENT_3D('',#9153,#9154,#9155);
#9157=PLANE('',#9156);
#9159=ORIENTED_EDGE('',*,*,#9158,.T.);
#9161=ORIENTED_EDGE('',*,*,#9160,.T.);
#9163=ORIENTED_EDGE('',*,*,#9162,.T.);
#9165=ORIENTED_EDGE('',*,*,#9164,.T.);
#9166=EDGE_LOOP('',(#9159,#9161,#9163,#9165));
#9167=FACE_OUTER_BOUND('',#9166,.F.);
#9169=FILL_AREA_STYLE_COLOUR('',#22);
#9170=FILL_AREA_STYLE('',(#9169));
#9171=SURFACE_STYLE_FILL_AREA(#9170);
#9172=SURFACE_SIDE_STYLE('',(#9171));
#9173=SURFACE_STYLE_USAGE(.POSITIVE.,#9172);
#9174=PRESENTATION_STYLE_ASSIGNMENT((#9173));
#9175=OVER_RIDING_STYLED_ITEM('',(#9174),#9168,#9050);
#9176=CARTESIAN_POINT('',(3.E0,0.E0,1.13E0));
#9177=DIRECTION('',(0.E0,0.E0,-1.E0));
#9178=DIRECTION('',(-1.E0,0.E0,0.E0));
#9179=AXIS2_PLACEMENT_3D('',#9176,#9177,#9178);
#9180=PLANE('',#9179);
#9181=ORIENTED_EDGE('',*,*,#9158,.F.);
#9183=ORIENTED_EDGE('',*,*,#9182,.T.);
#9185=ORIENTED_EDGE('',*,*,#9184,.T.);
#9187=ORIENTED_EDGE('',*,*,#9186,.F.);
#9188=EDGE_LOOP('',(#9181,#9183,#9185,#9187));
#9189=FACE_OUTER_BOUND('',#9188,.F.);
#9191=CARTESIAN_POINT('',(3.E0,0.E0,1.37E0));
#9192=DIRECTION('',(1.E0,0.E0,0.E0));
#9193=DIRECTION('',(0.E0,0.E0,-1.E0));
#9194=AXIS2_PLACEMENT_3D('',#9191,#9192,#9193);
#9195=PLANE('',#9194);
#9196=ORIENTED_EDGE('',*,*,#9164,.F.);
#9198=ORIENTED_EDGE('',*,*,#9197,.T.);
#9200=ORIENTED_EDGE('',*,*,#9199,.T.);
#9201=ORIENTED_EDGE('',*,*,#9182,.F.);
#9202=EDGE_LOOP('',(#9196,#9198,#9200,#9201));
#9203=FACE_OUTER_BOUND('',#9202,.F.);
#9205=CARTESIAN_POINT('',(2.72E0,0.E0,1.37E0));
#9206=DIRECTION('',(0.E0,0.E0,1.E0));
#9207=DIRECTION('',(1.E0,0.E0,0.E0));
#9208=AXIS2_PLACEMENT_3D('',#9205,#9206,#9207);
#9209=PLANE('',#9208);
#9210=ORIENTED_EDGE('',*,*,#9162,.F.);
#9212=ORIENTED_EDGE('',*,*,#9211,.T.);
#9214=ORIENTED_EDGE('',*,*,#9213,.T.);
#9215=ORIENTED_EDGE('',*,*,#9197,.F.);
#9216=EDGE_LOOP('',(#9210,#9212,#9214,#9215));
#9217=FACE_OUTER_BOUND('',#9216,.F.);
#9219=CARTESIAN_POINT('',(2.72E0,0.E0,1.25E0));
#9220=DIRECTION('',(0.E0,1.E0,0.E0));
#9221=DIRECTION('',(1.E0,0.E0,0.E0));
#9222=AXIS2_PLACEMENT_3D('',#9219,#9220,#9221);
#9223=CYLINDRICAL_SURFACE('',#9222,1.2E-1);
#9224=ORIENTED_EDGE('',*,*,#9160,.F.);
#9225=ORIENTED_EDGE('',*,*,#9186,.T.);
#9227=ORIENTED_EDGE('',*,*,#9226,.T.);
#9228=ORIENTED_EDGE('',*,*,#9211,.F.);
#9229=EDGE_LOOP('',(#9224,#9225,#9227,#9228));
#9230=FACE_OUTER_BOUND('',#9229,.F.);
#9232=CARTESIAN_POINT('',(0.E0,2.E-1,0.E0));
#9233=DIRECTION('',(0.E0,1.E0,0.E0));
#9234=DIRECTION('',(1.E0,0.E0,0.E0));
#9235=AXIS2_PLACEMENT_3D('',#9232,#9233,#9234);
#9236=PLANE('',#9235);
#9237=ORIENTED_EDGE('',*,*,#9184,.F.);
#9238=ORIENTED_EDGE('',*,*,#9199,.F.);
#9239=ORIENTED_EDGE('',*,*,#9213,.F.);
#9240=ORIENTED_EDGE('',*,*,#9226,.F.);
#9241=EDGE_LOOP('',(#9237,#9238,#9239,#9240));
#9242=FACE_OUTER_BOUND('',#9241,.F.);
#9244=CLOSED_SHELL('',(#9168,#9190,#9204,#9218,#9231,#9243));
#9245=MANIFOLD_SOLID_BREP('',#9244);
#9246=FILL_AREA_STYLE_COLOUR('',#18);
#9247=FILL_AREA_STYLE('',(#9246));
#9248=SURFACE_STYLE_FILL_AREA(#9247);
#9249=SURFACE_SIDE_STYLE('',(#9248));
#9250=SURFACE_STYLE_USAGE(.POSITIVE.,#9249);
#9251=PRESENTATION_STYLE_ASSIGNMENT((#9250));
#9050=STYLED_ITEM('',(#9251),#9245);
#9253=DIRECTION('',(-1.E0,0.E0,0.E0));
#9254=VECTOR('',#9253,2.8E-1);
#9255=CARTESIAN_POINT('',(3.E0,0.E0,6.3E-1));
#9256=LINE('',#9255,#9254);
#9257=CURVE_STYLE('',#33,POSITIVE_LENGTH_MEASURE(2.E-2),#18);
#9258=PRESENTATION_STYLE_ASSIGNMENT((#9257));
#9259=STYLED_ITEM('',(#9258),#9256);
#9260=CARTESIAN_POINT('',(2.72E0,0.E0,7.5E-1));
#9261=DIRECTION('',(0.E0,1.E0,0.E0));
#9262=DIRECTION('',(0.E0,0.E0,-1.E0));
#9263=AXIS2_PLACEMENT_3D('',#9260,#9261,#9262);
#9265=CURVE_STYLE('',#33,POSITIVE_LENGTH_MEASURE(2.E-2),#18);
#9266=PRESENTATION_STYLE_ASSIGNMENT((#9265));
#9267=STYLED_ITEM('',(#9266),#9264);
#9268=DIRECTION('',(1.E0,0.E0,0.E0));
#9269=VECTOR('',#9268,2.8E-1);
#9270=CARTESIAN_POINT('',(2.72E0,0.E0,8.7E-1));
#9271=LINE('',#9270,#9269);
#9272=CURVE_STYLE('',#33,POSITIVE_LENGTH_MEASURE(2.E-2),#18);
#9273=PRESENTATION_STYLE_ASSIGNMENT((#9272));
#9274=STYLED_ITEM('',(#9273),#9271);
#9275=DIRECTION('',(0.E0,0.E0,-1.E0));
#9276=VECTOR('',#9275,2.4E-1);
#9277=CARTESIAN_POINT('',(3.E0,0.E0,8.7E-1));
#9278=LINE('',#9277,#9276);
#9279=CURVE_STYLE('',#33,POSITIVE_LENGTH_MEASURE(2.E-2),#18);
#9280=PRESENTATION_STYLE_ASSIGNMENT((#9279));
#9281=STYLED_ITEM('',(#9280),#9278);
#9282=DIRECTION('',(0.E0,1.E0,0.E0));
#9283=VECTOR('',#9282,2.E-1);
#9284=CARTESIAN_POINT('',(3.E0,0.E0,6.3E-1));
#9285=LINE('',#9284,#9283);
#9286=CURVE_STYLE('',#33,POSITIVE_LENGTH_MEASURE(2.E-2),#18);
#9287=PRESENTATION_STYLE_ASSIGNMENT((#9286));
#9288=STYLED_ITEM('',(#9287),#9285);
#9289=DIRECTION('',(0.E0,1.E0,0.E0));
#9290=VECTOR('',#9289,2.E-1);
#9291=CARTESIAN_POINT('',(3.E0,0.E0,8.7E-1));
#9292=LINE('',#9291,#9290);
#9293=CURVE_STYLE('',#33,POSITIVE_LENGTH_MEASURE(2.E-2),#18);
#9294=PRESENTATION_STYLE_ASSIGNMENT((#9293));
#9295=STYLED_ITEM('',(#9294),#9292);
#9296=DIRECTION('',(0.E0,1.E0,0.E0));
#9297=VECTOR('',#9296,2.E-1);
#9298=CARTESIAN_POINT('',(2.72E0,0.E0,8.7E-1));
#9299=LINE('',#9298,#9297);
#9300=CURVE_STYLE('',#33,POSITIVE_LENGTH_MEASURE(2.E-2),#18);
#9301=PRESENTATION_STYLE_ASSIGNMENT((#9300));
#9302=STYLED_ITEM('',(#9301),#9299);
#9303=DIRECTION('',(0.E0,1.E0,0.E0));
#9304=VECTOR('',#9303,2.E-1);
#9305=CARTESIAN_POINT('',(2.72E0,0.E0,6.3E-1));
#9306=LINE('',#9305,#9304);
#9307=CURVE_STYLE('',#33,POSITIVE_LENGTH_MEASURE(2.E-2),#18);
#9308=PRESENTATION_STYLE_ASSIGNMENT((#9307));
#9309=STYLED_ITEM('',(#9308),#9306);
#9310=DIRECTION('',(-1.E0,0.E0,0.E0));
#9311=VECTOR('',#9310,2.8E-1);
#9312=CARTESIAN_POINT('',(3.E0,2.E-1,6.3E-1));
#9313=LINE('',#9312,#9311);
#9314=CURVE_STYLE('',#33,POSITIVE_LENGTH_MEASURE(2.E-2),#18);
#9315=PRESENTATION_STYLE_ASSIGNMENT((#9314));
#9316=STYLED_ITEM('',(#9315),#9313);
#9317=DIRECTION('',(0.E0,0.E0,-1.E0));
#9318=VECTOR('',#9317,2.4E-1);
#9319=CARTESIAN_POINT('',(3.E0,2.E-1,8.7E-1));
#9320=LINE('',#9319,#9318);
#9321=CURVE_STYLE('',#33,POSITIVE_LENGTH_MEASURE(2.E-2),#18);
#9322=PRESENTATION_STYLE_ASSIGNMENT((#9321));
#9323=STYLED_ITEM('',(#9322),#9320);
#9324=DIRECTION('',(1.E0,0.E0,0.E0));
#9325=VECTOR('',#9324,2.8E-1);
#9326=CARTESIAN_POINT('',(2.72E0,2.E-1,8.7E-1));
#9327=LINE('',#9326,#9325);
#9328=CURVE_STYLE('',#33,POSITIVE_LENGTH_MEASURE(2.E-2),#18);
#9329=PRESENTATION_STYLE_ASSIGNMENT((#9328));
#9330=STYLED_ITEM('',(#9329),#9327);
#9331=CARTESIAN_POINT('',(2.72E0,2.E-1,7.5E-1));
#9332=DIRECTION('',(0.E0,1.E0,0.E0));
#9333=DIRECTION('',(0.E0,0.E0,-1.E0));
#9334=AXIS2_PLACEMENT_3D('',#9331,#9332,#9333);
#9336=CURVE_STYLE('',#33,POSITIVE_LENGTH_MEASURE(2.E-2),#18);
#9337=PRESENTATION_STYLE_ASSIGNMENT((#9336));
#9338=STYLED_ITEM('',(#9337),#9335);
#9339=CARTESIAN_POINT('',(3.E0,0.E0,6.3E-1));
#9340=CARTESIAN_POINT('',(2.72E0,0.E0,6.3E-1));
#9341=VERTEX_POINT('',#9339);
#9342=VERTEX_POINT('',#9340);
#9343=CARTESIAN_POINT('',(2.72E0,0.E0,8.7E-1));
#9344=VERTEX_POINT('',#9343);
#9345=CARTESIAN_POINT('',(3.E0,0.E0,8.7E-1));
#9346=VERTEX_POINT('',#9345);
#9347=CARTESIAN_POINT('',(3.E0,2.E-1,6.3E-1));
#9348=CARTESIAN_POINT('',(2.72E0,2.E-1,6.3E-1));
#9349=VERTEX_POINT('',#9347);
#9350=VERTEX_POINT('',#9348);
#9351=CARTESIAN_POINT('',(2.72E0,2.E-1,8.7E-1));
#9352=VERTEX_POINT('',#9351);
#9353=CARTESIAN_POINT('',(3.E0,2.E-1,8.7E-1));
#9354=VERTEX_POINT('',#9353);
#9355=CARTESIAN_POINT('',(0.E0,0.E0,0.E0));
#9356=DIRECTION('',(0.E0,1.E0,0.E0));
#9357=DIRECTION('',(1.E0,0.E0,0.E0));
#9358=AXIS2_PLACEMENT_3D('',#9355,#9356,#9357);
#9359=PLANE('',#9358);
#9361=ORIENTED_EDGE('',*,*,#9360,.T.);
#9363=ORIENTED_EDGE('',*,*,#9362,.T.);
#9365=ORIENTED_EDGE('',*,*,#9364,.T.);
#9367=ORIENTED_EDGE('',*,*,#9366,.T.);
#9368=EDGE_LOOP('',(#9361,#9363,#9365,#9367));
#9369=FACE_OUTER_BOUND('',#9368,.F.);
#9371=FILL_AREA_STYLE_COLOUR('',#22);
#9372=FILL_AREA_STYLE('',(#9371));
#9373=SURFACE_STYLE_FILL_AREA(#9372);
#9374=SURFACE_SIDE_STYLE('',(#9373));
#9375=SURFACE_STYLE_USAGE(.POSITIVE.,#9374);
#9376=PRESENTATION_STYLE_ASSIGNMENT((#9375));
#9377=OVER_RIDING_STYLED_ITEM('',(#9376),#9370,#9252);
#9378=CARTESIAN_POINT('',(3.E0,0.E0,6.3E-1));
#9379=DIRECTION('',(0.E0,0.E0,-1.E0));
#9380=DIRECTION('',(-1.E0,0.E0,0.E0));
#9381=AXIS2_PLACEMENT_3D('',#9378,#9379,#9380);
#9382=PLANE('',#9381);
#9383=ORIENTED_EDGE('',*,*,#9360,.F.);
#9385=ORIENTED_EDGE('',*,*,#9384,.T.);
#9387=ORIENTED_EDGE('',*,*,#9386,.T.);
#9389=ORIENTED_EDGE('',*,*,#9388,.F.);
#9390=EDGE_LOOP('',(#9383,#9385,#9387,#9389));
#9391=FACE_OUTER_BOUND('',#9390,.F.);
#9393=CARTESIAN_POINT('',(3.E0,0.E0,8.7E-1));
#9394=DIRECTION('',(1.E0,0.E0,0.E0));
#9395=DIRECTION('',(0.E0,0.E0,-1.E0));
#9396=AXIS2_PLACEMENT_3D('',#9393,#9394,#9395);
#9397=PLANE('',#9396);
#9398=ORIENTED_EDGE('',*,*,#9366,.F.);
#9400=ORIENTED_EDGE('',*,*,#9399,.T.);
#9402=ORIENTED_EDGE('',*,*,#9401,.T.);
#9403=ORIENTED_EDGE('',*,*,#9384,.F.);
#9404=EDGE_LOOP('',(#9398,#9400,#9402,#9403));
#9405=FACE_OUTER_BOUND('',#9404,.F.);
#9407=CARTESIAN_POINT('',(2.72E0,0.E0,8.7E-1));
#9408=DIRECTION('',(0.E0,0.E0,1.E0));
#9409=DIRECTION('',(1.E0,0.E0,0.E0));
#9410=AXIS2_PLACEMENT_3D('',#9407,#9408,#9409);
#9411=PLANE('',#9410);
#9412=ORIENTED_EDGE('',*,*,#9364,.F.);
#9414=ORIENTED_EDGE('',*,*,#9413,.T.);
#9416=ORIENTED_EDGE('',*,*,#9415,.T.);
#9417=ORIENTED_EDGE('',*,*,#9399,.F.);
#9418=EDGE_LOOP('',(#9412,#9414,#9416,#9417));
#9419=FACE_OUTER_BOUND('',#9418,.F.);
#9421=CARTESIAN_POINT('',(2.72E0,0.E0,7.5E-1));
#9422=DIRECTION('',(0.E0,1.E0,0.E0));
#9423=DIRECTION('',(1.E0,0.E0,0.E0));
#9424=AXIS2_PLACEMENT_3D('',#9421,#9422,#9423);
#9425=CYLINDRICAL_SURFACE('',#9424,1.2E-1);
#9426=ORIENTED_EDGE('',*,*,#9362,.F.);
#9427=ORIENTED_EDGE('',*,*,#9388,.T.);
#9429=ORIENTED_EDGE('',*,*,#9428,.T.);
#9430=ORIENTED_EDGE('',*,*,#9413,.F.);
#9431=EDGE_LOOP('',(#9426,#9427,#9429,#9430));
#9432=FACE_OUTER_BOUND('',#9431,.F.);
#9434=CARTESIAN_POINT('',(0.E0,2.E-1,0.E0));
#9435=DIRECTION('',(0.E0,1.E0,0.E0));
#9436=DIRECTION('',(1.E0,0.E0,0.E0));
#9437=AXIS2_PLACEMENT_3D('',#9434,#9435,#9436);
#9438=PLANE('',#9437);
#9439=ORIENTED_EDGE('',*,*,#9386,.F.);
#9440=ORIENTED_EDGE('',*,*,#9401,.F.);
#9441=ORIENTED_EDGE('',*,*,#9415,.F.);
#9442=ORIENTED_EDGE('',*,*,#9428,.F.);
#9443=EDGE_LOOP('',(#9439,#9440,#9441,#9442));
#9444=FACE_OUTER_BOUND('',#9443,.F.);
#9446=CLOSED_SHELL('',(#9370,#9392,#9406,#9420,#9433,#9445));
#9447=MANIFOLD_SOLID_BREP('',#9446);
#9448=FILL_AREA_STYLE_COLOUR('',#18);
#9449=FILL_AREA_STYLE('',(#9448));
#9450=SURFACE_STYLE_FILL_AREA(#9449);
#9451=SURFACE_SIDE_STYLE('',(#9450));
#9452=SURFACE_STYLE_USAGE(.POSITIVE.,#9451);
#9453=PRESENTATION_STYLE_ASSIGNMENT((#9452));
#9252=STYLED_ITEM('',(#9453),#9447);
#9455=DIRECTION('',(-1.E0,0.E0,0.E0));
#9456=VECTOR('',#9455,2.8E-1);
#9457=CARTESIAN_POINT('',(3.E0,0.E0,1.3E-1));
#9458=LINE('',#9457,#9456);
#9459=CURVE_STYLE('',#33,POSITIVE_LENGTH_MEASURE(2.E-2),#18);
#9460=PRESENTATION_STYLE_ASSIGNMENT((#9459));
#9461=STYLED_ITEM('',(#9460),#9458);
#9462=CARTESIAN_POINT('',(2.72E0,0.E0,2.5E-1));
#9463=DIRECTION('',(0.E0,1.E0,0.E0));
#9464=DIRECTION('',(0.E0,0.E0,-1.E0));
#9465=AXIS2_PLACEMENT_3D('',#9462,#9463,#9464);
#9467=CURVE_STYLE('',#33,POSITIVE_LENGTH_MEASURE(2.E-2),#18);
#9468=PRESENTATION_STYLE_ASSIGNMENT((#9467));
#9469=STYLED_ITEM('',(#9468),#9466);
#9470=DIRECTION('',(1.E0,0.E0,0.E0));
#9471=VECTOR('',#9470,2.8E-1);
#9472=CARTESIAN_POINT('',(2.72E0,0.E0,3.7E-1));
#9473=LINE('',#9472,#9471);
#9474=CURVE_STYLE('',#33,POSITIVE_LENGTH_MEASURE(2.E-2),#18);
#9475=PRESENTATION_STYLE_ASSIGNMENT((#9474));
#9476=STYLED_ITEM('',(#9475),#9473);
#9477=DIRECTION('',(0.E0,0.E0,-1.E0));
#9478=VECTOR('',#9477,2.4E-1);
#9479=CARTESIAN_POINT('',(3.E0,0.E0,3.7E-1));
#9480=LINE('',#9479,#9478);
#9481=CURVE_STYLE('',#33,POSITIVE_LENGTH_MEASURE(2.E-2),#18);
#9482=PRESENTATION_STYLE_ASSIGNMENT((#9481));
#9483=STYLED_ITEM('',(#9482),#9480);
#9484=DIRECTION('',(0.E0,1.E0,0.E0));
#9485=VECTOR('',#9484,2.E-1);
#9486=CARTESIAN_POINT('',(3.E0,0.E0,1.3E-1));
#9487=LINE('',#9486,#9485);
#9488=CURVE_STYLE('',#33,POSITIVE_LENGTH_MEASURE(2.E-2),#18);
#9489=PRESENTATION_STYLE_ASSIGNMENT((#9488));
#9490=STYLED_ITEM('',(#9489),#9487);
#9491=DIRECTION('',(0.E0,1.E0,0.E0));
#9492=VECTOR('',#9491,2.E-1);
#9493=CARTESIAN_POINT('',(3.E0,0.E0,3.7E-1));
#9494=LINE('',#9493,#9492);
#9495=CURVE_STYLE('',#33,POSITIVE_LENGTH_MEASURE(2.E-2),#18);
#9496=PRESENTATION_STYLE_ASSIGNMENT((#9495));
#9497=STYLED_ITEM('',(#9496),#9494);
#9498=DIRECTION('',(0.E0,1.E0,0.E0));
#9499=VECTOR('',#9498,2.E-1);
#9500=CARTESIAN_POINT('',(2.72E0,0.E0,3.7E-1));
#9501=LINE('',#9500,#9499);
#9502=CURVE_STYLE('',#33,POSITIVE_LENGTH_MEASURE(2.E-2),#18);
#9503=PRESENTATION_STYLE_ASSIGNMENT((#9502));
#9504=STYLED_ITEM('',(#9503),#9501);
#9505=DIRECTION('',(0.E0,1.E0,0.E0));
#9506=VECTOR('',#9505,2.E-1);
#9507=CARTESIAN_POINT('',(2.72E0,0.E0,1.3E-1));
#9508=LINE('',#9507,#9506);
#9509=CURVE_STYLE('',#33,POSITIVE_LENGTH_MEASURE(2.E-2),#18);
#9510=PRESENTATION_STYLE_ASSIGNMENT((#9509));
#9511=STYLED_ITEM('',(#9510),#9508);
#9512=DIRECTION('',(-1.E0,0.E0,0.E0));
#9513=VECTOR('',#9512,2.8E-1);
#9514=CARTESIAN_POINT('',(3.E0,2.E-1,1.3E-1));
#9515=LINE('',#9514,#9513);
#9516=CURVE_STYLE('',#33,POSITIVE_LENGTH_MEASURE(2.E-2),#18);
#9517=PRESENTATION_STYLE_ASSIGNMENT((#9516));
#9518=STYLED_ITEM('',(#9517),#9515);
#9519=DIRECTION('',(0.E0,0.E0,-1.E0));
#9520=VECTOR('',#9519,2.4E-1);
#9521=CARTESIAN_POINT('',(3.E0,2.E-1,3.7E-1));
#9522=LINE('',#9521,#9520);
#9523=CURVE_STYLE('',#33,POSITIVE_LENGTH_MEASURE(2.E-2),#18);
#9524=PRESENTATION_STYLE_ASSIGNMENT((#9523));
#9525=STYLED_ITEM('',(#9524),#9522);
#9526=DIRECTION('',(1.E0,0.E0,0.E0));
#9527=VECTOR('',#9526,2.8E-1);
#9528=CARTESIAN_POINT('',(2.72E0,2.E-1,3.7E-1));
#9529=LINE('',#9528,#9527);
#9530=CURVE_STYLE('',#33,POSITIVE_LENGTH_MEASURE(2.E-2),#18);
#9531=PRESENTATION_STYLE_ASSIGNMENT((#9530));
#9532=STYLED_ITEM('',(#9531),#9529);
#9533=CARTESIAN_POINT('',(2.72E0,2.E-1,2.5E-1));
#9534=DIRECTION('',(0.E0,1.E0,0.E0));
#9535=DIRECTION('',(0.E0,0.E0,-1.E0));
#9536=AXIS2_PLACEMENT_3D('',#9533,#9534,#9535);
#9538=CURVE_STYLE('',#33,POSITIVE_LENGTH_MEASURE(2.E-2),#18);
#9539=PRESENTATION_STYLE_ASSIGNMENT((#9538));
#9540=STYLED_ITEM('',(#9539),#9537);
#9541=CARTESIAN_POINT('',(3.E0,0.E0,1.3E-1));
#9542=CARTESIAN_POINT('',(2.72E0,0.E0,1.3E-1));
#9543=VERTEX_POINT('',#9541);
#9544=VERTEX_POINT('',#9542);
#9545=CARTESIAN_POINT('',(2.72E0,0.E0,3.7E-1));
#9546=VERTEX_POINT('',#9545);
#9547=CARTESIAN_POINT('',(3.E0,0.E0,3.7E-1));
#9548=VERTEX_POINT('',#9547);
#9549=CARTESIAN_POINT('',(3.E0,2.E-1,1.3E-1));
#9550=CARTESIAN_POINT('',(2.72E0,2.E-1,1.3E-1));
#9551=VERTEX_POINT('',#9549);
#9552=VERTEX_POINT('',#9550);
#9553=CARTESIAN_POINT('',(2.72E0,2.E-1,3.7E-1));
#9554=VERTEX_POINT('',#9553);
#9555=CARTESIAN_POINT('',(3.E0,2.E-1,3.7E-1));
#9556=VERTEX_POINT('',#9555);
#9557=CARTESIAN_POINT('',(0.E0,0.E0,0.E0));
#9558=DIRECTION('',(0.E0,1.E0,0.E0));
#9559=DIRECTION('',(1.E0,0.E0,0.E0));
#9560=AXIS2_PLACEMENT_3D('',#9557,#9558,#9559);
#9561=PLANE('',#9560);
#9563=ORIENTED_EDGE('',*,*,#9562,.T.);
#9565=ORIENTED_EDGE('',*,*,#9564,.T.);
#9567=ORIENTED_EDGE('',*,*,#9566,.T.);
#9569=ORIENTED_EDGE('',*,*,#9568,.T.);
#9570=EDGE_LOOP('',(#9563,#9565,#9567,#9569));
#9571=FACE_OUTER_BOUND('',#9570,.F.);
#9573=FILL_AREA_STYLE_COLOUR('',#22);
#9574=FILL_AREA_STYLE('',(#9573));
#9575=SURFACE_STYLE_FILL_AREA(#9574);
#9576=SURFACE_SIDE_STYLE('',(#9575));
#9577=SURFACE_STYLE_USAGE(.POSITIVE.,#9576);
#9578=PRESENTATION_STYLE_ASSIGNMENT((#9577));
#9579=OVER_RIDING_STYLED_ITEM('',(#9578),#9572,#9454);
#9580=CARTESIAN_POINT('',(3.E0,0.E0,1.3E-1));
#9581=DIRECTION('',(0.E0,0.E0,-1.E0));
#9582=DIRECTION('',(-1.E0,0.E0,0.E0));
#9583=AXIS2_PLACEMENT_3D('',#9580,#9581,#9582);
#9584=PLANE('',#9583);
#9585=ORIENTED_EDGE('',*,*,#9562,.F.);
#9587=ORIENTED_EDGE('',*,*,#9586,.T.);
#9589=ORIENTED_EDGE('',*,*,#9588,.T.);
#9591=ORIENTED_EDGE('',*,*,#9590,.F.);
#9592=EDGE_LOOP('',(#9585,#9587,#9589,#9591));
#9593=FACE_OUTER_BOUND('',#9592,.F.);
#9595=CARTESIAN_POINT('',(3.E0,0.E0,3.7E-1));
#9596=DIRECTION('',(1.E0,0.E0,0.E0));
#9597=DIRECTION('',(0.E0,0.E0,-1.E0));
#9598=AXIS2_PLACEMENT_3D('',#9595,#9596,#9597);
#9599=PLANE('',#9598);
#9600=ORIENTED_EDGE('',*,*,#9568,.F.);
#9602=ORIENTED_EDGE('',*,*,#9601,.T.);
#9604=ORIENTED_EDGE('',*,*,#9603,.T.);
#9605=ORIENTED_EDGE('',*,*,#9586,.F.);
#9606=EDGE_LOOP('',(#9600,#9602,#9604,#9605));
#9607=FACE_OUTER_BOUND('',#9606,.F.);
#9609=CARTESIAN_POINT('',(2.72E0,0.E0,3.7E-1));
#9610=DIRECTION('',(0.E0,0.E0,1.E0));
#9611=DIRECTION('',(1.E0,0.E0,0.E0));
#9612=AXIS2_PLACEMENT_3D('',#9609,#9610,#9611);
#9613=PLANE('',#9612);
#9614=ORIENTED_EDGE('',*,*,#9566,.F.);
#9616=ORIENTED_EDGE('',*,*,#9615,.T.);
#9618=ORIENTED_EDGE('',*,*,#9617,.T.);
#9619=ORIENTED_EDGE('',*,*,#9601,.F.);
#9620=EDGE_LOOP('',(#9614,#9616,#9618,#9619));
#9621=FACE_OUTER_BOUND('',#9620,.F.);
#9623=CARTESIAN_POINT('',(2.72E0,0.E0,2.5E-1));
#9624=DIRECTION('',(0.E0,1.E0,0.E0));
#9625=DIRECTION('',(1.E0,0.E0,0.E0));
#9626=AXIS2_PLACEMENT_3D('',#9623,#9624,#9625);
#9627=CYLINDRICAL_SURFACE('',#9626,1.2E-1);
#9628=ORIENTED_EDGE('',*,*,#9564,.F.);
#9629=ORIENTED_EDGE('',*,*,#9590,.T.);
#9631=ORIENTED_EDGE('',*,*,#9630,.T.);
#9632=ORIENTED_EDGE('',*,*,#9615,.F.);
#9633=EDGE_LOOP('',(#9628,#9629,#9631,#9632));
#9634=FACE_OUTER_BOUND('',#9633,.F.);
#9636=CARTESIAN_POINT('',(0.E0,2.E-1,0.E0));
#9637=DIRECTION('',(0.E0,1.E0,0.E0));
#9638=DIRECTION('',(1.E0,0.E0,0.E0));
#9639=AXIS2_PLACEMENT_3D('',#9636,#9637,#9638);
#9640=PLANE('',#9639);
#9641=ORIENTED_EDGE('',*,*,#9588,.F.);
#9642=ORIENTED_EDGE('',*,*,#9603,.F.);
#9643=ORIENTED_EDGE('',*,*,#9617,.F.);
#9644=ORIENTED_EDGE('',*,*,#9630,.F.);
#9645=EDGE_LOOP('',(#9641,#9642,#9643,#9644));
#9646=FACE_OUTER_BOUND('',#9645,.F.);
#9648=CLOSED_SHELL('',(#9572,#9594,#9608,#9622,#9635,#9647));
#9649=MANIFOLD_SOLID_BREP('',#9648);
#9650=FILL_AREA_STYLE_COLOUR('',#18);
#9651=FILL_AREA_STYLE('',(#9650));
#9652=SURFACE_STYLE_FILL_AREA(#9651);
#9653=SURFACE_SIDE_STYLE('',(#9652));
#9654=SURFACE_STYLE_USAGE(.POSITIVE.,#9653);
#9655=PRESENTATION_STYLE_ASSIGNMENT((#9654));
#9454=STYLED_ITEM('',(#9655),#9649);
#9657=DIRECTION('',(1.E0,0.E0,0.E0));
#9658=VECTOR('',#9657,2.8E-1);
#9659=CARTESIAN_POINT('',(-3.E0,0.E0,2.13E0));
#9660=LINE('',#9659,#9658);
#9661=CURVE_STYLE('',#33,POSITIVE_LENGTH_MEASURE(2.E-2),#18);
#9662=PRESENTATION_STYLE_ASSIGNMENT((#9661));
#9663=STYLED_ITEM('',(#9662),#9660);
#9664=DIRECTION('',(0.E0,0.E0,-1.E0));
#9665=VECTOR('',#9664,2.4E-1);
#9666=CARTESIAN_POINT('',(-3.E0,0.E0,2.37E0));
#9667=LINE('',#9666,#9665);
#9668=CURVE_STYLE('',#33,POSITIVE_LENGTH_MEASURE(2.E-2),#18);
#9669=PRESENTATION_STYLE_ASSIGNMENT((#9668));
#9670=STYLED_ITEM('',(#9669),#9667);
#9671=DIRECTION('',(-1.E0,0.E0,0.E0));
#9672=VECTOR('',#9671,2.8E-1);
#9673=CARTESIAN_POINT('',(-2.72E0,0.E0,2.37E0));
#9674=LINE('',#9673,#9672);
#9675=CURVE_STYLE('',#33,POSITIVE_LENGTH_MEASURE(2.E-2),#18);
#9676=PRESENTATION_STYLE_ASSIGNMENT((#9675));
#9677=STYLED_ITEM('',(#9676),#9674);
#9678=CARTESIAN_POINT('',(-2.72E0,0.E0,2.25E0));
#9679=DIRECTION('',(0.E0,-1.E0,0.E0));
#9680=DIRECTION('',(0.E0,0.E0,-1.E0));
#9681=AXIS2_PLACEMENT_3D('',#9678,#9679,#9680);
#9683=CURVE_STYLE('',#33,POSITIVE_LENGTH_MEASURE(2.E-2),#18);
#9684=PRESENTATION_STYLE_ASSIGNMENT((#9683));
#9685=STYLED_ITEM('',(#9684),#9682);
#9686=DIRECTION('',(0.E0,1.E0,0.E0));
#9687=VECTOR('',#9686,2.E-1);
#9688=CARTESIAN_POINT('',(-3.E0,0.E0,2.13E0));
#9689=LINE('',#9688,#9687);
#9690=CURVE_STYLE('',#33,POSITIVE_LENGTH_MEASURE(2.E-2),#18);
#9691=PRESENTATION_STYLE_ASSIGNMENT((#9690));
#9692=STYLED_ITEM('',(#9691),#9689);
#9693=DIRECTION('',(0.E0,1.E0,0.E0));
#9694=VECTOR('',#9693,2.E-1);
#9695=CARTESIAN_POINT('',(-2.72E0,0.E0,2.13E0));
#9696=LINE('',#9695,#9694);
#9697=CURVE_STYLE('',#33,POSITIVE_LENGTH_MEASURE(2.E-2),#18);
#9698=PRESENTATION_STYLE_ASSIGNMENT((#9697));
#9699=STYLED_ITEM('',(#9698),#9696);
#9700=DIRECTION('',(0.E0,1.E0,0.E0));
#9701=VECTOR('',#9700,2.E-1);
#9702=CARTESIAN_POINT('',(-2.72E0,0.E0,2.37E0));
#9703=LINE('',#9702,#9701);
#9704=CURVE_STYLE('',#33,POSITIVE_LENGTH_MEASURE(2.E-2),#18);
#9705=PRESENTATION_STYLE_ASSIGNMENT((#9704));
#9706=STYLED_ITEM('',(#9705),#9703);
#9707=DIRECTION('',(0.E0,1.E0,0.E0));
#9708=VECTOR('',#9707,2.E-1);
#9709=CARTESIAN_POINT('',(-3.E0,0.E0,2.37E0));
#9710=LINE('',#9709,#9708);
#9711=CURVE_STYLE('',#33,POSITIVE_LENGTH_MEASURE(2.E-2),#18);
#9712=PRESENTATION_STYLE_ASSIGNMENT((#9711));
#9713=STYLED_ITEM('',(#9712),#9710);
#9714=DIRECTION('',(1.E0,0.E0,0.E0));
#9715=VECTOR('',#9714,2.8E-1);
#9716=CARTESIAN_POINT('',(-3.E0,2.E-1,2.13E0));
#9717=LINE('',#9716,#9715);
#9718=CURVE_STYLE('',#33,POSITIVE_LENGTH_MEASURE(2.E-2),#18);
#9719=PRESENTATION_STYLE_ASSIGNMENT((#9718));
#9720=STYLED_ITEM('',(#9719),#9717);
#9721=CARTESIAN_POINT('',(-2.72E0,2.E-1,2.25E0));
#9722=DIRECTION('',(0.E0,-1.E0,0.E0));
#9723=DIRECTION('',(0.E0,0.E0,-1.E0));
#9724=AXIS2_PLACEMENT_3D('',#9721,#9722,#9723);
#9726=CURVE_STYLE('',#33,POSITIVE_LENGTH_MEASURE(2.E-2),#18);
#9727=PRESENTATION_STYLE_ASSIGNMENT((#9726));
#9728=STYLED_ITEM('',(#9727),#9725);
#9729=DIRECTION('',(-1.E0,0.E0,0.E0));
#9730=VECTOR('',#9729,2.8E-1);
#9731=CARTESIAN_POINT('',(-2.72E0,2.E-1,2.37E0));
#9732=LINE('',#9731,#9730);
#9733=CURVE_STYLE('',#33,POSITIVE_LENGTH_MEASURE(2.E-2),#18);
#9734=PRESENTATION_STYLE_ASSIGNMENT((#9733));
#9735=STYLED_ITEM('',(#9734),#9732);
#9736=DIRECTION('',(0.E0,0.E0,-1.E0));
#9737=VECTOR('',#9736,2.4E-1);
#9738=CARTESIAN_POINT('',(-3.E0,2.E-1,2.37E0));
#9739=LINE('',#9738,#9737);
#9740=CURVE_STYLE('',#33,POSITIVE_LENGTH_MEASURE(2.E-2),#18);
#9741=PRESENTATION_STYLE_ASSIGNMENT((#9740));
#9742=STYLED_ITEM('',(#9741),#9739);
#9743=CARTESIAN_POINT('',(-3.E0,0.E0,2.13E0));
#9744=CARTESIAN_POINT('',(-2.72E0,0.E0,2.13E0));
#9745=VERTEX_POINT('',#9743);
#9746=VERTEX_POINT('',#9744);
#9747=CARTESIAN_POINT('',(-2.72E0,0.E0,2.37E0));
#9748=VERTEX_POINT('',#9747);
#9749=CARTESIAN_POINT('',(-3.E0,0.E0,2.37E0));
#9750=VERTEX_POINT('',#9749);
#9751=CARTESIAN_POINT('',(-3.E0,2.E-1,2.13E0));
#9752=CARTESIAN_POINT('',(-2.72E0,2.E-1,2.13E0));
#9753=VERTEX_POINT('',#9751);
#9754=VERTEX_POINT('',#9752);
#9755=CARTESIAN_POINT('',(-2.72E0,2.E-1,2.37E0));
#9756=VERTEX_POINT('',#9755);
#9757=CARTESIAN_POINT('',(-3.E0,2.E-1,2.37E0));
#9758=VERTEX_POINT('',#9757);
#9759=CARTESIAN_POINT('',(0.E0,0.E0,0.E0));
#9760=DIRECTION('',(0.E0,-1.E0,0.E0));
#9761=DIRECTION('',(-1.E0,0.E0,0.E0));
#9762=AXIS2_PLACEMENT_3D('',#9759,#9760,#9761);
#9763=PLANE('',#9762);
#9765=ORIENTED_EDGE('',*,*,#9764,.F.);
#9767=ORIENTED_EDGE('',*,*,#9766,.F.);
#9769=ORIENTED_EDGE('',*,*,#9768,.F.);
#9771=ORIENTED_EDGE('',*,*,#9770,.F.);
#9772=EDGE_LOOP('',(#9765,#9767,#9769,#9771));
#9773=FACE_OUTER_BOUND('',#9772,.F.);
#9775=FILL_AREA_STYLE_COLOUR('',#22);
#9776=FILL_AREA_STYLE('',(#9775));
#9777=SURFACE_STYLE_FILL_AREA(#9776);
#9778=SURFACE_SIDE_STYLE('',(#9777));
#9779=SURFACE_STYLE_USAGE(.POSITIVE.,#9778);
#9780=PRESENTATION_STYLE_ASSIGNMENT((#9779));
#9781=OVER_RIDING_STYLED_ITEM('',(#9780),#9774,#9656);
#9782=CARTESIAN_POINT('',(-3.E0,0.E0,2.13E0));
#9783=DIRECTION('',(0.E0,0.E0,1.E0));
#9784=DIRECTION('',(1.E0,0.E0,0.E0));
#9785=AXIS2_PLACEMENT_3D('',#9782,#9783,#9784);
#9786=PLANE('',#9785);
#9787=ORIENTED_EDGE('',*,*,#9764,.T.);
#9789=ORIENTED_EDGE('',*,*,#9788,.T.);
#9791=ORIENTED_EDGE('',*,*,#9790,.F.);
#9793=ORIENTED_EDGE('',*,*,#9792,.F.);
#9794=EDGE_LOOP('',(#9787,#9789,#9791,#9793));
#9795=FACE_OUTER_BOUND('',#9794,.F.);
#9797=CARTESIAN_POINT('',(-2.72E0,0.E0,2.25E0));
#9798=DIRECTION('',(0.E0,-1.E0,0.E0));
#9799=DIRECTION('',(-1.E0,0.E0,0.E0));
#9800=AXIS2_PLACEMENT_3D('',#9797,#9798,#9799);
#9801=CYLINDRICAL_SURFACE('',#9800,1.2E-1);
#9802=ORIENTED_EDGE('',*,*,#9770,.T.);
#9804=ORIENTED_EDGE('',*,*,#9803,.T.);
#9806=ORIENTED_EDGE('',*,*,#9805,.F.);
#9807=ORIENTED_EDGE('',*,*,#9788,.F.);
#9808=EDGE_LOOP('',(#9802,#9804,#9806,#9807));
#9809=FACE_OUTER_BOUND('',#9808,.F.);
#9811=CARTESIAN_POINT('',(-2.72E0,0.E0,2.37E0));
#9812=DIRECTION('',(0.E0,0.E0,-1.E0));
#9813=DIRECTION('',(-1.E0,0.E0,0.E0));
#9814=AXIS2_PLACEMENT_3D('',#9811,#9812,#9813);
#9815=PLANE('',#9814);
#9816=ORIENTED_EDGE('',*,*,#9768,.T.);
#9818=ORIENTED_EDGE('',*,*,#9817,.T.);
#9820=ORIENTED_EDGE('',*,*,#9819,.F.);
#9821=ORIENTED_EDGE('',*,*,#9803,.F.);
#9822=EDGE_LOOP('',(#9816,#9818,#9820,#9821));
#9823=FACE_OUTER_BOUND('',#9822,.F.);
#9825=CARTESIAN_POINT('',(-3.E0,0.E0,2.37E0));
#9826=DIRECTION('',(1.E0,0.E0,0.E0));
#9827=DIRECTION('',(0.E0,0.E0,-1.E0));
#9828=AXIS2_PLACEMENT_3D('',#9825,#9826,#9827);
#9829=PLANE('',#9828);
#9830=ORIENTED_EDGE('',*,*,#9766,.T.);
#9831=ORIENTED_EDGE('',*,*,#9792,.T.);
#9833=ORIENTED_EDGE('',*,*,#9832,.F.);
#9834=ORIENTED_EDGE('',*,*,#9817,.F.);
#9835=EDGE_LOOP('',(#9830,#9831,#9833,#9834));
#9836=FACE_OUTER_BOUND('',#9835,.F.);
#9838=CARTESIAN_POINT('',(0.E0,2.E-1,0.E0));
#9839=DIRECTION('',(0.E0,-1.E0,0.E0));
#9840=DIRECTION('',(-1.E0,0.E0,0.E0));
#9841=AXIS2_PLACEMENT_3D('',#9838,#9839,#9840);
#9842=PLANE('',#9841);
#9843=ORIENTED_EDGE('',*,*,#9790,.T.);
#9844=ORIENTED_EDGE('',*,*,#9805,.T.);
#9845=ORIENTED_EDGE('',*,*,#9819,.T.);
#9846=ORIENTED_EDGE('',*,*,#9832,.T.);
#9847=EDGE_LOOP('',(#9843,#9844,#9845,#9846));
#9848=FACE_OUTER_BOUND('',#9847,.F.);
#9850=CLOSED_SHELL('',(#9774,#9796,#9810,#9824,#9837,#9849));
#9851=MANIFOLD_SOLID_BREP('',#9850);
#9852=FILL_AREA_STYLE_COLOUR('',#18);
#9853=FILL_AREA_STYLE('',(#9852));
#9854=SURFACE_STYLE_FILL_AREA(#9853);
#9855=SURFACE_SIDE_STYLE('',(#9854));
#9856=SURFACE_STYLE_USAGE(.POSITIVE.,#9855);
#9857=PRESENTATION_STYLE_ASSIGNMENT((#9856));
#9656=STYLED_ITEM('',(#9857),#9851);
#9859=DIRECTION('',(1.E0,0.E0,0.E0));
#9860=VECTOR('',#9859,2.8E-1);
#9861=CARTESIAN_POINT('',(-3.E0,0.E0,1.63E0));
#9862=LINE('',#9861,#9860);
#9863=CURVE_STYLE('',#33,POSITIVE_LENGTH_MEASURE(2.E-2),#18);
#9864=PRESENTATION_STYLE_ASSIGNMENT((#9863));
#9865=STYLED_ITEM('',(#9864),#9862);
#9866=DIRECTION('',(0.E0,0.E0,-1.E0));
#9867=VECTOR('',#9866,2.4E-1);
#9868=CARTESIAN_POINT('',(-3.E0,0.E0,1.87E0));
#9869=LINE('',#9868,#9867);
#9870=CURVE_STYLE('',#33,POSITIVE_LENGTH_MEASURE(2.E-2),#18);
#9871=PRESENTATION_STYLE_ASSIGNMENT((#9870));
#9872=STYLED_ITEM('',(#9871),#9869);
#9873=DIRECTION('',(-1.E0,0.E0,0.E0));
#9874=VECTOR('',#9873,2.8E-1);
#9875=CARTESIAN_POINT('',(-2.72E0,0.E0,1.87E0));
#9876=LINE('',#9875,#9874);
#9877=CURVE_STYLE('',#33,POSITIVE_LENGTH_MEASURE(2.E-2),#18);
#9878=PRESENTATION_STYLE_ASSIGNMENT((#9877));
#9879=STYLED_ITEM('',(#9878),#9876);
#9880=CARTESIAN_POINT('',(-2.72E0,0.E0,1.75E0));
#9881=DIRECTION('',(0.E0,-1.E0,0.E0));
#9882=DIRECTION('',(0.E0,0.E0,-1.E0));
#9883=AXIS2_PLACEMENT_3D('',#9880,#9881,#9882);
#9885=CURVE_STYLE('',#33,POSITIVE_LENGTH_MEASURE(2.E-2),#18);
#9886=PRESENTATION_STYLE_ASSIGNMENT((#9885));
#9887=STYLED_ITEM('',(#9886),#9884);
#9888=DIRECTION('',(0.E0,1.E0,0.E0));
#9889=VECTOR('',#9888,2.E-1);
#9890=CARTESIAN_POINT('',(-3.E0,0.E0,1.63E0));
#9891=LINE('',#9890,#9889);
#9892=CURVE_STYLE('',#33,POSITIVE_LENGTH_MEASURE(2.E-2),#18);
#9893=PRESENTATION_STYLE_ASSIGNMENT((#9892));
#9894=STYLED_ITEM('',(#9893),#9891);
#9895=DIRECTION('',(0.E0,1.E0,0.E0));
#9896=VECTOR('',#9895,2.E-1);
#9897=CARTESIAN_POINT('',(-2.72E0,0.E0,1.63E0));
#9898=LINE('',#9897,#9896);
#9899=CURVE_STYLE('',#33,POSITIVE_LENGTH_MEASURE(2.E-2),#18);
#9900=PRESENTATION_STYLE_ASSIGNMENT((#9899));
#9901=STYLED_ITEM('',(#9900),#9898);
#9902=DIRECTION('',(0.E0,1.E0,0.E0));
#9903=VECTOR('',#9902,2.E-1);
#9904=CARTESIAN_POINT('',(-2.72E0,0.E0,1.87E0));
#9905=LINE('',#9904,#9903);
#9906=CURVE_STYLE('',#33,POSITIVE_LENGTH_MEASURE(2.E-2),#18);
#9907=PRESENTATION_STYLE_ASSIGNMENT((#9906));
#9908=STYLED_ITEM('',(#9907),#9905);
#9909=DIRECTION('',(0.E0,1.E0,0.E0));
#9910=VECTOR('',#9909,2.E-1);
#9911=CARTESIAN_POINT('',(-3.E0,0.E0,1.87E0));
#9912=LINE('',#9911,#9910);
#9913=CURVE_STYLE('',#33,POSITIVE_LENGTH_MEASURE(2.E-2),#18);
#9914=PRESENTATION_STYLE_ASSIGNMENT((#9913));
#9915=STYLED_ITEM('',(#9914),#9912);
#9916=DIRECTION('',(1.E0,0.E0,0.E0));
#9917=VECTOR('',#9916,2.8E-1);
#9918=CARTESIAN_POINT('',(-3.E0,2.E-1,1.63E0));
#9919=LINE('',#9918,#9917);
#9920=CURVE_STYLE('',#33,POSITIVE_LENGTH_MEASURE(2.E-2),#18);
#9921=PRESENTATION_STYLE_ASSIGNMENT((#9920));
#9922=STYLED_ITEM('',(#9921),#9919);
#9923=CARTESIAN_POINT('',(-2.72E0,2.E-1,1.75E0));
#9924=DIRECTION('',(0.E0,-1.E0,0.E0));
#9925=DIRECTION('',(0.E0,0.E0,-1.E0));
#9926=AXIS2_PLACEMENT_3D('',#9923,#9924,#9925);
#9928=CURVE_STYLE('',#33,POSITIVE_LENGTH_MEASURE(2.E-2),#18);
#9929=PRESENTATION_STYLE_ASSIGNMENT((#9928));
#9930=STYLED_ITEM('',(#9929),#9927);
#9931=DIRECTION('',(-1.E0,0.E0,0.E0));
#9932=VECTOR('',#9931,2.8E-1);
#9933=CARTESIAN_POINT('',(-2.72E0,2.E-1,1.87E0));
#9934=LINE('',#9933,#9932);
#9935=CURVE_STYLE('',#33,POSITIVE_LENGTH_MEASURE(2.E-2),#18);
#9936=PRESENTATION_STYLE_ASSIGNMENT((#9935));
#9937=STYLED_ITEM('',(#9936),#9934);
#9938=DIRECTION('',(0.E0,0.E0,-1.E0));
#9939=VECTOR('',#9938,2.4E-1);
#9940=CARTESIAN_POINT('',(-3.E0,2.E-1,1.87E0));
#9941=LINE('',#9940,#9939);
#9942=CURVE_STYLE('',#33,POSITIVE_LENGTH_MEASURE(2.E-2),#18);
#9943=PRESENTATION_STYLE_ASSIGNMENT((#9942));
#9944=STYLED_ITEM('',(#9943),#9941);
#9945=CARTESIAN_POINT('',(-3.E0,0.E0,1.63E0));
#9946=CARTESIAN_POINT('',(-2.72E0,0.E0,1.63E0));
#9947=VERTEX_POINT('',#9945);
#9948=VERTEX_POINT('',#9946);
#9949=CARTESIAN_POINT('',(-2.72E0,0.E0,1.87E0));
#9950=VERTEX_POINT('',#9949);
#9951=CARTESIAN_POINT('',(-3.E0,0.E0,1.87E0));
#9952=VERTEX_POINT('',#9951);
#9953=CARTESIAN_POINT('',(-3.E0,2.E-1,1.63E0));
#9954=CARTESIAN_POINT('',(-2.72E0,2.E-1,1.63E0));
#9955=VERTEX_POINT('',#9953);
#9956=VERTEX_POINT('',#9954);
#9957=CARTESIAN_POINT('',(-2.72E0,2.E-1,1.87E0));
#9958=VERTEX_POINT('',#9957);
#9959=CARTESIAN_POINT('',(-3.E0,2.E-1,1.87E0));
#9960=VERTEX_POINT('',#9959);
#9961=CARTESIAN_POINT('',(0.E0,0.E0,0.E0));
#9962=DIRECTION('',(0.E0,-1.E0,0.E0));
#9963=DIRECTION('',(-1.E0,0.E0,0.E0));
#9964=AXIS2_PLACEMENT_3D('',#9961,#9962,#9963);
#9965=PLANE('',#9964);
#9967=ORIENTED_EDGE('',*,*,#9966,.F.);
#9969=ORIENTED_EDGE('',*,*,#9968,.F.);
#9971=ORIENTED_EDGE('',*,*,#9970,.F.);
#9973=ORIENTED_EDGE('',*,*,#9972,.F.);
#9974=EDGE_LOOP('',(#9967,#9969,#9971,#9973));
#9975=FACE_OUTER_BOUND('',#9974,.F.);
#9977=FILL_AREA_STYLE_COLOUR('',#22);
#9978=FILL_AREA_STYLE('',(#9977));
#9979=SURFACE_STYLE_FILL_AREA(#9978);
#9980=SURFACE_SIDE_STYLE('',(#9979));
#9981=SURFACE_STYLE_USAGE(.POSITIVE.,#9980);
#9982=PRESENTATION_STYLE_ASSIGNMENT((#9981));
#9983=OVER_RIDING_STYLED_ITEM('',(#9982),#9976,#9858);
#9984=CARTESIAN_POINT('',(-3.E0,0.E0,1.63E0));
#9985=DIRECTION('',(0.E0,0.E0,1.E0));
#9986=DIRECTION('',(1.E0,0.E0,0.E0));
#9987=AXIS2_PLACEMENT_3D('',#9984,#9985,#9986);
#9988=PLANE('',#9987);
#9989=ORIENTED_EDGE('',*,*,#9966,.T.);
#9991=ORIENTED_EDGE('',*,*,#9990,.T.);
#9993=ORIENTED_EDGE('',*,*,#9992,.F.);
#9995=ORIENTED_EDGE('',*,*,#9994,.F.);
#9996=EDGE_LOOP('',(#9989,#9991,#9993,#9995));
#9997=FACE_OUTER_BOUND('',#9996,.F.);
#9999=CARTESIAN_POINT('',(-2.72E0,0.E0,1.75E0));
#10000=DIRECTION('',(0.E0,-1.E0,0.E0));
#10001=DIRECTION('',(-1.E0,0.E0,0.E0));
#10002=AXIS2_PLACEMENT_3D('',#9999,#10000,#10001);
#10003=CYLINDRICAL_SURFACE('',#10002,1.2E-1);
#10004=ORIENTED_EDGE('',*,*,#9972,.T.);
#10006=ORIENTED_EDGE('',*,*,#10005,.T.);
#10008=ORIENTED_EDGE('',*,*,#10007,.F.);
#10009=ORIENTED_EDGE('',*,*,#9990,.F.);
#10010=EDGE_LOOP('',(#10004,#10006,#10008,#10009));
#10011=FACE_OUTER_BOUND('',#10010,.F.);
#10013=CARTESIAN_POINT('',(-2.72E0,0.E0,1.87E0));
#10014=DIRECTION('',(0.E0,0.E0,-1.E0));
#10015=DIRECTION('',(-1.E0,0.E0,0.E0));
#10016=AXIS2_PLACEMENT_3D('',#10013,#10014,#10015);
#10017=PLANE('',#10016);
#10018=ORIENTED_EDGE('',*,*,#9970,.T.);
#10020=ORIENTED_EDGE('',*,*,#10019,.T.);
#10022=ORIENTED_EDGE('',*,*,#10021,.F.);
#10023=ORIENTED_EDGE('',*,*,#10005,.F.);
#10024=EDGE_LOOP('',(#10018,#10020,#10022,#10023));
#10025=FACE_OUTER_BOUND('',#10024,.F.);
#10027=CARTESIAN_POINT('',(-3.E0,0.E0,1.87E0));
#10028=DIRECTION('',(1.E0,0.E0,0.E0));
#10029=DIRECTION('',(0.E0,0.E0,-1.E0));
#10030=AXIS2_PLACEMENT_3D('',#10027,#10028,#10029);
#10031=PLANE('',#10030);
#10032=ORIENTED_EDGE('',*,*,#9968,.T.);
#10033=ORIENTED_EDGE('',*,*,#9994,.T.);
#10035=ORIENTED_EDGE('',*,*,#10034,.F.);
#10036=ORIENTED_EDGE('',*,*,#10019,.F.);
#10037=EDGE_LOOP('',(#10032,#10033,#10035,#10036));
#10038=FACE_OUTER_BOUND('',#10037,.F.);
#10040=CARTESIAN_POINT('',(0.E0,2.E-1,0.E0));
#10041=DIRECTION('',(0.E0,-1.E0,0.E0));
#10042=DIRECTION('',(-1.E0,0.E0,0.E0));
#10043=AXIS2_PLACEMENT_3D('',#10040,#10041,#10042);
#10044=PLANE('',#10043);
#10045=ORIENTED_EDGE('',*,*,#9992,.T.);
#10046=ORIENTED_EDGE('',*,*,#10007,.T.);
#10047=ORIENTED_EDGE('',*,*,#10021,.T.);
#10048=ORIENTED_EDGE('',*,*,#10034,.T.);
#10049=EDGE_LOOP('',(#10045,#10046,#10047,#10048));
#10050=FACE_OUTER_BOUND('',#10049,.F.);
#10052=CLOSED_SHELL('',(#9976,#9998,#10012,#10026,#10039,#10051));
#10053=MANIFOLD_SOLID_BREP('',#10052);
#10054=FILL_AREA_STYLE_COLOUR('',#18);
#10055=FILL_AREA_STYLE('',(#10054));
#10056=SURFACE_STYLE_FILL_AREA(#10055);
#10057=SURFACE_SIDE_STYLE('',(#10056));
#10058=SURFACE_STYLE_USAGE(.POSITIVE.,#10057);
#10059=PRESENTATION_STYLE_ASSIGNMENT((#10058));
#9858=STYLED_ITEM('',(#10059),#10053);
#10061=DIRECTION('',(1.E0,0.E0,0.E0));
#10062=VECTOR('',#10061,2.8E-1);
#10063=CARTESIAN_POINT('',(-3.E0,0.E0,1.13E0));
#10064=LINE('',#10063,#10062);
#10065=CURVE_STYLE('',#33,POSITIVE_LENGTH_MEASURE(2.E-2),#18);
#10066=PRESENTATION_STYLE_ASSIGNMENT((#10065));
#10067=STYLED_ITEM('',(#10066),#10064);
#10068=DIRECTION('',(0.E0,0.E0,-1.E0));
#10069=VECTOR('',#10068,2.4E-1);
#10070=CARTESIAN_POINT('',(-3.E0,0.E0,1.37E0));
#10071=LINE('',#10070,#10069);
#10072=CURVE_STYLE('',#33,POSITIVE_LENGTH_MEASURE(2.E-2),#18);
#10073=PRESENTATION_STYLE_ASSIGNMENT((#10072));
#10074=STYLED_ITEM('',(#10073),#10071);
#10075=DIRECTION('',(-1.E0,0.E0,0.E0));
#10076=VECTOR('',#10075,2.8E-1);
#10077=CARTESIAN_POINT('',(-2.72E0,0.E0,1.37E0));
#10078=LINE('',#10077,#10076);
#10079=CURVE_STYLE('',#33,POSITIVE_LENGTH_MEASURE(2.E-2),#18);
#10080=PRESENTATION_STYLE_ASSIGNMENT((#10079));
#10081=STYLED_ITEM('',(#10080),#10078);
#10082=CARTESIAN_POINT('',(-2.72E0,0.E0,1.25E0));
#10083=DIRECTION('',(0.E0,-1.E0,0.E0));
#10084=DIRECTION('',(1.110223024625E-14,0.E0,-1.E0));
#10085=AXIS2_PLACEMENT_3D('',#10082,#10083,#10084);
#10087=CURVE_STYLE('',#33,POSITIVE_LENGTH_MEASURE(2.E-2),#18);
#10088=PRESENTATION_STYLE_ASSIGNMENT((#10087));
#10089=STYLED_ITEM('',(#10088),#10086);
#10090=DIRECTION('',(0.E0,1.E0,0.E0));
#10091=VECTOR('',#10090,2.E-1);
#10092=CARTESIAN_POINT('',(-3.E0,0.E0,1.13E0));
#10093=LINE('',#10092,#10091);
#10094=CURVE_STYLE('',#33,POSITIVE_LENGTH_MEASURE(2.E-2),#18);
#10095=PRESENTATION_STYLE_ASSIGNMENT((#10094));
#10096=STYLED_ITEM('',(#10095),#10093);
#10097=DIRECTION('',(0.E0,1.E0,0.E0));
#10098=VECTOR('',#10097,2.E-1);
#10099=CARTESIAN_POINT('',(-2.72E0,0.E0,1.13E0));
#10100=LINE('',#10099,#10098);
#10101=CURVE_STYLE('',#33,POSITIVE_LENGTH_MEASURE(2.E-2),#18);
#10102=PRESENTATION_STYLE_ASSIGNMENT((#10101));
#10103=STYLED_ITEM('',(#10102),#10100);
#10104=DIRECTION('',(0.E0,1.E0,0.E0));
#10105=VECTOR('',#10104,2.E-1);
#10106=CARTESIAN_POINT('',(-2.72E0,0.E0,1.37E0));
#10107=LINE('',#10106,#10105);
#10108=CURVE_STYLE('',#33,POSITIVE_LENGTH_MEASURE(2.E-2),#18);
#10109=PRESENTATION_STYLE_ASSIGNMENT((#10108));
#10110=STYLED_ITEM('',(#10109),#10107);
#10111=DIRECTION('',(0.E0,1.E0,0.E0));
#10112=VECTOR('',#10111,2.E-1);
#10113=CARTESIAN_POINT('',(-3.E0,0.E0,1.37E0));
#10114=LINE('',#10113,#10112);
#10115=CURVE_STYLE('',#33,POSITIVE_LENGTH_MEASURE(2.E-2),#18);
#10116=PRESENTATION_STYLE_ASSIGNMENT((#10115));
#10117=STYLED_ITEM('',(#10116),#10114);
#10118=DIRECTION('',(1.E0,0.E0,0.E0));
#10119=VECTOR('',#10118,2.8E-1);
#10120=CARTESIAN_POINT('',(-3.E0,2.E-1,1.13E0));
#10121=LINE('',#10120,#10119);
#10122=CURVE_STYLE('',#33,POSITIVE_LENGTH_MEASURE(2.E-2),#18);
#10123=PRESENTATION_STYLE_ASSIGNMENT((#10122));
#10124=STYLED_ITEM('',(#10123),#10121);
#10125=CARTESIAN_POINT('',(-2.72E0,2.E-1,1.25E0));
#10126=DIRECTION('',(0.E0,-1.E0,0.E0));
#10127=DIRECTION('',(1.110223024625E-14,0.E0,-1.E0));
#10128=AXIS2_PLACEMENT_3D('',#10125,#10126,#10127);
#10130=CURVE_STYLE('',#33,POSITIVE_LENGTH_MEASURE(2.E-2),#18);
#10131=PRESENTATION_STYLE_ASSIGNMENT((#10130));
#10132=STYLED_ITEM('',(#10131),#10129);
#10133=DIRECTION('',(-1.E0,0.E0,0.E0));
#10134=VECTOR('',#10133,2.8E-1);
#10135=CARTESIAN_POINT('',(-2.72E0,2.E-1,1.37E0));
#10136=LINE('',#10135,#10134);
#10137=CURVE_STYLE('',#33,POSITIVE_LENGTH_MEASURE(2.E-2),#18);
#10138=PRESENTATION_STYLE_ASSIGNMENT((#10137));
#10139=STYLED_ITEM('',(#10138),#10136);
#10140=DIRECTION('',(0.E0,0.E0,-1.E0));
#10141=VECTOR('',#10140,2.4E-1);
#10142=CARTESIAN_POINT('',(-3.E0,2.E-1,1.37E0));
#10143=LINE('',#10142,#10141);
#10144=CURVE_STYLE('',#33,POSITIVE_LENGTH_MEASURE(2.E-2),#18);
#10145=PRESENTATION_STYLE_ASSIGNMENT((#10144));
#10146=STYLED_ITEM('',(#10145),#10143);
#10147=CARTESIAN_POINT('',(-3.E0,0.E0,1.13E0));
#10148=CARTESIAN_POINT('',(-2.72E0,0.E0,1.13E0));
#10149=VERTEX_POINT('',#10147);
#10150=VERTEX_POINT('',#10148);
#10151=CARTESIAN_POINT('',(-2.72E0,0.E0,1.37E0));
#10152=VERTEX_POINT('',#10151);
#10153=CARTESIAN_POINT('',(-3.E0,0.E0,1.37E0));
#10154=VERTEX_POINT('',#10153);
#10155=CARTESIAN_POINT('',(-3.E0,2.E-1,1.13E0));
#10156=CARTESIAN_POINT('',(-2.72E0,2.E-1,1.13E0));
#10157=VERTEX_POINT('',#10155);
#10158=VERTEX_POINT('',#10156);
#10159=CARTESIAN_POINT('',(-2.72E0,2.E-1,1.37E0));
#10160=VERTEX_POINT('',#10159);
#10161=CARTESIAN_POINT('',(-3.E0,2.E-1,1.37E0));
#10162=VERTEX_POINT('',#10161);
#10163=CARTESIAN_POINT('',(0.E0,0.E0,0.E0));
#10164=DIRECTION('',(0.E0,-1.E0,0.E0));
#10165=DIRECTION('',(-1.E0,0.E0,0.E0));
#10166=AXIS2_PLACEMENT_3D('',#10163,#10164,#10165);
#10167=PLANE('',#10166);
#10169=ORIENTED_EDGE('',*,*,#10168,.F.);
#10171=ORIENTED_EDGE('',*,*,#10170,.F.);
#10173=ORIENTED_EDGE('',*,*,#10172,.F.);
#10175=ORIENTED_EDGE('',*,*,#10174,.F.);
#10176=EDGE_LOOP('',(#10169,#10171,#10173,#10175));
#10177=FACE_OUTER_BOUND('',#10176,.F.);
#10179=FILL_AREA_STYLE_COLOUR('',#22);
#10180=FILL_AREA_STYLE('',(#10179));
#10181=SURFACE_STYLE_FILL_AREA(#10180);
#10182=SURFACE_SIDE_STYLE('',(#10181));
#10183=SURFACE_STYLE_USAGE(.POSITIVE.,#10182);
#10184=PRESENTATION_STYLE_ASSIGNMENT((#10183));
#10185=OVER_RIDING_STYLED_ITEM('',(#10184),#10178,#10060);
#10186=CARTESIAN_POINT('',(-3.E0,0.E0,1.13E0));
#10187=DIRECTION('',(0.E0,0.E0,1.E0));
#10188=DIRECTION('',(1.E0,0.E0,0.E0));
#10189=AXIS2_PLACEMENT_3D('',#10186,#10187,#10188);
#10190=PLANE('',#10189);
#10191=ORIENTED_EDGE('',*,*,#10168,.T.);
#10193=ORIENTED_EDGE('',*,*,#10192,.T.);
#10195=ORIENTED_EDGE('',*,*,#10194,.F.);
#10197=ORIENTED_EDGE('',*,*,#10196,.F.);
#10198=EDGE_LOOP('',(#10191,#10193,#10195,#10197));
#10199=FACE_OUTER_BOUND('',#10198,.F.);
#10201=CARTESIAN_POINT('',(-2.72E0,0.E0,1.25E0));
#10202=DIRECTION('',(0.E0,-1.E0,0.E0));
#10203=DIRECTION('',(-1.E0,0.E0,0.E0));
#10204=AXIS2_PLACEMENT_3D('',#10201,#10202,#10203);
#10205=CYLINDRICAL_SURFACE('',#10204,1.2E-1);
#10206=ORIENTED_EDGE('',*,*,#10174,.T.);
#10208=ORIENTED_EDGE('',*,*,#10207,.T.);
#10210=ORIENTED_EDGE('',*,*,#10209,.F.);
#10211=ORIENTED_EDGE('',*,*,#10192,.F.);
#10212=EDGE_LOOP('',(#10206,#10208,#10210,#10211));
#10213=FACE_OUTER_BOUND('',#10212,.F.);
#10215=CARTESIAN_POINT('',(-2.72E0,0.E0,1.37E0));
#10216=DIRECTION('',(0.E0,0.E0,-1.E0));
#10217=DIRECTION('',(-1.E0,0.E0,0.E0));
#10218=AXIS2_PLACEMENT_3D('',#10215,#10216,#10217);
#10219=PLANE('',#10218);
#10220=ORIENTED_EDGE('',*,*,#10172,.T.);
#10222=ORIENTED_EDGE('',*,*,#10221,.T.);
#10224=ORIENTED_EDGE('',*,*,#10223,.F.);
#10225=ORIENTED_EDGE('',*,*,#10207,.F.);
#10226=EDGE_LOOP('',(#10220,#10222,#10224,#10225));
#10227=FACE_OUTER_BOUND('',#10226,.F.);
#10229=CARTESIAN_POINT('',(-3.E0,0.E0,1.37E0));
#10230=DIRECTION('',(1.E0,0.E0,0.E0));
#10231=DIRECTION('',(0.E0,0.E0,-1.E0));
#10232=AXIS2_PLACEMENT_3D('',#10229,#10230,#10231);
#10233=PLANE('',#10232);
#10234=ORIENTED_EDGE('',*,*,#10170,.T.);
#10235=ORIENTED_EDGE('',*,*,#10196,.T.);
#10237=ORIENTED_EDGE('',*,*,#10236,.F.);
#10238=ORIENTED_EDGE('',*,*,#10221,.F.);
#10239=EDGE_LOOP('',(#10234,#10235,#10237,#10238));
#10240=FACE_OUTER_BOUND('',#10239,.F.);
#10242=CARTESIAN_POINT('',(0.E0,2.E-1,0.E0));
#10243=DIRECTION('',(0.E0,-1.E0,0.E0));
#10244=DIRECTION('',(-1.E0,0.E0,0.E0));
#10245=AXIS2_PLACEMENT_3D('',#10242,#10243,#10244);
#10246=PLANE('',#10245);
#10247=ORIENTED_EDGE('',*,*,#10194,.T.);
#10248=ORIENTED_EDGE('',*,*,#10209,.T.);
#10249=ORIENTED_EDGE('',*,*,#10223,.T.);
#10250=ORIENTED_EDGE('',*,*,#10236,.T.);
#10251=EDGE_LOOP('',(#10247,#10248,#10249,#10250));
#10252=FACE_OUTER_BOUND('',#10251,.F.);
#10254=CLOSED_SHELL('',(#10178,#10200,#10214,#10228,#10241,#10253));
#10255=MANIFOLD_SOLID_BREP('',#10254);
#10256=FILL_AREA_STYLE_COLOUR('',#18);
#10257=FILL_AREA_STYLE('',(#10256));
#10258=SURFACE_STYLE_FILL_AREA(#10257);
#10259=SURFACE_SIDE_STYLE('',(#10258));
#10260=SURFACE_STYLE_USAGE(.POSITIVE.,#10259);
#10261=PRESENTATION_STYLE_ASSIGNMENT((#10260));
#10060=STYLED_ITEM('',(#10261),#10255);
#10263=DIRECTION('',(1.E0,0.E0,0.E0));
#10264=VECTOR('',#10263,2.8E-1);
#10265=CARTESIAN_POINT('',(-3.E0,0.E0,6.3E-1));
#10266=LINE('',#10265,#10264);
#10267=CURVE_STYLE('',#33,POSITIVE_LENGTH_MEASURE(2.E-2),#18);
#10268=PRESENTATION_STYLE_ASSIGNMENT((#10267));
#10269=STYLED_ITEM('',(#10268),#10266);
#10270=DIRECTION('',(0.E0,0.E0,-1.E0));
#10271=VECTOR('',#10270,2.4E-1);
#10272=CARTESIAN_POINT('',(-3.E0,0.E0,8.7E-1));
#10273=LINE('',#10272,#10271);
#10274=CURVE_STYLE('',#33,POSITIVE_LENGTH_MEASURE(2.E-2),#18);
#10275=PRESENTATION_STYLE_ASSIGNMENT((#10274));
#10276=STYLED_ITEM('',(#10275),#10273);
#10277=DIRECTION('',(-1.E0,0.E0,0.E0));
#10278=VECTOR('',#10277,2.8E-1);
#10279=CARTESIAN_POINT('',(-2.72E0,0.E0,8.7E-1));
#10280=LINE('',#10279,#10278);
#10281=CURVE_STYLE('',#33,POSITIVE_LENGTH_MEASURE(2.E-2),#18);
#10282=PRESENTATION_STYLE_ASSIGNMENT((#10281));
#10283=STYLED_ITEM('',(#10282),#10280);
#10284=CARTESIAN_POINT('',(-2.72E0,0.E0,7.5E-1));
#10285=DIRECTION('',(0.E0,-1.E0,0.E0));
#10286=DIRECTION('',(0.E0,0.E0,-1.E0));
#10287=AXIS2_PLACEMENT_3D('',#10284,#10285,#10286);
#10289=CURVE_STYLE('',#33,POSITIVE_LENGTH_MEASURE(2.E-2),#18);
#10290=PRESENTATION_STYLE_ASSIGNMENT((#10289));
#10291=STYLED_ITEM('',(#10290),#10288);
#10292=DIRECTION('',(0.E0,1.E0,0.E0));
#10293=VECTOR('',#10292,2.E-1);
#10294=CARTESIAN_POINT('',(-3.E0,0.E0,6.3E-1));
#10295=LINE('',#10294,#10293);
#10296=CURVE_STYLE('',#33,POSITIVE_LENGTH_MEASURE(2.E-2),#18);
#10297=PRESENTATION_STYLE_ASSIGNMENT((#10296));
#10298=STYLED_ITEM('',(#10297),#10295);
#10299=DIRECTION('',(0.E0,1.E0,0.E0));
#10300=VECTOR('',#10299,2.E-1);
#10301=CARTESIAN_POINT('',(-2.72E0,0.E0,6.3E-1));
#10302=LINE('',#10301,#10300);
#10303=CURVE_STYLE('',#33,POSITIVE_LENGTH_MEASURE(2.E-2),#18);
#10304=PRESENTATION_STYLE_ASSIGNMENT((#10303));
#10305=STYLED_ITEM('',(#10304),#10302);
#10306=DIRECTION('',(0.E0,1.E0,0.E0));
#10307=VECTOR('',#10306,2.E-1);
#10308=CARTESIAN_POINT('',(-2.72E0,0.E0,8.7E-1));
#10309=LINE('',#10308,#10307);
#10310=CURVE_STYLE('',#33,POSITIVE_LENGTH_MEASURE(2.E-2),#18);
#10311=PRESENTATION_STYLE_ASSIGNMENT((#10310));
#10312=STYLED_ITEM('',(#10311),#10309);
#10313=DIRECTION('',(0.E0,1.E0,0.E0));
#10314=VECTOR('',#10313,2.E-1);
#10315=CARTESIAN_POINT('',(-3.E0,0.E0,8.7E-1));
#10316=LINE('',#10315,#10314);
#10317=CURVE_STYLE('',#33,POSITIVE_LENGTH_MEASURE(2.E-2),#18);
#10318=PRESENTATION_STYLE_ASSIGNMENT((#10317));
#10319=STYLED_ITEM('',(#10318),#10316);
#10320=DIRECTION('',(1.E0,0.E0,0.E0));
#10321=VECTOR('',#10320,2.8E-1);
#10322=CARTESIAN_POINT('',(-3.E0,2.E-1,6.3E-1));
#10323=LINE('',#10322,#10321);
#10324=CURVE_STYLE('',#33,POSITIVE_LENGTH_MEASURE(2.E-2),#18);
#10325=PRESENTATION_STYLE_ASSIGNMENT((#10324));
#10326=STYLED_ITEM('',(#10325),#10323);
#10327=CARTESIAN_POINT('',(-2.72E0,2.E-1,7.5E-1));
#10328=DIRECTION('',(0.E0,-1.E0,0.E0));
#10329=DIRECTION('',(0.E0,0.E0,-1.E0));
#10330=AXIS2_PLACEMENT_3D('',#10327,#10328,#10329);
#10332=CURVE_STYLE('',#33,POSITIVE_LENGTH_MEASURE(2.E-2),#18);
#10333=PRESENTATION_STYLE_ASSIGNMENT((#10332));
#10334=STYLED_ITEM('',(#10333),#10331);
#10335=DIRECTION('',(-1.E0,0.E0,0.E0));
#10336=VECTOR('',#10335,2.8E-1);
#10337=CARTESIAN_POINT('',(-2.72E0,2.E-1,8.7E-1));
#10338=LINE('',#10337,#10336);
#10339=CURVE_STYLE('',#33,POSITIVE_LENGTH_MEASURE(2.E-2),#18);
#10340=PRESENTATION_STYLE_ASSIGNMENT((#10339));
#10341=STYLED_ITEM('',(#10340),#10338);
#10342=DIRECTION('',(0.E0,0.E0,-1.E0));
#10343=VECTOR('',#10342,2.4E-1);
#10344=CARTESIAN_POINT('',(-3.E0,2.E-1,8.7E-1));
#10345=LINE('',#10344,#10343);
#10346=CURVE_STYLE('',#33,POSITIVE_LENGTH_MEASURE(2.E-2),#18);
#10347=PRESENTATION_STYLE_ASSIGNMENT((#10346));
#10348=STYLED_ITEM('',(#10347),#10345);
#10349=CARTESIAN_POINT('',(-3.E0,0.E0,6.3E-1));
#10350=CARTESIAN_POINT('',(-2.72E0,0.E0,6.3E-1));
#10351=VERTEX_POINT('',#10349);
#10352=VERTEX_POINT('',#10350);
#10353=CARTESIAN_POINT('',(-2.72E0,0.E0,8.7E-1));
#10354=VERTEX_POINT('',#10353);
#10355=CARTESIAN_POINT('',(-3.E0,0.E0,8.7E-1));
#10356=VERTEX_POINT('',#10355);
#10357=CARTESIAN_POINT('',(-3.E0,2.E-1,6.3E-1));
#10358=CARTESIAN_POINT('',(-2.72E0,2.E-1,6.3E-1));
#10359=VERTEX_POINT('',#10357);
#10360=VERTEX_POINT('',#10358);
#10361=CARTESIAN_POINT('',(-2.72E0,2.E-1,8.7E-1));
#10362=VERTEX_POINT('',#10361);
#10363=CARTESIAN_POINT('',(-3.E0,2.E-1,8.7E-1));
#10364=VERTEX_POINT('',#10363);
#10365=CARTESIAN_POINT('',(0.E0,0.E0,0.E0));
#10366=DIRECTION('',(0.E0,-1.E0,0.E0));
#10367=DIRECTION('',(-1.E0,0.E0,0.E0));
#10368=AXIS2_PLACEMENT_3D('',#10365,#10366,#10367);
#10369=PLANE('',#10368);
#10371=ORIENTED_EDGE('',*,*,#10370,.F.);
#10373=ORIENTED_EDGE('',*,*,#10372,.F.);
#10375=ORIENTED_EDGE('',*,*,#10374,.F.);
#10377=ORIENTED_EDGE('',*,*,#10376,.F.);
#10378=EDGE_LOOP('',(#10371,#10373,#10375,#10377));
#10379=FACE_OUTER_BOUND('',#10378,.F.);
#10381=FILL_AREA_STYLE_COLOUR('',#22);
#10382=FILL_AREA_STYLE('',(#10381));
#10383=SURFACE_STYLE_FILL_AREA(#10382);
#10384=SURFACE_SIDE_STYLE('',(#10383));
#10385=SURFACE_STYLE_USAGE(.POSITIVE.,#10384);
#10386=PRESENTATION_STYLE_ASSIGNMENT((#10385));
#10387=OVER_RIDING_STYLED_ITEM('',(#10386),#10380,#10262);
#10388=CARTESIAN_POINT('',(-3.E0,0.E0,6.3E-1));
#10389=DIRECTION('',(0.E0,0.E0,1.E0));
#10390=DIRECTION('',(1.E0,0.E0,0.E0));
#10391=AXIS2_PLACEMENT_3D('',#10388,#10389,#10390);
#10392=PLANE('',#10391);
#10393=ORIENTED_EDGE('',*,*,#10370,.T.);
#10395=ORIENTED_EDGE('',*,*,#10394,.T.);
#10397=ORIENTED_EDGE('',*,*,#10396,.F.);
#10399=ORIENTED_EDGE('',*,*,#10398,.F.);
#10400=EDGE_LOOP('',(#10393,#10395,#10397,#10399));
#10401=FACE_OUTER_BOUND('',#10400,.F.);
#10403=CARTESIAN_POINT('',(-2.72E0,0.E0,7.5E-1));
#10404=DIRECTION('',(0.E0,-1.E0,0.E0));
#10405=DIRECTION('',(-1.E0,0.E0,0.E0));
#10406=AXIS2_PLACEMENT_3D('',#10403,#10404,#10405);
#10407=CYLINDRICAL_SURFACE('',#10406,1.2E-1);
#10408=ORIENTED_EDGE('',*,*,#10376,.T.);
#10410=ORIENTED_EDGE('',*,*,#10409,.T.);
#10412=ORIENTED_EDGE('',*,*,#10411,.F.);
#10413=ORIENTED_EDGE('',*,*,#10394,.F.);
#10414=EDGE_LOOP('',(#10408,#10410,#10412,#10413));
#10415=FACE_OUTER_BOUND('',#10414,.F.);
#10417=CARTESIAN_POINT('',(-2.72E0,0.E0,8.7E-1));
#10418=DIRECTION('',(0.E0,0.E0,-1.E0));
#10419=DIRECTION('',(-1.E0,0.E0,0.E0));
#10420=AXIS2_PLACEMENT_3D('',#10417,#10418,#10419);
#10421=PLANE('',#10420);
#10422=ORIENTED_EDGE('',*,*,#10374,.T.);
#10424=ORIENTED_EDGE('',*,*,#10423,.T.);
#10426=ORIENTED_EDGE('',*,*,#10425,.F.);
#10427=ORIENTED_EDGE('',*,*,#10409,.F.);
#10428=EDGE_LOOP('',(#10422,#10424,#10426,#10427));
#10429=FACE_OUTER_BOUND('',#10428,.F.);
#10431=CARTESIAN_POINT('',(-3.E0,0.E0,8.7E-1));
#10432=DIRECTION('',(1.E0,0.E0,0.E0));
#10433=DIRECTION('',(0.E0,0.E0,-1.E0));
#10434=AXIS2_PLACEMENT_3D('',#10431,#10432,#10433);
#10435=PLANE('',#10434);
#10436=ORIENTED_EDGE('',*,*,#10372,.T.);
#10437=ORIENTED_EDGE('',*,*,#10398,.T.);
#10439=ORIENTED_EDGE('',*,*,#10438,.F.);
#10440=ORIENTED_EDGE('',*,*,#10423,.F.);
#10441=EDGE_LOOP('',(#10436,#10437,#10439,#10440));
#10442=FACE_OUTER_BOUND('',#10441,.F.);
#10444=CARTESIAN_POINT('',(0.E0,2.E-1,0.E0));
#10445=DIRECTION('',(0.E0,-1.E0,0.E0));
#10446=DIRECTION('',(-1.E0,0.E0,0.E0));
#10447=AXIS2_PLACEMENT_3D('',#10444,#10445,#10446);
#10448=PLANE('',#10447);
#10449=ORIENTED_EDGE('',*,*,#10396,.T.);
#10450=ORIENTED_EDGE('',*,*,#10411,.T.);
#10451=ORIENTED_EDGE('',*,*,#10425,.T.);
#10452=ORIENTED_EDGE('',*,*,#10438,.T.);
#10453=EDGE_LOOP('',(#10449,#10450,#10451,#10452));
#10454=FACE_OUTER_BOUND('',#10453,.F.);
#10456=CLOSED_SHELL('',(#10380,#10402,#10416,#10430,#10443,#10455));
#10457=MANIFOLD_SOLID_BREP('',#10456);
#10458=FILL_AREA_STYLE_COLOUR('',#18);
#10459=FILL_AREA_STYLE('',(#10458));
#10460=SURFACE_STYLE_FILL_AREA(#10459);
#10461=SURFACE_SIDE_STYLE('',(#10460));
#10462=SURFACE_STYLE_USAGE(.POSITIVE.,#10461);
#10463=PRESENTATION_STYLE_ASSIGNMENT((#10462));
#10262=STYLED_ITEM('',(#10463),#10457);
#10465=DIRECTION('',(1.E0,0.E0,0.E0));
#10466=VECTOR('',#10465,2.8E-1);
#10467=CARTESIAN_POINT('',(-3.E0,0.E0,1.3E-1));
#10468=LINE('',#10467,#10466);
#10469=CURVE_STYLE('',#33,POSITIVE_LENGTH_MEASURE(2.E-2),#18);
#10470=PRESENTATION_STYLE_ASSIGNMENT((#10469));
#10471=STYLED_ITEM('',(#10470),#10468);
#10472=DIRECTION('',(0.E0,0.E0,-1.E0));
#10473=VECTOR('',#10472,2.4E-1);
#10474=CARTESIAN_POINT('',(-3.E0,0.E0,3.7E-1));
#10475=LINE('',#10474,#10473);
#10476=CURVE_STYLE('',#33,POSITIVE_LENGTH_MEASURE(2.E-2),#18);
#10477=PRESENTATION_STYLE_ASSIGNMENT((#10476));
#10478=STYLED_ITEM('',(#10477),#10475);
#10479=DIRECTION('',(-1.E0,0.E0,0.E0));
#10480=VECTOR('',#10479,2.8E-1);
#10481=CARTESIAN_POINT('',(-2.72E0,0.E0,3.7E-1));
#10482=LINE('',#10481,#10480);
#10483=CURVE_STYLE('',#33,POSITIVE_LENGTH_MEASURE(2.E-2),#18);
#10484=PRESENTATION_STYLE_ASSIGNMENT((#10483));
#10485=STYLED_ITEM('',(#10484),#10482);
#10486=CARTESIAN_POINT('',(-2.72E0,0.E0,2.5E-1));
#10487=DIRECTION('',(0.E0,-1.E0,0.E0));
#10488=DIRECTION('',(0.E0,0.E0,-1.E0));
#10489=AXIS2_PLACEMENT_3D('',#10486,#10487,#10488);
#10491=CURVE_STYLE('',#33,POSITIVE_LENGTH_MEASURE(2.E-2),#18);
#10492=PRESENTATION_STYLE_ASSIGNMENT((#10491));
#10493=STYLED_ITEM('',(#10492),#10490);
#10494=DIRECTION('',(0.E0,1.E0,0.E0));
#10495=VECTOR('',#10494,2.E-1);
#10496=CARTESIAN_POINT('',(-3.E0,0.E0,1.3E-1));
#10497=LINE('',#10496,#10495);
#10498=CURVE_STYLE('',#33,POSITIVE_LENGTH_MEASURE(2.E-2),#18);
#10499=PRESENTATION_STYLE_ASSIGNMENT((#10498));
#10500=STYLED_ITEM('',(#10499),#10497);
#10501=DIRECTION('',(0.E0,1.E0,0.E0));
#10502=VECTOR('',#10501,2.E-1);
#10503=CARTESIAN_POINT('',(-2.72E0,0.E0,1.3E-1));
#10504=LINE('',#10503,#10502);
#10505=CURVE_STYLE('',#33,POSITIVE_LENGTH_MEASURE(2.E-2),#18);
#10506=PRESENTATION_STYLE_ASSIGNMENT((#10505));
#10507=STYLED_ITEM('',(#10506),#10504);
#10508=DIRECTION('',(0.E0,1.E0,0.E0));
#10509=VECTOR('',#10508,2.E-1);
#10510=CARTESIAN_POINT('',(-2.72E0,0.E0,3.7E-1));
#10511=LINE('',#10510,#10509);
#10512=CURVE_STYLE('',#33,POSITIVE_LENGTH_MEASURE(2.E-2),#18);
#10513=PRESENTATION_STYLE_ASSIGNMENT((#10512));
#10514=STYLED_ITEM('',(#10513),#10511);
#10515=DIRECTION('',(0.E0,1.E0,0.E0));
#10516=VECTOR('',#10515,2.E-1);
#10517=CARTESIAN_POINT('',(-3.E0,0.E0,3.7E-1));
#10518=LINE('',#10517,#10516);
#10519=CURVE_STYLE('',#33,POSITIVE_LENGTH_MEASURE(2.E-2),#18);
#10520=PRESENTATION_STYLE_ASSIGNMENT((#10519));
#10521=STYLED_ITEM('',(#10520),#10518);
#10522=DIRECTION('',(1.E0,0.E0,0.E0));
#10523=VECTOR('',#10522,2.8E-1);
#10524=CARTESIAN_POINT('',(-3.E0,2.E-1,1.3E-1));
#10525=LINE('',#10524,#10523);
#10526=CURVE_STYLE('',#33,POSITIVE_LENGTH_MEASURE(2.E-2),#18);
#10527=PRESENTATION_STYLE_ASSIGNMENT((#10526));
#10528=STYLED_ITEM('',(#10527),#10525);
#10529=CARTESIAN_POINT('',(-2.72E0,2.E-1,2.5E-1));
#10530=DIRECTION('',(0.E0,-1.E0,0.E0));
#10531=DIRECTION('',(0.E0,0.E0,-1.E0));
#10532=AXIS2_PLACEMENT_3D('',#10529,#10530,#10531);
#10534=CURVE_STYLE('',#33,POSITIVE_LENGTH_MEASURE(2.E-2),#18);
#10535=PRESENTATION_STYLE_ASSIGNMENT((#10534));
#10536=STYLED_ITEM('',(#10535),#10533);
#10537=DIRECTION('',(-1.E0,0.E0,0.E0));
#10538=VECTOR('',#10537,2.8E-1);
#10539=CARTESIAN_POINT('',(-2.72E0,2.E-1,3.7E-1));
#10540=LINE('',#10539,#10538);
#10541=CURVE_STYLE('',#33,POSITIVE_LENGTH_MEASURE(2.E-2),#18);
#10542=PRESENTATION_STYLE_ASSIGNMENT((#10541));
#10543=STYLED_ITEM('',(#10542),#10540);
#10544=DIRECTION('',(0.E0,0.E0,-1.E0));
#10545=VECTOR('',#10544,2.4E-1);
#10546=CARTESIAN_POINT('',(-3.E0,2.E-1,3.7E-1));
#10547=LINE('',#10546,#10545);
#10548=CURVE_STYLE('',#33,POSITIVE_LENGTH_MEASURE(2.E-2),#18);
#10549=PRESENTATION_STYLE_ASSIGNMENT((#10548));
#10550=STYLED_ITEM('',(#10549),#10547);
#10551=CARTESIAN_POINT('',(-3.E0,0.E0,1.3E-1));
#10552=CARTESIAN_POINT('',(-2.72E0,0.E0,1.3E-1));
#10553=VERTEX_POINT('',#10551);
#10554=VERTEX_POINT('',#10552);
#10555=CARTESIAN_POINT('',(-2.72E0,0.E0,3.7E-1));
#10556=VERTEX_POINT('',#10555);
#10557=CARTESIAN_POINT('',(-3.E0,0.E0,3.7E-1));
#10558=VERTEX_POINT('',#10557);
#10559=CARTESIAN_POINT('',(-3.E0,2.E-1,1.3E-1));
#10560=CARTESIAN_POINT('',(-2.72E0,2.E-1,1.3E-1));
#10561=VERTEX_POINT('',#10559);
#10562=VERTEX_POINT('',#10560);
#10563=CARTESIAN_POINT('',(-2.72E0,2.E-1,3.7E-1));
#10564=VERTEX_POINT('',#10563);
#10565=CARTESIAN_POINT('',(-3.E0,2.E-1,3.7E-1));
#10566=VERTEX_POINT('',#10565);
#10567=CARTESIAN_POINT('',(0.E0,0.E0,0.E0));
#10568=DIRECTION('',(0.E0,-1.E0,0.E0));
#10569=DIRECTION('',(-1.E0,0.E0,0.E0));
#10570=AXIS2_PLACEMENT_3D('',#10567,#10568,#10569);
#10571=PLANE('',#10570);
#10573=ORIENTED_EDGE('',*,*,#10572,.F.);
#10575=ORIENTED_EDGE('',*,*,#10574,.F.);
#10577=ORIENTED_EDGE('',*,*,#10576,.F.);
#10579=ORIENTED_EDGE('',*,*,#10578,.F.);
#10580=EDGE_LOOP('',(#10573,#10575,#10577,#10579));
#10581=FACE_OUTER_BOUND('',#10580,.F.);
#10583=FILL_AREA_STYLE_COLOUR('',#22);
#10584=FILL_AREA_STYLE('',(#10583));
#10585=SURFACE_STYLE_FILL_AREA(#10584);
#10586=SURFACE_SIDE_STYLE('',(#10585));
#10587=SURFACE_STYLE_USAGE(.POSITIVE.,#10586);
#10588=PRESENTATION_STYLE_ASSIGNMENT((#10587));
#10589=OVER_RIDING_STYLED_ITEM('',(#10588),#10582,#10464);
#10590=CARTESIAN_POINT('',(-3.E0,0.E0,1.3E-1));
#10591=DIRECTION('',(0.E0,0.E0,1.E0));
#10592=DIRECTION('',(1.E0,0.E0,0.E0));
#10593=AXIS2_PLACEMENT_3D('',#10590,#10591,#10592);
#10594=PLANE('',#10593);
#10595=ORIENTED_EDGE('',*,*,#10572,.T.);
#10597=ORIENTED_EDGE('',*,*,#10596,.T.);
#10599=ORIENTED_EDGE('',*,*,#10598,.F.);
#10601=ORIENTED_EDGE('',*,*,#10600,.F.);
#10602=EDGE_LOOP('',(#10595,#10597,#10599,#10601));
#10603=FACE_OUTER_BOUND('',#10602,.F.);
#10605=CARTESIAN_POINT('',(-2.72E0,0.E0,2.5E-1));
#10606=DIRECTION('',(0.E0,-1.E0,0.E0));
#10607=DIRECTION('',(-1.E0,0.E0,0.E0));
#10608=AXIS2_PLACEMENT_3D('',#10605,#10606,#10607);
#10609=CYLINDRICAL_SURFACE('',#10608,1.2E-1);
#10610=ORIENTED_EDGE('',*,*,#10578,.T.);
#10612=ORIENTED_EDGE('',*,*,#10611,.T.);
#10614=ORIENTED_EDGE('',*,*,#10613,.F.);
#10615=ORIENTED_EDGE('',*,*,#10596,.F.);
#10616=EDGE_LOOP('',(#10610,#10612,#10614,#10615));
#10617=FACE_OUTER_BOUND('',#10616,.F.);
#10619=CARTESIAN_POINT('',(-2.72E0,0.E0,3.7E-1));
#10620=DIRECTION('',(0.E0,0.E0,-1.E0));
#10621=DIRECTION('',(-1.E0,0.E0,0.E0));
#10622=AXIS2_PLACEMENT_3D('',#10619,#10620,#10621);
#10623=PLANE('',#10622);
#10624=ORIENTED_EDGE('',*,*,#10576,.T.);
#10626=ORIENTED_EDGE('',*,*,#10625,.T.);
#10628=ORIENTED_EDGE('',*,*,#10627,.F.);
#10629=ORIENTED_EDGE('',*,*,#10611,.F.);
#10630=EDGE_LOOP('',(#10624,#10626,#10628,#10629));
#10631=FACE_OUTER_BOUND('',#10630,.F.);
#10633=CARTESIAN_POINT('',(-3.E0,0.E0,3.7E-1));
#10634=DIRECTION('',(1.E0,0.E0,0.E0));
#10635=DIRECTION('',(0.E0,0.E0,-1.E0));
#10636=AXIS2_PLACEMENT_3D('',#10633,#10634,#10635);
#10637=PLANE('',#10636);
#10638=ORIENTED_EDGE('',*,*,#10574,.T.);
#10639=ORIENTED_EDGE('',*,*,#10600,.T.);
#10641=ORIENTED_EDGE('',*,*,#10640,.F.);
#10642=ORIENTED_EDGE('',*,*,#10625,.F.);
#10643=EDGE_LOOP('',(#10638,#10639,#10641,#10642));
#10644=FACE_OUTER_BOUND('',#10643,.F.);
#10646=CARTESIAN_POINT('',(0.E0,2.E-1,0.E0));
#10647=DIRECTION('',(0.E0,-1.E0,0.E0));
#10648=DIRECTION('',(-1.E0,0.E0,0.E0));
#10649=AXIS2_PLACEMENT_3D('',#10646,#10647,#10648);
#10650=PLANE('',#10649);
#10651=ORIENTED_EDGE('',*,*,#10598,.T.);
#10652=ORIENTED_EDGE('',*,*,#10613,.T.);
#10653=ORIENTED_EDGE('',*,*,#10627,.T.);
#10654=ORIENTED_EDGE('',*,*,#10640,.T.);
#10655=EDGE_LOOP('',(#10651,#10652,#10653,#10654));
#10656=FACE_OUTER_BOUND('',#10655,.F.);
#10658=CLOSED_SHELL('',(#10582,#10604,#10618,#10632,#10645,#10657));
#10659=MANIFOLD_SOLID_BREP('',#10658);
#10660=FILL_AREA_STYLE_COLOUR('',#18);
#10661=FILL_AREA_STYLE('',(#10660));
#10662=SURFACE_STYLE_FILL_AREA(#10661);
#10663=SURFACE_SIDE_STYLE('',(#10662));
#10664=SURFACE_STYLE_USAGE(.POSITIVE.,#10663);
#10665=PRESENTATION_STYLE_ASSIGNMENT((#10664));
#10464=STYLED_ITEM('',(#10665),#10659);
#10667=DIRECTION('',(-1.E0,0.E0,0.E0));
#10668=VECTOR('',#10667,2.8E-1);
#10669=CARTESIAN_POINT('',(3.E0,0.E0,-3.7E-1));
#10670=LINE('',#10669,#10668);
#10671=CURVE_STYLE('',#33,POSITIVE_LENGTH_MEASURE(2.E-2),#18);
#10672=PRESENTATION_STYLE_ASSIGNMENT((#10671));
#10673=STYLED_ITEM('',(#10672),#10670);
#10674=CARTESIAN_POINT('',(2.72E0,0.E0,-2.5E-1));
#10675=DIRECTION('',(0.E0,1.E0,0.E0));
#10676=DIRECTION('',(0.E0,0.E0,-1.E0));
#10677=AXIS2_PLACEMENT_3D('',#10674,#10675,#10676);
#10679=CURVE_STYLE('',#33,POSITIVE_LENGTH_MEASURE(2.E-2),#18);
#10680=PRESENTATION_STYLE_ASSIGNMENT((#10679));
#10681=STYLED_ITEM('',(#10680),#10678);
#10682=DIRECTION('',(1.E0,0.E0,0.E0));
#10683=VECTOR('',#10682,2.8E-1);
#10684=CARTESIAN_POINT('',(2.72E0,0.E0,-1.3E-1));
#10685=LINE('',#10684,#10683);
#10686=CURVE_STYLE('',#33,POSITIVE_LENGTH_MEASURE(2.E-2),#18);
#10687=PRESENTATION_STYLE_ASSIGNMENT((#10686));
#10688=STYLED_ITEM('',(#10687),#10685);
#10689=DIRECTION('',(0.E0,0.E0,-1.E0));
#10690=VECTOR('',#10689,2.4E-1);
#10691=CARTESIAN_POINT('',(3.E0,0.E0,-1.3E-1));
#10692=LINE('',#10691,#10690);
#10693=CURVE_STYLE('',#33,POSITIVE_LENGTH_MEASURE(2.E-2),#18);
#10694=PRESENTATION_STYLE_ASSIGNMENT((#10693));
#10695=STYLED_ITEM('',(#10694),#10692);
#10696=DIRECTION('',(0.E0,1.E0,0.E0));
#10697=VECTOR('',#10696,2.E-1);
#10698=CARTESIAN_POINT('',(3.E0,0.E0,-3.7E-1));
#10699=LINE('',#10698,#10697);
#10700=CURVE_STYLE('',#33,POSITIVE_LENGTH_MEASURE(2.E-2),#18);
#10701=PRESENTATION_STYLE_ASSIGNMENT((#10700));
#10702=STYLED_ITEM('',(#10701),#10699);
#10703=DIRECTION('',(0.E0,1.E0,0.E0));
#10704=VECTOR('',#10703,2.E-1);
#10705=CARTESIAN_POINT('',(3.E0,0.E0,-1.3E-1));
#10706=LINE('',#10705,#10704);
#10707=CURVE_STYLE('',#33,POSITIVE_LENGTH_MEASURE(2.E-2),#18);
#10708=PRESENTATION_STYLE_ASSIGNMENT((#10707));
#10709=STYLED_ITEM('',(#10708),#10706);
#10710=DIRECTION('',(0.E0,1.E0,0.E0));
#10711=VECTOR('',#10710,2.E-1);
#10712=CARTESIAN_POINT('',(2.72E0,0.E0,-1.3E-1));
#10713=LINE('',#10712,#10711);
#10714=CURVE_STYLE('',#33,POSITIVE_LENGTH_MEASURE(2.E-2),#18);
#10715=PRESENTATION_STYLE_ASSIGNMENT((#10714));
#10716=STYLED_ITEM('',(#10715),#10713);
#10717=DIRECTION('',(0.E0,1.E0,0.E0));
#10718=VECTOR('',#10717,2.E-1);
#10719=CARTESIAN_POINT('',(2.72E0,0.E0,-3.7E-1));
#10720=LINE('',#10719,#10718);
#10721=CURVE_STYLE('',#33,POSITIVE_LENGTH_MEASURE(2.E-2),#18);
#10722=PRESENTATION_STYLE_ASSIGNMENT((#10721));
#10723=STYLED_ITEM('',(#10722),#10720);
#10724=DIRECTION('',(-1.E0,0.E0,0.E0));
#10725=VECTOR('',#10724,2.8E-1);
#10726=CARTESIAN_POINT('',(3.E0,2.E-1,-3.7E-1));
#10727=LINE('',#10726,#10725);
#10728=CURVE_STYLE('',#33,POSITIVE_LENGTH_MEASURE(2.E-2),#18);
#10729=PRESENTATION_STYLE_ASSIGNMENT((#10728));
#10730=STYLED_ITEM('',(#10729),#10727);
#10731=DIRECTION('',(0.E0,0.E0,-1.E0));
#10732=VECTOR('',#10731,2.4E-1);
#10733=CARTESIAN_POINT('',(3.E0,2.E-1,-1.3E-1));
#10734=LINE('',#10733,#10732);
#10735=CURVE_STYLE('',#33,POSITIVE_LENGTH_MEASURE(2.E-2),#18);
#10736=PRESENTATION_STYLE_ASSIGNMENT((#10735));
#10737=STYLED_ITEM('',(#10736),#10734);
#10738=DIRECTION('',(1.E0,0.E0,0.E0));
#10739=VECTOR('',#10738,2.8E-1);
#10740=CARTESIAN_POINT('',(2.72E0,2.E-1,-1.3E-1));
#10741=LINE('',#10740,#10739);
#10742=CURVE_STYLE('',#33,POSITIVE_LENGTH_MEASURE(2.E-2),#18);
#10743=PRESENTATION_STYLE_ASSIGNMENT((#10742));
#10744=STYLED_ITEM('',(#10743),#10741);
#10745=CARTESIAN_POINT('',(2.72E0,2.E-1,-2.5E-1));
#10746=DIRECTION('',(0.E0,1.E0,0.E0));
#10747=DIRECTION('',(0.E0,0.E0,-1.E0));
#10748=AXIS2_PLACEMENT_3D('',#10745,#10746,#10747);
#10750=CURVE_STYLE('',#33,POSITIVE_LENGTH_MEASURE(2.E-2),#18);
#10751=PRESENTATION_STYLE_ASSIGNMENT((#10750));
#10752=STYLED_ITEM('',(#10751),#10749);
#10753=CARTESIAN_POINT('',(3.E0,0.E0,-3.7E-1));
#10754=CARTESIAN_POINT('',(2.72E0,0.E0,-3.7E-1));
#10755=VERTEX_POINT('',#10753);
#10756=VERTEX_POINT('',#10754);
#10757=CARTESIAN_POINT('',(2.72E0,0.E0,-1.3E-1));
#10758=VERTEX_POINT('',#10757);
#10759=CARTESIAN_POINT('',(3.E0,0.E0,-1.3E-1));
#10760=VERTEX_POINT('',#10759);
#10761=CARTESIAN_POINT('',(3.E0,2.E-1,-3.7E-1));
#10762=CARTESIAN_POINT('',(2.72E0,2.E-1,-3.7E-1));
#10763=VERTEX_POINT('',#10761);
#10764=VERTEX_POINT('',#10762);
#10765=CARTESIAN_POINT('',(2.72E0,2.E-1,-1.3E-1));
#10766=VERTEX_POINT('',#10765);
#10767=CARTESIAN_POINT('',(3.E0,2.E-1,-1.3E-1));
#10768=VERTEX_POINT('',#10767);
#10769=CARTESIAN_POINT('',(0.E0,0.E0,0.E0));
#10770=DIRECTION('',(0.E0,1.E0,0.E0));
#10771=DIRECTION('',(1.E0,0.E0,0.E0));
#10772=AXIS2_PLACEMENT_3D('',#10769,#10770,#10771);
#10773=PLANE('',#10772);
#10775=ORIENTED_EDGE('',*,*,#10774,.T.);
#10777=ORIENTED_EDGE('',*,*,#10776,.T.);
#10779=ORIENTED_EDGE('',*,*,#10778,.T.);
#10781=ORIENTED_EDGE('',*,*,#10780,.T.);
#10782=EDGE_LOOP('',(#10775,#10777,#10779,#10781));
#10783=FACE_OUTER_BOUND('',#10782,.F.);
#10785=FILL_AREA_STYLE_COLOUR('',#22);
#10786=FILL_AREA_STYLE('',(#10785));
#10787=SURFACE_STYLE_FILL_AREA(#10786);
#10788=SURFACE_SIDE_STYLE('',(#10787));
#10789=SURFACE_STYLE_USAGE(.POSITIVE.,#10788);
#10790=PRESENTATION_STYLE_ASSIGNMENT((#10789));
#10791=OVER_RIDING_STYLED_ITEM('',(#10790),#10784,#10666);
#10792=CARTESIAN_POINT('',(3.E0,0.E0,-3.7E-1));
#10793=DIRECTION('',(0.E0,0.E0,-1.E0));
#10794=DIRECTION('',(-1.E0,0.E0,0.E0));
#10795=AXIS2_PLACEMENT_3D('',#10792,#10793,#10794);
#10796=PLANE('',#10795);
#10797=ORIENTED_EDGE('',*,*,#10774,.F.);
#10799=ORIENTED_EDGE('',*,*,#10798,.T.);
#10801=ORIENTED_EDGE('',*,*,#10800,.T.);
#10803=ORIENTED_EDGE('',*,*,#10802,.F.);
#10804=EDGE_LOOP('',(#10797,#10799,#10801,#10803));
#10805=FACE_OUTER_BOUND('',#10804,.F.);
#10807=CARTESIAN_POINT('',(3.E0,0.E0,-1.3E-1));
#10808=DIRECTION('',(1.E0,0.E0,0.E0));
#10809=DIRECTION('',(0.E0,0.E0,-1.E0));
#10810=AXIS2_PLACEMENT_3D('',#10807,#10808,#10809);
#10811=PLANE('',#10810);
#10812=ORIENTED_EDGE('',*,*,#10780,.F.);
#10814=ORIENTED_EDGE('',*,*,#10813,.T.);
#10816=ORIENTED_EDGE('',*,*,#10815,.T.);
#10817=ORIENTED_EDGE('',*,*,#10798,.F.);
#10818=EDGE_LOOP('',(#10812,#10814,#10816,#10817));
#10819=FACE_OUTER_BOUND('',#10818,.F.);
#10821=CARTESIAN_POINT('',(2.72E0,0.E0,-1.3E-1));
#10822=DIRECTION('',(0.E0,0.E0,1.E0));
#10823=DIRECTION('',(1.E0,0.E0,0.E0));
#10824=AXIS2_PLACEMENT_3D('',#10821,#10822,#10823);
#10825=PLANE('',#10824);
#10826=ORIENTED_EDGE('',*,*,#10778,.F.);
#10828=ORIENTED_EDGE('',*,*,#10827,.T.);
#10830=ORIENTED_EDGE('',*,*,#10829,.T.);
#10831=ORIENTED_EDGE('',*,*,#10813,.F.);
#10832=EDGE_LOOP('',(#10826,#10828,#10830,#10831));
#10833=FACE_OUTER_BOUND('',#10832,.F.);
#10835=CARTESIAN_POINT('',(2.72E0,0.E0,-2.5E-1));
#10836=DIRECTION('',(0.E0,1.E0,0.E0));
#10837=DIRECTION('',(1.E0,0.E0,0.E0));
#10838=AXIS2_PLACEMENT_3D('',#10835,#10836,#10837);
#10839=CYLINDRICAL_SURFACE('',#10838,1.2E-1);
#10840=ORIENTED_EDGE('',*,*,#10776,.F.);
#10841=ORIENTED_EDGE('',*,*,#10802,.T.);
#10843=ORIENTED_EDGE('',*,*,#10842,.T.);
#10844=ORIENTED_EDGE('',*,*,#10827,.F.);
#10845=EDGE_LOOP('',(#10840,#10841,#10843,#10844));
#10846=FACE_OUTER_BOUND('',#10845,.F.);
#10848=CARTESIAN_POINT('',(0.E0,2.E-1,0.E0));
#10849=DIRECTION('',(0.E0,1.E0,0.E0));
#10850=DIRECTION('',(1.E0,0.E0,0.E0));
#10851=AXIS2_PLACEMENT_3D('',#10848,#10849,#10850);
#10852=PLANE('',#10851);
#10853=ORIENTED_EDGE('',*,*,#10800,.F.);
#10854=ORIENTED_EDGE('',*,*,#10815,.F.);
#10855=ORIENTED_EDGE('',*,*,#10829,.F.);
#10856=ORIENTED_EDGE('',*,*,#10842,.F.);
#10857=EDGE_LOOP('',(#10853,#10854,#10855,#10856));
#10858=FACE_OUTER_BOUND('',#10857,.F.);
#10860=CLOSED_SHELL('',(#10784,#10806,#10820,#10834,#10847,#10859));
#10861=MANIFOLD_SOLID_BREP('',#10860);
#10862=FILL_AREA_STYLE_COLOUR('',#18);
#10863=FILL_AREA_STYLE('',(#10862));
#10864=SURFACE_STYLE_FILL_AREA(#10863);
#10865=SURFACE_SIDE_STYLE('',(#10864));
#10866=SURFACE_STYLE_USAGE(.POSITIVE.,#10865);
#10867=PRESENTATION_STYLE_ASSIGNMENT((#10866));
#10666=STYLED_ITEM('',(#10867),#10861);
#10869=DIRECTION('',(-1.E0,0.E0,0.E0));
#10870=VECTOR('',#10869,2.8E-1);
#10871=CARTESIAN_POINT('',(3.E0,0.E0,-8.7E-1));
#10872=LINE('',#10871,#10870);
#10873=CURVE_STYLE('',#33,POSITIVE_LENGTH_MEASURE(2.E-2),#18);
#10874=PRESENTATION_STYLE_ASSIGNMENT((#10873));
#10875=STYLED_ITEM('',(#10874),#10872);
#10876=CARTESIAN_POINT('',(2.72E0,0.E0,-7.5E-1));
#10877=DIRECTION('',(0.E0,1.E0,0.E0));
#10878=DIRECTION('',(0.E0,0.E0,-1.E0));
#10879=AXIS2_PLACEMENT_3D('',#10876,#10877,#10878);
#10881=CURVE_STYLE('',#33,POSITIVE_LENGTH_MEASURE(2.E-2),#18);
#10882=PRESENTATION_STYLE_ASSIGNMENT((#10881));
#10883=STYLED_ITEM('',(#10882),#10880);
#10884=DIRECTION('',(1.E0,0.E0,0.E0));
#10885=VECTOR('',#10884,2.8E-1);
#10886=CARTESIAN_POINT('',(2.72E0,0.E0,-6.3E-1));
#10887=LINE('',#10886,#10885);
#10888=CURVE_STYLE('',#33,POSITIVE_LENGTH_MEASURE(2.E-2),#18);
#10889=PRESENTATION_STYLE_ASSIGNMENT((#10888));
#10890=STYLED_ITEM('',(#10889),#10887);
#10891=DIRECTION('',(0.E0,0.E0,-1.E0));
#10892=VECTOR('',#10891,2.4E-1);
#10893=CARTESIAN_POINT('',(3.E0,0.E0,-6.3E-1));
#10894=LINE('',#10893,#10892);
#10895=CURVE_STYLE('',#33,POSITIVE_LENGTH_MEASURE(2.E-2),#18);
#10896=PRESENTATION_STYLE_ASSIGNMENT((#10895));
#10897=STYLED_ITEM('',(#10896),#10894);
#10898=DIRECTION('',(0.E0,1.E0,0.E0));
#10899=VECTOR('',#10898,2.E-1);
#10900=CARTESIAN_POINT('',(3.E0,0.E0,-8.7E-1));
#10901=LINE('',#10900,#10899);
#10902=CURVE_STYLE('',#33,POSITIVE_LENGTH_MEASURE(2.E-2),#18);
#10903=PRESENTATION_STYLE_ASSIGNMENT((#10902));
#10904=STYLED_ITEM('',(#10903),#10901);
#10905=DIRECTION('',(0.E0,1.E0,0.E0));
#10906=VECTOR('',#10905,2.E-1);
#10907=CARTESIAN_POINT('',(3.E0,0.E0,-6.3E-1));
#10908=LINE('',#10907,#10906);
#10909=CURVE_STYLE('',#33,POSITIVE_LENGTH_MEASURE(2.E-2),#18);
#10910=PRESENTATION_STYLE_ASSIGNMENT((#10909));
#10911=STYLED_ITEM('',(#10910),#10908);
#10912=DIRECTION('',(0.E0,1.E0,0.E0));
#10913=VECTOR('',#10912,2.E-1);
#10914=CARTESIAN_POINT('',(2.72E0,0.E0,-6.3E-1));
#10915=LINE('',#10914,#10913);
#10916=CURVE_STYLE('',#33,POSITIVE_LENGTH_MEASURE(2.E-2),#18);
#10917=PRESENTATION_STYLE_ASSIGNMENT((#10916));
#10918=STYLED_ITEM('',(#10917),#10915);
#10919=DIRECTION('',(0.E0,1.E0,0.E0));
#10920=VECTOR('',#10919,2.E-1);
#10921=CARTESIAN_POINT('',(2.72E0,0.E0,-8.7E-1));
#10922=LINE('',#10921,#10920);
#10923=CURVE_STYLE('',#33,POSITIVE_LENGTH_MEASURE(2.E-2),#18);
#10924=PRESENTATION_STYLE_ASSIGNMENT((#10923));
#10925=STYLED_ITEM('',(#10924),#10922);
#10926=DIRECTION('',(-1.E0,0.E0,0.E0));
#10927=VECTOR('',#10926,2.8E-1);
#10928=CARTESIAN_POINT('',(3.E0,2.E-1,-8.7E-1));
#10929=LINE('',#10928,#10927);
#10930=CURVE_STYLE('',#33,POSITIVE_LENGTH_MEASURE(2.E-2),#18);
#10931=PRESENTATION_STYLE_ASSIGNMENT((#10930));
#10932=STYLED_ITEM('',(#10931),#10929);
#10933=DIRECTION('',(0.E0,0.E0,-1.E0));
#10934=VECTOR('',#10933,2.4E-1);
#10935=CARTESIAN_POINT('',(3.E0,2.E-1,-6.3E-1));
#10936=LINE('',#10935,#10934);
#10937=CURVE_STYLE('',#33,POSITIVE_LENGTH_MEASURE(2.E-2),#18);
#10938=PRESENTATION_STYLE_ASSIGNMENT((#10937));
#10939=STYLED_ITEM('',(#10938),#10936);
#10940=DIRECTION('',(1.E0,0.E0,0.E0));
#10941=VECTOR('',#10940,2.8E-1);
#10942=CARTESIAN_POINT('',(2.72E0,2.E-1,-6.3E-1));
#10943=LINE('',#10942,#10941);
#10944=CURVE_STYLE('',#33,POSITIVE_LENGTH_MEASURE(2.E-2),#18);
#10945=PRESENTATION_STYLE_ASSIGNMENT((#10944));
#10946=STYLED_ITEM('',(#10945),#10943);
#10947=CARTESIAN_POINT('',(2.72E0,2.E-1,-7.5E-1));
#10948=DIRECTION('',(0.E0,1.E0,0.E0));
#10949=DIRECTION('',(0.E0,0.E0,-1.E0));
#10950=AXIS2_PLACEMENT_3D('',#10947,#10948,#10949);
#10952=CURVE_STYLE('',#33,POSITIVE_LENGTH_MEASURE(2.E-2),#18);
#10953=PRESENTATION_STYLE_ASSIGNMENT((#10952));
#10954=STYLED_ITEM('',(#10953),#10951);
#10955=CARTESIAN_POINT('',(3.E0,0.E0,-8.7E-1));
#10956=CARTESIAN_POINT('',(2.72E0,0.E0,-8.7E-1));
#10957=VERTEX_POINT('',#10955);
#10958=VERTEX_POINT('',#10956);
#10959=CARTESIAN_POINT('',(2.72E0,0.E0,-6.3E-1));
#10960=VERTEX_POINT('',#10959);
#10961=CARTESIAN_POINT('',(3.E0,0.E0,-6.3E-1));
#10962=VERTEX_POINT('',#10961);
#10963=CARTESIAN_POINT('',(3.E0,2.E-1,-8.7E-1));
#10964=CARTESIAN_POINT('',(2.72E0,2.E-1,-8.7E-1));
#10965=VERTEX_POINT('',#10963);
#10966=VERTEX_POINT('',#10964);
#10967=CARTESIAN_POINT('',(2.72E0,2.E-1,-6.3E-1));
#10968=VERTEX_POINT('',#10967);
#10969=CARTESIAN_POINT('',(3.E0,2.E-1,-6.3E-1));
#10970=VERTEX_POINT('',#10969);
#10971=CARTESIAN_POINT('',(0.E0,0.E0,0.E0));
#10972=DIRECTION('',(0.E0,1.E0,0.E0));
#10973=DIRECTION('',(1.E0,0.E0,0.E0));
#10974=AXIS2_PLACEMENT_3D('',#10971,#10972,#10973);
#10975=PLANE('',#10974);
#10977=ORIENTED_EDGE('',*,*,#10976,.T.);
#10979=ORIENTED_EDGE('',*,*,#10978,.T.);
#10981=ORIENTED_EDGE('',*,*,#10980,.T.);
#10983=ORIENTED_EDGE('',*,*,#10982,.T.);
#10984=EDGE_LOOP('',(#10977,#10979,#10981,#10983));
#10985=FACE_OUTER_BOUND('',#10984,.F.);
#10987=FILL_AREA_STYLE_COLOUR('',#22);
#10988=FILL_AREA_STYLE('',(#10987));
#10989=SURFACE_STYLE_FILL_AREA(#10988);
#10990=SURFACE_SIDE_STYLE('',(#10989));
#10991=SURFACE_STYLE_USAGE(.POSITIVE.,#10990);
#10992=PRESENTATION_STYLE_ASSIGNMENT((#10991));
#10993=OVER_RIDING_STYLED_ITEM('',(#10992),#10986,#10868);
#10994=CARTESIAN_POINT('',(3.E0,0.E0,-8.7E-1));
#10995=DIRECTION('',(0.E0,0.E0,-1.E0));
#10996=DIRECTION('',(-1.E0,0.E0,0.E0));
#10997=AXIS2_PLACEMENT_3D('',#10994,#10995,#10996);
#10998=PLANE('',#10997);
#10999=ORIENTED_EDGE('',*,*,#10976,.F.);
#11001=ORIENTED_EDGE('',*,*,#11000,.T.);
#11003=ORIENTED_EDGE('',*,*,#11002,.T.);
#11005=ORIENTED_EDGE('',*,*,#11004,.F.);
#11006=EDGE_LOOP('',(#10999,#11001,#11003,#11005));
#11007=FACE_OUTER_BOUND('',#11006,.F.);
#11009=CARTESIAN_POINT('',(3.E0,0.E0,-6.3E-1));
#11010=DIRECTION('',(1.E0,0.E0,0.E0));
#11011=DIRECTION('',(0.E0,0.E0,-1.E0));
#11012=AXIS2_PLACEMENT_3D('',#11009,#11010,#11011);
#11013=PLANE('',#11012);
#11014=ORIENTED_EDGE('',*,*,#10982,.F.);
#11016=ORIENTED_EDGE('',*,*,#11015,.T.);
#11018=ORIENTED_EDGE('',*,*,#11017,.T.);
#11019=ORIENTED_EDGE('',*,*,#11000,.F.);
#11020=EDGE_LOOP('',(#11014,#11016,#11018,#11019));
#11021=FACE_OUTER_BOUND('',#11020,.F.);
#11023=CARTESIAN_POINT('',(2.72E0,0.E0,-6.3E-1));
#11024=DIRECTION('',(0.E0,0.E0,1.E0));
#11025=DIRECTION('',(1.E0,0.E0,0.E0));
#11026=AXIS2_PLACEMENT_3D('',#11023,#11024,#11025);
#11027=PLANE('',#11026);
#11028=ORIENTED_EDGE('',*,*,#10980,.F.);
#11030=ORIENTED_EDGE('',*,*,#11029,.T.);
#11032=ORIENTED_EDGE('',*,*,#11031,.T.);
#11033=ORIENTED_EDGE('',*,*,#11015,.F.);
#11034=EDGE_LOOP('',(#11028,#11030,#11032,#11033));
#11035=FACE_OUTER_BOUND('',#11034,.F.);
#11037=CARTESIAN_POINT('',(2.72E0,0.E0,-7.5E-1));
#11038=DIRECTION('',(0.E0,1.E0,0.E0));
#11039=DIRECTION('',(1.E0,0.E0,0.E0));
#11040=AXIS2_PLACEMENT_3D('',#11037,#11038,#11039);
#11041=CYLINDRICAL_SURFACE('',#11040,1.2E-1);
#11042=ORIENTED_EDGE('',*,*,#10978,.F.);
#11043=ORIENTED_EDGE('',*,*,#11004,.T.);
#11045=ORIENTED_EDGE('',*,*,#11044,.T.);
#11046=ORIENTED_EDGE('',*,*,#11029,.F.);
#11047=EDGE_LOOP('',(#11042,#11043,#11045,#11046));
#11048=FACE_OUTER_BOUND('',#11047,.F.);
#11050=CARTESIAN_POINT('',(0.E0,2.E-1,0.E0));
#11051=DIRECTION('',(0.E0,1.E0,0.E0));
#11052=DIRECTION('',(1.E0,0.E0,0.E0));
#11053=AXIS2_PLACEMENT_3D('',#11050,#11051,#11052);
#11054=PLANE('',#11053);
#11055=ORIENTED_EDGE('',*,*,#11002,.F.);
#11056=ORIENTED_EDGE('',*,*,#11017,.F.);
#11057=ORIENTED_EDGE('',*,*,#11031,.F.);
#11058=ORIENTED_EDGE('',*,*,#11044,.F.);
#11059=EDGE_LOOP('',(#11055,#11056,#11057,#11058));
#11060=FACE_OUTER_BOUND('',#11059,.F.);
#11062=CLOSED_SHELL('',(#10986,#11008,#11022,#11036,#11049,#11061));
#11063=MANIFOLD_SOLID_BREP('',#11062);
#11064=FILL_AREA_STYLE_COLOUR('',#18);
#11065=FILL_AREA_STYLE('',(#11064));
#11066=SURFACE_STYLE_FILL_AREA(#11065);
#11067=SURFACE_SIDE_STYLE('',(#11066));
#11068=SURFACE_STYLE_USAGE(.POSITIVE.,#11067);
#11069=PRESENTATION_STYLE_ASSIGNMENT((#11068));
#10868=STYLED_ITEM('',(#11069),#11063);
#11071=DIRECTION('',(-1.E0,0.E0,0.E0));
#11072=VECTOR('',#11071,2.8E-1);
#11073=CARTESIAN_POINT('',(3.E0,0.E0,-1.37E0));
#11074=LINE('',#11073,#11072);
#11075=CURVE_STYLE('',#33,POSITIVE_LENGTH_MEASURE(2.E-2),#18);
#11076=PRESENTATION_STYLE_ASSIGNMENT((#11075));
#11077=STYLED_ITEM('',(#11076),#11074);
#11078=CARTESIAN_POINT('',(2.72E0,0.E0,-1.25E0));
#11079=DIRECTION('',(0.E0,1.E0,0.E0));
#11080=DIRECTION('',(0.E0,0.E0,-1.E0));
#11081=AXIS2_PLACEMENT_3D('',#11078,#11079,#11080);
#11083=CURVE_STYLE('',#33,POSITIVE_LENGTH_MEASURE(2.E-2),#18);
#11084=PRESENTATION_STYLE_ASSIGNMENT((#11083));
#11085=STYLED_ITEM('',(#11084),#11082);
#11086=DIRECTION('',(1.E0,0.E0,0.E0));
#11087=VECTOR('',#11086,2.8E-1);
#11088=CARTESIAN_POINT('',(2.72E0,0.E0,-1.13E0));
#11089=LINE('',#11088,#11087);
#11090=CURVE_STYLE('',#33,POSITIVE_LENGTH_MEASURE(2.E-2),#18);
#11091=PRESENTATION_STYLE_ASSIGNMENT((#11090));
#11092=STYLED_ITEM('',(#11091),#11089);
#11093=DIRECTION('',(0.E0,0.E0,-1.E0));
#11094=VECTOR('',#11093,2.4E-1);
#11095=CARTESIAN_POINT('',(3.E0,0.E0,-1.13E0));
#11096=LINE('',#11095,#11094);
#11097=CURVE_STYLE('',#33,POSITIVE_LENGTH_MEASURE(2.E-2),#18);
#11098=PRESENTATION_STYLE_ASSIGNMENT((#11097));
#11099=STYLED_ITEM('',(#11098),#11096);
#11100=DIRECTION('',(0.E0,1.E0,0.E0));
#11101=VECTOR('',#11100,2.E-1);
#11102=CARTESIAN_POINT('',(3.E0,0.E0,-1.37E0));
#11103=LINE('',#11102,#11101);
#11104=CURVE_STYLE('',#33,POSITIVE_LENGTH_MEASURE(2.E-2),#18);
#11105=PRESENTATION_STYLE_ASSIGNMENT((#11104));
#11106=STYLED_ITEM('',(#11105),#11103);
#11107=DIRECTION('',(0.E0,1.E0,0.E0));
#11108=VECTOR('',#11107,2.E-1);
#11109=CARTESIAN_POINT('',(3.E0,0.E0,-1.13E0));
#11110=LINE('',#11109,#11108);
#11111=CURVE_STYLE('',#33,POSITIVE_LENGTH_MEASURE(2.E-2),#18);
#11112=PRESENTATION_STYLE_ASSIGNMENT((#11111));
#11113=STYLED_ITEM('',(#11112),#11110);
#11114=DIRECTION('',(0.E0,1.E0,0.E0));
#11115=VECTOR('',#11114,2.E-1);
#11116=CARTESIAN_POINT('',(2.72E0,0.E0,-1.13E0));
#11117=LINE('',#11116,#11115);
#11118=CURVE_STYLE('',#33,POSITIVE_LENGTH_MEASURE(2.E-2),#18);
#11119=PRESENTATION_STYLE_ASSIGNMENT((#11118));
#11120=STYLED_ITEM('',(#11119),#11117);
#11121=DIRECTION('',(0.E0,1.E0,0.E0));
#11122=VECTOR('',#11121,2.E-1);
#11123=CARTESIAN_POINT('',(2.72E0,0.E0,-1.37E0));
#11124=LINE('',#11123,#11122);
#11125=CURVE_STYLE('',#33,POSITIVE_LENGTH_MEASURE(2.E-2),#18);
#11126=PRESENTATION_STYLE_ASSIGNMENT((#11125));
#11127=STYLED_ITEM('',(#11126),#11124);
#11128=DIRECTION('',(-1.E0,0.E0,0.E0));
#11129=VECTOR('',#11128,2.8E-1);
#11130=CARTESIAN_POINT('',(3.E0,2.E-1,-1.37E0));
#11131=LINE('',#11130,#11129);
#11132=CURVE_STYLE('',#33,POSITIVE_LENGTH_MEASURE(2.E-2),#18);
#11133=PRESENTATION_STYLE_ASSIGNMENT((#11132));
#11134=STYLED_ITEM('',(#11133),#11131);
#11135=DIRECTION('',(0.E0,0.E0,-1.E0));
#11136=VECTOR('',#11135,2.4E-1);
#11137=CARTESIAN_POINT('',(3.E0,2.E-1,-1.13E0));
#11138=LINE('',#11137,#11136);
#11139=CURVE_STYLE('',#33,POSITIVE_LENGTH_MEASURE(2.E-2),#18);
#11140=PRESENTATION_STYLE_ASSIGNMENT((#11139));
#11141=STYLED_ITEM('',(#11140),#11138);
#11142=DIRECTION('',(1.E0,0.E0,0.E0));
#11143=VECTOR('',#11142,2.8E-1);
#11144=CARTESIAN_POINT('',(2.72E0,2.E-1,-1.13E0));
#11145=LINE('',#11144,#11143);
#11146=CURVE_STYLE('',#33,POSITIVE_LENGTH_MEASURE(2.E-2),#18);
#11147=PRESENTATION_STYLE_ASSIGNMENT((#11146));
#11148=STYLED_ITEM('',(#11147),#11145);
#11149=CARTESIAN_POINT('',(2.72E0,2.E-1,-1.25E0));
#11150=DIRECTION('',(0.E0,1.E0,0.E0));
#11151=DIRECTION('',(0.E0,0.E0,-1.E0));
#11152=AXIS2_PLACEMENT_3D('',#11149,#11150,#11151);
#11154=CURVE_STYLE('',#33,POSITIVE_LENGTH_MEASURE(2.E-2),#18);
#11155=PRESENTATION_STYLE_ASSIGNMENT((#11154));
#11156=STYLED_ITEM('',(#11155),#11153);
#11157=CARTESIAN_POINT('',(3.E0,0.E0,-1.37E0));
#11158=CARTESIAN_POINT('',(2.72E0,0.E0,-1.37E0));
#11159=VERTEX_POINT('',#11157);
#11160=VERTEX_POINT('',#11158);
#11161=CARTESIAN_POINT('',(2.72E0,0.E0,-1.13E0));
#11162=VERTEX_POINT('',#11161);
#11163=CARTESIAN_POINT('',(3.E0,0.E0,-1.13E0));
#11164=VERTEX_POINT('',#11163);
#11165=CARTESIAN_POINT('',(3.E0,2.E-1,-1.37E0));
#11166=CARTESIAN_POINT('',(2.72E0,2.E-1,-1.37E0));
#11167=VERTEX_POINT('',#11165);
#11168=VERTEX_POINT('',#11166);
#11169=CARTESIAN_POINT('',(2.72E0,2.E-1,-1.13E0));
#11170=VERTEX_POINT('',#11169);
#11171=CARTESIAN_POINT('',(3.E0,2.E-1,-1.13E0));
#11172=VERTEX_POINT('',#11171);
#11173=CARTESIAN_POINT('',(0.E0,0.E0,0.E0));
#11174=DIRECTION('',(0.E0,1.E0,0.E0));
#11175=DIRECTION('',(1.E0,0.E0,0.E0));
#11176=AXIS2_PLACEMENT_3D('',#11173,#11174,#11175);
#11177=PLANE('',#11176);
#11179=ORIENTED_EDGE('',*,*,#11178,.T.);
#11181=ORIENTED_EDGE('',*,*,#11180,.T.);
#11183=ORIENTED_EDGE('',*,*,#11182,.T.);
#11185=ORIENTED_EDGE('',*,*,#11184,.T.);
#11186=EDGE_LOOP('',(#11179,#11181,#11183,#11185));
#11187=FACE_OUTER_BOUND('',#11186,.F.);
#11189=FILL_AREA_STYLE_COLOUR('',#22);
#11190=FILL_AREA_STYLE('',(#11189));
#11191=SURFACE_STYLE_FILL_AREA(#11190);
#11192=SURFACE_SIDE_STYLE('',(#11191));
#11193=SURFACE_STYLE_USAGE(.POSITIVE.,#11192);
#11194=PRESENTATION_STYLE_ASSIGNMENT((#11193));
#11195=OVER_RIDING_STYLED_ITEM('',(#11194),#11188,#11070);
#11196=CARTESIAN_POINT('',(3.E0,0.E0,-1.37E0));
#11197=DIRECTION('',(0.E0,0.E0,-1.E0));
#11198=DIRECTION('',(-1.E0,0.E0,0.E0));
#11199=AXIS2_PLACEMENT_3D('',#11196,#11197,#11198);
#11200=PLANE('',#11199);
#11201=ORIENTED_EDGE('',*,*,#11178,.F.);
#11203=ORIENTED_EDGE('',*,*,#11202,.T.);
#11205=ORIENTED_EDGE('',*,*,#11204,.T.);
#11207=ORIENTED_EDGE('',*,*,#11206,.F.);
#11208=EDGE_LOOP('',(#11201,#11203,#11205,#11207));
#11209=FACE_OUTER_BOUND('',#11208,.F.);
#11211=CARTESIAN_POINT('',(3.E0,0.E0,-1.13E0));
#11212=DIRECTION('',(1.E0,0.E0,0.E0));
#11213=DIRECTION('',(0.E0,0.E0,-1.E0));
#11214=AXIS2_PLACEMENT_3D('',#11211,#11212,#11213);
#11215=PLANE('',#11214);
#11216=ORIENTED_EDGE('',*,*,#11184,.F.);
#11218=ORIENTED_EDGE('',*,*,#11217,.T.);
#11220=ORIENTED_EDGE('',*,*,#11219,.T.);
#11221=ORIENTED_EDGE('',*,*,#11202,.F.);
#11222=EDGE_LOOP('',(#11216,#11218,#11220,#11221));
#11223=FACE_OUTER_BOUND('',#11222,.F.);
#11225=CARTESIAN_POINT('',(2.72E0,0.E0,-1.13E0));
#11226=DIRECTION('',(0.E0,0.E0,1.E0));
#11227=DIRECTION('',(1.E0,0.E0,0.E0));
#11228=AXIS2_PLACEMENT_3D('',#11225,#11226,#11227);
#11229=PLANE('',#11228);
#11230=ORIENTED_EDGE('',*,*,#11182,.F.);
#11232=ORIENTED_EDGE('',*,*,#11231,.T.);
#11234=ORIENTED_EDGE('',*,*,#11233,.T.);
#11235=ORIENTED_EDGE('',*,*,#11217,.F.);
#11236=EDGE_LOOP('',(#11230,#11232,#11234,#11235));
#11237=FACE_OUTER_BOUND('',#11236,.F.);
#11239=CARTESIAN_POINT('',(2.72E0,0.E0,-1.25E0));
#11240=DIRECTION('',(0.E0,1.E0,0.E0));
#11241=DIRECTION('',(1.E0,0.E0,0.E0));
#11242=AXIS2_PLACEMENT_3D('',#11239,#11240,#11241);
#11243=CYLINDRICAL_SURFACE('',#11242,1.2E-1);
#11244=ORIENTED_EDGE('',*,*,#11180,.F.);
#11245=ORIENTED_EDGE('',*,*,#11206,.T.);
#11247=ORIENTED_EDGE('',*,*,#11246,.T.);
#11248=ORIENTED_EDGE('',*,*,#11231,.F.);
#11249=EDGE_LOOP('',(#11244,#11245,#11247,#11248));
#11250=FACE_OUTER_BOUND('',#11249,.F.);
#11252=CARTESIAN_POINT('',(0.E0,2.E-1,0.E0));
#11253=DIRECTION('',(0.E0,1.E0,0.E0));
#11254=DIRECTION('',(1.E0,0.E0,0.E0));
#11255=AXIS2_PLACEMENT_3D('',#11252,#11253,#11254);
#11256=PLANE('',#11255);
#11257=ORIENTED_EDGE('',*,*,#11204,.F.);
#11258=ORIENTED_EDGE('',*,*,#11219,.F.);
#11259=ORIENTED_EDGE('',*,*,#11233,.F.);
#11260=ORIENTED_EDGE('',*,*,#11246,.F.);
#11261=EDGE_LOOP('',(#11257,#11258,#11259,#11260));
#11262=FACE_OUTER_BOUND('',#11261,.F.);
#11264=CLOSED_SHELL('',(#11188,#11210,#11224,#11238,#11251,#11263));
#11265=MANIFOLD_SOLID_BREP('',#11264);
#11266=FILL_AREA_STYLE_COLOUR('',#18);
#11267=FILL_AREA_STYLE('',(#11266));
#11268=SURFACE_STYLE_FILL_AREA(#11267);
#11269=SURFACE_SIDE_STYLE('',(#11268));
#11270=SURFACE_STYLE_USAGE(.POSITIVE.,#11269);
#11271=PRESENTATION_STYLE_ASSIGNMENT((#11270));
#11070=STYLED_ITEM('',(#11271),#11265);
#11273=DIRECTION('',(-1.E0,0.E0,0.E0));
#11274=VECTOR('',#11273,2.8E-1);
#11275=CARTESIAN_POINT('',(3.E0,0.E0,-1.87E0));
#11276=LINE('',#11275,#11274);
#11277=CURVE_STYLE('',#33,POSITIVE_LENGTH_MEASURE(2.E-2),#18);
#11278=PRESENTATION_STYLE_ASSIGNMENT((#11277));
#11279=STYLED_ITEM('',(#11278),#11276);
#11280=CARTESIAN_POINT('',(2.72E0,0.E0,-1.75E0));
#11281=DIRECTION('',(0.E0,1.E0,0.E0));
#11282=DIRECTION('',(0.E0,0.E0,-1.E0));
#11283=AXIS2_PLACEMENT_3D('',#11280,#11281,#11282);
#11285=CURVE_STYLE('',#33,POSITIVE_LENGTH_MEASURE(2.E-2),#18);
#11286=PRESENTATION_STYLE_ASSIGNMENT((#11285));
#11287=STYLED_ITEM('',(#11286),#11284);
#11288=DIRECTION('',(1.E0,0.E0,0.E0));
#11289=VECTOR('',#11288,2.8E-1);
#11290=CARTESIAN_POINT('',(2.72E0,0.E0,-1.63E0));
#11291=LINE('',#11290,#11289);
#11292=CURVE_STYLE('',#33,POSITIVE_LENGTH_MEASURE(2.E-2),#18);
#11293=PRESENTATION_STYLE_ASSIGNMENT((#11292));
#11294=STYLED_ITEM('',(#11293),#11291);
#11295=DIRECTION('',(0.E0,0.E0,-1.E0));
#11296=VECTOR('',#11295,2.4E-1);
#11297=CARTESIAN_POINT('',(3.E0,0.E0,-1.63E0));
#11298=LINE('',#11297,#11296);
#11299=CURVE_STYLE('',#33,POSITIVE_LENGTH_MEASURE(2.E-2),#18);
#11300=PRESENTATION_STYLE_ASSIGNMENT((#11299));
#11301=STYLED_ITEM('',(#11300),#11298);
#11302=DIRECTION('',(0.E0,1.E0,0.E0));
#11303=VECTOR('',#11302,2.E-1);
#11304=CARTESIAN_POINT('',(3.E0,0.E0,-1.87E0));
#11305=LINE('',#11304,#11303);
#11306=CURVE_STYLE('',#33,POSITIVE_LENGTH_MEASURE(2.E-2),#18);
#11307=PRESENTATION_STYLE_ASSIGNMENT((#11306));
#11308=STYLED_ITEM('',(#11307),#11305);
#11309=DIRECTION('',(0.E0,1.E0,0.E0));
#11310=VECTOR('',#11309,2.E-1);
#11311=CARTESIAN_POINT('',(3.E0,0.E0,-1.63E0));
#11312=LINE('',#11311,#11310);
#11313=CURVE_STYLE('',#33,POSITIVE_LENGTH_MEASURE(2.E-2),#18);
#11314=PRESENTATION_STYLE_ASSIGNMENT((#11313));
#11315=STYLED_ITEM('',(#11314),#11312);
#11316=DIRECTION('',(0.E0,1.E0,0.E0));
#11317=VECTOR('',#11316,2.E-1);
#11318=CARTESIAN_POINT('',(2.72E0,0.E0,-1.63E0));
#11319=LINE('',#11318,#11317);
#11320=CURVE_STYLE('',#33,POSITIVE_LENGTH_MEASURE(2.E-2),#18);
#11321=PRESENTATION_STYLE_ASSIGNMENT((#11320));
#11322=STYLED_ITEM('',(#11321),#11319);
#11323=DIRECTION('',(0.E0,1.E0,0.E0));
#11324=VECTOR('',#11323,2.E-1);
#11325=CARTESIAN_POINT('',(2.72E0,0.E0,-1.87E0));
#11326=LINE('',#11325,#11324);
#11327=CURVE_STYLE('',#33,POSITIVE_LENGTH_MEASURE(2.E-2),#18);
#11328=PRESENTATION_STYLE_ASSIGNMENT((#11327));
#11329=STYLED_ITEM('',(#11328),#11326);
#11330=DIRECTION('',(-1.E0,0.E0,0.E0));
#11331=VECTOR('',#11330,2.8E-1);
#11332=CARTESIAN_POINT('',(3.E0,2.E-1,-1.87E0));
#11333=LINE('',#11332,#11331);
#11334=CURVE_STYLE('',#33,POSITIVE_LENGTH_MEASURE(2.E-2),#18);
#11335=PRESENTATION_STYLE_ASSIGNMENT((#11334));
#11336=STYLED_ITEM('',(#11335),#11333);
#11337=DIRECTION('',(0.E0,0.E0,-1.E0));
#11338=VECTOR('',#11337,2.4E-1);
#11339=CARTESIAN_POINT('',(3.E0,2.E-1,-1.63E0));
#11340=LINE('',#11339,#11338);
#11341=CURVE_STYLE('',#33,POSITIVE_LENGTH_MEASURE(2.E-2),#18);
#11342=PRESENTATION_STYLE_ASSIGNMENT((#11341));
#11343=STYLED_ITEM('',(#11342),#11340);
#11344=DIRECTION('',(1.E0,0.E0,0.E0));
#11345=VECTOR('',#11344,2.8E-1);
#11346=CARTESIAN_POINT('',(2.72E0,2.E-1,-1.63E0));
#11347=LINE('',#11346,#11345);
#11348=CURVE_STYLE('',#33,POSITIVE_LENGTH_MEASURE(2.E-2),#18);
#11349=PRESENTATION_STYLE_ASSIGNMENT((#11348));
#11350=STYLED_ITEM('',(#11349),#11347);
#11351=CARTESIAN_POINT('',(2.72E0,2.E-1,-1.75E0));
#11352=DIRECTION('',(0.E0,1.E0,0.E0));
#11353=DIRECTION('',(0.E0,0.E0,-1.E0));
#11354=AXIS2_PLACEMENT_3D('',#11351,#11352,#11353);
#11356=CURVE_STYLE('',#33,POSITIVE_LENGTH_MEASURE(2.E-2),#18);
#11357=PRESENTATION_STYLE_ASSIGNMENT((#11356));
#11358=STYLED_ITEM('',(#11357),#11355);
#11359=CARTESIAN_POINT('',(3.E0,0.E0,-1.87E0));
#11360=CARTESIAN_POINT('',(2.72E0,0.E0,-1.87E0));
#11361=VERTEX_POINT('',#11359);
#11362=VERTEX_POINT('',#11360);
#11363=CARTESIAN_POINT('',(2.72E0,0.E0,-1.63E0));
#11364=VERTEX_POINT('',#11363);
#11365=CARTESIAN_POINT('',(3.E0,0.E0,-1.63E0));
#11366=VERTEX_POINT('',#11365);
#11367=CARTESIAN_POINT('',(3.E0,2.E-1,-1.87E0));
#11368=CARTESIAN_POINT('',(2.72E0,2.E-1,-1.87E0));
#11369=VERTEX_POINT('',#11367);
#11370=VERTEX_POINT('',#11368);
#11371=CARTESIAN_POINT('',(2.72E0,2.E-1,-1.63E0));
#11372=VERTEX_POINT('',#11371);
#11373=CARTESIAN_POINT('',(3.E0,2.E-1,-1.63E0));
#11374=VERTEX_POINT('',#11373);
#11375=CARTESIAN_POINT('',(0.E0,0.E0,0.E0));
#11376=DIRECTION('',(0.E0,1.E0,0.E0));
#11377=DIRECTION('',(1.E0,0.E0,0.E0));
#11378=AXIS2_PLACEMENT_3D('',#11375,#11376,#11377);
#11379=PLANE('',#11378);
#11381=ORIENTED_EDGE('',*,*,#11380,.T.);
#11383=ORIENTED_EDGE('',*,*,#11382,.T.);
#11385=ORIENTED_EDGE('',*,*,#11384,.T.);
#11387=ORIENTED_EDGE('',*,*,#11386,.T.);
#11388=EDGE_LOOP('',(#11381,#11383,#11385,#11387));
#11389=FACE_OUTER_BOUND('',#11388,.F.);
#11391=FILL_AREA_STYLE_COLOUR('',#22);
#11392=FILL_AREA_STYLE('',(#11391));
#11393=SURFACE_STYLE_FILL_AREA(#11392);
#11394=SURFACE_SIDE_STYLE('',(#11393));
#11395=SURFACE_STYLE_USAGE(.POSITIVE.,#11394);
#11396=PRESENTATION_STYLE_ASSIGNMENT((#11395));
#11397=OVER_RIDING_STYLED_ITEM('',(#11396),#11390,#11272);
#11398=CARTESIAN_POINT('',(3.E0,0.E0,-1.87E0));
#11399=DIRECTION('',(0.E0,0.E0,-1.E0));
#11400=DIRECTION('',(-1.E0,0.E0,0.E0));
#11401=AXIS2_PLACEMENT_3D('',#11398,#11399,#11400);
#11402=PLANE('',#11401);
#11403=ORIENTED_EDGE('',*,*,#11380,.F.);
#11405=ORIENTED_EDGE('',*,*,#11404,.T.);
#11407=ORIENTED_EDGE('',*,*,#11406,.T.);
#11409=ORIENTED_EDGE('',*,*,#11408,.F.);
#11410=EDGE_LOOP('',(#11403,#11405,#11407,#11409));
#11411=FACE_OUTER_BOUND('',#11410,.F.);
#11413=CARTESIAN_POINT('',(3.E0,0.E0,-1.63E0));
#11414=DIRECTION('',(1.E0,0.E0,0.E0));
#11415=DIRECTION('',(0.E0,0.E0,-1.E0));
#11416=AXIS2_PLACEMENT_3D('',#11413,#11414,#11415);
#11417=PLANE('',#11416);
#11418=ORIENTED_EDGE('',*,*,#11386,.F.);
#11420=ORIENTED_EDGE('',*,*,#11419,.T.);
#11422=ORIENTED_EDGE('',*,*,#11421,.T.);
#11423=ORIENTED_EDGE('',*,*,#11404,.F.);
#11424=EDGE_LOOP('',(#11418,#11420,#11422,#11423));
#11425=FACE_OUTER_BOUND('',#11424,.F.);
#11427=CARTESIAN_POINT('',(2.72E0,0.E0,-1.63E0));
#11428=DIRECTION('',(0.E0,0.E0,1.E0));
#11429=DIRECTION('',(1.E0,0.E0,0.E0));
#11430=AXIS2_PLACEMENT_3D('',#11427,#11428,#11429);
#11431=PLANE('',#11430);
#11432=ORIENTED_EDGE('',*,*,#11384,.F.);
#11434=ORIENTED_EDGE('',*,*,#11433,.T.);
#11436=ORIENTED_EDGE('',*,*,#11435,.T.);
#11437=ORIENTED_EDGE('',*,*,#11419,.F.);
#11438=EDGE_LOOP('',(#11432,#11434,#11436,#11437));
#11439=FACE_OUTER_BOUND('',#11438,.F.);
#11441=CARTESIAN_POINT('',(2.72E0,0.E0,-1.75E0));
#11442=DIRECTION('',(0.E0,1.E0,0.E0));
#11443=DIRECTION('',(1.E0,0.E0,0.E0));
#11444=AXIS2_PLACEMENT_3D('',#11441,#11442,#11443);
#11445=CYLINDRICAL_SURFACE('',#11444,1.2E-1);
#11446=ORIENTED_EDGE('',*,*,#11382,.F.);
#11447=ORIENTED_EDGE('',*,*,#11408,.T.);
#11449=ORIENTED_EDGE('',*,*,#11448,.T.);
#11450=ORIENTED_EDGE('',*,*,#11433,.F.);
#11451=EDGE_LOOP('',(#11446,#11447,#11449,#11450));
#11452=FACE_OUTER_BOUND('',#11451,.F.);
#11454=CARTESIAN_POINT('',(0.E0,2.E-1,0.E0));
#11455=DIRECTION('',(0.E0,1.E0,0.E0));
#11456=DIRECTION('',(1.E0,0.E0,0.E0));
#11457=AXIS2_PLACEMENT_3D('',#11454,#11455,#11456);
#11458=PLANE('',#11457);
#11459=ORIENTED_EDGE('',*,*,#11406,.F.);
#11460=ORIENTED_EDGE('',*,*,#11421,.F.);
#11461=ORIENTED_EDGE('',*,*,#11435,.F.);
#11462=ORIENTED_EDGE('',*,*,#11448,.F.);
#11463=EDGE_LOOP('',(#11459,#11460,#11461,#11462));
#11464=FACE_OUTER_BOUND('',#11463,.F.);
#11466=CLOSED_SHELL('',(#11390,#11412,#11426,#11440,#11453,#11465));
#11467=MANIFOLD_SOLID_BREP('',#11466);
#11468=FILL_AREA_STYLE_COLOUR('',#18);
#11469=FILL_AREA_STYLE('',(#11468));
#11470=SURFACE_STYLE_FILL_AREA(#11469);
#11471=SURFACE_SIDE_STYLE('',(#11470));
#11472=SURFACE_STYLE_USAGE(.POSITIVE.,#11471);
#11473=PRESENTATION_STYLE_ASSIGNMENT((#11472));
#11272=STYLED_ITEM('',(#11473),#11467);
#11475=DIRECTION('',(-1.E0,0.E0,0.E0));
#11476=VECTOR('',#11475,2.8E-1);
#11477=CARTESIAN_POINT('',(3.E0,0.E0,-2.37E0));
#11478=LINE('',#11477,#11476);
#11479=CURVE_STYLE('',#33,POSITIVE_LENGTH_MEASURE(2.E-2),#18);
#11480=PRESENTATION_STYLE_ASSIGNMENT((#11479));
#11481=STYLED_ITEM('',(#11480),#11478);
#11482=CARTESIAN_POINT('',(2.72E0,0.E0,-2.25E0));
#11483=DIRECTION('',(0.E0,1.E0,0.E0));
#11484=DIRECTION('',(0.E0,0.E0,-1.E0));
#11485=AXIS2_PLACEMENT_3D('',#11482,#11483,#11484);
#11487=CURVE_STYLE('',#33,POSITIVE_LENGTH_MEASURE(2.E-2),#18);
#11488=PRESENTATION_STYLE_ASSIGNMENT((#11487));
#11489=STYLED_ITEM('',(#11488),#11486);
#11490=DIRECTION('',(1.E0,0.E0,0.E0));
#11491=VECTOR('',#11490,2.8E-1);
#11492=CARTESIAN_POINT('',(2.72E0,0.E0,-2.13E0));
#11493=LINE('',#11492,#11491);
#11494=CURVE_STYLE('',#33,POSITIVE_LENGTH_MEASURE(2.E-2),#18);
#11495=PRESENTATION_STYLE_ASSIGNMENT((#11494));
#11496=STYLED_ITEM('',(#11495),#11493);
#11497=DIRECTION('',(0.E0,0.E0,-1.E0));
#11498=VECTOR('',#11497,2.4E-1);
#11499=CARTESIAN_POINT('',(3.E0,0.E0,-2.13E0));
#11500=LINE('',#11499,#11498);
#11501=CURVE_STYLE('',#33,POSITIVE_LENGTH_MEASURE(2.E-2),#18);
#11502=PRESENTATION_STYLE_ASSIGNMENT((#11501));
#11503=STYLED_ITEM('',(#11502),#11500);
#11504=DIRECTION('',(0.E0,1.E0,0.E0));
#11505=VECTOR('',#11504,2.E-1);
#11506=CARTESIAN_POINT('',(3.E0,0.E0,-2.37E0));
#11507=LINE('',#11506,#11505);
#11508=CURVE_STYLE('',#33,POSITIVE_LENGTH_MEASURE(2.E-2),#18);
#11509=PRESENTATION_STYLE_ASSIGNMENT((#11508));
#11510=STYLED_ITEM('',(#11509),#11507);
#11511=DIRECTION('',(0.E0,1.E0,0.E0));
#11512=VECTOR('',#11511,2.E-1);
#11513=CARTESIAN_POINT('',(3.E0,0.E0,-2.13E0));
#11514=LINE('',#11513,#11512);
#11515=CURVE_STYLE('',#33,POSITIVE_LENGTH_MEASURE(2.E-2),#18);
#11516=PRESENTATION_STYLE_ASSIGNMENT((#11515));
#11517=STYLED_ITEM('',(#11516),#11514);
#11518=DIRECTION('',(0.E0,1.E0,0.E0));
#11519=VECTOR('',#11518,2.E-1);
#11520=CARTESIAN_POINT('',(2.72E0,0.E0,-2.13E0));
#11521=LINE('',#11520,#11519);
#11522=CURVE_STYLE('',#33,POSITIVE_LENGTH_MEASURE(2.E-2),#18);
#11523=PRESENTATION_STYLE_ASSIGNMENT((#11522));
#11524=STYLED_ITEM('',(#11523),#11521);
#11525=DIRECTION('',(0.E0,1.E0,0.E0));
#11526=VECTOR('',#11525,2.E-1);
#11527=CARTESIAN_POINT('',(2.72E0,0.E0,-2.37E0));
#11528=LINE('',#11527,#11526);
#11529=CURVE_STYLE('',#33,POSITIVE_LENGTH_MEASURE(2.E-2),#18);
#11530=PRESENTATION_STYLE_ASSIGNMENT((#11529));
#11531=STYLED_ITEM('',(#11530),#11528);
#11532=DIRECTION('',(-1.E0,0.E0,0.E0));
#11533=VECTOR('',#11532,2.8E-1);
#11534=CARTESIAN_POINT('',(3.E0,2.E-1,-2.37E0));
#11535=LINE('',#11534,#11533);
#11536=CURVE_STYLE('',#33,POSITIVE_LENGTH_MEASURE(2.E-2),#18);
#11537=PRESENTATION_STYLE_ASSIGNMENT((#11536));
#11538=STYLED_ITEM('',(#11537),#11535);
#11539=DIRECTION('',(0.E0,0.E0,-1.E0));
#11540=VECTOR('',#11539,2.4E-1);
#11541=CARTESIAN_POINT('',(3.E0,2.E-1,-2.13E0));
#11542=LINE('',#11541,#11540);
#11543=CURVE_STYLE('',#33,POSITIVE_LENGTH_MEASURE(2.E-2),#18);
#11544=PRESENTATION_STYLE_ASSIGNMENT((#11543));
#11545=STYLED_ITEM('',(#11544),#11542);
#11546=DIRECTION('',(1.E0,0.E0,0.E0));
#11547=VECTOR('',#11546,2.8E-1);
#11548=CARTESIAN_POINT('',(2.72E0,2.E-1,-2.13E0));
#11549=LINE('',#11548,#11547);
#11550=CURVE_STYLE('',#33,POSITIVE_LENGTH_MEASURE(2.E-2),#18);
#11551=PRESENTATION_STYLE_ASSIGNMENT((#11550));
#11552=STYLED_ITEM('',(#11551),#11549);
#11553=CARTESIAN_POINT('',(2.72E0,2.E-1,-2.25E0));
#11554=DIRECTION('',(0.E0,1.E0,0.E0));
#11555=DIRECTION('',(0.E0,0.E0,-1.E0));
#11556=AXIS2_PLACEMENT_3D('',#11553,#11554,#11555);
#11558=CURVE_STYLE('',#33,POSITIVE_LENGTH_MEASURE(2.E-2),#18);
#11559=PRESENTATION_STYLE_ASSIGNMENT((#11558));
#11560=STYLED_ITEM('',(#11559),#11557);
#11561=CARTESIAN_POINT('',(3.E0,0.E0,-2.37E0));
#11562=CARTESIAN_POINT('',(2.72E0,0.E0,-2.37E0));
#11563=VERTEX_POINT('',#11561);
#11564=VERTEX_POINT('',#11562);
#11565=CARTESIAN_POINT('',(2.72E0,0.E0,-2.13E0));
#11566=VERTEX_POINT('',#11565);
#11567=CARTESIAN_POINT('',(3.E0,0.E0,-2.13E0));
#11568=VERTEX_POINT('',#11567);
#11569=CARTESIAN_POINT('',(3.E0,2.E-1,-2.37E0));
#11570=CARTESIAN_POINT('',(2.72E0,2.E-1,-2.37E0));
#11571=VERTEX_POINT('',#11569);
#11572=VERTEX_POINT('',#11570);
#11573=CARTESIAN_POINT('',(2.72E0,2.E-1,-2.13E0));
#11574=VERTEX_POINT('',#11573);
#11575=CARTESIAN_POINT('',(3.E0,2.E-1,-2.13E0));
#11576=VERTEX_POINT('',#11575);
#11577=CARTESIAN_POINT('',(0.E0,0.E0,0.E0));
#11578=DIRECTION('',(0.E0,1.E0,0.E0));
#11579=DIRECTION('',(1.E0,0.E0,0.E0));
#11580=AXIS2_PLACEMENT_3D('',#11577,#11578,#11579);
#11581=PLANE('',#11580);
#11583=ORIENTED_EDGE('',*,*,#11582,.T.);
#11585=ORIENTED_EDGE('',*,*,#11584,.T.);
#11587=ORIENTED_EDGE('',*,*,#11586,.T.);
#11589=ORIENTED_EDGE('',*,*,#11588,.T.);
#11590=EDGE_LOOP('',(#11583,#11585,#11587,#11589));
#11591=FACE_OUTER_BOUND('',#11590,.F.);
#11593=FILL_AREA_STYLE_COLOUR('',#22);
#11594=FILL_AREA_STYLE('',(#11593));
#11595=SURFACE_STYLE_FILL_AREA(#11594);
#11596=SURFACE_SIDE_STYLE('',(#11595));
#11597=SURFACE_STYLE_USAGE(.POSITIVE.,#11596);
#11598=PRESENTATION_STYLE_ASSIGNMENT((#11597));
#11599=OVER_RIDING_STYLED_ITEM('',(#11598),#11592,#11474);
#11600=CARTESIAN_POINT('',(3.E0,0.E0,-2.37E0));
#11601=DIRECTION('',(0.E0,0.E0,-1.E0));
#11602=DIRECTION('',(-1.E0,0.E0,0.E0));
#11603=AXIS2_PLACEMENT_3D('',#11600,#11601,#11602);
#11604=PLANE('',#11603);
#11605=ORIENTED_EDGE('',*,*,#11582,.F.);
#11607=ORIENTED_EDGE('',*,*,#11606,.T.);
#11609=ORIENTED_EDGE('',*,*,#11608,.T.);
#11611=ORIENTED_EDGE('',*,*,#11610,.F.);
#11612=EDGE_LOOP('',(#11605,#11607,#11609,#11611));
#11613=FACE_OUTER_BOUND('',#11612,.F.);
#11615=CARTESIAN_POINT('',(3.E0,0.E0,-2.13E0));
#11616=DIRECTION('',(1.E0,0.E0,0.E0));
#11617=DIRECTION('',(0.E0,0.E0,-1.E0));
#11618=AXIS2_PLACEMENT_3D('',#11615,#11616,#11617);
#11619=PLANE('',#11618);
#11620=ORIENTED_EDGE('',*,*,#11588,.F.);
#11622=ORIENTED_EDGE('',*,*,#11621,.T.);
#11624=ORIENTED_EDGE('',*,*,#11623,.T.);
#11625=ORIENTED_EDGE('',*,*,#11606,.F.);
#11626=EDGE_LOOP('',(#11620,#11622,#11624,#11625));
#11627=FACE_OUTER_BOUND('',#11626,.F.);
#11629=CARTESIAN_POINT('',(2.72E0,0.E0,-2.13E0));
#11630=DIRECTION('',(0.E0,0.E0,1.E0));
#11631=DIRECTION('',(1.E0,0.E0,0.E0));
#11632=AXIS2_PLACEMENT_3D('',#11629,#11630,#11631);
#11633=PLANE('',#11632);
#11634=ORIENTED_EDGE('',*,*,#11586,.F.);
#11636=ORIENTED_EDGE('',*,*,#11635,.T.);
#11638=ORIENTED_EDGE('',*,*,#11637,.T.);
#11639=ORIENTED_EDGE('',*,*,#11621,.F.);
#11640=EDGE_LOOP('',(#11634,#11636,#11638,#11639));
#11641=FACE_OUTER_BOUND('',#11640,.F.);
#11643=CARTESIAN_POINT('',(2.72E0,0.E0,-2.25E0));
#11644=DIRECTION('',(0.E0,1.E0,0.E0));
#11645=DIRECTION('',(1.E0,0.E0,0.E0));
#11646=AXIS2_PLACEMENT_3D('',#11643,#11644,#11645);
#11647=CYLINDRICAL_SURFACE('',#11646,1.2E-1);
#11648=ORIENTED_EDGE('',*,*,#11584,.F.);
#11649=ORIENTED_EDGE('',*,*,#11610,.T.);
#11651=ORIENTED_EDGE('',*,*,#11650,.T.);
#11652=ORIENTED_EDGE('',*,*,#11635,.F.);
#11653=EDGE_LOOP('',(#11648,#11649,#11651,#11652));
#11654=FACE_OUTER_BOUND('',#11653,.F.);
#11656=CARTESIAN_POINT('',(0.E0,2.E-1,0.E0));
#11657=DIRECTION('',(0.E0,1.E0,0.E0));
#11658=DIRECTION('',(1.E0,0.E0,0.E0));
#11659=AXIS2_PLACEMENT_3D('',#11656,#11657,#11658);
#11660=PLANE('',#11659);
#11661=ORIENTED_EDGE('',*,*,#11608,.F.);
#11662=ORIENTED_EDGE('',*,*,#11623,.F.);
#11663=ORIENTED_EDGE('',*,*,#11637,.F.);
#11664=ORIENTED_EDGE('',*,*,#11650,.F.);
#11665=EDGE_LOOP('',(#11661,#11662,#11663,#11664));
#11666=FACE_OUTER_BOUND('',#11665,.F.);
#11668=CLOSED_SHELL('',(#11592,#11614,#11628,#11642,#11655,#11667));
#11669=MANIFOLD_SOLID_BREP('',#11668);
#11670=FILL_AREA_STYLE_COLOUR('',#18);
#11671=FILL_AREA_STYLE('',(#11670));
#11672=SURFACE_STYLE_FILL_AREA(#11671);
#11673=SURFACE_SIDE_STYLE('',(#11672));
#11674=SURFACE_STYLE_USAGE(.POSITIVE.,#11673);
#11675=PRESENTATION_STYLE_ASSIGNMENT((#11674));
#11474=STYLED_ITEM('',(#11675),#11669);
#11677=DIRECTION('',(1.E0,0.E0,0.E0));
#11678=VECTOR('',#11677,2.8E-1);
#11679=CARTESIAN_POINT('',(-3.E0,0.E0,-3.7E-1));
#11680=LINE('',#11679,#11678);
#11681=CURVE_STYLE('',#33,POSITIVE_LENGTH_MEASURE(2.E-2),#18);
#11682=PRESENTATION_STYLE_ASSIGNMENT((#11681));
#11683=STYLED_ITEM('',(#11682),#11680);
#11684=DIRECTION('',(0.E0,0.E0,-1.E0));
#11685=VECTOR('',#11684,2.4E-1);
#11686=CARTESIAN_POINT('',(-3.E0,0.E0,-1.3E-1));
#11687=LINE('',#11686,#11685);
#11688=CURVE_STYLE('',#33,POSITIVE_LENGTH_MEASURE(2.E-2),#18);
#11689=PRESENTATION_STYLE_ASSIGNMENT((#11688));
#11690=STYLED_ITEM('',(#11689),#11687);
#11691=DIRECTION('',(-1.E0,0.E0,0.E0));
#11692=VECTOR('',#11691,2.8E-1);
#11693=CARTESIAN_POINT('',(-2.72E0,0.E0,-1.3E-1));
#11694=LINE('',#11693,#11692);
#11695=CURVE_STYLE('',#33,POSITIVE_LENGTH_MEASURE(2.E-2),#18);
#11696=PRESENTATION_STYLE_ASSIGNMENT((#11695));
#11697=STYLED_ITEM('',(#11696),#11694);
#11698=CARTESIAN_POINT('',(-2.72E0,0.E0,-2.5E-1));
#11699=DIRECTION('',(0.E0,-1.E0,0.E0));
#11700=DIRECTION('',(0.E0,0.E0,-1.E0));
#11701=AXIS2_PLACEMENT_3D('',#11698,#11699,#11700);
#11703=CURVE_STYLE('',#33,POSITIVE_LENGTH_MEASURE(2.E-2),#18);
#11704=PRESENTATION_STYLE_ASSIGNMENT((#11703));
#11705=STYLED_ITEM('',(#11704),#11702);
#11706=DIRECTION('',(0.E0,1.E0,0.E0));
#11707=VECTOR('',#11706,2.E-1);
#11708=CARTESIAN_POINT('',(-3.E0,0.E0,-3.7E-1));
#11709=LINE('',#11708,#11707);
#11710=CURVE_STYLE('',#33,POSITIVE_LENGTH_MEASURE(2.E-2),#18);
#11711=PRESENTATION_STYLE_ASSIGNMENT((#11710));
#11712=STYLED_ITEM('',(#11711),#11709);
#11713=DIRECTION('',(0.E0,1.E0,0.E0));
#11714=VECTOR('',#11713,2.E-1);
#11715=CARTESIAN_POINT('',(-2.72E0,0.E0,-3.7E-1));
#11716=LINE('',#11715,#11714);
#11717=CURVE_STYLE('',#33,POSITIVE_LENGTH_MEASURE(2.E-2),#18);
#11718=PRESENTATION_STYLE_ASSIGNMENT((#11717));
#11719=STYLED_ITEM('',(#11718),#11716);
#11720=DIRECTION('',(0.E0,1.E0,0.E0));
#11721=VECTOR('',#11720,2.E-1);
#11722=CARTESIAN_POINT('',(-2.72E0,0.E0,-1.3E-1));
#11723=LINE('',#11722,#11721);
#11724=CURVE_STYLE('',#33,POSITIVE_LENGTH_MEASURE(2.E-2),#18);
#11725=PRESENTATION_STYLE_ASSIGNMENT((#11724));
#11726=STYLED_ITEM('',(#11725),#11723);
#11727=DIRECTION('',(0.E0,1.E0,0.E0));
#11728=VECTOR('',#11727,2.E-1);
#11729=CARTESIAN_POINT('',(-3.E0,0.E0,-1.3E-1));
#11730=LINE('',#11729,#11728);
#11731=CURVE_STYLE('',#33,POSITIVE_LENGTH_MEASURE(2.E-2),#18);
#11732=PRESENTATION_STYLE_ASSIGNMENT((#11731));
#11733=STYLED_ITEM('',(#11732),#11730);
#11734=DIRECTION('',(1.E0,0.E0,0.E0));
#11735=VECTOR('',#11734,2.8E-1);
#11736=CARTESIAN_POINT('',(-3.E0,2.E-1,-3.7E-1));
#11737=LINE('',#11736,#11735);
#11738=CURVE_STYLE('',#33,POSITIVE_LENGTH_MEASURE(2.E-2),#18);
#11739=PRESENTATION_STYLE_ASSIGNMENT((#11738));
#11740=STYLED_ITEM('',(#11739),#11737);
#11741=CARTESIAN_POINT('',(-2.72E0,2.E-1,-2.5E-1));
#11742=DIRECTION('',(0.E0,-1.E0,0.E0));
#11743=DIRECTION('',(0.E0,0.E0,-1.E0));
#11744=AXIS2_PLACEMENT_3D('',#11741,#11742,#11743);
#11746=CURVE_STYLE('',#33,POSITIVE_LENGTH_MEASURE(2.E-2),#18);
#11747=PRESENTATION_STYLE_ASSIGNMENT((#11746));
#11748=STYLED_ITEM('',(#11747),#11745);
#11749=DIRECTION('',(-1.E0,0.E0,0.E0));
#11750=VECTOR('',#11749,2.8E-1);
#11751=CARTESIAN_POINT('',(-2.72E0,2.E-1,-1.3E-1));
#11752=LINE('',#11751,#11750);
#11753=CURVE_STYLE('',#33,POSITIVE_LENGTH_MEASURE(2.E-2),#18);
#11754=PRESENTATION_STYLE_ASSIGNMENT((#11753));
#11755=STYLED_ITEM('',(#11754),#11752);
#11756=DIRECTION('',(0.E0,0.E0,-1.E0));
#11757=VECTOR('',#11756,2.4E-1);
#11758=CARTESIAN_POINT('',(-3.E0,2.E-1,-1.3E-1));
#11759=LINE('',#11758,#11757);
#11760=CURVE_STYLE('',#33,POSITIVE_LENGTH_MEASURE(2.E-2),#18);
#11761=PRESENTATION_STYLE_ASSIGNMENT((#11760));
#11762=STYLED_ITEM('',(#11761),#11759);
#11763=CARTESIAN_POINT('',(-3.E0,0.E0,-3.7E-1));
#11764=CARTESIAN_POINT('',(-2.72E0,0.E0,-3.7E-1));
#11765=VERTEX_POINT('',#11763);
#11766=VERTEX_POINT('',#11764);
#11767=CARTESIAN_POINT('',(-2.72E0,0.E0,-1.3E-1));
#11768=VERTEX_POINT('',#11767);
#11769=CARTESIAN_POINT('',(-3.E0,0.E0,-1.3E-1));
#11770=VERTEX_POINT('',#11769);
#11771=CARTESIAN_POINT('',(-3.E0,2.E-1,-3.7E-1));
#11772=CARTESIAN_POINT('',(-2.72E0,2.E-1,-3.7E-1));
#11773=VERTEX_POINT('',#11771);
#11774=VERTEX_POINT('',#11772);
#11775=CARTESIAN_POINT('',(-2.72E0,2.E-1,-1.3E-1));
#11776=VERTEX_POINT('',#11775);
#11777=CARTESIAN_POINT('',(-3.E0,2.E-1,-1.3E-1));
#11778=VERTEX_POINT('',#11777);
#11779=CARTESIAN_POINT('',(0.E0,0.E0,0.E0));
#11780=DIRECTION('',(0.E0,-1.E0,0.E0));
#11781=DIRECTION('',(-1.E0,0.E0,0.E0));
#11782=AXIS2_PLACEMENT_3D('',#11779,#11780,#11781);
#11783=PLANE('',#11782);
#11785=ORIENTED_EDGE('',*,*,#11784,.F.);
#11787=ORIENTED_EDGE('',*,*,#11786,.F.);
#11789=ORIENTED_EDGE('',*,*,#11788,.F.);
#11791=ORIENTED_EDGE('',*,*,#11790,.F.);
#11792=EDGE_LOOP('',(#11785,#11787,#11789,#11791));
#11793=FACE_OUTER_BOUND('',#11792,.F.);
#11795=FILL_AREA_STYLE_COLOUR('',#22);
#11796=FILL_AREA_STYLE('',(#11795));
#11797=SURFACE_STYLE_FILL_AREA(#11796);
#11798=SURFACE_SIDE_STYLE('',(#11797));
#11799=SURFACE_STYLE_USAGE(.POSITIVE.,#11798);
#11800=PRESENTATION_STYLE_ASSIGNMENT((#11799));
#11801=OVER_RIDING_STYLED_ITEM('',(#11800),#11794,#11676);
#11802=CARTESIAN_POINT('',(-3.E0,0.E0,-3.7E-1));
#11803=DIRECTION('',(0.E0,0.E0,1.E0));
#11804=DIRECTION('',(1.E0,0.E0,0.E0));
#11805=AXIS2_PLACEMENT_3D('',#11802,#11803,#11804);
#11806=PLANE('',#11805);
#11807=ORIENTED_EDGE('',*,*,#11784,.T.);
#11809=ORIENTED_EDGE('',*,*,#11808,.T.);
#11811=ORIENTED_EDGE('',*,*,#11810,.F.);
#11813=ORIENTED_EDGE('',*,*,#11812,.F.);
#11814=EDGE_LOOP('',(#11807,#11809,#11811,#11813));
#11815=FACE_OUTER_BOUND('',#11814,.F.);
#11817=CARTESIAN_POINT('',(-2.72E0,0.E0,-2.5E-1));
#11818=DIRECTION('',(0.E0,-1.E0,0.E0));
#11819=DIRECTION('',(-1.E0,0.E0,0.E0));
#11820=AXIS2_PLACEMENT_3D('',#11817,#11818,#11819);
#11821=CYLINDRICAL_SURFACE('',#11820,1.2E-1);
#11822=ORIENTED_EDGE('',*,*,#11790,.T.);
#11824=ORIENTED_EDGE('',*,*,#11823,.T.);
#11826=ORIENTED_EDGE('',*,*,#11825,.F.);
#11827=ORIENTED_EDGE('',*,*,#11808,.F.);
#11828=EDGE_LOOP('',(#11822,#11824,#11826,#11827));
#11829=FACE_OUTER_BOUND('',#11828,.F.);
#11831=CARTESIAN_POINT('',(-2.72E0,0.E0,-1.3E-1));
#11832=DIRECTION('',(0.E0,0.E0,-1.E0));
#11833=DIRECTION('',(-1.E0,0.E0,0.E0));
#11834=AXIS2_PLACEMENT_3D('',#11831,#11832,#11833);
#11835=PLANE('',#11834);
#11836=ORIENTED_EDGE('',*,*,#11788,.T.);
#11838=ORIENTED_EDGE('',*,*,#11837,.T.);
#11840=ORIENTED_EDGE('',*,*,#11839,.F.);
#11841=ORIENTED_EDGE('',*,*,#11823,.F.);
#11842=EDGE_LOOP('',(#11836,#11838,#11840,#11841));
#11843=FACE_OUTER_BOUND('',#11842,.F.);
#11845=CARTESIAN_POINT('',(-3.E0,0.E0,-1.3E-1));
#11846=DIRECTION('',(1.E0,0.E0,0.E0));
#11847=DIRECTION('',(0.E0,0.E0,-1.E0));
#11848=AXIS2_PLACEMENT_3D('',#11845,#11846,#11847);
#11849=PLANE('',#11848);
#11850=ORIENTED_EDGE('',*,*,#11786,.T.);
#11851=ORIENTED_EDGE('',*,*,#11812,.T.);
#11853=ORIENTED_EDGE('',*,*,#11852,.F.);
#11854=ORIENTED_EDGE('',*,*,#11837,.F.);
#11855=EDGE_LOOP('',(#11850,#11851,#11853,#11854));
#11856=FACE_OUTER_BOUND('',#11855,.F.);
#11858=CARTESIAN_POINT('',(0.E0,2.E-1,0.E0));
#11859=DIRECTION('',(0.E0,-1.E0,0.E0));
#11860=DIRECTION('',(-1.E0,0.E0,0.E0));
#11861=AXIS2_PLACEMENT_3D('',#11858,#11859,#11860);
#11862=PLANE('',#11861);
#11863=ORIENTED_EDGE('',*,*,#11810,.T.);
#11864=ORIENTED_EDGE('',*,*,#11825,.T.);
#11865=ORIENTED_EDGE('',*,*,#11839,.T.);
#11866=ORIENTED_EDGE('',*,*,#11852,.T.);
#11867=EDGE_LOOP('',(#11863,#11864,#11865,#11866));
#11868=FACE_OUTER_BOUND('',#11867,.F.);
#11870=CLOSED_SHELL('',(#11794,#11816,#11830,#11844,#11857,#11869));
#11871=MANIFOLD_SOLID_BREP('',#11870);
#11872=FILL_AREA_STYLE_COLOUR('',#18);
#11873=FILL_AREA_STYLE('',(#11872));
#11874=SURFACE_STYLE_FILL_AREA(#11873);
#11875=SURFACE_SIDE_STYLE('',(#11874));
#11876=SURFACE_STYLE_USAGE(.POSITIVE.,#11875);
#11877=PRESENTATION_STYLE_ASSIGNMENT((#11876));
#11676=STYLED_ITEM('',(#11877),#11871);
#11879=DIRECTION('',(1.E0,0.E0,0.E0));
#11880=VECTOR('',#11879,2.8E-1);
#11881=CARTESIAN_POINT('',(-3.E0,0.E0,-8.7E-1));
#11882=LINE('',#11881,#11880);
#11883=CURVE_STYLE('',#33,POSITIVE_LENGTH_MEASURE(2.E-2),#18);
#11884=PRESENTATION_STYLE_ASSIGNMENT((#11883));
#11885=STYLED_ITEM('',(#11884),#11882);
#11886=DIRECTION('',(0.E0,0.E0,-1.E0));
#11887=VECTOR('',#11886,2.4E-1);
#11888=CARTESIAN_POINT('',(-3.E0,0.E0,-6.3E-1));
#11889=LINE('',#11888,#11887);
#11890=CURVE_STYLE('',#33,POSITIVE_LENGTH_MEASURE(2.E-2),#18);
#11891=PRESENTATION_STYLE_ASSIGNMENT((#11890));
#11892=STYLED_ITEM('',(#11891),#11889);
#11893=DIRECTION('',(-1.E0,0.E0,0.E0));
#11894=VECTOR('',#11893,2.8E-1);
#11895=CARTESIAN_POINT('',(-2.72E0,0.E0,-6.3E-1));
#11896=LINE('',#11895,#11894);
#11897=CURVE_STYLE('',#33,POSITIVE_LENGTH_MEASURE(2.E-2),#18);
#11898=PRESENTATION_STYLE_ASSIGNMENT((#11897));
#11899=STYLED_ITEM('',(#11898),#11896);
#11900=CARTESIAN_POINT('',(-2.72E0,0.E0,-7.5E-1));
#11901=DIRECTION('',(0.E0,-1.E0,0.E0));
#11902=DIRECTION('',(0.E0,0.E0,-1.E0));
#11903=AXIS2_PLACEMENT_3D('',#11900,#11901,#11902);
#11905=CURVE_STYLE('',#33,POSITIVE_LENGTH_MEASURE(2.E-2),#18);
#11906=PRESENTATION_STYLE_ASSIGNMENT((#11905));
#11907=STYLED_ITEM('',(#11906),#11904);
#11908=DIRECTION('',(0.E0,1.E0,0.E0));
#11909=VECTOR('',#11908,2.E-1);
#11910=CARTESIAN_POINT('',(-3.E0,0.E0,-8.7E-1));
#11911=LINE('',#11910,#11909);
#11912=CURVE_STYLE('',#33,POSITIVE_LENGTH_MEASURE(2.E-2),#18);
#11913=PRESENTATION_STYLE_ASSIGNMENT((#11912));
#11914=STYLED_ITEM('',(#11913),#11911);
#11915=DIRECTION('',(0.E0,1.E0,0.E0));
#11916=VECTOR('',#11915,2.E-1);
#11917=CARTESIAN_POINT('',(-2.72E0,0.E0,-8.7E-1));
#11918=LINE('',#11917,#11916);
#11919=CURVE_STYLE('',#33,POSITIVE_LENGTH_MEASURE(2.E-2),#18);
#11920=PRESENTATION_STYLE_ASSIGNMENT((#11919));
#11921=STYLED_ITEM('',(#11920),#11918);
#11922=DIRECTION('',(0.E0,1.E0,0.E0));
#11923=VECTOR('',#11922,2.E-1);
#11924=CARTESIAN_POINT('',(-2.72E0,0.E0,-6.3E-1));
#11925=LINE('',#11924,#11923);
#11926=CURVE_STYLE('',#33,POSITIVE_LENGTH_MEASURE(2.E-2),#18);
#11927=PRESENTATION_STYLE_ASSIGNMENT((#11926));
#11928=STYLED_ITEM('',(#11927),#11925);
#11929=DIRECTION('',(0.E0,1.E0,0.E0));
#11930=VECTOR('',#11929,2.E-1);
#11931=CARTESIAN_POINT('',(-3.E0,0.E0,-6.3E-1));
#11932=LINE('',#11931,#11930);
#11933=CURVE_STYLE('',#33,POSITIVE_LENGTH_MEASURE(2.E-2),#18);
#11934=PRESENTATION_STYLE_ASSIGNMENT((#11933));
#11935=STYLED_ITEM('',(#11934),#11932);
#11936=DIRECTION('',(1.E0,0.E0,0.E0));
#11937=VECTOR('',#11936,2.8E-1);
#11938=CARTESIAN_POINT('',(-3.E0,2.E-1,-8.7E-1));
#11939=LINE('',#11938,#11937);
#11940=CURVE_STYLE('',#33,POSITIVE_LENGTH_MEASURE(2.E-2),#18);
#11941=PRESENTATION_STYLE_ASSIGNMENT((#11940));
#11942=STYLED_ITEM('',(#11941),#11939);
#11943=CARTESIAN_POINT('',(-2.72E0,2.E-1,-7.5E-1));
#11944=DIRECTION('',(0.E0,-1.E0,0.E0));
#11945=DIRECTION('',(0.E0,0.E0,-1.E0));
#11946=AXIS2_PLACEMENT_3D('',#11943,#11944,#11945);
#11948=CURVE_STYLE('',#33,POSITIVE_LENGTH_MEASURE(2.E-2),#18);
#11949=PRESENTATION_STYLE_ASSIGNMENT((#11948));
#11950=STYLED_ITEM('',(#11949),#11947);
#11951=DIRECTION('',(-1.E0,0.E0,0.E0));
#11952=VECTOR('',#11951,2.8E-1);
#11953=CARTESIAN_POINT('',(-2.72E0,2.E-1,-6.3E-1));
#11954=LINE('',#11953,#11952);
#11955=CURVE_STYLE('',#33,POSITIVE_LENGTH_MEASURE(2.E-2),#18);
#11956=PRESENTATION_STYLE_ASSIGNMENT((#11955));
#11957=STYLED_ITEM('',(#11956),#11954);
#11958=DIRECTION('',(0.E0,0.E0,-1.E0));
#11959=VECTOR('',#11958,2.4E-1);
#11960=CARTESIAN_POINT('',(-3.E0,2.E-1,-6.3E-1));
#11961=LINE('',#11960,#11959);
#11962=CURVE_STYLE('',#33,POSITIVE_LENGTH_MEASURE(2.E-2),#18);
#11963=PRESENTATION_STYLE_ASSIGNMENT((#11962));
#11964=STYLED_ITEM('',(#11963),#11961);
#11965=CARTESIAN_POINT('',(-3.E0,0.E0,-8.7E-1));
#11966=CARTESIAN_POINT('',(-2.72E0,0.E0,-8.7E-1));
#11967=VERTEX_POINT('',#11965);
#11968=VERTEX_POINT('',#11966);
#11969=CARTESIAN_POINT('',(-2.72E0,0.E0,-6.3E-1));
#11970=VERTEX_POINT('',#11969);
#11971=CARTESIAN_POINT('',(-3.E0,0.E0,-6.3E-1));
#11972=VERTEX_POINT('',#11971);
#11973=CARTESIAN_POINT('',(-3.E0,2.E-1,-8.7E-1));
#11974=CARTESIAN_POINT('',(-2.72E0,2.E-1,-8.7E-1));
#11975=VERTEX_POINT('',#11973);
#11976=VERTEX_POINT('',#11974);
#11977=CARTESIAN_POINT('',(-2.72E0,2.E-1,-6.3E-1));
#11978=VERTEX_POINT('',#11977);
#11979=CARTESIAN_POINT('',(-3.E0,2.E-1,-6.3E-1));
#11980=VERTEX_POINT('',#11979);
#11981=CARTESIAN_POINT('',(0.E0,0.E0,0.E0));
#11982=DIRECTION('',(0.E0,-1.E0,0.E0));
#11983=DIRECTION('',(-1.E0,0.E0,0.E0));
#11984=AXIS2_PLACEMENT_3D('',#11981,#11982,#11983);
#11985=PLANE('',#11984);
#11987=ORIENTED_EDGE('',*,*,#11986,.F.);
#11989=ORIENTED_EDGE('',*,*,#11988,.F.);
#11991=ORIENTED_EDGE('',*,*,#11990,.F.);
#11993=ORIENTED_EDGE('',*,*,#11992,.F.);
#11994=EDGE_LOOP('',(#11987,#11989,#11991,#11993));
#11995=FACE_OUTER_BOUND('',#11994,.F.);
#11997=FILL_AREA_STYLE_COLOUR('',#22);
#11998=FILL_AREA_STYLE('',(#11997));
#11999=SURFACE_STYLE_FILL_AREA(#11998);
#12000=SURFACE_SIDE_STYLE('',(#11999));
#12001=SURFACE_STYLE_USAGE(.POSITIVE.,#12000);
#12002=PRESENTATION_STYLE_ASSIGNMENT((#12001));
#12003=OVER_RIDING_STYLED_ITEM('',(#12002),#11996,#11878);
#12004=CARTESIAN_POINT('',(-3.E0,0.E0,-8.7E-1));
#12005=DIRECTION('',(0.E0,0.E0,1.E0));
#12006=DIRECTION('',(1.E0,0.E0,0.E0));
#12007=AXIS2_PLACEMENT_3D('',#12004,#12005,#12006);
#12008=PLANE('',#12007);
#12009=ORIENTED_EDGE('',*,*,#11986,.T.);
#12011=ORIENTED_EDGE('',*,*,#12010,.T.);
#12013=ORIENTED_EDGE('',*,*,#12012,.F.);
#12015=ORIENTED_EDGE('',*,*,#12014,.F.);
#12016=EDGE_LOOP('',(#12009,#12011,#12013,#12015));
#12017=FACE_OUTER_BOUND('',#12016,.F.);
#12019=CARTESIAN_POINT('',(-2.72E0,0.E0,-7.5E-1));
#12020=DIRECTION('',(0.E0,-1.E0,0.E0));
#12021=DIRECTION('',(-1.E0,0.E0,0.E0));
#12022=AXIS2_PLACEMENT_3D('',#12019,#12020,#12021);
#12023=CYLINDRICAL_SURFACE('',#12022,1.2E-1);
#12024=ORIENTED_EDGE('',*,*,#11992,.T.);
#12026=ORIENTED_EDGE('',*,*,#12025,.T.);
#12028=ORIENTED_EDGE('',*,*,#12027,.F.);
#12029=ORIENTED_EDGE('',*,*,#12010,.F.);
#12030=EDGE_LOOP('',(#12024,#12026,#12028,#12029));
#12031=FACE_OUTER_BOUND('',#12030,.F.);
#12033=CARTESIAN_POINT('',(-2.72E0,0.E0,-6.3E-1));
#12034=DIRECTION('',(0.E0,0.E0,-1.E0));
#12035=DIRECTION('',(-1.E0,0.E0,0.E0));
#12036=AXIS2_PLACEMENT_3D('',#12033,#12034,#12035);
#12037=PLANE('',#12036);
#12038=ORIENTED_EDGE('',*,*,#11990,.T.);
#12040=ORIENTED_EDGE('',*,*,#12039,.T.);
#12042=ORIENTED_EDGE('',*,*,#12041,.F.);
#12043=ORIENTED_EDGE('',*,*,#12025,.F.);
#12044=EDGE_LOOP('',(#12038,#12040,#12042,#12043));
#12045=FACE_OUTER_BOUND('',#12044,.F.);
#12047=CARTESIAN_POINT('',(-3.E0,0.E0,-6.3E-1));
#12048=DIRECTION('',(1.E0,0.E0,0.E0));
#12049=DIRECTION('',(0.E0,0.E0,-1.E0));
#12050=AXIS2_PLACEMENT_3D('',#12047,#12048,#12049);
#12051=PLANE('',#12050);
#12052=ORIENTED_EDGE('',*,*,#11988,.T.);
#12053=ORIENTED_EDGE('',*,*,#12014,.T.);
#12055=ORIENTED_EDGE('',*,*,#12054,.F.);
#12056=ORIENTED_EDGE('',*,*,#12039,.F.);
#12057=EDGE_LOOP('',(#12052,#12053,#12055,#12056));
#12058=FACE_OUTER_BOUND('',#12057,.F.);
#12060=CARTESIAN_POINT('',(0.E0,2.E-1,0.E0));
#12061=DIRECTION('',(0.E0,-1.E0,0.E0));
#12062=DIRECTION('',(-1.E0,0.E0,0.E0));
#12063=AXIS2_PLACEMENT_3D('',#12060,#12061,#12062);
#12064=PLANE('',#12063);
#12065=ORIENTED_EDGE('',*,*,#12012,.T.);
#12066=ORIENTED_EDGE('',*,*,#12027,.T.);
#12067=ORIENTED_EDGE('',*,*,#12041,.T.);
#12068=ORIENTED_EDGE('',*,*,#12054,.T.);
#12069=EDGE_LOOP('',(#12065,#12066,#12067,#12068));
#12070=FACE_OUTER_BOUND('',#12069,.F.);
#12072=CLOSED_SHELL('',(#11996,#12018,#12032,#12046,#12059,#12071));
#12073=MANIFOLD_SOLID_BREP('',#12072);
#12074=FILL_AREA_STYLE_COLOUR('',#18);
#12075=FILL_AREA_STYLE('',(#12074));
#12076=SURFACE_STYLE_FILL_AREA(#12075);
#12077=SURFACE_SIDE_STYLE('',(#12076));
#12078=SURFACE_STYLE_USAGE(.POSITIVE.,#12077);
#12079=PRESENTATION_STYLE_ASSIGNMENT((#12078));
#11878=STYLED_ITEM('',(#12079),#12073);
#12081=DIRECTION('',(1.E0,0.E0,0.E0));
#12082=VECTOR('',#12081,2.8E-1);
#12083=CARTESIAN_POINT('',(-3.E0,0.E0,-1.37E0));
#12084=LINE('',#12083,#12082);
#12085=CURVE_STYLE('',#33,POSITIVE_LENGTH_MEASURE(2.E-2),#18);
#12086=PRESENTATION_STYLE_ASSIGNMENT((#12085));
#12087=STYLED_ITEM('',(#12086),#12084);
#12088=DIRECTION('',(0.E0,0.E0,-1.E0));
#12089=VECTOR('',#12088,2.4E-1);
#12090=CARTESIAN_POINT('',(-3.E0,0.E0,-1.13E0));
#12091=LINE('',#12090,#12089);
#12092=CURVE_STYLE('',#33,POSITIVE_LENGTH_MEASURE(2.E-2),#18);
#12093=PRESENTATION_STYLE_ASSIGNMENT((#12092));
#12094=STYLED_ITEM('',(#12093),#12091);
#12095=DIRECTION('',(-1.E0,0.E0,0.E0));
#12096=VECTOR('',#12095,2.8E-1);
#12097=CARTESIAN_POINT('',(-2.72E0,0.E0,-1.13E0));
#12098=LINE('',#12097,#12096);
#12099=CURVE_STYLE('',#33,POSITIVE_LENGTH_MEASURE(2.E-2),#18);
#12100=PRESENTATION_STYLE_ASSIGNMENT((#12099));
#12101=STYLED_ITEM('',(#12100),#12098);
#12102=CARTESIAN_POINT('',(-2.72E0,0.E0,-1.25E0));
#12103=DIRECTION('',(0.E0,-1.E0,0.E0));
#12104=DIRECTION('',(1.110223024625E-14,0.E0,-1.E0));
#12105=AXIS2_PLACEMENT_3D('',#12102,#12103,#12104);
#12107=CURVE_STYLE('',#33,POSITIVE_LENGTH_MEASURE(2.E-2),#18);
#12108=PRESENTATION_STYLE_ASSIGNMENT((#12107));
#12109=STYLED_ITEM('',(#12108),#12106);
#12110=DIRECTION('',(0.E0,1.E0,0.E0));
#12111=VECTOR('',#12110,2.E-1);
#12112=CARTESIAN_POINT('',(-3.E0,0.E0,-1.37E0));
#12113=LINE('',#12112,#12111);
#12114=CURVE_STYLE('',#33,POSITIVE_LENGTH_MEASURE(2.E-2),#18);
#12115=PRESENTATION_STYLE_ASSIGNMENT((#12114));
#12116=STYLED_ITEM('',(#12115),#12113);
#12117=DIRECTION('',(0.E0,1.E0,0.E0));
#12118=VECTOR('',#12117,2.E-1);
#12119=CARTESIAN_POINT('',(-2.72E0,0.E0,-1.37E0));
#12120=LINE('',#12119,#12118);
#12121=CURVE_STYLE('',#33,POSITIVE_LENGTH_MEASURE(2.E-2),#18);
#12122=PRESENTATION_STYLE_ASSIGNMENT((#12121));
#12123=STYLED_ITEM('',(#12122),#12120);
#12124=DIRECTION('',(0.E0,1.E0,0.E0));
#12125=VECTOR('',#12124,2.E-1);
#12126=CARTESIAN_POINT('',(-2.72E0,0.E0,-1.13E0));
#12127=LINE('',#12126,#12125);
#12128=CURVE_STYLE('',#33,POSITIVE_LENGTH_MEASURE(2.E-2),#18);
#12129=PRESENTATION_STYLE_ASSIGNMENT((#12128));
#12130=STYLED_ITEM('',(#12129),#12127);
#12131=DIRECTION('',(0.E0,1.E0,0.E0));
#12132=VECTOR('',#12131,2.E-1);
#12133=CARTESIAN_POINT('',(-3.E0,0.E0,-1.13E0));
#12134=LINE('',#12133,#12132);
#12135=CURVE_STYLE('',#33,POSITIVE_LENGTH_MEASURE(2.E-2),#18);
#12136=PRESENTATION_STYLE_ASSIGNMENT((#12135));
#12137=STYLED_ITEM('',(#12136),#12134);
#12138=DIRECTION('',(1.E0,0.E0,0.E0));
#12139=VECTOR('',#12138,2.8E-1);
#12140=CARTESIAN_POINT('',(-3.E0,2.E-1,-1.37E0));
#12141=LINE('',#12140,#12139);
#12142=CURVE_STYLE('',#33,POSITIVE_LENGTH_MEASURE(2.E-2),#18);
#12143=PRESENTATION_STYLE_ASSIGNMENT((#12142));
#12144=STYLED_ITEM('',(#12143),#12141);
#12145=CARTESIAN_POINT('',(-2.72E0,2.E-1,-1.25E0));
#12146=DIRECTION('',(0.E0,-1.E0,0.E0));
#12147=DIRECTION('',(1.110223024625E-14,0.E0,-1.E0));
#12148=AXIS2_PLACEMENT_3D('',#12145,#12146,#12147);
#12150=CURVE_STYLE('',#33,POSITIVE_LENGTH_MEASURE(2.E-2),#18);
#12151=PRESENTATION_STYLE_ASSIGNMENT((#12150));
#12152=STYLED_ITEM('',(#12151),#12149);
#12153=DIRECTION('',(-1.E0,0.E0,0.E0));
#12154=VECTOR('',#12153,2.8E-1);
#12155=CARTESIAN_POINT('',(-2.72E0,2.E-1,-1.13E0));
#12156=LINE('',#12155,#12154);
#12157=CURVE_STYLE('',#33,POSITIVE_LENGTH_MEASURE(2.E-2),#18);
#12158=PRESENTATION_STYLE_ASSIGNMENT((#12157));
#12159=STYLED_ITEM('',(#12158),#12156);
#12160=DIRECTION('',(0.E0,0.E0,-1.E0));
#12161=VECTOR('',#12160,2.4E-1);
#12162=CARTESIAN_POINT('',(-3.E0,2.E-1,-1.13E0));
#12163=LINE('',#12162,#12161);
#12164=CURVE_STYLE('',#33,POSITIVE_LENGTH_MEASURE(2.E-2),#18);
#12165=PRESENTATION_STYLE_ASSIGNMENT((#12164));
#12166=STYLED_ITEM('',(#12165),#12163);
#12167=CARTESIAN_POINT('',(-3.E0,0.E0,-1.37E0));
#12168=CARTESIAN_POINT('',(-2.72E0,0.E0,-1.37E0));
#12169=VERTEX_POINT('',#12167);
#12170=VERTEX_POINT('',#12168);
#12171=CARTESIAN_POINT('',(-2.72E0,0.E0,-1.13E0));
#12172=VERTEX_POINT('',#12171);
#12173=CARTESIAN_POINT('',(-3.E0,0.E0,-1.13E0));
#12174=VERTEX_POINT('',#12173);
#12175=CARTESIAN_POINT('',(-3.E0,2.E-1,-1.37E0));
#12176=CARTESIAN_POINT('',(-2.72E0,2.E-1,-1.37E0));
#12177=VERTEX_POINT('',#12175);
#12178=VERTEX_POINT('',#12176);
#12179=CARTESIAN_POINT('',(-2.72E0,2.E-1,-1.13E0));
#12180=VERTEX_POINT('',#12179);
#12181=CARTESIAN_POINT('',(-3.E0,2.E-1,-1.13E0));
#12182=VERTEX_POINT('',#12181);
#12183=CARTESIAN_POINT('',(0.E0,0.E0,0.E0));
#12184=DIRECTION('',(0.E0,-1.E0,0.E0));
#12185=DIRECTION('',(-1.E0,0.E0,0.E0));
#12186=AXIS2_PLACEMENT_3D('',#12183,#12184,#12185);
#12187=PLANE('',#12186);
#12189=ORIENTED_EDGE('',*,*,#12188,.F.);
#12191=ORIENTED_EDGE('',*,*,#12190,.F.);
#12193=ORIENTED_EDGE('',*,*,#12192,.F.);
#12195=ORIENTED_EDGE('',*,*,#12194,.F.);
#12196=EDGE_LOOP('',(#12189,#12191,#12193,#12195));
#12197=FACE_OUTER_BOUND('',#12196,.F.);
#12199=FILL_AREA_STYLE_COLOUR('',#22);
#12200=FILL_AREA_STYLE('',(#12199));
#12201=SURFACE_STYLE_FILL_AREA(#12200);
#12202=SURFACE_SIDE_STYLE('',(#12201));
#12203=SURFACE_STYLE_USAGE(.POSITIVE.,#12202);
#12204=PRESENTATION_STYLE_ASSIGNMENT((#12203));
#12205=OVER_RIDING_STYLED_ITEM('',(#12204),#12198,#12080);
#12206=CARTESIAN_POINT('',(-3.E0,0.E0,-1.37E0));
#12207=DIRECTION('',(0.E0,0.E0,1.E0));
#12208=DIRECTION('',(1.E0,0.E0,0.E0));
#12209=AXIS2_PLACEMENT_3D('',#12206,#12207,#12208);
#12210=PLANE('',#12209);
#12211=ORIENTED_EDGE('',*,*,#12188,.T.);
#12213=ORIENTED_EDGE('',*,*,#12212,.T.);
#12215=ORIENTED_EDGE('',*,*,#12214,.F.);
#12217=ORIENTED_EDGE('',*,*,#12216,.F.);
#12218=EDGE_LOOP('',(#12211,#12213,#12215,#12217));
#12219=FACE_OUTER_BOUND('',#12218,.F.);
#12221=CARTESIAN_POINT('',(-2.72E0,0.E0,-1.25E0));
#12222=DIRECTION('',(0.E0,-1.E0,0.E0));
#12223=DIRECTION('',(-1.E0,0.E0,0.E0));
#12224=AXIS2_PLACEMENT_3D('',#12221,#12222,#12223);
#12225=CYLINDRICAL_SURFACE('',#12224,1.2E-1);
#12226=ORIENTED_EDGE('',*,*,#12194,.T.);
#12228=ORIENTED_EDGE('',*,*,#12227,.T.);
#12230=ORIENTED_EDGE('',*,*,#12229,.F.);
#12231=ORIENTED_EDGE('',*,*,#12212,.F.);
#12232=EDGE_LOOP('',(#12226,#12228,#12230,#12231));
#12233=FACE_OUTER_BOUND('',#12232,.F.);
#12235=CARTESIAN_POINT('',(-2.72E0,0.E0,-1.13E0));
#12236=DIRECTION('',(0.E0,0.E0,-1.E0));
#12237=DIRECTION('',(-1.E0,0.E0,0.E0));
#12238=AXIS2_PLACEMENT_3D('',#12235,#12236,#12237);
#12239=PLANE('',#12238);
#12240=ORIENTED_EDGE('',*,*,#12192,.T.);
#12242=ORIENTED_EDGE('',*,*,#12241,.T.);
#12244=ORIENTED_EDGE('',*,*,#12243,.F.);
#12245=ORIENTED_EDGE('',*,*,#12227,.F.);
#12246=EDGE_LOOP('',(#12240,#12242,#12244,#12245));
#12247=FACE_OUTER_BOUND('',#12246,.F.);
#12249=CARTESIAN_POINT('',(-3.E0,0.E0,-1.13E0));
#12250=DIRECTION('',(1.E0,0.E0,0.E0));
#12251=DIRECTION('',(0.E0,0.E0,-1.E0));
#12252=AXIS2_PLACEMENT_3D('',#12249,#12250,#12251);
#12253=PLANE('',#12252);
#12254=ORIENTED_EDGE('',*,*,#12190,.T.);
#12255=ORIENTED_EDGE('',*,*,#12216,.T.);
#12257=ORIENTED_EDGE('',*,*,#12256,.F.);
#12258=ORIENTED_EDGE('',*,*,#12241,.F.);
#12259=EDGE_LOOP('',(#12254,#12255,#12257,#12258));
#12260=FACE_OUTER_BOUND('',#12259,.F.);
#12262=CARTESIAN_POINT('',(0.E0,2.E-1,0.E0));
#12263=DIRECTION('',(0.E0,-1.E0,0.E0));
#12264=DIRECTION('',(-1.E0,0.E0,0.E0));
#12265=AXIS2_PLACEMENT_3D('',#12262,#12263,#12264);
#12266=PLANE('',#12265);
#12267=ORIENTED_EDGE('',*,*,#12214,.T.);
#12268=ORIENTED_EDGE('',*,*,#12229,.T.);
#12269=ORIENTED_EDGE('',*,*,#12243,.T.);
#12270=ORIENTED_EDGE('',*,*,#12256,.T.);
#12271=EDGE_LOOP('',(#12267,#12268,#12269,#12270));
#12272=FACE_OUTER_BOUND('',#12271,.F.);
#12274=CLOSED_SHELL('',(#12198,#12220,#12234,#12248,#12261,#12273));
#12275=MANIFOLD_SOLID_BREP('',#12274);
#12276=FILL_AREA_STYLE_COLOUR('',#18);
#12277=FILL_AREA_STYLE('',(#12276));
#12278=SURFACE_STYLE_FILL_AREA(#12277);
#12279=SURFACE_SIDE_STYLE('',(#12278));
#12280=SURFACE_STYLE_USAGE(.POSITIVE.,#12279);
#12281=PRESENTATION_STYLE_ASSIGNMENT((#12280));
#12080=STYLED_ITEM('',(#12281),#12275);
#12283=DIRECTION('',(1.E0,0.E0,0.E0));
#12284=VECTOR('',#12283,2.8E-1);
#12285=CARTESIAN_POINT('',(-3.E0,0.E0,-1.87E0));
#12286=LINE('',#12285,#12284);
#12287=CURVE_STYLE('',#33,POSITIVE_LENGTH_MEASURE(2.E-2),#18);
#12288=PRESENTATION_STYLE_ASSIGNMENT((#12287));
#12289=STYLED_ITEM('',(#12288),#12286);
#12290=DIRECTION('',(0.E0,0.E0,-1.E0));
#12291=VECTOR('',#12290,2.4E-1);
#12292=CARTESIAN_POINT('',(-3.E0,0.E0,-1.63E0));
#12293=LINE('',#12292,#12291);
#12294=CURVE_STYLE('',#33,POSITIVE_LENGTH_MEASURE(2.E-2),#18);
#12295=PRESENTATION_STYLE_ASSIGNMENT((#12294));
#12296=STYLED_ITEM('',(#12295),#12293);
#12297=DIRECTION('',(-1.E0,0.E0,0.E0));
#12298=VECTOR('',#12297,2.8E-1);
#12299=CARTESIAN_POINT('',(-2.72E0,0.E0,-1.63E0));
#12300=LINE('',#12299,#12298);
#12301=CURVE_STYLE('',#33,POSITIVE_LENGTH_MEASURE(2.E-2),#18);
#12302=PRESENTATION_STYLE_ASSIGNMENT((#12301));
#12303=STYLED_ITEM('',(#12302),#12300);
#12304=CARTESIAN_POINT('',(-2.72E0,0.E0,-1.75E0));
#12305=DIRECTION('',(0.E0,-1.E0,0.E0));
#12306=DIRECTION('',(1.110223024625E-14,0.E0,-1.E0));
#12307=AXIS2_PLACEMENT_3D('',#12304,#12305,#12306);
#12309=CURVE_STYLE('',#33,POSITIVE_LENGTH_MEASURE(2.E-2),#18);
#12310=PRESENTATION_STYLE_ASSIGNMENT((#12309));
#12311=STYLED_ITEM('',(#12310),#12308);
#12312=DIRECTION('',(0.E0,1.E0,0.E0));
#12313=VECTOR('',#12312,2.E-1);
#12314=CARTESIAN_POINT('',(-3.E0,0.E0,-1.87E0));
#12315=LINE('',#12314,#12313);
#12316=CURVE_STYLE('',#33,POSITIVE_LENGTH_MEASURE(2.E-2),#18);
#12317=PRESENTATION_STYLE_ASSIGNMENT((#12316));
#12318=STYLED_ITEM('',(#12317),#12315);
#12319=DIRECTION('',(0.E0,1.E0,0.E0));
#12320=VECTOR('',#12319,2.E-1);
#12321=CARTESIAN_POINT('',(-2.72E0,0.E0,-1.87E0));
#12322=LINE('',#12321,#12320);
#12323=CURVE_STYLE('',#33,POSITIVE_LENGTH_MEASURE(2.E-2),#18);
#12324=PRESENTATION_STYLE_ASSIGNMENT((#12323));
#12325=STYLED_ITEM('',(#12324),#12322);
#12326=DIRECTION('',(0.E0,1.E0,0.E0));
#12327=VECTOR('',#12326,2.E-1);
#12328=CARTESIAN_POINT('',(-2.72E0,0.E0,-1.63E0));
#12329=LINE('',#12328,#12327);
#12330=CURVE_STYLE('',#33,POSITIVE_LENGTH_MEASURE(2.E-2),#18);
#12331=PRESENTATION_STYLE_ASSIGNMENT((#12330));
#12332=STYLED_ITEM('',(#12331),#12329);
#12333=DIRECTION('',(0.E0,1.E0,0.E0));
#12334=VECTOR('',#12333,2.E-1);
#12335=CARTESIAN_POINT('',(-3.E0,0.E0,-1.63E0));
#12336=LINE('',#12335,#12334);
#12337=CURVE_STYLE('',#33,POSITIVE_LENGTH_MEASURE(2.E-2),#18);
#12338=PRESENTATION_STYLE_ASSIGNMENT((#12337));
#12339=STYLED_ITEM('',(#12338),#12336);
#12340=DIRECTION('',(1.E0,0.E0,0.E0));
#12341=VECTOR('',#12340,2.8E-1);
#12342=CARTESIAN_POINT('',(-3.E0,2.E-1,-1.87E0));
#12343=LINE('',#12342,#12341);
#12344=CURVE_STYLE('',#33,POSITIVE_LENGTH_MEASURE(2.E-2),#18);
#12345=PRESENTATION_STYLE_ASSIGNMENT((#12344));
#12346=STYLED_ITEM('',(#12345),#12343);
#12347=CARTESIAN_POINT('',(-2.72E0,2.E-1,-1.75E0));
#12348=DIRECTION('',(0.E0,-1.E0,0.E0));
#12349=DIRECTION('',(1.110223024625E-14,0.E0,-1.E0));
#12350=AXIS2_PLACEMENT_3D('',#12347,#12348,#12349);
#12352=CURVE_STYLE('',#33,POSITIVE_LENGTH_MEASURE(2.E-2),#18);
#12353=PRESENTATION_STYLE_ASSIGNMENT((#12352));
#12354=STYLED_ITEM('',(#12353),#12351);
#12355=DIRECTION('',(-1.E0,0.E0,0.E0));
#12356=VECTOR('',#12355,2.8E-1);
#12357=CARTESIAN_POINT('',(-2.72E0,2.E-1,-1.63E0));
#12358=LINE('',#12357,#12356);
#12359=CURVE_STYLE('',#33,POSITIVE_LENGTH_MEASURE(2.E-2),#18);
#12360=PRESENTATION_STYLE_ASSIGNMENT((#12359));
#12361=STYLED_ITEM('',(#12360),#12358);
#12362=DIRECTION('',(0.E0,0.E0,-1.E0));
#12363=VECTOR('',#12362,2.4E-1);
#12364=CARTESIAN_POINT('',(-3.E0,2.E-1,-1.63E0));
#12365=LINE('',#12364,#12363);
#12366=CURVE_STYLE('',#33,POSITIVE_LENGTH_MEASURE(2.E-2),#18);
#12367=PRESENTATION_STYLE_ASSIGNMENT((#12366));
#12368=STYLED_ITEM('',(#12367),#12365);
#12369=CARTESIAN_POINT('',(-3.E0,0.E0,-1.87E0));
#12370=CARTESIAN_POINT('',(-2.72E0,0.E0,-1.87E0));
#12371=VERTEX_POINT('',#12369);
#12372=VERTEX_POINT('',#12370);
#12373=CARTESIAN_POINT('',(-2.72E0,0.E0,-1.63E0));
#12374=VERTEX_POINT('',#12373);
#12375=CARTESIAN_POINT('',(-3.E0,0.E0,-1.63E0));
#12376=VERTEX_POINT('',#12375);
#12377=CARTESIAN_POINT('',(-3.E0,2.E-1,-1.87E0));
#12378=CARTESIAN_POINT('',(-2.72E0,2.E-1,-1.87E0));
#12379=VERTEX_POINT('',#12377);
#12380=VERTEX_POINT('',#12378);
#12381=CARTESIAN_POINT('',(-2.72E0,2.E-1,-1.63E0));
#12382=VERTEX_POINT('',#12381);
#12383=CARTESIAN_POINT('',(-3.E0,2.E-1,-1.63E0));
#12384=VERTEX_POINT('',#12383);
#12385=CARTESIAN_POINT('',(0.E0,0.E0,0.E0));
#12386=DIRECTION('',(0.E0,-1.E0,0.E0));
#12387=DIRECTION('',(-1.E0,0.E0,0.E0));
#12388=AXIS2_PLACEMENT_3D('',#12385,#12386,#12387);
#12389=PLANE('',#12388);
#12391=ORIENTED_EDGE('',*,*,#12390,.F.);
#12393=ORIENTED_EDGE('',*,*,#12392,.F.);
#12395=ORIENTED_EDGE('',*,*,#12394,.F.);
#12397=ORIENTED_EDGE('',*,*,#12396,.F.);
#12398=EDGE_LOOP('',(#12391,#12393,#12395,#12397));
#12399=FACE_OUTER_BOUND('',#12398,.F.);
#12401=FILL_AREA_STYLE_COLOUR('',#22);
#12402=FILL_AREA_STYLE('',(#12401));
#12403=SURFACE_STYLE_FILL_AREA(#12402);
#12404=SURFACE_SIDE_STYLE('',(#12403));
#12405=SURFACE_STYLE_USAGE(.POSITIVE.,#12404);
#12406=PRESENTATION_STYLE_ASSIGNMENT((#12405));
#12407=OVER_RIDING_STYLED_ITEM('',(#12406),#12400,#12282);
#12408=CARTESIAN_POINT('',(-3.E0,0.E0,-1.87E0));
#12409=DIRECTION('',(0.E0,0.E0,1.E0));
#12410=DIRECTION('',(1.E0,0.E0,0.E0));
#12411=AXIS2_PLACEMENT_3D('',#12408,#12409,#12410);
#12412=PLANE('',#12411);
#12413=ORIENTED_EDGE('',*,*,#12390,.T.);
#12415=ORIENTED_EDGE('',*,*,#12414,.T.);
#12417=ORIENTED_EDGE('',*,*,#12416,.F.);
#12419=ORIENTED_EDGE('',*,*,#12418,.F.);
#12420=EDGE_LOOP('',(#12413,#12415,#12417,#12419));
#12421=FACE_OUTER_BOUND('',#12420,.F.);
#12423=CARTESIAN_POINT('',(-2.72E0,0.E0,-1.75E0));
#12424=DIRECTION('',(0.E0,-1.E0,0.E0));
#12425=DIRECTION('',(-1.E0,0.E0,0.E0));
#12426=AXIS2_PLACEMENT_3D('',#12423,#12424,#12425);
#12427=CYLINDRICAL_SURFACE('',#12426,1.2E-1);
#12428=ORIENTED_EDGE('',*,*,#12396,.T.);
#12430=ORIENTED_EDGE('',*,*,#12429,.T.);
#12432=ORIENTED_EDGE('',*,*,#12431,.F.);
#12433=ORIENTED_EDGE('',*,*,#12414,.F.);
#12434=EDGE_LOOP('',(#12428,#12430,#12432,#12433));
#12435=FACE_OUTER_BOUND('',#12434,.F.);
#12437=CARTESIAN_POINT('',(-2.72E0,0.E0,-1.63E0));
#12438=DIRECTION('',(0.E0,0.E0,-1.E0));
#12439=DIRECTION('',(-1.E0,0.E0,0.E0));
#12440=AXIS2_PLACEMENT_3D('',#12437,#12438,#12439);
#12441=PLANE('',#12440);
#12442=ORIENTED_EDGE('',*,*,#12394,.T.);
#12444=ORIENTED_EDGE('',*,*,#12443,.T.);
#12446=ORIENTED_EDGE('',*,*,#12445,.F.);
#12447=ORIENTED_EDGE('',*,*,#12429,.F.);
#12448=EDGE_LOOP('',(#12442,#12444,#12446,#12447));
#12449=FACE_OUTER_BOUND('',#12448,.F.);
#12451=CARTESIAN_POINT('',(-3.E0,0.E0,-1.63E0));
#12452=DIRECTION('',(1.E0,0.E0,0.E0));
#12453=DIRECTION('',(0.E0,0.E0,-1.E0));
#12454=AXIS2_PLACEMENT_3D('',#12451,#12452,#12453);
#12455=PLANE('',#12454);
#12456=ORIENTED_EDGE('',*,*,#12392,.T.);
#12457=ORIENTED_EDGE('',*,*,#12418,.T.);
#12459=ORIENTED_EDGE('',*,*,#12458,.F.);
#12460=ORIENTED_EDGE('',*,*,#12443,.F.);
#12461=EDGE_LOOP('',(#12456,#12457,#12459,#12460));
#12462=FACE_OUTER_BOUND('',#12461,.F.);
#12464=CARTESIAN_POINT('',(0.E0,2.E-1,0.E0));
#12465=DIRECTION('',(0.E0,-1.E0,0.E0));
#12466=DIRECTION('',(-1.E0,0.E0,0.E0));
#12467=AXIS2_PLACEMENT_3D('',#12464,#12465,#12466);
#12468=PLANE('',#12467);
#12469=ORIENTED_EDGE('',*,*,#12416,.T.);
#12470=ORIENTED_EDGE('',*,*,#12431,.T.);
#12471=ORIENTED_EDGE('',*,*,#12445,.T.);
#12472=ORIENTED_EDGE('',*,*,#12458,.T.);
#12473=EDGE_LOOP('',(#12469,#12470,#12471,#12472));
#12474=FACE_OUTER_BOUND('',#12473,.F.);
#12476=CLOSED_SHELL('',(#12400,#12422,#12436,#12450,#12463,#12475));
#12477=MANIFOLD_SOLID_BREP('',#12476);
#12478=FILL_AREA_STYLE_COLOUR('',#18);
#12479=FILL_AREA_STYLE('',(#12478));
#12480=SURFACE_STYLE_FILL_AREA(#12479);
#12481=SURFACE_SIDE_STYLE('',(#12480));
#12482=SURFACE_STYLE_USAGE(.POSITIVE.,#12481);
#12483=PRESENTATION_STYLE_ASSIGNMENT((#12482));
#12282=STYLED_ITEM('',(#12483),#12477);
#12485=DIRECTION('',(1.E0,0.E0,0.E0));
#12486=VECTOR('',#12485,2.8E-1);
#12487=CARTESIAN_POINT('',(-3.E0,0.E0,-2.37E0));
#12488=LINE('',#12487,#12486);
#12489=CURVE_STYLE('',#33,POSITIVE_LENGTH_MEASURE(2.E-2),#18);
#12490=PRESENTATION_STYLE_ASSIGNMENT((#12489));
#12491=STYLED_ITEM('',(#12490),#12488);
#12492=DIRECTION('',(0.E0,0.E0,-1.E0));
#12493=VECTOR('',#12492,2.4E-1);
#12494=CARTESIAN_POINT('',(-3.E0,0.E0,-2.13E0));
#12495=LINE('',#12494,#12493);
#12496=CURVE_STYLE('',#33,POSITIVE_LENGTH_MEASURE(2.E-2),#18);
#12497=PRESENTATION_STYLE_ASSIGNMENT((#12496));
#12498=STYLED_ITEM('',(#12497),#12495);
#12499=DIRECTION('',(-1.E0,0.E0,0.E0));
#12500=VECTOR('',#12499,2.8E-1);
#12501=CARTESIAN_POINT('',(-2.72E0,0.E0,-2.13E0));
#12502=LINE('',#12501,#12500);
#12503=CURVE_STYLE('',#33,POSITIVE_LENGTH_MEASURE(2.E-2),#18);
#12504=PRESENTATION_STYLE_ASSIGNMENT((#12503));
#12505=STYLED_ITEM('',(#12504),#12502);
#12506=CARTESIAN_POINT('',(-2.72E0,0.E0,-2.25E0));
#12507=DIRECTION('',(0.E0,-1.E0,0.E0));
#12508=DIRECTION('',(0.E0,0.E0,-1.E0));
#12509=AXIS2_PLACEMENT_3D('',#12506,#12507,#12508);
#12511=CURVE_STYLE('',#33,POSITIVE_LENGTH_MEASURE(2.E-2),#18);
#12512=PRESENTATION_STYLE_ASSIGNMENT((#12511));
#12513=STYLED_ITEM('',(#12512),#12510);
#12514=DIRECTION('',(0.E0,1.E0,0.E0));
#12515=VECTOR('',#12514,2.E-1);
#12516=CARTESIAN_POINT('',(-3.E0,0.E0,-2.37E0));
#12517=LINE('',#12516,#12515);
#12518=CURVE_STYLE('',#33,POSITIVE_LENGTH_MEASURE(2.E-2),#18);
#12519=PRESENTATION_STYLE_ASSIGNMENT((#12518));
#12520=STYLED_ITEM('',(#12519),#12517);
#12521=DIRECTION('',(0.E0,1.E0,0.E0));
#12522=VECTOR('',#12521,2.E-1);
#12523=CARTESIAN_POINT('',(-2.72E0,0.E0,-2.37E0));
#12524=LINE('',#12523,#12522);
#12525=CURVE_STYLE('',#33,POSITIVE_LENGTH_MEASURE(2.E-2),#18);
#12526=PRESENTATION_STYLE_ASSIGNMENT((#12525));
#12527=STYLED_ITEM('',(#12526),#12524);
#12528=DIRECTION('',(0.E0,1.E0,0.E0));
#12529=VECTOR('',#12528,2.E-1);
#12530=CARTESIAN_POINT('',(-2.72E0,0.E0,-2.13E0));
#12531=LINE('',#12530,#12529);
#12532=CURVE_STYLE('',#33,POSITIVE_LENGTH_MEASURE(2.E-2),#18);
#12533=PRESENTATION_STYLE_ASSIGNMENT((#12532));
#12534=STYLED_ITEM('',(#12533),#12531);
#12535=DIRECTION('',(0.E0,1.E0,0.E0));
#12536=VECTOR('',#12535,2.E-1);
#12537=CARTESIAN_POINT('',(-3.E0,0.E0,-2.13E0));
#12538=LINE('',#12537,#12536);
#12539=CURVE_STYLE('',#33,POSITIVE_LENGTH_MEASURE(2.E-2),#18);
#12540=PRESENTATION_STYLE_ASSIGNMENT((#12539));
#12541=STYLED_ITEM('',(#12540),#12538);
#12542=DIRECTION('',(1.E0,0.E0,0.E0));
#12543=VECTOR('',#12542,2.8E-1);
#12544=CARTESIAN_POINT('',(-3.E0,2.E-1,-2.37E0));
#12545=LINE('',#12544,#12543);
#12546=CURVE_STYLE('',#33,POSITIVE_LENGTH_MEASURE(2.E-2),#18);
#12547=PRESENTATION_STYLE_ASSIGNMENT((#12546));
#12548=STYLED_ITEM('',(#12547),#12545);
#12549=CARTESIAN_POINT('',(-2.72E0,2.E-1,-2.25E0));
#12550=DIRECTION('',(0.E0,-1.E0,0.E0));
#12551=DIRECTION('',(0.E0,0.E0,-1.E0));
#12552=AXIS2_PLACEMENT_3D('',#12549,#12550,#12551);
#12554=CURVE_STYLE('',#33,POSITIVE_LENGTH_MEASURE(2.E-2),#18);
#12555=PRESENTATION_STYLE_ASSIGNMENT((#12554));
#12556=STYLED_ITEM('',(#12555),#12553);
#12557=DIRECTION('',(-1.E0,0.E0,0.E0));
#12558=VECTOR('',#12557,2.8E-1);
#12559=CARTESIAN_POINT('',(-2.72E0,2.E-1,-2.13E0));
#12560=LINE('',#12559,#12558);
#12561=CURVE_STYLE('',#33,POSITIVE_LENGTH_MEASURE(2.E-2),#18);
#12562=PRESENTATION_STYLE_ASSIGNMENT((#12561));
#12563=STYLED_ITEM('',(#12562),#12560);
#12564=DIRECTION('',(0.E0,0.E0,-1.E0));
#12565=VECTOR('',#12564,2.4E-1);
#12566=CARTESIAN_POINT('',(-3.E0,2.E-1,-2.13E0));
#12567=LINE('',#12566,#12565);
#12568=CURVE_STYLE('',#33,POSITIVE_LENGTH_MEASURE(2.E-2),#18);
#12569=PRESENTATION_STYLE_ASSIGNMENT((#12568));
#12570=STYLED_ITEM('',(#12569),#12567);
#12571=CARTESIAN_POINT('',(-3.E0,0.E0,-2.37E0));
#12572=CARTESIAN_POINT('',(-2.72E0,0.E0,-2.37E0));
#12573=VERTEX_POINT('',#12571);
#12574=VERTEX_POINT('',#12572);
#12575=CARTESIAN_POINT('',(-2.72E0,0.E0,-2.13E0));
#12576=VERTEX_POINT('',#12575);
#12577=CARTESIAN_POINT('',(-3.E0,0.E0,-2.13E0));
#12578=VERTEX_POINT('',#12577);
#12579=CARTESIAN_POINT('',(-3.E0,2.E-1,-2.37E0));
#12580=CARTESIAN_POINT('',(-2.72E0,2.E-1,-2.37E0));
#12581=VERTEX_POINT('',#12579);
#12582=VERTEX_POINT('',#12580);
#12583=CARTESIAN_POINT('',(-2.72E0,2.E-1,-2.13E0));
#12584=VERTEX_POINT('',#12583);
#12585=CARTESIAN_POINT('',(-3.E0,2.E-1,-2.13E0));
#12586=VERTEX_POINT('',#12585);
#12587=CARTESIAN_POINT('',(0.E0,0.E0,0.E0));
#12588=DIRECTION('',(0.E0,-1.E0,0.E0));
#12589=DIRECTION('',(-1.E0,0.E0,0.E0));
#12590=AXIS2_PLACEMENT_3D('',#12587,#12588,#12589);
#12591=PLANE('',#12590);
#12593=ORIENTED_EDGE('',*,*,#12592,.F.);
#12595=ORIENTED_EDGE('',*,*,#12594,.F.);
#12597=ORIENTED_EDGE('',*,*,#12596,.F.);
#12599=ORIENTED_EDGE('',*,*,#12598,.F.);
#12600=EDGE_LOOP('',(#12593,#12595,#12597,#12599));
#12601=FACE_OUTER_BOUND('',#12600,.F.);
#12603=FILL_AREA_STYLE_COLOUR('',#22);
#12604=FILL_AREA_STYLE('',(#12603));
#12605=SURFACE_STYLE_FILL_AREA(#12604);
#12606=SURFACE_SIDE_STYLE('',(#12605));
#12607=SURFACE_STYLE_USAGE(.POSITIVE.,#12606);
#12608=PRESENTATION_STYLE_ASSIGNMENT((#12607));
#12609=OVER_RIDING_STYLED_ITEM('',(#12608),#12602,#12484);
#12610=CARTESIAN_POINT('',(-3.E0,0.E0,-2.37E0));
#12611=DIRECTION('',(0.E0,0.E0,1.E0));
#12612=DIRECTION('',(1.E0,0.E0,0.E0));
#12613=AXIS2_PLACEMENT_3D('',#12610,#12611,#12612);
#12614=PLANE('',#12613);
#12615=ORIENTED_EDGE('',*,*,#12592,.T.);
#12617=ORIENTED_EDGE('',*,*,#12616,.T.);
#12619=ORIENTED_EDGE('',*,*,#12618,.F.);
#12621=ORIENTED_EDGE('',*,*,#12620,.F.);
#12622=EDGE_LOOP('',(#12615,#12617,#12619,#12621));
#12623=FACE_OUTER_BOUND('',#12622,.F.);
#12625=CARTESIAN_POINT('',(-2.72E0,0.E0,-2.25E0));
#12626=DIRECTION('',(0.E0,-1.E0,0.E0));
#12627=DIRECTION('',(-1.E0,0.E0,0.E0));
#12628=AXIS2_PLACEMENT_3D('',#12625,#12626,#12627);
#12629=CYLINDRICAL_SURFACE('',#12628,1.2E-1);
#12630=ORIENTED_EDGE('',*,*,#12598,.T.);
#12632=ORIENTED_EDGE('',*,*,#12631,.T.);
#12634=ORIENTED_EDGE('',*,*,#12633,.F.);
#12635=ORIENTED_EDGE('',*,*,#12616,.F.);
#12636=EDGE_LOOP('',(#12630,#12632,#12634,#12635));
#12637=FACE_OUTER_BOUND('',#12636,.F.);
#12639=CARTESIAN_POINT('',(-2.72E0,0.E0,-2.13E0));
#12640=DIRECTION('',(0.E0,0.E0,-1.E0));
#12641=DIRECTION('',(-1.E0,0.E0,0.E0));
#12642=AXIS2_PLACEMENT_3D('',#12639,#12640,#12641);
#12643=PLANE('',#12642);
#12644=ORIENTED_EDGE('',*,*,#12596,.T.);
#12646=ORIENTED_EDGE('',*,*,#12645,.T.);
#12648=ORIENTED_EDGE('',*,*,#12647,.F.);
#12649=ORIENTED_EDGE('',*,*,#12631,.F.);
#12650=EDGE_LOOP('',(#12644,#12646,#12648,#12649));
#12651=FACE_OUTER_BOUND('',#12650,.F.);
#12653=CARTESIAN_POINT('',(-3.E0,0.E0,-2.13E0));
#12654=DIRECTION('',(1.E0,0.E0,0.E0));
#12655=DIRECTION('',(0.E0,0.E0,-1.E0));
#12656=AXIS2_PLACEMENT_3D('',#12653,#12654,#12655);
#12657=PLANE('',#12656);
#12658=ORIENTED_EDGE('',*,*,#12594,.T.);
#12659=ORIENTED_EDGE('',*,*,#12620,.T.);
#12661=ORIENTED_EDGE('',*,*,#12660,.F.);
#12662=ORIENTED_EDGE('',*,*,#12645,.F.);
#12663=EDGE_LOOP('',(#12658,#12659,#12661,#12662));
#12664=FACE_OUTER_BOUND('',#12663,.F.);
#12666=CARTESIAN_POINT('',(0.E0,2.E-1,0.E0));
#12667=DIRECTION('',(0.E0,-1.E0,0.E0));
#12668=DIRECTION('',(-1.E0,0.E0,0.E0));
#12669=AXIS2_PLACEMENT_3D('',#12666,#12667,#12668);
#12670=PLANE('',#12669);
#12671=ORIENTED_EDGE('',*,*,#12618,.T.);
#12672=ORIENTED_EDGE('',*,*,#12633,.T.);
#12673=ORIENTED_EDGE('',*,*,#12647,.T.);
#12674=ORIENTED_EDGE('',*,*,#12660,.T.);
#12675=EDGE_LOOP('',(#12671,#12672,#12673,#12674));
#12676=FACE_OUTER_BOUND('',#12675,.F.);
#12678=CLOSED_SHELL('',(#12602,#12624,#12638,#12652,#12665,#12677));
#12679=MANIFOLD_SOLID_BREP('',#12678);
#12680=FILL_AREA_STYLE_COLOUR('',#18);
#12681=FILL_AREA_STYLE('',(#12680));
#12682=SURFACE_STYLE_FILL_AREA(#12681);
#12683=SURFACE_SIDE_STYLE('',(#12682));
#12684=SURFACE_STYLE_USAGE(.POSITIVE.,#12683);
#12685=PRESENTATION_STYLE_ASSIGNMENT((#12684));
#12484=STYLED_ITEM('',(#12685),#12679);
#12687=DIRECTION('',(0.E0,0.E0,1.E0));
#12688=VECTOR('',#12687,2.8E-1);
#12689=CARTESIAN_POINT('',(-2.37E0,0.E0,-3.E0));
#12690=LINE('',#12689,#12688);
#12691=CURVE_STYLE('',#33,POSITIVE_LENGTH_MEASURE(2.E-2),#18);
#12692=PRESENTATION_STYLE_ASSIGNMENT((#12691));
#12693=STYLED_ITEM('',(#12692),#12690);
#12694=CARTESIAN_POINT('',(-2.25E0,0.E0,-2.72E0));
#12695=DIRECTION('',(0.E0,1.E0,0.E0));
#12696=DIRECTION('',(-1.E0,0.E0,0.E0));
#12697=AXIS2_PLACEMENT_3D('',#12694,#12695,#12696);
#12699=CURVE_STYLE('',#33,POSITIVE_LENGTH_MEASURE(2.E-2),#18);
#12700=PRESENTATION_STYLE_ASSIGNMENT((#12699));
#12701=STYLED_ITEM('',(#12700),#12698);
#12702=DIRECTION('',(0.E0,0.E0,-1.E0));
#12703=VECTOR('',#12702,2.8E-1);
#12704=CARTESIAN_POINT('',(-2.13E0,0.E0,-2.72E0));
#12705=LINE('',#12704,#12703);
#12706=CURVE_STYLE('',#33,POSITIVE_LENGTH_MEASURE(2.E-2),#18);
#12707=PRESENTATION_STYLE_ASSIGNMENT((#12706));
#12708=STYLED_ITEM('',(#12707),#12705);
#12709=DIRECTION('',(-1.E0,0.E0,0.E0));
#12710=VECTOR('',#12709,2.4E-1);
#12711=CARTESIAN_POINT('',(-2.13E0,0.E0,-3.E0));
#12712=LINE('',#12711,#12710);
#12713=CURVE_STYLE('',#33,POSITIVE_LENGTH_MEASURE(2.E-2),#18);
#12714=PRESENTATION_STYLE_ASSIGNMENT((#12713));
#12715=STYLED_ITEM('',(#12714),#12712);
#12716=DIRECTION('',(0.E0,1.E0,0.E0));
#12717=VECTOR('',#12716,2.E-1);
#12718=CARTESIAN_POINT('',(-2.37E0,0.E0,-3.E0));
#12719=LINE('',#12718,#12717);
#12720=CURVE_STYLE('',#33,POSITIVE_LENGTH_MEASURE(2.E-2),#18);
#12721=PRESENTATION_STYLE_ASSIGNMENT((#12720));
#12722=STYLED_ITEM('',(#12721),#12719);
#12723=DIRECTION('',(0.E0,1.E0,0.E0));
#12724=VECTOR('',#12723,2.E-1);
#12725=CARTESIAN_POINT('',(-2.13E0,0.E0,-3.E0));
#12726=LINE('',#12725,#12724);
#12727=CURVE_STYLE('',#33,POSITIVE_LENGTH_MEASURE(2.E-2),#18);
#12728=PRESENTATION_STYLE_ASSIGNMENT((#12727));
#12729=STYLED_ITEM('',(#12728),#12726);
#12730=DIRECTION('',(0.E0,1.E0,0.E0));
#12731=VECTOR('',#12730,2.E-1);
#12732=CARTESIAN_POINT('',(-2.13E0,0.E0,-2.72E0));
#12733=LINE('',#12732,#12731);
#12734=CURVE_STYLE('',#33,POSITIVE_LENGTH_MEASURE(2.E-2),#18);
#12735=PRESENTATION_STYLE_ASSIGNMENT((#12734));
#12736=STYLED_ITEM('',(#12735),#12733);
#12737=DIRECTION('',(0.E0,1.E0,0.E0));
#12738=VECTOR('',#12737,2.E-1);
#12739=CARTESIAN_POINT('',(-2.37E0,0.E0,-2.72E0));
#12740=LINE('',#12739,#12738);
#12741=CURVE_STYLE('',#33,POSITIVE_LENGTH_MEASURE(2.E-2),#18);
#12742=PRESENTATION_STYLE_ASSIGNMENT((#12741));
#12743=STYLED_ITEM('',(#12742),#12740);
#12744=DIRECTION('',(0.E0,0.E0,1.E0));
#12745=VECTOR('',#12744,2.8E-1);
#12746=CARTESIAN_POINT('',(-2.37E0,2.E-1,-3.E0));
#12747=LINE('',#12746,#12745);
#12748=CURVE_STYLE('',#33,POSITIVE_LENGTH_MEASURE(2.E-2),#18);
#12749=PRESENTATION_STYLE_ASSIGNMENT((#12748));
#12750=STYLED_ITEM('',(#12749),#12747);
#12751=DIRECTION('',(-1.E0,0.E0,0.E0));
#12752=VECTOR('',#12751,2.4E-1);
#12753=CARTESIAN_POINT('',(-2.13E0,2.E-1,-3.E0));
#12754=LINE('',#12753,#12752);
#12755=CURVE_STYLE('',#33,POSITIVE_LENGTH_MEASURE(2.E-2),#18);
#12756=PRESENTATION_STYLE_ASSIGNMENT((#12755));
#12757=STYLED_ITEM('',(#12756),#12754);
#12758=DIRECTION('',(0.E0,0.E0,-1.E0));
#12759=VECTOR('',#12758,2.8E-1);
#12760=CARTESIAN_POINT('',(-2.13E0,2.E-1,-2.72E0));
#12761=LINE('',#12760,#12759);
#12762=CURVE_STYLE('',#33,POSITIVE_LENGTH_MEASURE(2.E-2),#18);
#12763=PRESENTATION_STYLE_ASSIGNMENT((#12762));
#12764=STYLED_ITEM('',(#12763),#12761);
#12765=CARTESIAN_POINT('',(-2.25E0,2.E-1,-2.72E0));
#12766=DIRECTION('',(0.E0,1.E0,0.E0));
#12767=DIRECTION('',(-1.E0,0.E0,0.E0));
#12768=AXIS2_PLACEMENT_3D('',#12765,#12766,#12767);
#12770=CURVE_STYLE('',#33,POSITIVE_LENGTH_MEASURE(2.E-2),#18);
#12771=PRESENTATION_STYLE_ASSIGNMENT((#12770));
#12772=STYLED_ITEM('',(#12771),#12769);
#12773=CARTESIAN_POINT('',(-2.37E0,0.E0,-3.E0));
#12774=CARTESIAN_POINT('',(-2.37E0,0.E0,-2.72E0));
#12775=VERTEX_POINT('',#12773);
#12776=VERTEX_POINT('',#12774);
#12777=CARTESIAN_POINT('',(-2.13E0,0.E0,-2.72E0));
#12778=VERTEX_POINT('',#12777);
#12779=CARTESIAN_POINT('',(-2.13E0,0.E0,-3.E0));
#12780=VERTEX_POINT('',#12779);
#12781=CARTESIAN_POINT('',(-2.37E0,2.E-1,-3.E0));
#12782=CARTESIAN_POINT('',(-2.37E0,2.E-1,-2.72E0));
#12783=VERTEX_POINT('',#12781);
#12784=VERTEX_POINT('',#12782);
#12785=CARTESIAN_POINT('',(-2.13E0,2.E-1,-2.72E0));
#12786=VERTEX_POINT('',#12785);
#12787=CARTESIAN_POINT('',(-2.13E0,2.E-1,-3.E0));
#12788=VERTEX_POINT('',#12787);
#12789=CARTESIAN_POINT('',(0.E0,0.E0,0.E0));
#12790=DIRECTION('',(0.E0,1.E0,0.E0));
#12791=DIRECTION('',(1.E0,0.E0,0.E0));
#12792=AXIS2_PLACEMENT_3D('',#12789,#12790,#12791);
#12793=PLANE('',#12792);
#12795=ORIENTED_EDGE('',*,*,#12794,.T.);
#12797=ORIENTED_EDGE('',*,*,#12796,.T.);
#12799=ORIENTED_EDGE('',*,*,#12798,.T.);
#12801=ORIENTED_EDGE('',*,*,#12800,.T.);
#12802=EDGE_LOOP('',(#12795,#12797,#12799,#12801));
#12803=FACE_OUTER_BOUND('',#12802,.F.);
#12805=FILL_AREA_STYLE_COLOUR('',#22);
#12806=FILL_AREA_STYLE('',(#12805));
#12807=SURFACE_STYLE_FILL_AREA(#12806);
#12808=SURFACE_SIDE_STYLE('',(#12807));
#12809=SURFACE_STYLE_USAGE(.POSITIVE.,#12808);
#12810=PRESENTATION_STYLE_ASSIGNMENT((#12809));
#12811=OVER_RIDING_STYLED_ITEM('',(#12810),#12804,#12686);
#12812=CARTESIAN_POINT('',(-2.37E0,0.E0,-3.E0));
#12813=DIRECTION('',(-1.E0,0.E0,0.E0));
#12814=DIRECTION('',(0.E0,0.E0,1.E0));
#12815=AXIS2_PLACEMENT_3D('',#12812,#12813,#12814);
#12816=PLANE('',#12815);
#12817=ORIENTED_EDGE('',*,*,#12794,.F.);
#12819=ORIENTED_EDGE('',*,*,#12818,.T.);
#12821=ORIENTED_EDGE('',*,*,#12820,.T.);
#12823=ORIENTED_EDGE('',*,*,#12822,.F.);
#12824=EDGE_LOOP('',(#12817,#12819,#12821,#12823));
#12825=FACE_OUTER_BOUND('',#12824,.F.);
#12827=CARTESIAN_POINT('',(-2.13E0,0.E0,-3.E0));
#12828=DIRECTION('',(0.E0,0.E0,-1.E0));
#12829=DIRECTION('',(-1.E0,0.E0,0.E0));
#12830=AXIS2_PLACEMENT_3D('',#12827,#12828,#12829);
#12831=PLANE('',#12830);
#12832=ORIENTED_EDGE('',*,*,#12800,.F.);
#12834=ORIENTED_EDGE('',*,*,#12833,.T.);
#12836=ORIENTED_EDGE('',*,*,#12835,.T.);
#12837=ORIENTED_EDGE('',*,*,#12818,.F.);
#12838=EDGE_LOOP('',(#12832,#12834,#12836,#12837));
#12839=FACE_OUTER_BOUND('',#12838,.F.);
#12841=CARTESIAN_POINT('',(-2.13E0,0.E0,-2.72E0));
#12842=DIRECTION('',(1.E0,0.E0,0.E0));
#12843=DIRECTION('',(0.E0,0.E0,-1.E0));
#12844=AXIS2_PLACEMENT_3D('',#12841,#12842,#12843);
#12845=PLANE('',#12844);
#12846=ORIENTED_EDGE('',*,*,#12798,.F.);
#12848=ORIENTED_EDGE('',*,*,#12847,.T.);
#12850=ORIENTED_EDGE('',*,*,#12849,.T.);
#12851=ORIENTED_EDGE('',*,*,#12833,.F.);
#12852=EDGE_LOOP('',(#12846,#12848,#12850,#12851));
#12853=FACE_OUTER_BOUND('',#12852,.F.);
#12855=CARTESIAN_POINT('',(-2.25E0,0.E0,-2.72E0));
#12856=DIRECTION('',(0.E0,1.E0,0.E0));
#12857=DIRECTION('',(1.E0,0.E0,0.E0));
#12858=AXIS2_PLACEMENT_3D('',#12855,#12856,#12857);
#12859=CYLINDRICAL_SURFACE('',#12858,1.2E-1);
#12860=ORIENTED_EDGE('',*,*,#12796,.F.);
#12861=ORIENTED_EDGE('',*,*,#12822,.T.);
#12863=ORIENTED_EDGE('',*,*,#12862,.T.);
#12864=ORIENTED_EDGE('',*,*,#12847,.F.);
#12865=EDGE_LOOP('',(#12860,#12861,#12863,#12864));
#12866=FACE_OUTER_BOUND('',#12865,.F.);
#12868=CARTESIAN_POINT('',(0.E0,2.E-1,0.E0));
#12869=DIRECTION('',(0.E0,1.E0,0.E0));
#12870=DIRECTION('',(1.E0,0.E0,0.E0));
#12871=AXIS2_PLACEMENT_3D('',#12868,#12869,#12870);
#12872=PLANE('',#12871);
#12873=ORIENTED_EDGE('',*,*,#12820,.F.);
#12874=ORIENTED_EDGE('',*,*,#12835,.F.);
#12875=ORIENTED_EDGE('',*,*,#12849,.F.);
#12876=ORIENTED_EDGE('',*,*,#12862,.F.);
#12877=EDGE_LOOP('',(#12873,#12874,#12875,#12876));
#12878=FACE_OUTER_BOUND('',#12877,.F.);
#12880=CLOSED_SHELL('',(#12804,#12826,#12840,#12854,#12867,#12879));
#12881=MANIFOLD_SOLID_BREP('',#12880);
#12882=FILL_AREA_STYLE_COLOUR('',#18);
#12883=FILL_AREA_STYLE('',(#12882));
#12884=SURFACE_STYLE_FILL_AREA(#12883);
#12885=SURFACE_SIDE_STYLE('',(#12884));
#12886=SURFACE_STYLE_USAGE(.POSITIVE.,#12885);
#12887=PRESENTATION_STYLE_ASSIGNMENT((#12886));
#12686=STYLED_ITEM('',(#12887),#12881);
#12889=DIRECTION('',(0.E0,0.E0,1.E0));
#12890=VECTOR('',#12889,2.8E-1);
#12891=CARTESIAN_POINT('',(-1.87E0,0.E0,-3.E0));
#12892=LINE('',#12891,#12890);
#12893=CURVE_STYLE('',#33,POSITIVE_LENGTH_MEASURE(2.E-2),#18);
#12894=PRESENTATION_STYLE_ASSIGNMENT((#12893));
#12895=STYLED_ITEM('',(#12894),#12892);
#12896=CARTESIAN_POINT('',(-1.75E0,0.E0,-2.72E0));
#12897=DIRECTION('',(0.E0,1.E0,0.E0));
#12898=DIRECTION('',(-1.E0,0.E0,2.220446049250E-14));
#12899=AXIS2_PLACEMENT_3D('',#12896,#12897,#12898);
#12901=CURVE_STYLE('',#33,POSITIVE_LENGTH_MEASURE(2.E-2),#18);
#12902=PRESENTATION_STYLE_ASSIGNMENT((#12901));
#12903=STYLED_ITEM('',(#12902),#12900);
#12904=DIRECTION('',(0.E0,0.E0,-1.E0));
#12905=VECTOR('',#12904,2.8E-1);
#12906=CARTESIAN_POINT('',(-1.63E0,0.E0,-2.72E0));
#12907=LINE('',#12906,#12905);
#12908=CURVE_STYLE('',#33,POSITIVE_LENGTH_MEASURE(2.E-2),#18);
#12909=PRESENTATION_STYLE_ASSIGNMENT((#12908));
#12910=STYLED_ITEM('',(#12909),#12907);
#12911=DIRECTION('',(-1.E0,0.E0,0.E0));
#12912=VECTOR('',#12911,2.4E-1);
#12913=CARTESIAN_POINT('',(-1.63E0,0.E0,-3.E0));
#12914=LINE('',#12913,#12912);
#12915=CURVE_STYLE('',#33,POSITIVE_LENGTH_MEASURE(2.E-2),#18);
#12916=PRESENTATION_STYLE_ASSIGNMENT((#12915));
#12917=STYLED_ITEM('',(#12916),#12914);
#12918=DIRECTION('',(0.E0,1.E0,0.E0));
#12919=VECTOR('',#12918,2.E-1);
#12920=CARTESIAN_POINT('',(-1.87E0,0.E0,-3.E0));
#12921=LINE('',#12920,#12919);
#12922=CURVE_STYLE('',#33,POSITIVE_LENGTH_MEASURE(2.E-2),#18);
#12923=PRESENTATION_STYLE_ASSIGNMENT((#12922));
#12924=STYLED_ITEM('',(#12923),#12921);
#12925=DIRECTION('',(0.E0,1.E0,0.E0));
#12926=VECTOR('',#12925,2.E-1);
#12927=CARTESIAN_POINT('',(-1.63E0,0.E0,-3.E0));
#12928=LINE('',#12927,#12926);
#12929=CURVE_STYLE('',#33,POSITIVE_LENGTH_MEASURE(2.E-2),#18);
#12930=PRESENTATION_STYLE_ASSIGNMENT((#12929));
#12931=STYLED_ITEM('',(#12930),#12928);
#12932=DIRECTION('',(0.E0,1.E0,0.E0));
#12933=VECTOR('',#12932,2.E-1);
#12934=CARTESIAN_POINT('',(-1.63E0,0.E0,-2.72E0));
#12935=LINE('',#12934,#12933);
#12936=CURVE_STYLE('',#33,POSITIVE_LENGTH_MEASURE(2.E-2),#18);
#12937=PRESENTATION_STYLE_ASSIGNMENT((#12936));
#12938=STYLED_ITEM('',(#12937),#12935);
#12939=DIRECTION('',(0.E0,1.E0,0.E0));
#12940=VECTOR('',#12939,2.E-1);
#12941=CARTESIAN_POINT('',(-1.87E0,0.E0,-2.72E0));
#12942=LINE('',#12941,#12940);
#12943=CURVE_STYLE('',#33,POSITIVE_LENGTH_MEASURE(2.E-2),#18);
#12944=PRESENTATION_STYLE_ASSIGNMENT((#12943));
#12945=STYLED_ITEM('',(#12944),#12942);
#12946=DIRECTION('',(0.E0,0.E0,1.E0));
#12947=VECTOR('',#12946,2.8E-1);
#12948=CARTESIAN_POINT('',(-1.87E0,2.E-1,-3.E0));
#12949=LINE('',#12948,#12947);
#12950=CURVE_STYLE('',#33,POSITIVE_LENGTH_MEASURE(2.E-2),#18);
#12951=PRESENTATION_STYLE_ASSIGNMENT((#12950));
#12952=STYLED_ITEM('',(#12951),#12949);
#12953=DIRECTION('',(-1.E0,0.E0,0.E0));
#12954=VECTOR('',#12953,2.4E-1);
#12955=CARTESIAN_POINT('',(-1.63E0,2.E-1,-3.E0));
#12956=LINE('',#12955,#12954);
#12957=CURVE_STYLE('',#33,POSITIVE_LENGTH_MEASURE(2.E-2),#18);
#12958=PRESENTATION_STYLE_ASSIGNMENT((#12957));
#12959=STYLED_ITEM('',(#12958),#12956);
#12960=DIRECTION('',(0.E0,0.E0,-1.E0));
#12961=VECTOR('',#12960,2.8E-1);
#12962=CARTESIAN_POINT('',(-1.63E0,2.E-1,-2.72E0));
#12963=LINE('',#12962,#12961);
#12964=CURVE_STYLE('',#33,POSITIVE_LENGTH_MEASURE(2.E-2),#18);
#12965=PRESENTATION_STYLE_ASSIGNMENT((#12964));
#12966=STYLED_ITEM('',(#12965),#12963);
#12967=CARTESIAN_POINT('',(-1.75E0,2.E-1,-2.72E0));
#12968=DIRECTION('',(0.E0,1.E0,0.E0));
#12969=DIRECTION('',(-1.E0,0.E0,2.220446049250E-14));
#12970=AXIS2_PLACEMENT_3D('',#12967,#12968,#12969);
#12972=CURVE_STYLE('',#33,POSITIVE_LENGTH_MEASURE(2.E-2),#18);
#12973=PRESENTATION_STYLE_ASSIGNMENT((#12972));
#12974=STYLED_ITEM('',(#12973),#12971);
#12975=CARTESIAN_POINT('',(-1.87E0,0.E0,-3.E0));
#12976=CARTESIAN_POINT('',(-1.87E0,0.E0,-2.72E0));
#12977=VERTEX_POINT('',#12975);
#12978=VERTEX_POINT('',#12976);
#12979=CARTESIAN_POINT('',(-1.63E0,0.E0,-2.72E0));
#12980=VERTEX_POINT('',#12979);
#12981=CARTESIAN_POINT('',(-1.63E0,0.E0,-3.E0));
#12982=VERTEX_POINT('',#12981);
#12983=CARTESIAN_POINT('',(-1.87E0,2.E-1,-3.E0));
#12984=CARTESIAN_POINT('',(-1.87E0,2.E-1,-2.72E0));
#12985=VERTEX_POINT('',#12983);
#12986=VERTEX_POINT('',#12984);
#12987=CARTESIAN_POINT('',(-1.63E0,2.E-1,-2.72E0));
#12988=VERTEX_POINT('',#12987);
#12989=CARTESIAN_POINT('',(-1.63E0,2.E-1,-3.E0));
#12990=VERTEX_POINT('',#12989);
#12991=CARTESIAN_POINT('',(0.E0,0.E0,0.E0));
#12992=DIRECTION('',(0.E0,1.E0,0.E0));
#12993=DIRECTION('',(1.E0,0.E0,0.E0));
#12994=AXIS2_PLACEMENT_3D('',#12991,#12992,#12993);
#12995=PLANE('',#12994);
#12997=ORIENTED_EDGE('',*,*,#12996,.T.);
#12999=ORIENTED_EDGE('',*,*,#12998,.T.);
#13001=ORIENTED_EDGE('',*,*,#13000,.T.);
#13003=ORIENTED_EDGE('',*,*,#13002,.T.);
#13004=EDGE_LOOP('',(#12997,#12999,#13001,#13003));
#13005=FACE_OUTER_BOUND('',#13004,.F.);
#13007=FILL_AREA_STYLE_COLOUR('',#22);
#13008=FILL_AREA_STYLE('',(#13007));
#13009=SURFACE_STYLE_FILL_AREA(#13008);
#13010=SURFACE_SIDE_STYLE('',(#13009));
#13011=SURFACE_STYLE_USAGE(.POSITIVE.,#13010);
#13012=PRESENTATION_STYLE_ASSIGNMENT((#13011));
#13013=OVER_RIDING_STYLED_ITEM('',(#13012),#13006,#12888);
#13014=CARTESIAN_POINT('',(-1.87E0,0.E0,-3.E0));
#13015=DIRECTION('',(-1.E0,0.E0,0.E0));
#13016=DIRECTION('',(0.E0,0.E0,1.E0));
#13017=AXIS2_PLACEMENT_3D('',#13014,#13015,#13016);
#13018=PLANE('',#13017);
#13019=ORIENTED_EDGE('',*,*,#12996,.F.);
#13021=ORIENTED_EDGE('',*,*,#13020,.T.);
#13023=ORIENTED_EDGE('',*,*,#13022,.T.);
#13025=ORIENTED_EDGE('',*,*,#13024,.F.);
#13026=EDGE_LOOP('',(#13019,#13021,#13023,#13025));
#13027=FACE_OUTER_BOUND('',#13026,.F.);
#13029=CARTESIAN_POINT('',(-1.63E0,0.E0,-3.E0));
#13030=DIRECTION('',(0.E0,0.E0,-1.E0));
#13031=DIRECTION('',(-1.E0,0.E0,0.E0));
#13032=AXIS2_PLACEMENT_3D('',#13029,#13030,#13031);
#13033=PLANE('',#13032);
#13034=ORIENTED_EDGE('',*,*,#13002,.F.);
#13036=ORIENTED_EDGE('',*,*,#13035,.T.);
#13038=ORIENTED_EDGE('',*,*,#13037,.T.);
#13039=ORIENTED_EDGE('',*,*,#13020,.F.);
#13040=EDGE_LOOP('',(#13034,#13036,#13038,#13039));
#13041=FACE_OUTER_BOUND('',#13040,.F.);
#13043=CARTESIAN_POINT('',(-1.63E0,0.E0,-2.72E0));
#13044=DIRECTION('',(1.E0,0.E0,0.E0));
#13045=DIRECTION('',(0.E0,0.E0,-1.E0));
#13046=AXIS2_PLACEMENT_3D('',#13043,#13044,#13045);
#13047=PLANE('',#13046);
#13048=ORIENTED_EDGE('',*,*,#13000,.F.);
#13050=ORIENTED_EDGE('',*,*,#13049,.T.);
#13052=ORIENTED_EDGE('',*,*,#13051,.T.);
#13053=ORIENTED_EDGE('',*,*,#13035,.F.);
#13054=EDGE_LOOP('',(#13048,#13050,#13052,#13053));
#13055=FACE_OUTER_BOUND('',#13054,.F.);
#13057=CARTESIAN_POINT('',(-1.75E0,0.E0,-2.72E0));
#13058=DIRECTION('',(0.E0,1.E0,0.E0));
#13059=DIRECTION('',(1.E0,0.E0,0.E0));
#13060=AXIS2_PLACEMENT_3D('',#13057,#13058,#13059);
#13061=CYLINDRICAL_SURFACE('',#13060,1.2E-1);
#13062=ORIENTED_EDGE('',*,*,#12998,.F.);
#13063=ORIENTED_EDGE('',*,*,#13024,.T.);
#13065=ORIENTED_EDGE('',*,*,#13064,.T.);
#13066=ORIENTED_EDGE('',*,*,#13049,.F.);
#13067=EDGE_LOOP('',(#13062,#13063,#13065,#13066));
#13068=FACE_OUTER_BOUND('',#13067,.F.);
#13070=CARTESIAN_POINT('',(0.E0,2.E-1,0.E0));
#13071=DIRECTION('',(0.E0,1.E0,0.E0));
#13072=DIRECTION('',(1.E0,0.E0,0.E0));
#13073=AXIS2_PLACEMENT_3D('',#13070,#13071,#13072);
#13074=PLANE('',#13073);
#13075=ORIENTED_EDGE('',*,*,#13022,.F.);
#13076=ORIENTED_EDGE('',*,*,#13037,.F.);
#13077=ORIENTED_EDGE('',*,*,#13051,.F.);
#13078=ORIENTED_EDGE('',*,*,#13064,.F.);
#13079=EDGE_LOOP('',(#13075,#13076,#13077,#13078));
#13080=FACE_OUTER_BOUND('',#13079,.F.);
#13082=CLOSED_SHELL('',(#13006,#13028,#13042,#13056,#13069,#13081));
#13083=MANIFOLD_SOLID_BREP('',#13082);
#13084=FILL_AREA_STYLE_COLOUR('',#18);
#13085=FILL_AREA_STYLE('',(#13084));
#13086=SURFACE_STYLE_FILL_AREA(#13085);
#13087=SURFACE_SIDE_STYLE('',(#13086));
#13088=SURFACE_STYLE_USAGE(.POSITIVE.,#13087);
#13089=PRESENTATION_STYLE_ASSIGNMENT((#13088));
#12888=STYLED_ITEM('',(#13089),#13083);
#13091=DIRECTION('',(0.E0,0.E0,1.E0));
#13092=VECTOR('',#13091,2.8E-1);
#13093=CARTESIAN_POINT('',(-1.37E0,0.E0,-3.E0));
#13094=LINE('',#13093,#13092);
#13095=CURVE_STYLE('',#33,POSITIVE_LENGTH_MEASURE(2.E-2),#18);
#13096=PRESENTATION_STYLE_ASSIGNMENT((#13095));
#13097=STYLED_ITEM('',(#13096),#13094);
#13098=CARTESIAN_POINT('',(-1.25E0,0.E0,-2.72E0));
#13099=DIRECTION('',(0.E0,1.E0,0.E0));
#13100=DIRECTION('',(-1.E0,0.E0,0.E0));
#13101=AXIS2_PLACEMENT_3D('',#13098,#13099,#13100);
#13103=CURVE_STYLE('',#33,POSITIVE_LENGTH_MEASURE(2.E-2),#18);
#13104=PRESENTATION_STYLE_ASSIGNMENT((#13103));
#13105=STYLED_ITEM('',(#13104),#13102);
#13106=DIRECTION('',(0.E0,0.E0,-1.E0));
#13107=VECTOR('',#13106,2.8E-1);
#13108=CARTESIAN_POINT('',(-1.13E0,0.E0,-2.72E0));
#13109=LINE('',#13108,#13107);
#13110=CURVE_STYLE('',#33,POSITIVE_LENGTH_MEASURE(2.E-2),#18);
#13111=PRESENTATION_STYLE_ASSIGNMENT((#13110));
#13112=STYLED_ITEM('',(#13111),#13109);
#13113=DIRECTION('',(-1.E0,0.E0,0.E0));
#13114=VECTOR('',#13113,2.4E-1);
#13115=CARTESIAN_POINT('',(-1.13E0,0.E0,-3.E0));
#13116=LINE('',#13115,#13114);
#13117=CURVE_STYLE('',#33,POSITIVE_LENGTH_MEASURE(2.E-2),#18);
#13118=PRESENTATION_STYLE_ASSIGNMENT((#13117));
#13119=STYLED_ITEM('',(#13118),#13116);
#13120=DIRECTION('',(0.E0,1.E0,0.E0));
#13121=VECTOR('',#13120,2.E-1);
#13122=CARTESIAN_POINT('',(-1.37E0,0.E0,-3.E0));
#13123=LINE('',#13122,#13121);
#13124=CURVE_STYLE('',#33,POSITIVE_LENGTH_MEASURE(2.E-2),#18);
#13125=PRESENTATION_STYLE_ASSIGNMENT((#13124));
#13126=STYLED_ITEM('',(#13125),#13123);
#13127=DIRECTION('',(0.E0,1.E0,0.E0));
#13128=VECTOR('',#13127,2.E-1);
#13129=CARTESIAN_POINT('',(-1.13E0,0.E0,-3.E0));
#13130=LINE('',#13129,#13128);
#13131=CURVE_STYLE('',#33,POSITIVE_LENGTH_MEASURE(2.E-2),#18);
#13132=PRESENTATION_STYLE_ASSIGNMENT((#13131));
#13133=STYLED_ITEM('',(#13132),#13130);
#13134=DIRECTION('',(0.E0,1.E0,0.E0));
#13135=VECTOR('',#13134,2.E-1);
#13136=CARTESIAN_POINT('',(-1.13E0,0.E0,-2.72E0));
#13137=LINE('',#13136,#13135);
#13138=CURVE_STYLE('',#33,POSITIVE_LENGTH_MEASURE(2.E-2),#18);
#13139=PRESENTATION_STYLE_ASSIGNMENT((#13138));
#13140=STYLED_ITEM('',(#13139),#13137);
#13141=DIRECTION('',(0.E0,1.E0,0.E0));
#13142=VECTOR('',#13141,2.E-1);
#13143=CARTESIAN_POINT('',(-1.37E0,0.E0,-2.72E0));
#13144=LINE('',#13143,#13142);
#13145=CURVE_STYLE('',#33,POSITIVE_LENGTH_MEASURE(2.E-2),#18);
#13146=PRESENTATION_STYLE_ASSIGNMENT((#13145));
#13147=STYLED_ITEM('',(#13146),#13144);
#13148=DIRECTION('',(0.E0,0.E0,1.E0));
#13149=VECTOR('',#13148,2.8E-1);
#13150=CARTESIAN_POINT('',(-1.37E0,2.E-1,-3.E0));
#13151=LINE('',#13150,#13149);
#13152=CURVE_STYLE('',#33,POSITIVE_LENGTH_MEASURE(2.E-2),#18);
#13153=PRESENTATION_STYLE_ASSIGNMENT((#13152));
#13154=STYLED_ITEM('',(#13153),#13151);
#13155=DIRECTION('',(-1.E0,0.E0,0.E0));
#13156=VECTOR('',#13155,2.4E-1);
#13157=CARTESIAN_POINT('',(-1.13E0,2.E-1,-3.E0));
#13158=LINE('',#13157,#13156);
#13159=CURVE_STYLE('',#33,POSITIVE_LENGTH_MEASURE(2.E-2),#18);
#13160=PRESENTATION_STYLE_ASSIGNMENT((#13159));
#13161=STYLED_ITEM('',(#13160),#13158);
#13162=DIRECTION('',(0.E0,0.E0,-1.E0));
#13163=VECTOR('',#13162,2.8E-1);
#13164=CARTESIAN_POINT('',(-1.13E0,2.E-1,-2.72E0));
#13165=LINE('',#13164,#13163);
#13166=CURVE_STYLE('',#33,POSITIVE_LENGTH_MEASURE(2.E-2),#18);
#13167=PRESENTATION_STYLE_ASSIGNMENT((#13166));
#13168=STYLED_ITEM('',(#13167),#13165);
#13169=CARTESIAN_POINT('',(-1.25E0,2.E-1,-2.72E0));
#13170=DIRECTION('',(0.E0,1.E0,0.E0));
#13171=DIRECTION('',(-1.E0,0.E0,0.E0));
#13172=AXIS2_PLACEMENT_3D('',#13169,#13170,#13171);
#13174=CURVE_STYLE('',#33,POSITIVE_LENGTH_MEASURE(2.E-2),#18);
#13175=PRESENTATION_STYLE_ASSIGNMENT((#13174));
#13176=STYLED_ITEM('',(#13175),#13173);
#13177=CARTESIAN_POINT('',(-1.37E0,0.E0,-3.E0));
#13178=CARTESIAN_POINT('',(-1.37E0,0.E0,-2.72E0));
#13179=VERTEX_POINT('',#13177);
#13180=VERTEX_POINT('',#13178);
#13181=CARTESIAN_POINT('',(-1.13E0,0.E0,-2.72E0));
#13182=VERTEX_POINT('',#13181);
#13183=CARTESIAN_POINT('',(-1.13E0,0.E0,-3.E0));
#13184=VERTEX_POINT('',#13183);
#13185=CARTESIAN_POINT('',(-1.37E0,2.E-1,-3.E0));
#13186=CARTESIAN_POINT('',(-1.37E0,2.E-1,-2.72E0));
#13187=VERTEX_POINT('',#13185);
#13188=VERTEX_POINT('',#13186);
#13189=CARTESIAN_POINT('',(-1.13E0,2.E-1,-2.72E0));
#13190=VERTEX_POINT('',#13189);
#13191=CARTESIAN_POINT('',(-1.13E0,2.E-1,-3.E0));
#13192=VERTEX_POINT('',#13191);
#13193=CARTESIAN_POINT('',(0.E0,0.E0,0.E0));
#13194=DIRECTION('',(0.E0,1.E0,0.E0));
#13195=DIRECTION('',(1.E0,0.E0,0.E0));
#13196=AXIS2_PLACEMENT_3D('',#13193,#13194,#13195);
#13197=PLANE('',#13196);
#13199=ORIENTED_EDGE('',*,*,#13198,.T.);
#13201=ORIENTED_EDGE('',*,*,#13200,.T.);
#13203=ORIENTED_EDGE('',*,*,#13202,.T.);
#13205=ORIENTED_EDGE('',*,*,#13204,.T.);
#13206=EDGE_LOOP('',(#13199,#13201,#13203,#13205));
#13207=FACE_OUTER_BOUND('',#13206,.F.);
#13209=FILL_AREA_STYLE_COLOUR('',#22);
#13210=FILL_AREA_STYLE('',(#13209));
#13211=SURFACE_STYLE_FILL_AREA(#13210);
#13212=SURFACE_SIDE_STYLE('',(#13211));
#13213=SURFACE_STYLE_USAGE(.POSITIVE.,#13212);
#13214=PRESENTATION_STYLE_ASSIGNMENT((#13213));
#13215=OVER_RIDING_STYLED_ITEM('',(#13214),#13208,#13090);
#13216=CARTESIAN_POINT('',(-1.37E0,0.E0,-3.E0));
#13217=DIRECTION('',(-1.E0,0.E0,0.E0));
#13218=DIRECTION('',(0.E0,0.E0,1.E0));
#13219=AXIS2_PLACEMENT_3D('',#13216,#13217,#13218);
#13220=PLANE('',#13219);
#13221=ORIENTED_EDGE('',*,*,#13198,.F.);
#13223=ORIENTED_EDGE('',*,*,#13222,.T.);
#13225=ORIENTED_EDGE('',*,*,#13224,.T.);
#13227=ORIENTED_EDGE('',*,*,#13226,.F.);
#13228=EDGE_LOOP('',(#13221,#13223,#13225,#13227));
#13229=FACE_OUTER_BOUND('',#13228,.F.);
#13231=CARTESIAN_POINT('',(-1.13E0,0.E0,-3.E0));
#13232=DIRECTION('',(0.E0,0.E0,-1.E0));
#13233=DIRECTION('',(-1.E0,0.E0,0.E0));
#13234=AXIS2_PLACEMENT_3D('',#13231,#13232,#13233);
#13235=PLANE('',#13234);
#13236=ORIENTED_EDGE('',*,*,#13204,.F.);
#13238=ORIENTED_EDGE('',*,*,#13237,.T.);
#13240=ORIENTED_EDGE('',*,*,#13239,.T.);
#13241=ORIENTED_EDGE('',*,*,#13222,.F.);
#13242=EDGE_LOOP('',(#13236,#13238,#13240,#13241));
#13243=FACE_OUTER_BOUND('',#13242,.F.);
#13245=CARTESIAN_POINT('',(-1.13E0,0.E0,-2.72E0));
#13246=DIRECTION('',(1.E0,0.E0,0.E0));
#13247=DIRECTION('',(0.E0,0.E0,-1.E0));
#13248=AXIS2_PLACEMENT_3D('',#13245,#13246,#13247);
#13249=PLANE('',#13248);
#13250=ORIENTED_EDGE('',*,*,#13202,.F.);
#13252=ORIENTED_EDGE('',*,*,#13251,.T.);
#13254=ORIENTED_EDGE('',*,*,#13253,.T.);
#13255=ORIENTED_EDGE('',*,*,#13237,.F.);
#13256=EDGE_LOOP('',(#13250,#13252,#13254,#13255));
#13257=FACE_OUTER_BOUND('',#13256,.F.);
#13259=CARTESIAN_POINT('',(-1.25E0,0.E0,-2.72E0));
#13260=DIRECTION('',(0.E0,1.E0,0.E0));
#13261=DIRECTION('',(1.E0,0.E0,0.E0));
#13262=AXIS2_PLACEMENT_3D('',#13259,#13260,#13261);
#13263=CYLINDRICAL_SURFACE('',#13262,1.2E-1);
#13264=ORIENTED_EDGE('',*,*,#13200,.F.);
#13265=ORIENTED_EDGE('',*,*,#13226,.T.);
#13267=ORIENTED_EDGE('',*,*,#13266,.T.);
#13268=ORIENTED_EDGE('',*,*,#13251,.F.);
#13269=EDGE_LOOP('',(#13264,#13265,#13267,#13268));
#13270=FACE_OUTER_BOUND('',#13269,.F.);
#13272=CARTESIAN_POINT('',(0.E0,2.E-1,0.E0));
#13273=DIRECTION('',(0.E0,1.E0,0.E0));
#13274=DIRECTION('',(1.E0,0.E0,0.E0));
#13275=AXIS2_PLACEMENT_3D('',#13272,#13273,#13274);
#13276=PLANE('',#13275);
#13277=ORIENTED_EDGE('',*,*,#13224,.F.);
#13278=ORIENTED_EDGE('',*,*,#13239,.F.);
#13279=ORIENTED_EDGE('',*,*,#13253,.F.);
#13280=ORIENTED_EDGE('',*,*,#13266,.F.);
#13281=EDGE_LOOP('',(#13277,#13278,#13279,#13280));
#13282=FACE_OUTER_BOUND('',#13281,.F.);
#13284=CLOSED_SHELL('',(#13208,#13230,#13244,#13258,#13271,#13283));
#13285=MANIFOLD_SOLID_BREP('',#13284);
#13286=FILL_AREA_STYLE_COLOUR('',#18);
#13287=FILL_AREA_STYLE('',(#13286));
#13288=SURFACE_STYLE_FILL_AREA(#13287);
#13289=SURFACE_SIDE_STYLE('',(#13288));
#13290=SURFACE_STYLE_USAGE(.POSITIVE.,#13289);
#13291=PRESENTATION_STYLE_ASSIGNMENT((#13290));
#13090=STYLED_ITEM('',(#13291),#13285);
#13293=DIRECTION('',(0.E0,0.E0,1.E0));
#13294=VECTOR('',#13293,2.8E-1);
#13295=CARTESIAN_POINT('',(-8.7E-1,0.E0,-3.E0));
#13296=LINE('',#13295,#13294);
#13297=CURVE_STYLE('',#33,POSITIVE_LENGTH_MEASURE(2.E-2),#18);
#13298=PRESENTATION_STYLE_ASSIGNMENT((#13297));
#13299=STYLED_ITEM('',(#13298),#13296);
#13300=CARTESIAN_POINT('',(-7.5E-1,0.E0,-2.72E0));
#13301=DIRECTION('',(0.E0,1.E0,0.E0));
#13302=DIRECTION('',(-1.E0,0.E0,0.E0));
#13303=AXIS2_PLACEMENT_3D('',#13300,#13301,#13302);
#13305=CURVE_STYLE('',#33,POSITIVE_LENGTH_MEASURE(2.E-2),#18);
#13306=PRESENTATION_STYLE_ASSIGNMENT((#13305));
#13307=STYLED_ITEM('',(#13306),#13304);
#13308=DIRECTION('',(0.E0,0.E0,-1.E0));
#13309=VECTOR('',#13308,2.8E-1);
#13310=CARTESIAN_POINT('',(-6.3E-1,0.E0,-2.72E0));
#13311=LINE('',#13310,#13309);
#13312=CURVE_STYLE('',#33,POSITIVE_LENGTH_MEASURE(2.E-2),#18);
#13313=PRESENTATION_STYLE_ASSIGNMENT((#13312));
#13314=STYLED_ITEM('',(#13313),#13311);
#13315=DIRECTION('',(-1.E0,0.E0,0.E0));
#13316=VECTOR('',#13315,2.4E-1);
#13317=CARTESIAN_POINT('',(-6.3E-1,0.E0,-3.E0));
#13318=LINE('',#13317,#13316);
#13319=CURVE_STYLE('',#33,POSITIVE_LENGTH_MEASURE(2.E-2),#18);
#13320=PRESENTATION_STYLE_ASSIGNMENT((#13319));
#13321=STYLED_ITEM('',(#13320),#13318);
#13322=DIRECTION('',(0.E0,1.E0,0.E0));
#13323=VECTOR('',#13322,2.E-1);
#13324=CARTESIAN_POINT('',(-8.7E-1,0.E0,-3.E0));
#13325=LINE('',#13324,#13323);
#13326=CURVE_STYLE('',#33,POSITIVE_LENGTH_MEASURE(2.E-2),#18);
#13327=PRESENTATION_STYLE_ASSIGNMENT((#13326));
#13328=STYLED_ITEM('',(#13327),#13325);
#13329=DIRECTION('',(0.E0,1.E0,0.E0));
#13330=VECTOR('',#13329,2.E-1);
#13331=CARTESIAN_POINT('',(-6.3E-1,0.E0,-3.E0));
#13332=LINE('',#13331,#13330);
#13333=CURVE_STYLE('',#33,POSITIVE_LENGTH_MEASURE(2.E-2),#18);
#13334=PRESENTATION_STYLE_ASSIGNMENT((#13333));
#13335=STYLED_ITEM('',(#13334),#13332);
#13336=DIRECTION('',(0.E0,1.E0,0.E0));
#13337=VECTOR('',#13336,2.E-1);
#13338=CARTESIAN_POINT('',(-6.3E-1,0.E0,-2.72E0));
#13339=LINE('',#13338,#13337);
#13340=CURVE_STYLE('',#33,POSITIVE_LENGTH_MEASURE(2.E-2),#18);
#13341=PRESENTATION_STYLE_ASSIGNMENT((#13340));
#13342=STYLED_ITEM('',(#13341),#13339);
#13343=DIRECTION('',(0.E0,1.E0,0.E0));
#13344=VECTOR('',#13343,2.E-1);
#13345=CARTESIAN_POINT('',(-8.7E-1,0.E0,-2.72E0));
#13346=LINE('',#13345,#13344);
#13347=CURVE_STYLE('',#33,POSITIVE_LENGTH_MEASURE(2.E-2),#18);
#13348=PRESENTATION_STYLE_ASSIGNMENT((#13347));
#13349=STYLED_ITEM('',(#13348),#13346);
#13350=DIRECTION('',(0.E0,0.E0,1.E0));
#13351=VECTOR('',#13350,2.8E-1);
#13352=CARTESIAN_POINT('',(-8.7E-1,2.E-1,-3.E0));
#13353=LINE('',#13352,#13351);
#13354=CURVE_STYLE('',#33,POSITIVE_LENGTH_MEASURE(2.E-2),#18);
#13355=PRESENTATION_STYLE_ASSIGNMENT((#13354));
#13356=STYLED_ITEM('',(#13355),#13353);
#13357=DIRECTION('',(-1.E0,0.E0,0.E0));
#13358=VECTOR('',#13357,2.4E-1);
#13359=CARTESIAN_POINT('',(-6.3E-1,2.E-1,-3.E0));
#13360=LINE('',#13359,#13358);
#13361=CURVE_STYLE('',#33,POSITIVE_LENGTH_MEASURE(2.E-2),#18);
#13362=PRESENTATION_STYLE_ASSIGNMENT((#13361));
#13363=STYLED_ITEM('',(#13362),#13360);
#13364=DIRECTION('',(0.E0,0.E0,-1.E0));
#13365=VECTOR('',#13364,2.8E-1);
#13366=CARTESIAN_POINT('',(-6.3E-1,2.E-1,-2.72E0));
#13367=LINE('',#13366,#13365);
#13368=CURVE_STYLE('',#33,POSITIVE_LENGTH_MEASURE(2.E-2),#18);
#13369=PRESENTATION_STYLE_ASSIGNMENT((#13368));
#13370=STYLED_ITEM('',(#13369),#13367);
#13371=CARTESIAN_POINT('',(-7.5E-1,2.E-1,-2.72E0));
#13372=DIRECTION('',(0.E0,1.E0,0.E0));
#13373=DIRECTION('',(-1.E0,0.E0,0.E0));
#13374=AXIS2_PLACEMENT_3D('',#13371,#13372,#13373);
#13376=CURVE_STYLE('',#33,POSITIVE_LENGTH_MEASURE(2.E-2),#18);
#13377=PRESENTATION_STYLE_ASSIGNMENT((#13376));
#13378=STYLED_ITEM('',(#13377),#13375);
#13379=CARTESIAN_POINT('',(-8.7E-1,0.E0,-3.E0));
#13380=CARTESIAN_POINT('',(-8.7E-1,0.E0,-2.72E0));
#13381=VERTEX_POINT('',#13379);
#13382=VERTEX_POINT('',#13380);
#13383=CARTESIAN_POINT('',(-6.3E-1,0.E0,-2.72E0));
#13384=VERTEX_POINT('',#13383);
#13385=CARTESIAN_POINT('',(-6.3E-1,0.E0,-3.E0));
#13386=VERTEX_POINT('',#13385);
#13387=CARTESIAN_POINT('',(-8.7E-1,2.E-1,-3.E0));
#13388=CARTESIAN_POINT('',(-8.7E-1,2.E-1,-2.72E0));
#13389=VERTEX_POINT('',#13387);
#13390=VERTEX_POINT('',#13388);
#13391=CARTESIAN_POINT('',(-6.3E-1,2.E-1,-2.72E0));
#13392=VERTEX_POINT('',#13391);
#13393=CARTESIAN_POINT('',(-6.3E-1,2.E-1,-3.E0));
#13394=VERTEX_POINT('',#13393);
#13395=CARTESIAN_POINT('',(0.E0,0.E0,0.E0));
#13396=DIRECTION('',(0.E0,1.E0,0.E0));
#13397=DIRECTION('',(1.E0,0.E0,0.E0));
#13398=AXIS2_PLACEMENT_3D('',#13395,#13396,#13397);
#13399=PLANE('',#13398);
#13401=ORIENTED_EDGE('',*,*,#13400,.T.);
#13403=ORIENTED_EDGE('',*,*,#13402,.T.);
#13405=ORIENTED_EDGE('',*,*,#13404,.T.);
#13407=ORIENTED_EDGE('',*,*,#13406,.T.);
#13408=EDGE_LOOP('',(#13401,#13403,#13405,#13407));
#13409=FACE_OUTER_BOUND('',#13408,.F.);
#13411=FILL_AREA_STYLE_COLOUR('',#22);
#13412=FILL_AREA_STYLE('',(#13411));
#13413=SURFACE_STYLE_FILL_AREA(#13412);
#13414=SURFACE_SIDE_STYLE('',(#13413));
#13415=SURFACE_STYLE_USAGE(.POSITIVE.,#13414);
#13416=PRESENTATION_STYLE_ASSIGNMENT((#13415));
#13417=OVER_RIDING_STYLED_ITEM('',(#13416),#13410,#13292);
#13418=CARTESIAN_POINT('',(-8.7E-1,0.E0,-3.E0));
#13419=DIRECTION('',(-1.E0,0.E0,0.E0));
#13420=DIRECTION('',(0.E0,0.E0,1.E0));
#13421=AXIS2_PLACEMENT_3D('',#13418,#13419,#13420);
#13422=PLANE('',#13421);
#13423=ORIENTED_EDGE('',*,*,#13400,.F.);
#13425=ORIENTED_EDGE('',*,*,#13424,.T.);
#13427=ORIENTED_EDGE('',*,*,#13426,.T.);
#13429=ORIENTED_EDGE('',*,*,#13428,.F.);
#13430=EDGE_LOOP('',(#13423,#13425,#13427,#13429));
#13431=FACE_OUTER_BOUND('',#13430,.F.);
#13433=CARTESIAN_POINT('',(-6.3E-1,0.E0,-3.E0));
#13434=DIRECTION('',(0.E0,0.E0,-1.E0));
#13435=DIRECTION('',(-1.E0,0.E0,0.E0));
#13436=AXIS2_PLACEMENT_3D('',#13433,#13434,#13435);
#13437=PLANE('',#13436);
#13438=ORIENTED_EDGE('',*,*,#13406,.F.);
#13440=ORIENTED_EDGE('',*,*,#13439,.T.);
#13442=ORIENTED_EDGE('',*,*,#13441,.T.);
#13443=ORIENTED_EDGE('',*,*,#13424,.F.);
#13444=EDGE_LOOP('',(#13438,#13440,#13442,#13443));
#13445=FACE_OUTER_BOUND('',#13444,.F.);
#13447=CARTESIAN_POINT('',(-6.3E-1,0.E0,-2.72E0));
#13448=DIRECTION('',(1.E0,0.E0,0.E0));
#13449=DIRECTION('',(0.E0,0.E0,-1.E0));
#13450=AXIS2_PLACEMENT_3D('',#13447,#13448,#13449);
#13451=PLANE('',#13450);
#13452=ORIENTED_EDGE('',*,*,#13404,.F.);
#13454=ORIENTED_EDGE('',*,*,#13453,.T.);
#13456=ORIENTED_EDGE('',*,*,#13455,.T.);
#13457=ORIENTED_EDGE('',*,*,#13439,.F.);
#13458=EDGE_LOOP('',(#13452,#13454,#13456,#13457));
#13459=FACE_OUTER_BOUND('',#13458,.F.);
#13461=CARTESIAN_POINT('',(-7.5E-1,0.E0,-2.72E0));
#13462=DIRECTION('',(0.E0,1.E0,0.E0));
#13463=DIRECTION('',(1.E0,0.E0,0.E0));
#13464=AXIS2_PLACEMENT_3D('',#13461,#13462,#13463);
#13465=CYLINDRICAL_SURFACE('',#13464,1.2E-1);
#13466=ORIENTED_EDGE('',*,*,#13402,.F.);
#13467=ORIENTED_EDGE('',*,*,#13428,.T.);
#13469=ORIENTED_EDGE('',*,*,#13468,.T.);
#13470=ORIENTED_EDGE('',*,*,#13453,.F.);
#13471=EDGE_LOOP('',(#13466,#13467,#13469,#13470));
#13472=FACE_OUTER_BOUND('',#13471,.F.);
#13474=CARTESIAN_POINT('',(0.E0,2.E-1,0.E0));
#13475=DIRECTION('',(0.E0,1.E0,0.E0));
#13476=DIRECTION('',(1.E0,0.E0,0.E0));
#13477=AXIS2_PLACEMENT_3D('',#13474,#13475,#13476);
#13478=PLANE('',#13477);
#13479=ORIENTED_EDGE('',*,*,#13426,.F.);
#13480=ORIENTED_EDGE('',*,*,#13441,.F.);
#13481=ORIENTED_EDGE('',*,*,#13455,.F.);
#13482=ORIENTED_EDGE('',*,*,#13468,.F.);
#13483=EDGE_LOOP('',(#13479,#13480,#13481,#13482));
#13484=FACE_OUTER_BOUND('',#13483,.F.);
#13486=CLOSED_SHELL('',(#13410,#13432,#13446,#13460,#13473,#13485));
#13487=MANIFOLD_SOLID_BREP('',#13486);
#13488=FILL_AREA_STYLE_COLOUR('',#18);
#13489=FILL_AREA_STYLE('',(#13488));
#13490=SURFACE_STYLE_FILL_AREA(#13489);
#13491=SURFACE_SIDE_STYLE('',(#13490));
#13492=SURFACE_STYLE_USAGE(.POSITIVE.,#13491);
#13493=PRESENTATION_STYLE_ASSIGNMENT((#13492));
#13292=STYLED_ITEM('',(#13493),#13487);
#13495=DIRECTION('',(0.E0,0.E0,1.E0));
#13496=VECTOR('',#13495,2.8E-1);
#13497=CARTESIAN_POINT('',(-3.7E-1,0.E0,-3.E0));
#13498=LINE('',#13497,#13496);
#13499=CURVE_STYLE('',#33,POSITIVE_LENGTH_MEASURE(2.E-2),#18);
#13500=PRESENTATION_STYLE_ASSIGNMENT((#13499));
#13501=STYLED_ITEM('',(#13500),#13498);
#13502=CARTESIAN_POINT('',(-2.5E-1,0.E0,-2.72E0));
#13503=DIRECTION('',(0.E0,1.E0,0.E0));
#13504=DIRECTION('',(-1.E0,0.E0,0.E0));
#13505=AXIS2_PLACEMENT_3D('',#13502,#13503,#13504);
#13507=CURVE_STYLE('',#33,POSITIVE_LENGTH_MEASURE(2.E-2),#18);
#13508=PRESENTATION_STYLE_ASSIGNMENT((#13507));
#13509=STYLED_ITEM('',(#13508),#13506);
#13510=DIRECTION('',(0.E0,0.E0,-1.E0));
#13511=VECTOR('',#13510,2.8E-1);
#13512=CARTESIAN_POINT('',(-1.3E-1,0.E0,-2.72E0));
#13513=LINE('',#13512,#13511);
#13514=CURVE_STYLE('',#33,POSITIVE_LENGTH_MEASURE(2.E-2),#18);
#13515=PRESENTATION_STYLE_ASSIGNMENT((#13514));
#13516=STYLED_ITEM('',(#13515),#13513);
#13517=DIRECTION('',(-1.E0,0.E0,0.E0));
#13518=VECTOR('',#13517,2.4E-1);
#13519=CARTESIAN_POINT('',(-1.3E-1,0.E0,-3.E0));
#13520=LINE('',#13519,#13518);
#13521=CURVE_STYLE('',#33,POSITIVE_LENGTH_MEASURE(2.E-2),#18);
#13522=PRESENTATION_STYLE_ASSIGNMENT((#13521));
#13523=STYLED_ITEM('',(#13522),#13520);
#13524=DIRECTION('',(0.E0,1.E0,0.E0));
#13525=VECTOR('',#13524,2.E-1);
#13526=CARTESIAN_POINT('',(-3.7E-1,0.E0,-3.E0));
#13527=LINE('',#13526,#13525);
#13528=CURVE_STYLE('',#33,POSITIVE_LENGTH_MEASURE(2.E-2),#18);
#13529=PRESENTATION_STYLE_ASSIGNMENT((#13528));
#13530=STYLED_ITEM('',(#13529),#13527);
#13531=DIRECTION('',(0.E0,1.E0,0.E0));
#13532=VECTOR('',#13531,2.E-1);
#13533=CARTESIAN_POINT('',(-1.3E-1,0.E0,-3.E0));
#13534=LINE('',#13533,#13532);
#13535=CURVE_STYLE('',#33,POSITIVE_LENGTH_MEASURE(2.E-2),#18);
#13536=PRESENTATION_STYLE_ASSIGNMENT((#13535));
#13537=STYLED_ITEM('',(#13536),#13534);
#13538=DIRECTION('',(0.E0,1.E0,0.E0));
#13539=VECTOR('',#13538,2.E-1);
#13540=CARTESIAN_POINT('',(-1.3E-1,0.E0,-2.72E0));
#13541=LINE('',#13540,#13539);
#13542=CURVE_STYLE('',#33,POSITIVE_LENGTH_MEASURE(2.E-2),#18);
#13543=PRESENTATION_STYLE_ASSIGNMENT((#13542));
#13544=STYLED_ITEM('',(#13543),#13541);
#13545=DIRECTION('',(0.E0,1.E0,0.E0));
#13546=VECTOR('',#13545,2.E-1);
#13547=CARTESIAN_POINT('',(-3.7E-1,0.E0,-2.72E0));
#13548=LINE('',#13547,#13546);
#13549=CURVE_STYLE('',#33,POSITIVE_LENGTH_MEASURE(2.E-2),#18);
#13550=PRESENTATION_STYLE_ASSIGNMENT((#13549));
#13551=STYLED_ITEM('',(#13550),#13548);
#13552=DIRECTION('',(0.E0,0.E0,1.E0));
#13553=VECTOR('',#13552,2.8E-1);
#13554=CARTESIAN_POINT('',(-3.7E-1,2.E-1,-3.E0));
#13555=LINE('',#13554,#13553);
#13556=CURVE_STYLE('',#33,POSITIVE_LENGTH_MEASURE(2.E-2),#18);
#13557=PRESENTATION_STYLE_ASSIGNMENT((#13556));
#13558=STYLED_ITEM('',(#13557),#13555);
#13559=DIRECTION('',(-1.E0,0.E0,0.E0));
#13560=VECTOR('',#13559,2.4E-1);
#13561=CARTESIAN_POINT('',(-1.3E-1,2.E-1,-3.E0));
#13562=LINE('',#13561,#13560);
#13563=CURVE_STYLE('',#33,POSITIVE_LENGTH_MEASURE(2.E-2),#18);
#13564=PRESENTATION_STYLE_ASSIGNMENT((#13563));
#13565=STYLED_ITEM('',(#13564),#13562);
#13566=DIRECTION('',(0.E0,0.E0,-1.E0));
#13567=VECTOR('',#13566,2.8E-1);
#13568=CARTESIAN_POINT('',(-1.3E-1,2.E-1,-2.72E0));
#13569=LINE('',#13568,#13567);
#13570=CURVE_STYLE('',#33,POSITIVE_LENGTH_MEASURE(2.E-2),#18);
#13571=PRESENTATION_STYLE_ASSIGNMENT((#13570));
#13572=STYLED_ITEM('',(#13571),#13569);
#13573=CARTESIAN_POINT('',(-2.5E-1,2.E-1,-2.72E0));
#13574=DIRECTION('',(0.E0,1.E0,0.E0));
#13575=DIRECTION('',(-1.E0,0.E0,0.E0));
#13576=AXIS2_PLACEMENT_3D('',#13573,#13574,#13575);
#13578=CURVE_STYLE('',#33,POSITIVE_LENGTH_MEASURE(2.E-2),#18);
#13579=PRESENTATION_STYLE_ASSIGNMENT((#13578));
#13580=STYLED_ITEM('',(#13579),#13577);
#13581=CARTESIAN_POINT('',(-3.7E-1,0.E0,-3.E0));
#13582=CARTESIAN_POINT('',(-3.7E-1,0.E0,-2.72E0));
#13583=VERTEX_POINT('',#13581);
#13584=VERTEX_POINT('',#13582);
#13585=CARTESIAN_POINT('',(-1.3E-1,0.E0,-2.72E0));
#13586=VERTEX_POINT('',#13585);
#13587=CARTESIAN_POINT('',(-1.3E-1,0.E0,-3.E0));
#13588=VERTEX_POINT('',#13587);
#13589=CARTESIAN_POINT('',(-3.7E-1,2.E-1,-3.E0));
#13590=CARTESIAN_POINT('',(-3.7E-1,2.E-1,-2.72E0));
#13591=VERTEX_POINT('',#13589);
#13592=VERTEX_POINT('',#13590);
#13593=CARTESIAN_POINT('',(-1.3E-1,2.E-1,-2.72E0));
#13594=VERTEX_POINT('',#13593);
#13595=CARTESIAN_POINT('',(-1.3E-1,2.E-1,-3.E0));
#13596=VERTEX_POINT('',#13595);
#13597=CARTESIAN_POINT('',(0.E0,0.E0,0.E0));
#13598=DIRECTION('',(0.E0,1.E0,0.E0));
#13599=DIRECTION('',(1.E0,0.E0,0.E0));
#13600=AXIS2_PLACEMENT_3D('',#13597,#13598,#13599);
#13601=PLANE('',#13600);
#13603=ORIENTED_EDGE('',*,*,#13602,.T.);
#13605=ORIENTED_EDGE('',*,*,#13604,.T.);
#13607=ORIENTED_EDGE('',*,*,#13606,.T.);
#13609=ORIENTED_EDGE('',*,*,#13608,.T.);
#13610=EDGE_LOOP('',(#13603,#13605,#13607,#13609));
#13611=FACE_OUTER_BOUND('',#13610,.F.);
#13613=FILL_AREA_STYLE_COLOUR('',#22);
#13614=FILL_AREA_STYLE('',(#13613));
#13615=SURFACE_STYLE_FILL_AREA(#13614);
#13616=SURFACE_SIDE_STYLE('',(#13615));
#13617=SURFACE_STYLE_USAGE(.POSITIVE.,#13616);
#13618=PRESENTATION_STYLE_ASSIGNMENT((#13617));
#13619=OVER_RIDING_STYLED_ITEM('',(#13618),#13612,#13494);
#13620=CARTESIAN_POINT('',(-3.7E-1,0.E0,-3.E0));
#13621=DIRECTION('',(-1.E0,0.E0,0.E0));
#13622=DIRECTION('',(0.E0,0.E0,1.E0));
#13623=AXIS2_PLACEMENT_3D('',#13620,#13621,#13622);
#13624=PLANE('',#13623);
#13625=ORIENTED_EDGE('',*,*,#13602,.F.);
#13627=ORIENTED_EDGE('',*,*,#13626,.T.);
#13629=ORIENTED_EDGE('',*,*,#13628,.T.);
#13631=ORIENTED_EDGE('',*,*,#13630,.F.);
#13632=EDGE_LOOP('',(#13625,#13627,#13629,#13631));
#13633=FACE_OUTER_BOUND('',#13632,.F.);
#13635=CARTESIAN_POINT('',(-1.3E-1,0.E0,-3.E0));
#13636=DIRECTION('',(0.E0,0.E0,-1.E0));
#13637=DIRECTION('',(-1.E0,0.E0,0.E0));
#13638=AXIS2_PLACEMENT_3D('',#13635,#13636,#13637);
#13639=PLANE('',#13638);
#13640=ORIENTED_EDGE('',*,*,#13608,.F.);
#13642=ORIENTED_EDGE('',*,*,#13641,.T.);
#13644=ORIENTED_EDGE('',*,*,#13643,.T.);
#13645=ORIENTED_EDGE('',*,*,#13626,.F.);
#13646=EDGE_LOOP('',(#13640,#13642,#13644,#13645));
#13647=FACE_OUTER_BOUND('',#13646,.F.);
#13649=CARTESIAN_POINT('',(-1.3E-1,0.E0,-2.72E0));
#13650=DIRECTION('',(1.E0,0.E0,0.E0));
#13651=DIRECTION('',(0.E0,0.E0,-1.E0));
#13652=AXIS2_PLACEMENT_3D('',#13649,#13650,#13651);
#13653=PLANE('',#13652);
#13654=ORIENTED_EDGE('',*,*,#13606,.F.);
#13656=ORIENTED_EDGE('',*,*,#13655,.T.);
#13658=ORIENTED_EDGE('',*,*,#13657,.T.);
#13659=ORIENTED_EDGE('',*,*,#13641,.F.);
#13660=EDGE_LOOP('',(#13654,#13656,#13658,#13659));
#13661=FACE_OUTER_BOUND('',#13660,.F.);
#13663=CARTESIAN_POINT('',(-2.5E-1,0.E0,-2.72E0));
#13664=DIRECTION('',(0.E0,1.E0,0.E0));
#13665=DIRECTION('',(1.E0,0.E0,0.E0));
#13666=AXIS2_PLACEMENT_3D('',#13663,#13664,#13665);
#13667=CYLINDRICAL_SURFACE('',#13666,1.2E-1);
#13668=ORIENTED_EDGE('',*,*,#13604,.F.);
#13669=ORIENTED_EDGE('',*,*,#13630,.T.);
#13671=ORIENTED_EDGE('',*,*,#13670,.T.);
#13672=ORIENTED_EDGE('',*,*,#13655,.F.);
#13673=EDGE_LOOP('',(#13668,#13669,#13671,#13672));
#13674=FACE_OUTER_BOUND('',#13673,.F.);
#13676=CARTESIAN_POINT('',(0.E0,2.E-1,0.E0));
#13677=DIRECTION('',(0.E0,1.E0,0.E0));
#13678=DIRECTION('',(1.E0,0.E0,0.E0));
#13679=AXIS2_PLACEMENT_3D('',#13676,#13677,#13678);
#13680=PLANE('',#13679);
#13681=ORIENTED_EDGE('',*,*,#13628,.F.);
#13682=ORIENTED_EDGE('',*,*,#13643,.F.);
#13683=ORIENTED_EDGE('',*,*,#13657,.F.);
#13684=ORIENTED_EDGE('',*,*,#13670,.F.);
#13685=EDGE_LOOP('',(#13681,#13682,#13683,#13684));
#13686=FACE_OUTER_BOUND('',#13685,.F.);
#13688=CLOSED_SHELL('',(#13612,#13634,#13648,#13662,#13675,#13687));
#13689=MANIFOLD_SOLID_BREP('',#13688);
#13690=FILL_AREA_STYLE_COLOUR('',#18);
#13691=FILL_AREA_STYLE('',(#13690));
#13692=SURFACE_STYLE_FILL_AREA(#13691);
#13693=SURFACE_SIDE_STYLE('',(#13692));
#13694=SURFACE_STYLE_USAGE(.POSITIVE.,#13693);
#13695=PRESENTATION_STYLE_ASSIGNMENT((#13694));
#13494=STYLED_ITEM('',(#13695),#13689);
#13697=DIRECTION('',(0.E0,0.E0,1.E0));
#13698=VECTOR('',#13697,2.8E-1);
#13699=CARTESIAN_POINT('',(1.3E-1,0.E0,-3.E0));
#13700=LINE('',#13699,#13698);
#13701=CURVE_STYLE('',#33,POSITIVE_LENGTH_MEASURE(2.E-2),#18);
#13702=PRESENTATION_STYLE_ASSIGNMENT((#13701));
#13703=STYLED_ITEM('',(#13702),#13700);
#13704=CARTESIAN_POINT('',(2.5E-1,0.E0,-2.72E0));
#13705=DIRECTION('',(0.E0,1.E0,0.E0));
#13706=DIRECTION('',(-1.E0,0.E0,0.E0));
#13707=AXIS2_PLACEMENT_3D('',#13704,#13705,#13706);
#13709=CURVE_STYLE('',#33,POSITIVE_LENGTH_MEASURE(2.E-2),#18);
#13710=PRESENTATION_STYLE_ASSIGNMENT((#13709));
#13711=STYLED_ITEM('',(#13710),#13708);
#13712=DIRECTION('',(0.E0,0.E0,-1.E0));
#13713=VECTOR('',#13712,2.8E-1);
#13714=CARTESIAN_POINT('',(3.7E-1,0.E0,-2.72E0));
#13715=LINE('',#13714,#13713);
#13716=CURVE_STYLE('',#33,POSITIVE_LENGTH_MEASURE(2.E-2),#18);
#13717=PRESENTATION_STYLE_ASSIGNMENT((#13716));
#13718=STYLED_ITEM('',(#13717),#13715);
#13719=DIRECTION('',(-1.E0,0.E0,0.E0));
#13720=VECTOR('',#13719,2.4E-1);
#13721=CARTESIAN_POINT('',(3.7E-1,0.E0,-3.E0));
#13722=LINE('',#13721,#13720);
#13723=CURVE_STYLE('',#33,POSITIVE_LENGTH_MEASURE(2.E-2),#18);
#13724=PRESENTATION_STYLE_ASSIGNMENT((#13723));
#13725=STYLED_ITEM('',(#13724),#13722);
#13726=DIRECTION('',(0.E0,1.E0,0.E0));
#13727=VECTOR('',#13726,2.E-1);
#13728=CARTESIAN_POINT('',(1.3E-1,0.E0,-3.E0));
#13729=LINE('',#13728,#13727);
#13730=CURVE_STYLE('',#33,POSITIVE_LENGTH_MEASURE(2.E-2),#18);
#13731=PRESENTATION_STYLE_ASSIGNMENT((#13730));
#13732=STYLED_ITEM('',(#13731),#13729);
#13733=DIRECTION('',(0.E0,1.E0,0.E0));
#13734=VECTOR('',#13733,2.E-1);
#13735=CARTESIAN_POINT('',(3.7E-1,0.E0,-3.E0));
#13736=LINE('',#13735,#13734);
#13737=CURVE_STYLE('',#33,POSITIVE_LENGTH_MEASURE(2.E-2),#18);
#13738=PRESENTATION_STYLE_ASSIGNMENT((#13737));
#13739=STYLED_ITEM('',(#13738),#13736);
#13740=DIRECTION('',(0.E0,1.E0,0.E0));
#13741=VECTOR('',#13740,2.E-1);
#13742=CARTESIAN_POINT('',(3.7E-1,0.E0,-2.72E0));
#13743=LINE('',#13742,#13741);
#13744=CURVE_STYLE('',#33,POSITIVE_LENGTH_MEASURE(2.E-2),#18);
#13745=PRESENTATION_STYLE_ASSIGNMENT((#13744));
#13746=STYLED_ITEM('',(#13745),#13743);
#13747=DIRECTION('',(0.E0,1.E0,0.E0));
#13748=VECTOR('',#13747,2.E-1);
#13749=CARTESIAN_POINT('',(1.3E-1,0.E0,-2.72E0));
#13750=LINE('',#13749,#13748);
#13751=CURVE_STYLE('',#33,POSITIVE_LENGTH_MEASURE(2.E-2),#18);
#13752=PRESENTATION_STYLE_ASSIGNMENT((#13751));
#13753=STYLED_ITEM('',(#13752),#13750);
#13754=DIRECTION('',(0.E0,0.E0,1.E0));
#13755=VECTOR('',#13754,2.8E-1);
#13756=CARTESIAN_POINT('',(1.3E-1,2.E-1,-3.E0));
#13757=LINE('',#13756,#13755);
#13758=CURVE_STYLE('',#33,POSITIVE_LENGTH_MEASURE(2.E-2),#18);
#13759=PRESENTATION_STYLE_ASSIGNMENT((#13758));
#13760=STYLED_ITEM('',(#13759),#13757);
#13761=DIRECTION('',(-1.E0,0.E0,0.E0));
#13762=VECTOR('',#13761,2.4E-1);
#13763=CARTESIAN_POINT('',(3.7E-1,2.E-1,-3.E0));
#13764=LINE('',#13763,#13762);
#13765=CURVE_STYLE('',#33,POSITIVE_LENGTH_MEASURE(2.E-2),#18);
#13766=PRESENTATION_STYLE_ASSIGNMENT((#13765));
#13767=STYLED_ITEM('',(#13766),#13764);
#13768=DIRECTION('',(0.E0,0.E0,-1.E0));
#13769=VECTOR('',#13768,2.8E-1);
#13770=CARTESIAN_POINT('',(3.7E-1,2.E-1,-2.72E0));
#13771=LINE('',#13770,#13769);
#13772=CURVE_STYLE('',#33,POSITIVE_LENGTH_MEASURE(2.E-2),#18);
#13773=PRESENTATION_STYLE_ASSIGNMENT((#13772));
#13774=STYLED_ITEM('',(#13773),#13771);
#13775=CARTESIAN_POINT('',(2.5E-1,2.E-1,-2.72E0));
#13776=DIRECTION('',(0.E0,1.E0,0.E0));
#13777=DIRECTION('',(-1.E0,0.E0,0.E0));
#13778=AXIS2_PLACEMENT_3D('',#13775,#13776,#13777);
#13780=CURVE_STYLE('',#33,POSITIVE_LENGTH_MEASURE(2.E-2),#18);
#13781=PRESENTATION_STYLE_ASSIGNMENT((#13780));
#13782=STYLED_ITEM('',(#13781),#13779);
#13783=CARTESIAN_POINT('',(1.3E-1,0.E0,-3.E0));
#13784=CARTESIAN_POINT('',(1.3E-1,0.E0,-2.72E0));
#13785=VERTEX_POINT('',#13783);
#13786=VERTEX_POINT('',#13784);
#13787=CARTESIAN_POINT('',(3.7E-1,0.E0,-2.72E0));
#13788=VERTEX_POINT('',#13787);
#13789=CARTESIAN_POINT('',(3.7E-1,0.E0,-3.E0));
#13790=VERTEX_POINT('',#13789);
#13791=CARTESIAN_POINT('',(1.3E-1,2.E-1,-3.E0));
#13792=CARTESIAN_POINT('',(1.3E-1,2.E-1,-2.72E0));
#13793=VERTEX_POINT('',#13791);
#13794=VERTEX_POINT('',#13792);
#13795=CARTESIAN_POINT('',(3.7E-1,2.E-1,-2.72E0));
#13796=VERTEX_POINT('',#13795);
#13797=CARTESIAN_POINT('',(3.7E-1,2.E-1,-3.E0));
#13798=VERTEX_POINT('',#13797);
#13799=CARTESIAN_POINT('',(0.E0,0.E0,0.E0));
#13800=DIRECTION('',(0.E0,1.E0,0.E0));
#13801=DIRECTION('',(1.E0,0.E0,0.E0));
#13802=AXIS2_PLACEMENT_3D('',#13799,#13800,#13801);
#13803=PLANE('',#13802);
#13805=ORIENTED_EDGE('',*,*,#13804,.T.);
#13807=ORIENTED_EDGE('',*,*,#13806,.T.);
#13809=ORIENTED_EDGE('',*,*,#13808,.T.);
#13811=ORIENTED_EDGE('',*,*,#13810,.T.);
#13812=EDGE_LOOP('',(#13805,#13807,#13809,#13811));
#13813=FACE_OUTER_BOUND('',#13812,.F.);
#13815=FILL_AREA_STYLE_COLOUR('',#22);
#13816=FILL_AREA_STYLE('',(#13815));
#13817=SURFACE_STYLE_FILL_AREA(#13816);
#13818=SURFACE_SIDE_STYLE('',(#13817));
#13819=SURFACE_STYLE_USAGE(.POSITIVE.,#13818);
#13820=PRESENTATION_STYLE_ASSIGNMENT((#13819));
#13821=OVER_RIDING_STYLED_ITEM('',(#13820),#13814,#13696);
#13822=CARTESIAN_POINT('',(1.3E-1,0.E0,-3.E0));
#13823=DIRECTION('',(-1.E0,0.E0,0.E0));
#13824=DIRECTION('',(0.E0,0.E0,1.E0));
#13825=AXIS2_PLACEMENT_3D('',#13822,#13823,#13824);
#13826=PLANE('',#13825);
#13827=ORIENTED_EDGE('',*,*,#13804,.F.);
#13829=ORIENTED_EDGE('',*,*,#13828,.T.);
#13831=ORIENTED_EDGE('',*,*,#13830,.T.);
#13833=ORIENTED_EDGE('',*,*,#13832,.F.);
#13834=EDGE_LOOP('',(#13827,#13829,#13831,#13833));
#13835=FACE_OUTER_BOUND('',#13834,.F.);
#13837=CARTESIAN_POINT('',(3.7E-1,0.E0,-3.E0));
#13838=DIRECTION('',(0.E0,0.E0,-1.E0));
#13839=DIRECTION('',(-1.E0,0.E0,0.E0));
#13840=AXIS2_PLACEMENT_3D('',#13837,#13838,#13839);
#13841=PLANE('',#13840);
#13842=ORIENTED_EDGE('',*,*,#13810,.F.);
#13844=ORIENTED_EDGE('',*,*,#13843,.T.);
#13846=ORIENTED_EDGE('',*,*,#13845,.T.);
#13847=ORIENTED_EDGE('',*,*,#13828,.F.);
#13848=EDGE_LOOP('',(#13842,#13844,#13846,#13847));
#13849=FACE_OUTER_BOUND('',#13848,.F.);
#13851=CARTESIAN_POINT('',(3.7E-1,0.E0,-2.72E0));
#13852=DIRECTION('',(1.E0,0.E0,0.E0));
#13853=DIRECTION('',(0.E0,0.E0,-1.E0));
#13854=AXIS2_PLACEMENT_3D('',#13851,#13852,#13853);
#13855=PLANE('',#13854);
#13856=ORIENTED_EDGE('',*,*,#13808,.F.);
#13858=ORIENTED_EDGE('',*,*,#13857,.T.);
#13860=ORIENTED_EDGE('',*,*,#13859,.T.);
#13861=ORIENTED_EDGE('',*,*,#13843,.F.);
#13862=EDGE_LOOP('',(#13856,#13858,#13860,#13861));
#13863=FACE_OUTER_BOUND('',#13862,.F.);
#13865=CARTESIAN_POINT('',(2.5E-1,0.E0,-2.72E0));
#13866=DIRECTION('',(0.E0,1.E0,0.E0));
#13867=DIRECTION('',(1.E0,0.E0,0.E0));
#13868=AXIS2_PLACEMENT_3D('',#13865,#13866,#13867);
#13869=CYLINDRICAL_SURFACE('',#13868,1.2E-1);
#13870=ORIENTED_EDGE('',*,*,#13806,.F.);
#13871=ORIENTED_EDGE('',*,*,#13832,.T.);
#13873=ORIENTED_EDGE('',*,*,#13872,.T.);
#13874=ORIENTED_EDGE('',*,*,#13857,.F.);
#13875=EDGE_LOOP('',(#13870,#13871,#13873,#13874));
#13876=FACE_OUTER_BOUND('',#13875,.F.);
#13878=CARTESIAN_POINT('',(0.E0,2.E-1,0.E0));
#13879=DIRECTION('',(0.E0,1.E0,0.E0));
#13880=DIRECTION('',(1.E0,0.E0,0.E0));
#13881=AXIS2_PLACEMENT_3D('',#13878,#13879,#13880);
#13882=PLANE('',#13881);
#13883=ORIENTED_EDGE('',*,*,#13830,.F.);
#13884=ORIENTED_EDGE('',*,*,#13845,.F.);
#13885=ORIENTED_EDGE('',*,*,#13859,.F.);
#13886=ORIENTED_EDGE('',*,*,#13872,.F.);
#13887=EDGE_LOOP('',(#13883,#13884,#13885,#13886));
#13888=FACE_OUTER_BOUND('',#13887,.F.);
#13890=CLOSED_SHELL('',(#13814,#13836,#13850,#13864,#13877,#13889));
#13891=MANIFOLD_SOLID_BREP('',#13890);
#13892=FILL_AREA_STYLE_COLOUR('',#18);
#13893=FILL_AREA_STYLE('',(#13892));
#13894=SURFACE_STYLE_FILL_AREA(#13893);
#13895=SURFACE_SIDE_STYLE('',(#13894));
#13896=SURFACE_STYLE_USAGE(.POSITIVE.,#13895);
#13897=PRESENTATION_STYLE_ASSIGNMENT((#13896));
#13696=STYLED_ITEM('',(#13897),#13891);
#13899=DIRECTION('',(0.E0,0.E0,1.E0));
#13900=VECTOR('',#13899,2.8E-1);
#13901=CARTESIAN_POINT('',(6.3E-1,0.E0,-3.E0));
#13902=LINE('',#13901,#13900);
#13903=CURVE_STYLE('',#33,POSITIVE_LENGTH_MEASURE(2.E-2),#18);
#13904=PRESENTATION_STYLE_ASSIGNMENT((#13903));
#13905=STYLED_ITEM('',(#13904),#13902);
#13906=CARTESIAN_POINT('',(7.5E-1,0.E0,-2.72E0));
#13907=DIRECTION('',(0.E0,1.E0,0.E0));
#13908=DIRECTION('',(-1.E0,0.E0,0.E0));
#13909=AXIS2_PLACEMENT_3D('',#13906,#13907,#13908);
#13911=CURVE_STYLE('',#33,POSITIVE_LENGTH_MEASURE(2.E-2),#18);
#13912=PRESENTATION_STYLE_ASSIGNMENT((#13911));
#13913=STYLED_ITEM('',(#13912),#13910);
#13914=DIRECTION('',(0.E0,0.E0,-1.E0));
#13915=VECTOR('',#13914,2.8E-1);
#13916=CARTESIAN_POINT('',(8.7E-1,0.E0,-2.72E0));
#13917=LINE('',#13916,#13915);
#13918=CURVE_STYLE('',#33,POSITIVE_LENGTH_MEASURE(2.E-2),#18);
#13919=PRESENTATION_STYLE_ASSIGNMENT((#13918));
#13920=STYLED_ITEM('',(#13919),#13917);
#13921=DIRECTION('',(-1.E0,0.E0,0.E0));
#13922=VECTOR('',#13921,2.4E-1);
#13923=CARTESIAN_POINT('',(8.7E-1,0.E0,-3.E0));
#13924=LINE('',#13923,#13922);
#13925=CURVE_STYLE('',#33,POSITIVE_LENGTH_MEASURE(2.E-2),#18);
#13926=PRESENTATION_STYLE_ASSIGNMENT((#13925));
#13927=STYLED_ITEM('',(#13926),#13924);
#13928=DIRECTION('',(0.E0,1.E0,0.E0));
#13929=VECTOR('',#13928,2.E-1);
#13930=CARTESIAN_POINT('',(6.3E-1,0.E0,-3.E0));
#13931=LINE('',#13930,#13929);
#13932=CURVE_STYLE('',#33,POSITIVE_LENGTH_MEASURE(2.E-2),#18);
#13933=PRESENTATION_STYLE_ASSIGNMENT((#13932));
#13934=STYLED_ITEM('',(#13933),#13931);
#13935=DIRECTION('',(0.E0,1.E0,0.E0));
#13936=VECTOR('',#13935,2.E-1);
#13937=CARTESIAN_POINT('',(8.7E-1,0.E0,-3.E0));
#13938=LINE('',#13937,#13936);
#13939=CURVE_STYLE('',#33,POSITIVE_LENGTH_MEASURE(2.E-2),#18);
#13940=PRESENTATION_STYLE_ASSIGNMENT((#13939));
#13941=STYLED_ITEM('',(#13940),#13938);
#13942=DIRECTION('',(0.E0,1.E0,0.E0));
#13943=VECTOR('',#13942,2.E-1);
#13944=CARTESIAN_POINT('',(8.7E-1,0.E0,-2.72E0));
#13945=LINE('',#13944,#13943);
#13946=CURVE_STYLE('',#33,POSITIVE_LENGTH_MEASURE(2.E-2),#18);
#13947=PRESENTATION_STYLE_ASSIGNMENT((#13946));
#13948=STYLED_ITEM('',(#13947),#13945);
#13949=DIRECTION('',(0.E0,1.E0,0.E0));
#13950=VECTOR('',#13949,2.E-1);
#13951=CARTESIAN_POINT('',(6.3E-1,0.E0,-2.72E0));
#13952=LINE('',#13951,#13950);
#13953=CURVE_STYLE('',#33,POSITIVE_LENGTH_MEASURE(2.E-2),#18);
#13954=PRESENTATION_STYLE_ASSIGNMENT((#13953));
#13955=STYLED_ITEM('',(#13954),#13952);
#13956=DIRECTION('',(0.E0,0.E0,1.E0));
#13957=VECTOR('',#13956,2.8E-1);
#13958=CARTESIAN_POINT('',(6.3E-1,2.E-1,-3.E0));
#13959=LINE('',#13958,#13957);
#13960=CURVE_STYLE('',#33,POSITIVE_LENGTH_MEASURE(2.E-2),#18);
#13961=PRESENTATION_STYLE_ASSIGNMENT((#13960));
#13962=STYLED_ITEM('',(#13961),#13959);
#13963=DIRECTION('',(-1.E0,0.E0,0.E0));
#13964=VECTOR('',#13963,2.4E-1);
#13965=CARTESIAN_POINT('',(8.7E-1,2.E-1,-3.E0));
#13966=LINE('',#13965,#13964);
#13967=CURVE_STYLE('',#33,POSITIVE_LENGTH_MEASURE(2.E-2),#18);
#13968=PRESENTATION_STYLE_ASSIGNMENT((#13967));
#13969=STYLED_ITEM('',(#13968),#13966);
#13970=DIRECTION('',(0.E0,0.E0,-1.E0));
#13971=VECTOR('',#13970,2.8E-1);
#13972=CARTESIAN_POINT('',(8.7E-1,2.E-1,-2.72E0));
#13973=LINE('',#13972,#13971);
#13974=CURVE_STYLE('',#33,POSITIVE_LENGTH_MEASURE(2.E-2),#18);
#13975=PRESENTATION_STYLE_ASSIGNMENT((#13974));
#13976=STYLED_ITEM('',(#13975),#13973);
#13977=CARTESIAN_POINT('',(7.5E-1,2.E-1,-2.72E0));
#13978=DIRECTION('',(0.E0,1.E0,0.E0));
#13979=DIRECTION('',(-1.E0,0.E0,0.E0));
#13980=AXIS2_PLACEMENT_3D('',#13977,#13978,#13979);
#13982=CURVE_STYLE('',#33,POSITIVE_LENGTH_MEASURE(2.E-2),#18);
#13983=PRESENTATION_STYLE_ASSIGNMENT((#13982));
#13984=STYLED_ITEM('',(#13983),#13981);
#13985=CARTESIAN_POINT('',(6.3E-1,0.E0,-3.E0));
#13986=CARTESIAN_POINT('',(6.3E-1,0.E0,-2.72E0));
#13987=VERTEX_POINT('',#13985);
#13988=VERTEX_POINT('',#13986);
#13989=CARTESIAN_POINT('',(8.7E-1,0.E0,-2.72E0));
#13990=VERTEX_POINT('',#13989);
#13991=CARTESIAN_POINT('',(8.7E-1,0.E0,-3.E0));
#13992=VERTEX_POINT('',#13991);
#13993=CARTESIAN_POINT('',(6.3E-1,2.E-1,-3.E0));
#13994=CARTESIAN_POINT('',(6.3E-1,2.E-1,-2.72E0));
#13995=VERTEX_POINT('',#13993);
#13996=VERTEX_POINT('',#13994);
#13997=CARTESIAN_POINT('',(8.7E-1,2.E-1,-2.72E0));
#13998=VERTEX_POINT('',#13997);
#13999=CARTESIAN_POINT('',(8.7E-1,2.E-1,-3.E0));
#14000=VERTEX_POINT('',#13999);
#14001=CARTESIAN_POINT('',(0.E0,0.E0,0.E0));
#14002=DIRECTION('',(0.E0,1.E0,0.E0));
#14003=DIRECTION('',(1.E0,0.E0,0.E0));
#14004=AXIS2_PLACEMENT_3D('',#14001,#14002,#14003);
#14005=PLANE('',#14004);
#14007=ORIENTED_EDGE('',*,*,#14006,.T.);
#14009=ORIENTED_EDGE('',*,*,#14008,.T.);
#14011=ORIENTED_EDGE('',*,*,#14010,.T.);
#14013=ORIENTED_EDGE('',*,*,#14012,.T.);
#14014=EDGE_LOOP('',(#14007,#14009,#14011,#14013));
#14015=FACE_OUTER_BOUND('',#14014,.F.);
#14017=FILL_AREA_STYLE_COLOUR('',#22);
#14018=FILL_AREA_STYLE('',(#14017));
#14019=SURFACE_STYLE_FILL_AREA(#14018);
#14020=SURFACE_SIDE_STYLE('',(#14019));
#14021=SURFACE_STYLE_USAGE(.POSITIVE.,#14020);
#14022=PRESENTATION_STYLE_ASSIGNMENT((#14021));
#14023=OVER_RIDING_STYLED_ITEM('',(#14022),#14016,#13898);
#14024=CARTESIAN_POINT('',(6.3E-1,0.E0,-3.E0));
#14025=DIRECTION('',(-1.E0,0.E0,0.E0));
#14026=DIRECTION('',(0.E0,0.E0,1.E0));
#14027=AXIS2_PLACEMENT_3D('',#14024,#14025,#14026);
#14028=PLANE('',#14027);
#14029=ORIENTED_EDGE('',*,*,#14006,.F.);
#14031=ORIENTED_EDGE('',*,*,#14030,.T.);
#14033=ORIENTED_EDGE('',*,*,#14032,.T.);
#14035=ORIENTED_EDGE('',*,*,#14034,.F.);
#14036=EDGE_LOOP('',(#14029,#14031,#14033,#14035));
#14037=FACE_OUTER_BOUND('',#14036,.F.);
#14039=CARTESIAN_POINT('',(8.7E-1,0.E0,-3.E0));
#14040=DIRECTION('',(0.E0,0.E0,-1.E0));
#14041=DIRECTION('',(-1.E0,0.E0,0.E0));
#14042=AXIS2_PLACEMENT_3D('',#14039,#14040,#14041);
#14043=PLANE('',#14042);
#14044=ORIENTED_EDGE('',*,*,#14012,.F.);
#14046=ORIENTED_EDGE('',*,*,#14045,.T.);
#14048=ORIENTED_EDGE('',*,*,#14047,.T.);
#14049=ORIENTED_EDGE('',*,*,#14030,.F.);
#14050=EDGE_LOOP('',(#14044,#14046,#14048,#14049));
#14051=FACE_OUTER_BOUND('',#14050,.F.);
#14053=CARTESIAN_POINT('',(8.7E-1,0.E0,-2.72E0));
#14054=DIRECTION('',(1.E0,0.E0,0.E0));
#14055=DIRECTION('',(0.E0,0.E0,-1.E0));
#14056=AXIS2_PLACEMENT_3D('',#14053,#14054,#14055);
#14057=PLANE('',#14056);
#14058=ORIENTED_EDGE('',*,*,#14010,.F.);
#14060=ORIENTED_EDGE('',*,*,#14059,.T.);
#14062=ORIENTED_EDGE('',*,*,#14061,.T.);
#14063=ORIENTED_EDGE('',*,*,#14045,.F.);
#14064=EDGE_LOOP('',(#14058,#14060,#14062,#14063));
#14065=FACE_OUTER_BOUND('',#14064,.F.);
#14067=CARTESIAN_POINT('',(7.5E-1,0.E0,-2.72E0));
#14068=DIRECTION('',(0.E0,1.E0,0.E0));
#14069=DIRECTION('',(1.E0,0.E0,0.E0));
#14070=AXIS2_PLACEMENT_3D('',#14067,#14068,#14069);
#14071=CYLINDRICAL_SURFACE('',#14070,1.2E-1);
#14072=ORIENTED_EDGE('',*,*,#14008,.F.);
#14073=ORIENTED_EDGE('',*,*,#14034,.T.);
#14075=ORIENTED_EDGE('',*,*,#14074,.T.);
#14076=ORIENTED_EDGE('',*,*,#14059,.F.);
#14077=EDGE_LOOP('',(#14072,#14073,#14075,#14076));
#14078=FACE_OUTER_BOUND('',#14077,.F.);
#14080=CARTESIAN_POINT('',(0.E0,2.E-1,0.E0));
#14081=DIRECTION('',(0.E0,1.E0,0.E0));
#14082=DIRECTION('',(1.E0,0.E0,0.E0));
#14083=AXIS2_PLACEMENT_3D('',#14080,#14081,#14082);
#14084=PLANE('',#14083);
#14085=ORIENTED_EDGE('',*,*,#14032,.F.);
#14086=ORIENTED_EDGE('',*,*,#14047,.F.);
#14087=ORIENTED_EDGE('',*,*,#14061,.F.);
#14088=ORIENTED_EDGE('',*,*,#14074,.F.);
#14089=EDGE_LOOP('',(#14085,#14086,#14087,#14088));
#14090=FACE_OUTER_BOUND('',#14089,.F.);
#14092=CLOSED_SHELL('',(#14016,#14038,#14052,#14066,#14079,#14091));
#14093=MANIFOLD_SOLID_BREP('',#14092);
#14094=FILL_AREA_STYLE_COLOUR('',#18);
#14095=FILL_AREA_STYLE('',(#14094));
#14096=SURFACE_STYLE_FILL_AREA(#14095);
#14097=SURFACE_SIDE_STYLE('',(#14096));
#14098=SURFACE_STYLE_USAGE(.POSITIVE.,#14097);
#14099=PRESENTATION_STYLE_ASSIGNMENT((#14098));
#13898=STYLED_ITEM('',(#14099),#14093);
#14101=DIRECTION('',(0.E0,0.E0,1.E0));
#14102=VECTOR('',#14101,2.8E-1);
#14103=CARTESIAN_POINT('',(1.13E0,0.E0,-3.E0));
#14104=LINE('',#14103,#14102);
#14105=CURVE_STYLE('',#33,POSITIVE_LENGTH_MEASURE(2.E-2),#18);
#14106=PRESENTATION_STYLE_ASSIGNMENT((#14105));
#14107=STYLED_ITEM('',(#14106),#14104);
#14108=CARTESIAN_POINT('',(1.25E0,0.E0,-2.72E0));
#14109=DIRECTION('',(0.E0,1.E0,0.E0));
#14110=DIRECTION('',(-1.E0,0.E0,0.E0));
#14111=AXIS2_PLACEMENT_3D('',#14108,#14109,#14110);
#14113=CURVE_STYLE('',#33,POSITIVE_LENGTH_MEASURE(2.E-2),#18);
#14114=PRESENTATION_STYLE_ASSIGNMENT((#14113));
#14115=STYLED_ITEM('',(#14114),#14112);
#14116=DIRECTION('',(0.E0,0.E0,-1.E0));
#14117=VECTOR('',#14116,2.8E-1);
#14118=CARTESIAN_POINT('',(1.37E0,0.E0,-2.72E0));
#14119=LINE('',#14118,#14117);
#14120=CURVE_STYLE('',#33,POSITIVE_LENGTH_MEASURE(2.E-2),#18);
#14121=PRESENTATION_STYLE_ASSIGNMENT((#14120));
#14122=STYLED_ITEM('',(#14121),#14119);
#14123=DIRECTION('',(-1.E0,0.E0,0.E0));
#14124=VECTOR('',#14123,2.4E-1);
#14125=CARTESIAN_POINT('',(1.37E0,0.E0,-3.E0));
#14126=LINE('',#14125,#14124);
#14127=CURVE_STYLE('',#33,POSITIVE_LENGTH_MEASURE(2.E-2),#18);
#14128=PRESENTATION_STYLE_ASSIGNMENT((#14127));
#14129=STYLED_ITEM('',(#14128),#14126);
#14130=DIRECTION('',(0.E0,1.E0,0.E0));
#14131=VECTOR('',#14130,2.E-1);
#14132=CARTESIAN_POINT('',(1.13E0,0.E0,-3.E0));
#14133=LINE('',#14132,#14131);
#14134=CURVE_STYLE('',#33,POSITIVE_LENGTH_MEASURE(2.E-2),#18);
#14135=PRESENTATION_STYLE_ASSIGNMENT((#14134));
#14136=STYLED_ITEM('',(#14135),#14133);
#14137=DIRECTION('',(0.E0,1.E0,0.E0));
#14138=VECTOR('',#14137,2.E-1);
#14139=CARTESIAN_POINT('',(1.37E0,0.E0,-3.E0));
#14140=LINE('',#14139,#14138);
#14141=CURVE_STYLE('',#33,POSITIVE_LENGTH_MEASURE(2.E-2),#18);
#14142=PRESENTATION_STYLE_ASSIGNMENT((#14141));
#14143=STYLED_ITEM('',(#14142),#14140);
#14144=DIRECTION('',(0.E0,1.E0,0.E0));
#14145=VECTOR('',#14144,2.E-1);
#14146=CARTESIAN_POINT('',(1.37E0,0.E0,-2.72E0));
#14147=LINE('',#14146,#14145);
#14148=CURVE_STYLE('',#33,POSITIVE_LENGTH_MEASURE(2.E-2),#18);
#14149=PRESENTATION_STYLE_ASSIGNMENT((#14148));
#14150=STYLED_ITEM('',(#14149),#14147);
#14151=DIRECTION('',(0.E0,1.E0,0.E0));
#14152=VECTOR('',#14151,2.E-1);
#14153=CARTESIAN_POINT('',(1.13E0,0.E0,-2.72E0));
#14154=LINE('',#14153,#14152);
#14155=CURVE_STYLE('',#33,POSITIVE_LENGTH_MEASURE(2.E-2),#18);
#14156=PRESENTATION_STYLE_ASSIGNMENT((#14155));
#14157=STYLED_ITEM('',(#14156),#14154);
#14158=DIRECTION('',(0.E0,0.E0,1.E0));
#14159=VECTOR('',#14158,2.8E-1);
#14160=CARTESIAN_POINT('',(1.13E0,2.E-1,-3.E0));
#14161=LINE('',#14160,#14159);
#14162=CURVE_STYLE('',#33,POSITIVE_LENGTH_MEASURE(2.E-2),#18);
#14163=PRESENTATION_STYLE_ASSIGNMENT((#14162));
#14164=STYLED_ITEM('',(#14163),#14161);
#14165=DIRECTION('',(-1.E0,0.E0,0.E0));
#14166=VECTOR('',#14165,2.4E-1);
#14167=CARTESIAN_POINT('',(1.37E0,2.E-1,-3.E0));
#14168=LINE('',#14167,#14166);
#14169=CURVE_STYLE('',#33,POSITIVE_LENGTH_MEASURE(2.E-2),#18);
#14170=PRESENTATION_STYLE_ASSIGNMENT((#14169));
#14171=STYLED_ITEM('',(#14170),#14168);
#14172=DIRECTION('',(0.E0,0.E0,-1.E0));
#14173=VECTOR('',#14172,2.8E-1);
#14174=CARTESIAN_POINT('',(1.37E0,2.E-1,-2.72E0));
#14175=LINE('',#14174,#14173);
#14176=CURVE_STYLE('',#33,POSITIVE_LENGTH_MEASURE(2.E-2),#18);
#14177=PRESENTATION_STYLE_ASSIGNMENT((#14176));
#14178=STYLED_ITEM('',(#14177),#14175);
#14179=CARTESIAN_POINT('',(1.25E0,2.E-1,-2.72E0));
#14180=DIRECTION('',(0.E0,1.E0,0.E0));
#14181=DIRECTION('',(-1.E0,0.E0,0.E0));
#14182=AXIS2_PLACEMENT_3D('',#14179,#14180,#14181);
#14184=CURVE_STYLE('',#33,POSITIVE_LENGTH_MEASURE(2.E-2),#18);
#14185=PRESENTATION_STYLE_ASSIGNMENT((#14184));
#14186=STYLED_ITEM('',(#14185),#14183);
#14187=CARTESIAN_POINT('',(1.13E0,0.E0,-3.E0));
#14188=CARTESIAN_POINT('',(1.13E0,0.E0,-2.72E0));
#14189=VERTEX_POINT('',#14187);
#14190=VERTEX_POINT('',#14188);
#14191=CARTESIAN_POINT('',(1.37E0,0.E0,-2.72E0));
#14192=VERTEX_POINT('',#14191);
#14193=CARTESIAN_POINT('',(1.37E0,0.E0,-3.E0));
#14194=VERTEX_POINT('',#14193);
#14195=CARTESIAN_POINT('',(1.13E0,2.E-1,-3.E0));
#14196=CARTESIAN_POINT('',(1.13E0,2.E-1,-2.72E0));
#14197=VERTEX_POINT('',#14195);
#14198=VERTEX_POINT('',#14196);
#14199=CARTESIAN_POINT('',(1.37E0,2.E-1,-2.72E0));
#14200=VERTEX_POINT('',#14199);
#14201=CARTESIAN_POINT('',(1.37E0,2.E-1,-3.E0));
#14202=VERTEX_POINT('',#14201);
#14203=CARTESIAN_POINT('',(0.E0,0.E0,0.E0));
#14204=DIRECTION('',(0.E0,1.E0,0.E0));
#14205=DIRECTION('',(1.E0,0.E0,0.E0));
#14206=AXIS2_PLACEMENT_3D('',#14203,#14204,#14205);
#14207=PLANE('',#14206);
#14209=ORIENTED_EDGE('',*,*,#14208,.T.);
#14211=ORIENTED_EDGE('',*,*,#14210,.T.);
#14213=ORIENTED_EDGE('',*,*,#14212,.T.);
#14215=ORIENTED_EDGE('',*,*,#14214,.T.);
#14216=EDGE_LOOP('',(#14209,#14211,#14213,#14215));
#14217=FACE_OUTER_BOUND('',#14216,.F.);
#14219=FILL_AREA_STYLE_COLOUR('',#22);
#14220=FILL_AREA_STYLE('',(#14219));
#14221=SURFACE_STYLE_FILL_AREA(#14220);
#14222=SURFACE_SIDE_STYLE('',(#14221));
#14223=SURFACE_STYLE_USAGE(.POSITIVE.,#14222);
#14224=PRESENTATION_STYLE_ASSIGNMENT((#14223));
#14225=OVER_RIDING_STYLED_ITEM('',(#14224),#14218,#14100);
#14226=CARTESIAN_POINT('',(1.13E0,0.E0,-3.E0));
#14227=DIRECTION('',(-1.E0,0.E0,0.E0));
#14228=DIRECTION('',(0.E0,0.E0,1.E0));
#14229=AXIS2_PLACEMENT_3D('',#14226,#14227,#14228);
#14230=PLANE('',#14229);
#14231=ORIENTED_EDGE('',*,*,#14208,.F.);
#14233=ORIENTED_EDGE('',*,*,#14232,.T.);
#14235=ORIENTED_EDGE('',*,*,#14234,.T.);
#14237=ORIENTED_EDGE('',*,*,#14236,.F.);
#14238=EDGE_LOOP('',(#14231,#14233,#14235,#14237));
#14239=FACE_OUTER_BOUND('',#14238,.F.);
#14241=CARTESIAN_POINT('',(1.37E0,0.E0,-3.E0));
#14242=DIRECTION('',(0.E0,0.E0,-1.E0));
#14243=DIRECTION('',(-1.E0,0.E0,0.E0));
#14244=AXIS2_PLACEMENT_3D('',#14241,#14242,#14243);
#14245=PLANE('',#14244);
#14246=ORIENTED_EDGE('',*,*,#14214,.F.);
#14248=ORIENTED_EDGE('',*,*,#14247,.T.);
#14250=ORIENTED_EDGE('',*,*,#14249,.T.);
#14251=ORIENTED_EDGE('',*,*,#14232,.F.);
#14252=EDGE_LOOP('',(#14246,#14248,#14250,#14251));
#14253=FACE_OUTER_BOUND('',#14252,.F.);
#14255=CARTESIAN_POINT('',(1.37E0,0.E0,-2.72E0));
#14256=DIRECTION('',(1.E0,0.E0,0.E0));
#14257=DIRECTION('',(0.E0,0.E0,-1.E0));
#14258=AXIS2_PLACEMENT_3D('',#14255,#14256,#14257);
#14259=PLANE('',#14258);
#14260=ORIENTED_EDGE('',*,*,#14212,.F.);
#14262=ORIENTED_EDGE('',*,*,#14261,.T.);
#14264=ORIENTED_EDGE('',*,*,#14263,.T.);
#14265=ORIENTED_EDGE('',*,*,#14247,.F.);
#14266=EDGE_LOOP('',(#14260,#14262,#14264,#14265));
#14267=FACE_OUTER_BOUND('',#14266,.F.);
#14269=CARTESIAN_POINT('',(1.25E0,0.E0,-2.72E0));
#14270=DIRECTION('',(0.E0,1.E0,0.E0));
#14271=DIRECTION('',(1.E0,0.E0,0.E0));
#14272=AXIS2_PLACEMENT_3D('',#14269,#14270,#14271);
#14273=CYLINDRICAL_SURFACE('',#14272,1.2E-1);
#14274=ORIENTED_EDGE('',*,*,#14210,.F.);
#14275=ORIENTED_EDGE('',*,*,#14236,.T.);
#14277=ORIENTED_EDGE('',*,*,#14276,.T.);
#14278=ORIENTED_EDGE('',*,*,#14261,.F.);
#14279=EDGE_LOOP('',(#14274,#14275,#14277,#14278));
#14280=FACE_OUTER_BOUND('',#14279,.F.);
#14282=CARTESIAN_POINT('',(0.E0,2.E-1,0.E0));
#14283=DIRECTION('',(0.E0,1.E0,0.E0));
#14284=DIRECTION('',(1.E0,0.E0,0.E0));
#14285=AXIS2_PLACEMENT_3D('',#14282,#14283,#14284);
#14286=PLANE('',#14285);
#14287=ORIENTED_EDGE('',*,*,#14234,.F.);
#14288=ORIENTED_EDGE('',*,*,#14249,.F.);
#14289=ORIENTED_EDGE('',*,*,#14263,.F.);
#14290=ORIENTED_EDGE('',*,*,#14276,.F.);
#14291=EDGE_LOOP('',(#14287,#14288,#14289,#14290));
#14292=FACE_OUTER_BOUND('',#14291,.F.);
#14294=CLOSED_SHELL('',(#14218,#14240,#14254,#14268,#14281,#14293));
#14295=MANIFOLD_SOLID_BREP('',#14294);
#14296=FILL_AREA_STYLE_COLOUR('',#18);
#14297=FILL_AREA_STYLE('',(#14296));
#14298=SURFACE_STYLE_FILL_AREA(#14297);
#14299=SURFACE_SIDE_STYLE('',(#14298));
#14300=SURFACE_STYLE_USAGE(.POSITIVE.,#14299);
#14301=PRESENTATION_STYLE_ASSIGNMENT((#14300));
#14100=STYLED_ITEM('',(#14301),#14295);
#14303=DIRECTION('',(0.E0,0.E0,-1.E0));
#14304=VECTOR('',#14303,2.8E-1);
#14305=CARTESIAN_POINT('',(-2.37E0,0.E0,3.E0));
#14306=LINE('',#14305,#14304);
#14307=CURVE_STYLE('',#33,POSITIVE_LENGTH_MEASURE(2.E-2),#18);
#14308=PRESENTATION_STYLE_ASSIGNMENT((#14307));
#14309=STYLED_ITEM('',(#14308),#14306);
#14310=DIRECTION('',(-1.E0,0.E0,0.E0));
#14311=VECTOR('',#14310,2.4E-1);
#14312=CARTESIAN_POINT('',(-2.13E0,0.E0,3.E0));
#14313=LINE('',#14312,#14311);
#14314=CURVE_STYLE('',#33,POSITIVE_LENGTH_MEASURE(2.E-2),#18);
#14315=PRESENTATION_STYLE_ASSIGNMENT((#14314));
#14316=STYLED_ITEM('',(#14315),#14313);
#14317=DIRECTION('',(0.E0,0.E0,1.E0));
#14318=VECTOR('',#14317,2.8E-1);
#14319=CARTESIAN_POINT('',(-2.13E0,0.E0,2.72E0));
#14320=LINE('',#14319,#14318);
#14321=CURVE_STYLE('',#33,POSITIVE_LENGTH_MEASURE(2.E-2),#18);
#14322=PRESENTATION_STYLE_ASSIGNMENT((#14321));
#14323=STYLED_ITEM('',(#14322),#14320);
#14324=CARTESIAN_POINT('',(-2.25E0,0.E0,2.72E0));
#14325=DIRECTION('',(0.E0,-1.E0,0.E0));
#14326=DIRECTION('',(-1.E0,0.E0,0.E0));
#14327=AXIS2_PLACEMENT_3D('',#14324,#14325,#14326);
#14329=CURVE_STYLE('',#33,POSITIVE_LENGTH_MEASURE(2.E-2),#18);
#14330=PRESENTATION_STYLE_ASSIGNMENT((#14329));
#14331=STYLED_ITEM('',(#14330),#14328);
#14332=DIRECTION('',(0.E0,1.E0,0.E0));
#14333=VECTOR('',#14332,2.E-1);
#14334=CARTESIAN_POINT('',(-2.37E0,0.E0,3.E0));
#14335=LINE('',#14334,#14333);
#14336=CURVE_STYLE('',#33,POSITIVE_LENGTH_MEASURE(2.E-2),#18);
#14337=PRESENTATION_STYLE_ASSIGNMENT((#14336));
#14338=STYLED_ITEM('',(#14337),#14335);
#14339=DIRECTION('',(0.E0,1.E0,0.E0));
#14340=VECTOR('',#14339,2.E-1);
#14341=CARTESIAN_POINT('',(-2.37E0,0.E0,2.72E0));
#14342=LINE('',#14341,#14340);
#14343=CURVE_STYLE('',#33,POSITIVE_LENGTH_MEASURE(2.E-2),#18);
#14344=PRESENTATION_STYLE_ASSIGNMENT((#14343));
#14345=STYLED_ITEM('',(#14344),#14342);
#14346=DIRECTION('',(0.E0,1.E0,0.E0));
#14347=VECTOR('',#14346,2.E-1);
#14348=CARTESIAN_POINT('',(-2.13E0,0.E0,2.72E0));
#14349=LINE('',#14348,#14347);
#14350=CURVE_STYLE('',#33,POSITIVE_LENGTH_MEASURE(2.E-2),#18);
#14351=PRESENTATION_STYLE_ASSIGNMENT((#14350));
#14352=STYLED_ITEM('',(#14351),#14349);
#14353=DIRECTION('',(0.E0,1.E0,0.E0));
#14354=VECTOR('',#14353,2.E-1);
#14355=CARTESIAN_POINT('',(-2.13E0,0.E0,3.E0));
#14356=LINE('',#14355,#14354);
#14357=CURVE_STYLE('',#33,POSITIVE_LENGTH_MEASURE(2.E-2),#18);
#14358=PRESENTATION_STYLE_ASSIGNMENT((#14357));
#14359=STYLED_ITEM('',(#14358),#14356);
#14360=DIRECTION('',(0.E0,0.E0,-1.E0));
#14361=VECTOR('',#14360,2.8E-1);
#14362=CARTESIAN_POINT('',(-2.37E0,2.E-1,3.E0));
#14363=LINE('',#14362,#14361);
#14364=CURVE_STYLE('',#33,POSITIVE_LENGTH_MEASURE(2.E-2),#18);
#14365=PRESENTATION_STYLE_ASSIGNMENT((#14364));
#14366=STYLED_ITEM('',(#14365),#14363);
#14367=CARTESIAN_POINT('',(-2.25E0,2.E-1,2.72E0));
#14368=DIRECTION('',(0.E0,-1.E0,0.E0));
#14369=DIRECTION('',(-1.E0,0.E0,0.E0));
#14370=AXIS2_PLACEMENT_3D('',#14367,#14368,#14369);
#14372=CURVE_STYLE('',#33,POSITIVE_LENGTH_MEASURE(2.E-2),#18);
#14373=PRESENTATION_STYLE_ASSIGNMENT((#14372));
#14374=STYLED_ITEM('',(#14373),#14371);
#14375=DIRECTION('',(0.E0,0.E0,1.E0));
#14376=VECTOR('',#14375,2.8E-1);
#14377=CARTESIAN_POINT('',(-2.13E0,2.E-1,2.72E0));
#14378=LINE('',#14377,#14376);
#14379=CURVE_STYLE('',#33,POSITIVE_LENGTH_MEASURE(2.E-2),#18);
#14380=PRESENTATION_STYLE_ASSIGNMENT((#14379));
#14381=STYLED_ITEM('',(#14380),#14378);
#14382=DIRECTION('',(-1.E0,0.E0,0.E0));
#14383=VECTOR('',#14382,2.4E-1);
#14384=CARTESIAN_POINT('',(-2.13E0,2.E-1,3.E0));
#14385=LINE('',#14384,#14383);
#14386=CURVE_STYLE('',#33,POSITIVE_LENGTH_MEASURE(2.E-2),#18);
#14387=PRESENTATION_STYLE_ASSIGNMENT((#14386));
#14388=STYLED_ITEM('',(#14387),#14385);
#14389=CARTESIAN_POINT('',(-2.37E0,0.E0,3.E0));
#14390=CARTESIAN_POINT('',(-2.37E0,0.E0,2.72E0));
#14391=VERTEX_POINT('',#14389);
#14392=VERTEX_POINT('',#14390);
#14393=CARTESIAN_POINT('',(-2.13E0,0.E0,2.72E0));
#14394=VERTEX_POINT('',#14393);
#14395=CARTESIAN_POINT('',(-2.13E0,0.E0,3.E0));
#14396=VERTEX_POINT('',#14395);
#14397=CARTESIAN_POINT('',(-2.37E0,2.E-1,3.E0));
#14398=CARTESIAN_POINT('',(-2.37E0,2.E-1,2.72E0));
#14399=VERTEX_POINT('',#14397);
#14400=VERTEX_POINT('',#14398);
#14401=CARTESIAN_POINT('',(-2.13E0,2.E-1,2.72E0));
#14402=VERTEX_POINT('',#14401);
#14403=CARTESIAN_POINT('',(-2.13E0,2.E-1,3.E0));
#14404=VERTEX_POINT('',#14403);
#14405=CARTESIAN_POINT('',(0.E0,0.E0,0.E0));
#14406=DIRECTION('',(0.E0,-1.E0,0.E0));
#14407=DIRECTION('',(1.E0,0.E0,0.E0));
#14408=AXIS2_PLACEMENT_3D('',#14405,#14406,#14407);
#14409=PLANE('',#14408);
#14411=ORIENTED_EDGE('',*,*,#14410,.F.);
#14413=ORIENTED_EDGE('',*,*,#14412,.F.);
#14415=ORIENTED_EDGE('',*,*,#14414,.F.);
#14417=ORIENTED_EDGE('',*,*,#14416,.F.);
#14418=EDGE_LOOP('',(#14411,#14413,#14415,#14417));
#14419=FACE_OUTER_BOUND('',#14418,.F.);
#14421=FILL_AREA_STYLE_COLOUR('',#22);
#14422=FILL_AREA_STYLE('',(#14421));
#14423=SURFACE_STYLE_FILL_AREA(#14422);
#14424=SURFACE_SIDE_STYLE('',(#14423));
#14425=SURFACE_STYLE_USAGE(.POSITIVE.,#14424);
#14426=PRESENTATION_STYLE_ASSIGNMENT((#14425));
#14427=OVER_RIDING_STYLED_ITEM('',(#14426),#14420,#14302);
#14428=CARTESIAN_POINT('',(-2.37E0,0.E0,3.E0));
#14429=DIRECTION('',(1.E0,0.E0,0.E0));
#14430=DIRECTION('',(0.E0,0.E0,-1.E0));
#14431=AXIS2_PLACEMENT_3D('',#14428,#14429,#14430);
#14432=PLANE('',#14431);
#14433=ORIENTED_EDGE('',*,*,#14410,.T.);
#14435=ORIENTED_EDGE('',*,*,#14434,.T.);
#14437=ORIENTED_EDGE('',*,*,#14436,.F.);
#14439=ORIENTED_EDGE('',*,*,#14438,.F.);
#14440=EDGE_LOOP('',(#14433,#14435,#14437,#14439));
#14441=FACE_OUTER_BOUND('',#14440,.F.);
#14443=CARTESIAN_POINT('',(-2.25E0,0.E0,2.72E0));
#14444=DIRECTION('',(0.E0,-1.E0,0.E0));
#14445=DIRECTION('',(1.E0,0.E0,0.E0));
#14446=AXIS2_PLACEMENT_3D('',#14443,#14444,#14445);
#14447=CYLINDRICAL_SURFACE('',#14446,1.2E-1);
#14448=ORIENTED_EDGE('',*,*,#14416,.T.);
#14450=ORIENTED_EDGE('',*,*,#14449,.T.);
#14452=ORIENTED_EDGE('',*,*,#14451,.F.);
#14453=ORIENTED_EDGE('',*,*,#14434,.F.);
#14454=EDGE_LOOP('',(#14448,#14450,#14452,#14453));
#14455=FACE_OUTER_BOUND('',#14454,.F.);
#14457=CARTESIAN_POINT('',(-2.13E0,0.E0,2.72E0));
#14458=DIRECTION('',(-1.E0,0.E0,0.E0));
#14459=DIRECTION('',(0.E0,0.E0,1.E0));
#14460=AXIS2_PLACEMENT_3D('',#14457,#14458,#14459);
#14461=PLANE('',#14460);
#14462=ORIENTED_EDGE('',*,*,#14414,.T.);
#14464=ORIENTED_EDGE('',*,*,#14463,.T.);
#14466=ORIENTED_EDGE('',*,*,#14465,.F.);
#14467=ORIENTED_EDGE('',*,*,#14449,.F.);
#14468=EDGE_LOOP('',(#14462,#14464,#14466,#14467));
#14469=FACE_OUTER_BOUND('',#14468,.F.);
#14471=CARTESIAN_POINT('',(-2.13E0,0.E0,3.E0));
#14472=DIRECTION('',(0.E0,0.E0,-1.E0));
#14473=DIRECTION('',(-1.E0,0.E0,0.E0));
#14474=AXIS2_PLACEMENT_3D('',#14471,#14472,#14473);
#14475=PLANE('',#14474);
#14476=ORIENTED_EDGE('',*,*,#14412,.T.);
#14477=ORIENTED_EDGE('',*,*,#14438,.T.);
#14479=ORIENTED_EDGE('',*,*,#14478,.F.);
#14480=ORIENTED_EDGE('',*,*,#14463,.F.);
#14481=EDGE_LOOP('',(#14476,#14477,#14479,#14480));
#14482=FACE_OUTER_BOUND('',#14481,.F.);
#14484=CARTESIAN_POINT('',(0.E0,2.E-1,0.E0));
#14485=DIRECTION('',(0.E0,-1.E0,0.E0));
#14486=DIRECTION('',(1.E0,0.E0,0.E0));
#14487=AXIS2_PLACEMENT_3D('',#14484,#14485,#14486);
#14488=PLANE('',#14487);
#14489=ORIENTED_EDGE('',*,*,#14436,.T.);
#14490=ORIENTED_EDGE('',*,*,#14451,.T.);
#14491=ORIENTED_EDGE('',*,*,#14465,.T.);
#14492=ORIENTED_EDGE('',*,*,#14478,.T.);
#14493=EDGE_LOOP('',(#14489,#14490,#14491,#14492));
#14494=FACE_OUTER_BOUND('',#14493,.F.);
#14496=CLOSED_SHELL('',(#14420,#14442,#14456,#14470,#14483,#14495));
#14497=MANIFOLD_SOLID_BREP('',#14496);
#14498=FILL_AREA_STYLE_COLOUR('',#18);
#14499=FILL_AREA_STYLE('',(#14498));
#14500=SURFACE_STYLE_FILL_AREA(#14499);
#14501=SURFACE_SIDE_STYLE('',(#14500));
#14502=SURFACE_STYLE_USAGE(.POSITIVE.,#14501);
#14503=PRESENTATION_STYLE_ASSIGNMENT((#14502));
#14302=STYLED_ITEM('',(#14503),#14497);
#14505=DIRECTION('',(0.E0,0.E0,-1.E0));
#14506=VECTOR('',#14505,2.8E-1);
#14507=CARTESIAN_POINT('',(-1.87E0,0.E0,3.E0));
#14508=LINE('',#14507,#14506);
#14509=CURVE_STYLE('',#33,POSITIVE_LENGTH_MEASURE(2.E-2),#18);
#14510=PRESENTATION_STYLE_ASSIGNMENT((#14509));
#14511=STYLED_ITEM('',(#14510),#14508);
#14512=DIRECTION('',(-1.E0,0.E0,0.E0));
#14513=VECTOR('',#14512,2.4E-1);
#14514=CARTESIAN_POINT('',(-1.63E0,0.E0,3.E0));
#14515=LINE('',#14514,#14513);
#14516=CURVE_STYLE('',#33,POSITIVE_LENGTH_MEASURE(2.E-2),#18);
#14517=PRESENTATION_STYLE_ASSIGNMENT((#14516));
#14518=STYLED_ITEM('',(#14517),#14515);
#14519=DIRECTION('',(0.E0,0.E0,1.E0));
#14520=VECTOR('',#14519,2.8E-1);
#14521=CARTESIAN_POINT('',(-1.63E0,0.E0,2.72E0));
#14522=LINE('',#14521,#14520);
#14523=CURVE_STYLE('',#33,POSITIVE_LENGTH_MEASURE(2.E-2),#18);
#14524=PRESENTATION_STYLE_ASSIGNMENT((#14523));
#14525=STYLED_ITEM('',(#14524),#14522);
#14526=CARTESIAN_POINT('',(-1.75E0,0.E0,2.72E0));
#14527=DIRECTION('',(0.E0,-1.E0,0.E0));
#14528=DIRECTION('',(-1.E0,0.E0,-1.110223024625E-14));
#14529=AXIS2_PLACEMENT_3D('',#14526,#14527,#14528);
#14531=CURVE_STYLE('',#33,POSITIVE_LENGTH_MEASURE(2.E-2),#18);
#14532=PRESENTATION_STYLE_ASSIGNMENT((#14531));
#14533=STYLED_ITEM('',(#14532),#14530);
#14534=DIRECTION('',(0.E0,1.E0,0.E0));
#14535=VECTOR('',#14534,2.E-1);
#14536=CARTESIAN_POINT('',(-1.87E0,0.E0,3.E0));
#14537=LINE('',#14536,#14535);
#14538=CURVE_STYLE('',#33,POSITIVE_LENGTH_MEASURE(2.E-2),#18);
#14539=PRESENTATION_STYLE_ASSIGNMENT((#14538));
#14540=STYLED_ITEM('',(#14539),#14537);
#14541=DIRECTION('',(0.E0,1.E0,0.E0));
#14542=VECTOR('',#14541,2.E-1);
#14543=CARTESIAN_POINT('',(-1.87E0,0.E0,2.72E0));
#14544=LINE('',#14543,#14542);
#14545=CURVE_STYLE('',#33,POSITIVE_LENGTH_MEASURE(2.E-2),#18);
#14546=PRESENTATION_STYLE_ASSIGNMENT((#14545));
#14547=STYLED_ITEM('',(#14546),#14544);
#14548=DIRECTION('',(0.E0,1.E0,0.E0));
#14549=VECTOR('',#14548,2.E-1);
#14550=CARTESIAN_POINT('',(-1.63E0,0.E0,2.72E0));
#14551=LINE('',#14550,#14549);
#14552=CURVE_STYLE('',#33,POSITIVE_LENGTH_MEASURE(2.E-2),#18);
#14553=PRESENTATION_STYLE_ASSIGNMENT((#14552));
#14554=STYLED_ITEM('',(#14553),#14551);
#14555=DIRECTION('',(0.E0,1.E0,0.E0));
#14556=VECTOR('',#14555,2.E-1);
#14557=CARTESIAN_POINT('',(-1.63E0,0.E0,3.E0));
#14558=LINE('',#14557,#14556);
#14559=CURVE_STYLE('',#33,POSITIVE_LENGTH_MEASURE(2.E-2),#18);
#14560=PRESENTATION_STYLE_ASSIGNMENT((#14559));
#14561=STYLED_ITEM('',(#14560),#14558);
#14562=DIRECTION('',(0.E0,0.E0,-1.E0));
#14563=VECTOR('',#14562,2.8E-1);
#14564=CARTESIAN_POINT('',(-1.87E0,2.E-1,3.E0));
#14565=LINE('',#14564,#14563);
#14566=CURVE_STYLE('',#33,POSITIVE_LENGTH_MEASURE(2.E-2),#18);
#14567=PRESENTATION_STYLE_ASSIGNMENT((#14566));
#14568=STYLED_ITEM('',(#14567),#14565);
#14569=CARTESIAN_POINT('',(-1.75E0,2.E-1,2.72E0));
#14570=DIRECTION('',(0.E0,-1.E0,0.E0));
#14571=DIRECTION('',(-1.E0,0.E0,-1.110223024625E-14));
#14572=AXIS2_PLACEMENT_3D('',#14569,#14570,#14571);
#14574=CURVE_STYLE('',#33,POSITIVE_LENGTH_MEASURE(2.E-2),#18);
#14575=PRESENTATION_STYLE_ASSIGNMENT((#14574));
#14576=STYLED_ITEM('',(#14575),#14573);
#14577=DIRECTION('',(0.E0,0.E0,1.E0));
#14578=VECTOR('',#14577,2.8E-1);
#14579=CARTESIAN_POINT('',(-1.63E0,2.E-1,2.72E0));
#14580=LINE('',#14579,#14578);
#14581=CURVE_STYLE('',#33,POSITIVE_LENGTH_MEASURE(2.E-2),#18);
#14582=PRESENTATION_STYLE_ASSIGNMENT((#14581));
#14583=STYLED_ITEM('',(#14582),#14580);
#14584=DIRECTION('',(-1.E0,0.E0,0.E0));
#14585=VECTOR('',#14584,2.4E-1);
#14586=CARTESIAN_POINT('',(-1.63E0,2.E-1,3.E0));
#14587=LINE('',#14586,#14585);
#14588=CURVE_STYLE('',#33,POSITIVE_LENGTH_MEASURE(2.E-2),#18);
#14589=PRESENTATION_STYLE_ASSIGNMENT((#14588));
#14590=STYLED_ITEM('',(#14589),#14587);
#14591=CARTESIAN_POINT('',(-1.87E0,0.E0,3.E0));
#14592=CARTESIAN_POINT('',(-1.87E0,0.E0,2.72E0));
#14593=VERTEX_POINT('',#14591);
#14594=VERTEX_POINT('',#14592);
#14595=CARTESIAN_POINT('',(-1.63E0,0.E0,2.72E0));
#14596=VERTEX_POINT('',#14595);
#14597=CARTESIAN_POINT('',(-1.63E0,0.E0,3.E0));
#14598=VERTEX_POINT('',#14597);
#14599=CARTESIAN_POINT('',(-1.87E0,2.E-1,3.E0));
#14600=CARTESIAN_POINT('',(-1.87E0,2.E-1,2.72E0));
#14601=VERTEX_POINT('',#14599);
#14602=VERTEX_POINT('',#14600);
#14603=CARTESIAN_POINT('',(-1.63E0,2.E-1,2.72E0));
#14604=VERTEX_POINT('',#14603);
#14605=CARTESIAN_POINT('',(-1.63E0,2.E-1,3.E0));
#14606=VERTEX_POINT('',#14605);
#14607=CARTESIAN_POINT('',(0.E0,0.E0,0.E0));
#14608=DIRECTION('',(0.E0,-1.E0,0.E0));
#14609=DIRECTION('',(1.E0,0.E0,0.E0));
#14610=AXIS2_PLACEMENT_3D('',#14607,#14608,#14609);
#14611=PLANE('',#14610);
#14613=ORIENTED_EDGE('',*,*,#14612,.F.);
#14615=ORIENTED_EDGE('',*,*,#14614,.F.);
#14617=ORIENTED_EDGE('',*,*,#14616,.F.);
#14619=ORIENTED_EDGE('',*,*,#14618,.F.);
#14620=EDGE_LOOP('',(#14613,#14615,#14617,#14619));
#14621=FACE_OUTER_BOUND('',#14620,.F.);
#14623=FILL_AREA_STYLE_COLOUR('',#22);
#14624=FILL_AREA_STYLE('',(#14623));
#14625=SURFACE_STYLE_FILL_AREA(#14624);
#14626=SURFACE_SIDE_STYLE('',(#14625));
#14627=SURFACE_STYLE_USAGE(.POSITIVE.,#14626);
#14628=PRESENTATION_STYLE_ASSIGNMENT((#14627));
#14629=OVER_RIDING_STYLED_ITEM('',(#14628),#14622,#14504);
#14630=CARTESIAN_POINT('',(-1.87E0,0.E0,3.E0));
#14631=DIRECTION('',(1.E0,0.E0,0.E0));
#14632=DIRECTION('',(0.E0,0.E0,-1.E0));
#14633=AXIS2_PLACEMENT_3D('',#14630,#14631,#14632);
#14634=PLANE('',#14633);
#14635=ORIENTED_EDGE('',*,*,#14612,.T.);
#14637=ORIENTED_EDGE('',*,*,#14636,.T.);
#14639=ORIENTED_EDGE('',*,*,#14638,.F.);
#14641=ORIENTED_EDGE('',*,*,#14640,.F.);
#14642=EDGE_LOOP('',(#14635,#14637,#14639,#14641));
#14643=FACE_OUTER_BOUND('',#14642,.F.);
#14645=CARTESIAN_POINT('',(-1.75E0,0.E0,2.72E0));
#14646=DIRECTION('',(0.E0,-1.E0,0.E0));
#14647=DIRECTION('',(1.E0,0.E0,0.E0));
#14648=AXIS2_PLACEMENT_3D('',#14645,#14646,#14647);
#14649=CYLINDRICAL_SURFACE('',#14648,1.2E-1);
#14650=ORIENTED_EDGE('',*,*,#14618,.T.);
#14652=ORIENTED_EDGE('',*,*,#14651,.T.);
#14654=ORIENTED_EDGE('',*,*,#14653,.F.);
#14655=ORIENTED_EDGE('',*,*,#14636,.F.);
#14656=EDGE_LOOP('',(#14650,#14652,#14654,#14655));
#14657=FACE_OUTER_BOUND('',#14656,.F.);
#14659=CARTESIAN_POINT('',(-1.63E0,0.E0,2.72E0));
#14660=DIRECTION('',(-1.E0,0.E0,0.E0));
#14661=DIRECTION('',(0.E0,0.E0,1.E0));
#14662=AXIS2_PLACEMENT_3D('',#14659,#14660,#14661);
#14663=PLANE('',#14662);
#14664=ORIENTED_EDGE('',*,*,#14616,.T.);
#14666=ORIENTED_EDGE('',*,*,#14665,.T.);
#14668=ORIENTED_EDGE('',*,*,#14667,.F.);
#14669=ORIENTED_EDGE('',*,*,#14651,.F.);
#14670=EDGE_LOOP('',(#14664,#14666,#14668,#14669));
#14671=FACE_OUTER_BOUND('',#14670,.F.);
#14673=CARTESIAN_POINT('',(-1.63E0,0.E0,3.E0));
#14674=DIRECTION('',(0.E0,0.E0,-1.E0));
#14675=DIRECTION('',(-1.E0,0.E0,0.E0));
#14676=AXIS2_PLACEMENT_3D('',#14673,#14674,#14675);
#14677=PLANE('',#14676);
#14678=ORIENTED_EDGE('',*,*,#14614,.T.);
#14679=ORIENTED_EDGE('',*,*,#14640,.T.);
#14681=ORIENTED_EDGE('',*,*,#14680,.F.);
#14682=ORIENTED_EDGE('',*,*,#14665,.F.);
#14683=EDGE_LOOP('',(#14678,#14679,#14681,#14682));
#14684=FACE_OUTER_BOUND('',#14683,.F.);
#14686=CARTESIAN_POINT('',(0.E0,2.E-1,0.E0));
#14687=DIRECTION('',(0.E0,-1.E0,0.E0));
#14688=DIRECTION('',(1.E0,0.E0,0.E0));
#14689=AXIS2_PLACEMENT_3D('',#14686,#14687,#14688);
#14690=PLANE('',#14689);
#14691=ORIENTED_EDGE('',*,*,#14638,.T.);
#14692=ORIENTED_EDGE('',*,*,#14653,.T.);
#14693=ORIENTED_EDGE('',*,*,#14667,.T.);
#14694=ORIENTED_EDGE('',*,*,#14680,.T.);
#14695=EDGE_LOOP('',(#14691,#14692,#14693,#14694));
#14696=FACE_OUTER_BOUND('',#14695,.F.);
#14698=CLOSED_SHELL('',(#14622,#14644,#14658,#14672,#14685,#14697));
#14699=MANIFOLD_SOLID_BREP('',#14698);
#14700=FILL_AREA_STYLE_COLOUR('',#18);
#14701=FILL_AREA_STYLE('',(#14700));
#14702=SURFACE_STYLE_FILL_AREA(#14701);
#14703=SURFACE_SIDE_STYLE('',(#14702));
#14704=SURFACE_STYLE_USAGE(.POSITIVE.,#14703);
#14705=PRESENTATION_STYLE_ASSIGNMENT((#14704));
#14504=STYLED_ITEM('',(#14705),#14699);
#14707=DIRECTION('',(0.E0,0.E0,-1.E0));
#14708=VECTOR('',#14707,2.8E-1);
#14709=CARTESIAN_POINT('',(-1.37E0,0.E0,3.E0));
#14710=LINE('',#14709,#14708);
#14711=CURVE_STYLE('',#33,POSITIVE_LENGTH_MEASURE(2.E-2),#18);
#14712=PRESENTATION_STYLE_ASSIGNMENT((#14711));
#14713=STYLED_ITEM('',(#14712),#14710);
#14714=DIRECTION('',(-1.E0,0.E0,0.E0));
#14715=VECTOR('',#14714,2.4E-1);
#14716=CARTESIAN_POINT('',(-1.13E0,0.E0,3.E0));
#14717=LINE('',#14716,#14715);
#14718=CURVE_STYLE('',#33,POSITIVE_LENGTH_MEASURE(2.E-2),#18);
#14719=PRESENTATION_STYLE_ASSIGNMENT((#14718));
#14720=STYLED_ITEM('',(#14719),#14717);
#14721=DIRECTION('',(0.E0,0.E0,1.E0));
#14722=VECTOR('',#14721,2.8E-1);
#14723=CARTESIAN_POINT('',(-1.13E0,0.E0,2.72E0));
#14724=LINE('',#14723,#14722);
#14725=CURVE_STYLE('',#33,POSITIVE_LENGTH_MEASURE(2.E-2),#18);
#14726=PRESENTATION_STYLE_ASSIGNMENT((#14725));
#14727=STYLED_ITEM('',(#14726),#14724);
#14728=CARTESIAN_POINT('',(-1.25E0,0.E0,2.72E0));
#14729=DIRECTION('',(0.E0,-1.E0,0.E0));
#14730=DIRECTION('',(-1.E0,0.E0,0.E0));
#14731=AXIS2_PLACEMENT_3D('',#14728,#14729,#14730);
#14733=CURVE_STYLE('',#33,POSITIVE_LENGTH_MEASURE(2.E-2),#18);
#14734=PRESENTATION_STYLE_ASSIGNMENT((#14733));
#14735=STYLED_ITEM('',(#14734),#14732);
#14736=DIRECTION('',(0.E0,1.E0,0.E0));
#14737=VECTOR('',#14736,2.E-1);
#14738=CARTESIAN_POINT('',(-1.37E0,0.E0,3.E0));
#14739=LINE('',#14738,#14737);
#14740=CURVE_STYLE('',#33,POSITIVE_LENGTH_MEASURE(2.E-2),#18);
#14741=PRESENTATION_STYLE_ASSIGNMENT((#14740));
#14742=STYLED_ITEM('',(#14741),#14739);
#14743=DIRECTION('',(0.E0,1.E0,0.E0));
#14744=VECTOR('',#14743,2.E-1);
#14745=CARTESIAN_POINT('',(-1.37E0,0.E0,2.72E0));
#14746=LINE('',#14745,#14744);
#14747=CURVE_STYLE('',#33,POSITIVE_LENGTH_MEASURE(2.E-2),#18);
#14748=PRESENTATION_STYLE_ASSIGNMENT((#14747));
#14749=STYLED_ITEM('',(#14748),#14746);
#14750=DIRECTION('',(0.E0,1.E0,0.E0));
#14751=VECTOR('',#14750,2.E-1);
#14752=CARTESIAN_POINT('',(-1.13E0,0.E0,2.72E0));
#14753=LINE('',#14752,#14751);
#14754=CURVE_STYLE('',#33,POSITIVE_LENGTH_MEASURE(2.E-2),#18);
#14755=PRESENTATION_STYLE_ASSIGNMENT((#14754));
#14756=STYLED_ITEM('',(#14755),#14753);
#14757=DIRECTION('',(0.E0,1.E0,0.E0));
#14758=VECTOR('',#14757,2.E-1);
#14759=CARTESIAN_POINT('',(-1.13E0,0.E0,3.E0));
#14760=LINE('',#14759,#14758);
#14761=CURVE_STYLE('',#33,POSITIVE_LENGTH_MEASURE(2.E-2),#18);
#14762=PRESENTATION_STYLE_ASSIGNMENT((#14761));
#14763=STYLED_ITEM('',(#14762),#14760);
#14764=DIRECTION('',(0.E0,0.E0,-1.E0));
#14765=VECTOR('',#14764,2.8E-1);
#14766=CARTESIAN_POINT('',(-1.37E0,2.E-1,3.E0));
#14767=LINE('',#14766,#14765);
#14768=CURVE_STYLE('',#33,POSITIVE_LENGTH_MEASURE(2.E-2),#18);
#14769=PRESENTATION_STYLE_ASSIGNMENT((#14768));
#14770=STYLED_ITEM('',(#14769),#14767);
#14771=CARTESIAN_POINT('',(-1.25E0,2.E-1,2.72E0));
#14772=DIRECTION('',(0.E0,-1.E0,0.E0));
#14773=DIRECTION('',(-1.E0,0.E0,0.E0));
#14774=AXIS2_PLACEMENT_3D('',#14771,#14772,#14773);
#14776=CURVE_STYLE('',#33,POSITIVE_LENGTH_MEASURE(2.E-2),#18);
#14777=PRESENTATION_STYLE_ASSIGNMENT((#14776));
#14778=STYLED_ITEM('',(#14777),#14775);
#14779=DIRECTION('',(0.E0,0.E0,1.E0));
#14780=VECTOR('',#14779,2.8E-1);
#14781=CARTESIAN_POINT('',(-1.13E0,2.E-1,2.72E0));
#14782=LINE('',#14781,#14780);
#14783=CURVE_STYLE('',#33,POSITIVE_LENGTH_MEASURE(2.E-2),#18);
#14784=PRESENTATION_STYLE_ASSIGNMENT((#14783));
#14785=STYLED_ITEM('',(#14784),#14782);
#14786=DIRECTION('',(-1.E0,0.E0,0.E0));
#14787=VECTOR('',#14786,2.4E-1);
#14788=CARTESIAN_POINT('',(-1.13E0,2.E-1,3.E0));
#14789=LINE('',#14788,#14787);
#14790=CURVE_STYLE('',#33,POSITIVE_LENGTH_MEASURE(2.E-2),#18);
#14791=PRESENTATION_STYLE_ASSIGNMENT((#14790));
#14792=STYLED_ITEM('',(#14791),#14789);
#14793=CARTESIAN_POINT('',(-1.37E0,0.E0,3.E0));
#14794=CARTESIAN_POINT('',(-1.37E0,0.E0,2.72E0));
#14795=VERTEX_POINT('',#14793);
#14796=VERTEX_POINT('',#14794);
#14797=CARTESIAN_POINT('',(-1.13E0,0.E0,2.72E0));
#14798=VERTEX_POINT('',#14797);
#14799=CARTESIAN_POINT('',(-1.13E0,0.E0,3.E0));
#14800=VERTEX_POINT('',#14799);
#14801=CARTESIAN_POINT('',(-1.37E0,2.E-1,3.E0));
#14802=CARTESIAN_POINT('',(-1.37E0,2.E-1,2.72E0));
#14803=VERTEX_POINT('',#14801);
#14804=VERTEX_POINT('',#14802);
#14805=CARTESIAN_POINT('',(-1.13E0,2.E-1,2.72E0));
#14806=VERTEX_POINT('',#14805);
#14807=CARTESIAN_POINT('',(-1.13E0,2.E-1,3.E0));
#14808=VERTEX_POINT('',#14807);
#14809=CARTESIAN_POINT('',(0.E0,0.E0,0.E0));
#14810=DIRECTION('',(0.E0,-1.E0,0.E0));
#14811=DIRECTION('',(1.E0,0.E0,0.E0));
#14812=AXIS2_PLACEMENT_3D('',#14809,#14810,#14811);
#14813=PLANE('',#14812);
#14815=ORIENTED_EDGE('',*,*,#14814,.F.);
#14817=ORIENTED_EDGE('',*,*,#14816,.F.);
#14819=ORIENTED_EDGE('',*,*,#14818,.F.);
#14821=ORIENTED_EDGE('',*,*,#14820,.F.);
#14822=EDGE_LOOP('',(#14815,#14817,#14819,#14821));
#14823=FACE_OUTER_BOUND('',#14822,.F.);
#14825=FILL_AREA_STYLE_COLOUR('',#22);
#14826=FILL_AREA_STYLE('',(#14825));
#14827=SURFACE_STYLE_FILL_AREA(#14826);
#14828=SURFACE_SIDE_STYLE('',(#14827));
#14829=SURFACE_STYLE_USAGE(.POSITIVE.,#14828);
#14830=PRESENTATION_STYLE_ASSIGNMENT((#14829));
#14831=OVER_RIDING_STYLED_ITEM('',(#14830),#14824,#14706);
#14832=CARTESIAN_POINT('',(-1.37E0,0.E0,3.E0));
#14833=DIRECTION('',(1.E0,0.E0,0.E0));
#14834=DIRECTION('',(0.E0,0.E0,-1.E0));
#14835=AXIS2_PLACEMENT_3D('',#14832,#14833,#14834);
#14836=PLANE('',#14835);
#14837=ORIENTED_EDGE('',*,*,#14814,.T.);
#14839=ORIENTED_EDGE('',*,*,#14838,.T.);
#14841=ORIENTED_EDGE('',*,*,#14840,.F.);
#14843=ORIENTED_EDGE('',*,*,#14842,.F.);
#14844=EDGE_LOOP('',(#14837,#14839,#14841,#14843));
#14845=FACE_OUTER_BOUND('',#14844,.F.);
#14847=CARTESIAN_POINT('',(-1.25E0,0.E0,2.72E0));
#14848=DIRECTION('',(0.E0,-1.E0,0.E0));
#14849=DIRECTION('',(1.E0,0.E0,0.E0));
#14850=AXIS2_PLACEMENT_3D('',#14847,#14848,#14849);
#14851=CYLINDRICAL_SURFACE('',#14850,1.2E-1);
#14852=ORIENTED_EDGE('',*,*,#14820,.T.);
#14854=ORIENTED_EDGE('',*,*,#14853,.T.);
#14856=ORIENTED_EDGE('',*,*,#14855,.F.);
#14857=ORIENTED_EDGE('',*,*,#14838,.F.);
#14858=EDGE_LOOP('',(#14852,#14854,#14856,#14857));
#14859=FACE_OUTER_BOUND('',#14858,.F.);
#14861=CARTESIAN_POINT('',(-1.13E0,0.E0,2.72E0));
#14862=DIRECTION('',(-1.E0,0.E0,0.E0));
#14863=DIRECTION('',(0.E0,0.E0,1.E0));
#14864=AXIS2_PLACEMENT_3D('',#14861,#14862,#14863);
#14865=PLANE('',#14864);
#14866=ORIENTED_EDGE('',*,*,#14818,.T.);
#14868=ORIENTED_EDGE('',*,*,#14867,.T.);
#14870=ORIENTED_EDGE('',*,*,#14869,.F.);
#14871=ORIENTED_EDGE('',*,*,#14853,.F.);
#14872=EDGE_LOOP('',(#14866,#14868,#14870,#14871));
#14873=FACE_OUTER_BOUND('',#14872,.F.);
#14875=CARTESIAN_POINT('',(-1.13E0,0.E0,3.E0));
#14876=DIRECTION('',(0.E0,0.E0,-1.E0));
#14877=DIRECTION('',(-1.E0,0.E0,0.E0));
#14878=AXIS2_PLACEMENT_3D('',#14875,#14876,#14877);
#14879=PLANE('',#14878);
#14880=ORIENTED_EDGE('',*,*,#14816,.T.);
#14881=ORIENTED_EDGE('',*,*,#14842,.T.);
#14883=ORIENTED_EDGE('',*,*,#14882,.F.);
#14884=ORIENTED_EDGE('',*,*,#14867,.F.);
#14885=EDGE_LOOP('',(#14880,#14881,#14883,#14884));
#14886=FACE_OUTER_BOUND('',#14885,.F.);
#14888=CARTESIAN_POINT('',(0.E0,2.E-1,0.E0));
#14889=DIRECTION('',(0.E0,-1.E0,0.E0));
#14890=DIRECTION('',(1.E0,0.E0,0.E0));
#14891=AXIS2_PLACEMENT_3D('',#14888,#14889,#14890);
#14892=PLANE('',#14891);
#14893=ORIENTED_EDGE('',*,*,#14840,.T.);
#14894=ORIENTED_EDGE('',*,*,#14855,.T.);
#14895=ORIENTED_EDGE('',*,*,#14869,.T.);
#14896=ORIENTED_EDGE('',*,*,#14882,.T.);
#14897=EDGE_LOOP('',(#14893,#14894,#14895,#14896));
#14898=FACE_OUTER_BOUND('',#14897,.F.);
#14900=CLOSED_SHELL('',(#14824,#14846,#14860,#14874,#14887,#14899));
#14901=MANIFOLD_SOLID_BREP('',#14900);
#14902=FILL_AREA_STYLE_COLOUR('',#18);
#14903=FILL_AREA_STYLE('',(#14902));
#14904=SURFACE_STYLE_FILL_AREA(#14903);
#14905=SURFACE_SIDE_STYLE('',(#14904));
#14906=SURFACE_STYLE_USAGE(.POSITIVE.,#14905);
#14907=PRESENTATION_STYLE_ASSIGNMENT((#14906));
#14706=STYLED_ITEM('',(#14907),#14901);
#14909=DIRECTION('',(0.E0,0.E0,-1.E0));
#14910=VECTOR('',#14909,2.8E-1);
#14911=CARTESIAN_POINT('',(-8.7E-1,0.E0,3.E0));
#14912=LINE('',#14911,#14910);
#14913=CURVE_STYLE('',#33,POSITIVE_LENGTH_MEASURE(2.E-2),#18);
#14914=PRESENTATION_STYLE_ASSIGNMENT((#14913));
#14915=STYLED_ITEM('',(#14914),#14912);
#14916=DIRECTION('',(-1.E0,0.E0,0.E0));
#14917=VECTOR('',#14916,2.4E-1);
#14918=CARTESIAN_POINT('',(-6.3E-1,0.E0,3.E0));
#14919=LINE('',#14918,#14917);
#14920=CURVE_STYLE('',#33,POSITIVE_LENGTH_MEASURE(2.E-2),#18);
#14921=PRESENTATION_STYLE_ASSIGNMENT((#14920));
#14922=STYLED_ITEM('',(#14921),#14919);
#14923=DIRECTION('',(0.E0,0.E0,1.E0));
#14924=VECTOR('',#14923,2.8E-1);
#14925=CARTESIAN_POINT('',(-6.3E-1,0.E0,2.72E0));
#14926=LINE('',#14925,#14924);
#14927=CURVE_STYLE('',#33,POSITIVE_LENGTH_MEASURE(2.E-2),#18);
#14928=PRESENTATION_STYLE_ASSIGNMENT((#14927));
#14929=STYLED_ITEM('',(#14928),#14926);
#14930=CARTESIAN_POINT('',(-7.5E-1,0.E0,2.72E0));
#14931=DIRECTION('',(0.E0,-1.E0,0.E0));
#14932=DIRECTION('',(-1.E0,0.E0,0.E0));
#14933=AXIS2_PLACEMENT_3D('',#14930,#14931,#14932);
#14935=CURVE_STYLE('',#33,POSITIVE_LENGTH_MEASURE(2.E-2),#18);
#14936=PRESENTATION_STYLE_ASSIGNMENT((#14935));
#14937=STYLED_ITEM('',(#14936),#14934);
#14938=DIRECTION('',(0.E0,1.E0,0.E0));
#14939=VECTOR('',#14938,2.E-1);
#14940=CARTESIAN_POINT('',(-8.7E-1,0.E0,3.E0));
#14941=LINE('',#14940,#14939);
#14942=CURVE_STYLE('',#33,POSITIVE_LENGTH_MEASURE(2.E-2),#18);
#14943=PRESENTATION_STYLE_ASSIGNMENT((#14942));
#14944=STYLED_ITEM('',(#14943),#14941);
#14945=DIRECTION('',(0.E0,1.E0,0.E0));
#14946=VECTOR('',#14945,2.E-1);
#14947=CARTESIAN_POINT('',(-8.7E-1,0.E0,2.72E0));
#14948=LINE('',#14947,#14946);
#14949=CURVE_STYLE('',#33,POSITIVE_LENGTH_MEASURE(2.E-2),#18);
#14950=PRESENTATION_STYLE_ASSIGNMENT((#14949));
#14951=STYLED_ITEM('',(#14950),#14948);
#14952=DIRECTION('',(0.E0,1.E0,0.E0));
#14953=VECTOR('',#14952,2.E-1);
#14954=CARTESIAN_POINT('',(-6.3E-1,0.E0,2.72E0));
#14955=LINE('',#14954,#14953);
#14956=CURVE_STYLE('',#33,POSITIVE_LENGTH_MEASURE(2.E-2),#18);
#14957=PRESENTATION_STYLE_ASSIGNMENT((#14956));
#14958=STYLED_ITEM('',(#14957),#14955);
#14959=DIRECTION('',(0.E0,1.E0,0.E0));
#14960=VECTOR('',#14959,2.E-1);
#14961=CARTESIAN_POINT('',(-6.3E-1,0.E0,3.E0));
#14962=LINE('',#14961,#14960);
#14963=CURVE_STYLE('',#33,POSITIVE_LENGTH_MEASURE(2.E-2),#18);
#14964=PRESENTATION_STYLE_ASSIGNMENT((#14963));
#14965=STYLED_ITEM('',(#14964),#14962);
#14966=DIRECTION('',(0.E0,0.E0,-1.E0));
#14967=VECTOR('',#14966,2.8E-1);
#14968=CARTESIAN_POINT('',(-8.7E-1,2.E-1,3.E0));
#14969=LINE('',#14968,#14967);
#14970=CURVE_STYLE('',#33,POSITIVE_LENGTH_MEASURE(2.E-2),#18);
#14971=PRESENTATION_STYLE_ASSIGNMENT((#14970));
#14972=STYLED_ITEM('',(#14971),#14969);
#14973=CARTESIAN_POINT('',(-7.5E-1,2.E-1,2.72E0));
#14974=DIRECTION('',(0.E0,-1.E0,0.E0));
#14975=DIRECTION('',(-1.E0,0.E0,0.E0));
#14976=AXIS2_PLACEMENT_3D('',#14973,#14974,#14975);
#14978=CURVE_STYLE('',#33,POSITIVE_LENGTH_MEASURE(2.E-2),#18);
#14979=PRESENTATION_STYLE_ASSIGNMENT((#14978));
#14980=STYLED_ITEM('',(#14979),#14977);
#14981=DIRECTION('',(0.E0,0.E0,1.E0));
#14982=VECTOR('',#14981,2.8E-1);
#14983=CARTESIAN_POINT('',(-6.3E-1,2.E-1,2.72E0));
#14984=LINE('',#14983,#14982);
#14985=CURVE_STYLE('',#33,POSITIVE_LENGTH_MEASURE(2.E-2),#18);
#14986=PRESENTATION_STYLE_ASSIGNMENT((#14985));
#14987=STYLED_ITEM('',(#14986),#14984);
#14988=DIRECTION('',(-1.E0,0.E0,0.E0));
#14989=VECTOR('',#14988,2.4E-1);
#14990=CARTESIAN_POINT('',(-6.3E-1,2.E-1,3.E0));
#14991=LINE('',#14990,#14989);
#14992=CURVE_STYLE('',#33,POSITIVE_LENGTH_MEASURE(2.E-2),#18);
#14993=PRESENTATION_STYLE_ASSIGNMENT((#14992));
#14994=STYLED_ITEM('',(#14993),#14991);
#14995=CARTESIAN_POINT('',(-8.7E-1,0.E0,3.E0));
#14996=CARTESIAN_POINT('',(-8.7E-1,0.E0,2.72E0));
#14997=VERTEX_POINT('',#14995);
#14998=VERTEX_POINT('',#14996);
#14999=CARTESIAN_POINT('',(-6.3E-1,0.E0,2.72E0));
#15000=VERTEX_POINT('',#14999);
#15001=CARTESIAN_POINT('',(-6.3E-1,0.E0,3.E0));
#15002=VERTEX_POINT('',#15001);
#15003=CARTESIAN_POINT('',(-8.7E-1,2.E-1,3.E0));
#15004=CARTESIAN_POINT('',(-8.7E-1,2.E-1,2.72E0));
#15005=VERTEX_POINT('',#15003);
#15006=VERTEX_POINT('',#15004);
#15007=CARTESIAN_POINT('',(-6.3E-1,2.E-1,2.72E0));
#15008=VERTEX_POINT('',#15007);
#15009=CARTESIAN_POINT('',(-6.3E-1,2.E-1,3.E0));
#15010=VERTEX_POINT('',#15009);
#15011=CARTESIAN_POINT('',(0.E0,0.E0,0.E0));
#15012=DIRECTION('',(0.E0,-1.E0,0.E0));
#15013=DIRECTION('',(1.E0,0.E0,0.E0));
#15014=AXIS2_PLACEMENT_3D('',#15011,#15012,#15013);
#15015=PLANE('',#15014);
#15017=ORIENTED_EDGE('',*,*,#15016,.F.);
#15019=ORIENTED_EDGE('',*,*,#15018,.F.);
#15021=ORIENTED_EDGE('',*,*,#15020,.F.);
#15023=ORIENTED_EDGE('',*,*,#15022,.F.);
#15024=EDGE_LOOP('',(#15017,#15019,#15021,#15023));
#15025=FACE_OUTER_BOUND('',#15024,.F.);
#15027=FILL_AREA_STYLE_COLOUR('',#22);
#15028=FILL_AREA_STYLE('',(#15027));
#15029=SURFACE_STYLE_FILL_AREA(#15028);
#15030=SURFACE_SIDE_STYLE('',(#15029));
#15031=SURFACE_STYLE_USAGE(.POSITIVE.,#15030);
#15032=PRESENTATION_STYLE_ASSIGNMENT((#15031));
#15033=OVER_RIDING_STYLED_ITEM('',(#15032),#15026,#14908);
#15034=CARTESIAN_POINT('',(-8.7E-1,0.E0,3.E0));
#15035=DIRECTION('',(1.E0,0.E0,0.E0));
#15036=DIRECTION('',(0.E0,0.E0,-1.E0));
#15037=AXIS2_PLACEMENT_3D('',#15034,#15035,#15036);
#15038=PLANE('',#15037);
#15039=ORIENTED_EDGE('',*,*,#15016,.T.);
#15041=ORIENTED_EDGE('',*,*,#15040,.T.);
#15043=ORIENTED_EDGE('',*,*,#15042,.F.);
#15045=ORIENTED_EDGE('',*,*,#15044,.F.);
#15046=EDGE_LOOP('',(#15039,#15041,#15043,#15045));
#15047=FACE_OUTER_BOUND('',#15046,.F.);
#15049=CARTESIAN_POINT('',(-7.5E-1,0.E0,2.72E0));
#15050=DIRECTION('',(0.E0,-1.E0,0.E0));
#15051=DIRECTION('',(1.E0,0.E0,0.E0));
#15052=AXIS2_PLACEMENT_3D('',#15049,#15050,#15051);
#15053=CYLINDRICAL_SURFACE('',#15052,1.2E-1);
#15054=ORIENTED_EDGE('',*,*,#15022,.T.);
#15056=ORIENTED_EDGE('',*,*,#15055,.T.);
#15058=ORIENTED_EDGE('',*,*,#15057,.F.);
#15059=ORIENTED_EDGE('',*,*,#15040,.F.);
#15060=EDGE_LOOP('',(#15054,#15056,#15058,#15059));
#15061=FACE_OUTER_BOUND('',#15060,.F.);
#15063=CARTESIAN_POINT('',(-6.3E-1,0.E0,2.72E0));
#15064=DIRECTION('',(-1.E0,0.E0,0.E0));
#15065=DIRECTION('',(0.E0,0.E0,1.E0));
#15066=AXIS2_PLACEMENT_3D('',#15063,#15064,#15065);
#15067=PLANE('',#15066);
#15068=ORIENTED_EDGE('',*,*,#15020,.T.);
#15070=ORIENTED_EDGE('',*,*,#15069,.T.);
#15072=ORIENTED_EDGE('',*,*,#15071,.F.);
#15073=ORIENTED_EDGE('',*,*,#15055,.F.);
#15074=EDGE_LOOP('',(#15068,#15070,#15072,#15073));
#15075=FACE_OUTER_BOUND('',#15074,.F.);
#15077=CARTESIAN_POINT('',(-6.3E-1,0.E0,3.E0));
#15078=DIRECTION('',(0.E0,0.E0,-1.E0));
#15079=DIRECTION('',(-1.E0,0.E0,0.E0));
#15080=AXIS2_PLACEMENT_3D('',#15077,#15078,#15079);
#15081=PLANE('',#15080);
#15082=ORIENTED_EDGE('',*,*,#15018,.T.);
#15083=ORIENTED_EDGE('',*,*,#15044,.T.);
#15085=ORIENTED_EDGE('',*,*,#15084,.F.);
#15086=ORIENTED_EDGE('',*,*,#15069,.F.);
#15087=EDGE_LOOP('',(#15082,#15083,#15085,#15086));
#15088=FACE_OUTER_BOUND('',#15087,.F.);
#15090=CARTESIAN_POINT('',(0.E0,2.E-1,0.E0));
#15091=DIRECTION('',(0.E0,-1.E0,0.E0));
#15092=DIRECTION('',(1.E0,0.E0,0.E0));
#15093=AXIS2_PLACEMENT_3D('',#15090,#15091,#15092);
#15094=PLANE('',#15093);
#15095=ORIENTED_EDGE('',*,*,#15042,.T.);
#15096=ORIENTED_EDGE('',*,*,#15057,.T.);
#15097=ORIENTED_EDGE('',*,*,#15071,.T.);
#15098=ORIENTED_EDGE('',*,*,#15084,.T.);
#15099=EDGE_LOOP('',(#15095,#15096,#15097,#15098));
#15100=FACE_OUTER_BOUND('',#15099,.F.);
#15102=CLOSED_SHELL('',(#15026,#15048,#15062,#15076,#15089,#15101));
#15103=MANIFOLD_SOLID_BREP('',#15102);
#15104=FILL_AREA_STYLE_COLOUR('',#18);
#15105=FILL_AREA_STYLE('',(#15104));
#15106=SURFACE_STYLE_FILL_AREA(#15105);
#15107=SURFACE_SIDE_STYLE('',(#15106));
#15108=SURFACE_STYLE_USAGE(.POSITIVE.,#15107);
#15109=PRESENTATION_STYLE_ASSIGNMENT((#15108));
#14908=STYLED_ITEM('',(#15109),#15103);
#15111=DIRECTION('',(0.E0,0.E0,-1.E0));
#15112=VECTOR('',#15111,2.8E-1);
#15113=CARTESIAN_POINT('',(-3.7E-1,0.E0,3.E0));
#15114=LINE('',#15113,#15112);
#15115=CURVE_STYLE('',#33,POSITIVE_LENGTH_MEASURE(2.E-2),#18);
#15116=PRESENTATION_STYLE_ASSIGNMENT((#15115));
#15117=STYLED_ITEM('',(#15116),#15114);
#15118=DIRECTION('',(-1.E0,0.E0,0.E0));
#15119=VECTOR('',#15118,2.4E-1);
#15120=CARTESIAN_POINT('',(-1.3E-1,0.E0,3.E0));
#15121=LINE('',#15120,#15119);
#15122=CURVE_STYLE('',#33,POSITIVE_LENGTH_MEASURE(2.E-2),#18);
#15123=PRESENTATION_STYLE_ASSIGNMENT((#15122));
#15124=STYLED_ITEM('',(#15123),#15121);
#15125=DIRECTION('',(0.E0,0.E0,1.E0));
#15126=VECTOR('',#15125,2.8E-1);
#15127=CARTESIAN_POINT('',(-1.3E-1,0.E0,2.72E0));
#15128=LINE('',#15127,#15126);
#15129=CURVE_STYLE('',#33,POSITIVE_LENGTH_MEASURE(2.E-2),#18);
#15130=PRESENTATION_STYLE_ASSIGNMENT((#15129));
#15131=STYLED_ITEM('',(#15130),#15128);
#15132=CARTESIAN_POINT('',(-2.5E-1,0.E0,2.72E0));
#15133=DIRECTION('',(0.E0,-1.E0,0.E0));
#15134=DIRECTION('',(-1.E0,0.E0,0.E0));
#15135=AXIS2_PLACEMENT_3D('',#15132,#15133,#15134);
#15137=CURVE_STYLE('',#33,POSITIVE_LENGTH_MEASURE(2.E-2),#18);
#15138=PRESENTATION_STYLE_ASSIGNMENT((#15137));
#15139=STYLED_ITEM('',(#15138),#15136);
#15140=DIRECTION('',(0.E0,1.E0,0.E0));
#15141=VECTOR('',#15140,2.E-1);
#15142=CARTESIAN_POINT('',(-3.7E-1,0.E0,3.E0));
#15143=LINE('',#15142,#15141);
#15144=CURVE_STYLE('',#33,POSITIVE_LENGTH_MEASURE(2.E-2),#18);
#15145=PRESENTATION_STYLE_ASSIGNMENT((#15144));
#15146=STYLED_ITEM('',(#15145),#15143);
#15147=DIRECTION('',(0.E0,1.E0,0.E0));
#15148=VECTOR('',#15147,2.E-1);
#15149=CARTESIAN_POINT('',(-3.7E-1,0.E0,2.72E0));
#15150=LINE('',#15149,#15148);
#15151=CURVE_STYLE('',#33,POSITIVE_LENGTH_MEASURE(2.E-2),#18);
#15152=PRESENTATION_STYLE_ASSIGNMENT((#15151));
#15153=STYLED_ITEM('',(#15152),#15150);
#15154=DIRECTION('',(0.E0,1.E0,0.E0));
#15155=VECTOR('',#15154,2.E-1);
#15156=CARTESIAN_POINT('',(-1.3E-1,0.E0,2.72E0));
#15157=LINE('',#15156,#15155);
#15158=CURVE_STYLE('',#33,POSITIVE_LENGTH_MEASURE(2.E-2),#18);
#15159=PRESENTATION_STYLE_ASSIGNMENT((#15158));
#15160=STYLED_ITEM('',(#15159),#15157);
#15161=DIRECTION('',(0.E0,1.E0,0.E0));
#15162=VECTOR('',#15161,2.E-1);
#15163=CARTESIAN_POINT('',(-1.3E-1,0.E0,3.E0));
#15164=LINE('',#15163,#15162);
#15165=CURVE_STYLE('',#33,POSITIVE_LENGTH_MEASURE(2.E-2),#18);
#15166=PRESENTATION_STYLE_ASSIGNMENT((#15165));
#15167=STYLED_ITEM('',(#15166),#15164);
#15168=DIRECTION('',(0.E0,0.E0,-1.E0));
#15169=VECTOR('',#15168,2.8E-1);
#15170=CARTESIAN_POINT('',(-3.7E-1,2.E-1,3.E0));
#15171=LINE('',#15170,#15169);
#15172=CURVE_STYLE('',#33,POSITIVE_LENGTH_MEASURE(2.E-2),#18);
#15173=PRESENTATION_STYLE_ASSIGNMENT((#15172));
#15174=STYLED_ITEM('',(#15173),#15171);
#15175=CARTESIAN_POINT('',(-2.5E-1,2.E-1,2.72E0));
#15176=DIRECTION('',(0.E0,-1.E0,0.E0));
#15177=DIRECTION('',(-1.E0,0.E0,0.E0));
#15178=AXIS2_PLACEMENT_3D('',#15175,#15176,#15177);
#15180=CURVE_STYLE('',#33,POSITIVE_LENGTH_MEASURE(2.E-2),#18);
#15181=PRESENTATION_STYLE_ASSIGNMENT((#15180));
#15182=STYLED_ITEM('',(#15181),#15179);
#15183=DIRECTION('',(0.E0,0.E0,1.E0));
#15184=VECTOR('',#15183,2.8E-1);
#15185=CARTESIAN_POINT('',(-1.3E-1,2.E-1,2.72E0));
#15186=LINE('',#15185,#15184);
#15187=CURVE_STYLE('',#33,POSITIVE_LENGTH_MEASURE(2.E-2),#18);
#15188=PRESENTATION_STYLE_ASSIGNMENT((#15187));
#15189=STYLED_ITEM('',(#15188),#15186);
#15190=DIRECTION('',(-1.E0,0.E0,0.E0));
#15191=VECTOR('',#15190,2.4E-1);
#15192=CARTESIAN_POINT('',(-1.3E-1,2.E-1,3.E0));
#15193=LINE('',#15192,#15191);
#15194=CURVE_STYLE('',#33,POSITIVE_LENGTH_MEASURE(2.E-2),#18);
#15195=PRESENTATION_STYLE_ASSIGNMENT((#15194));
#15196=STYLED_ITEM('',(#15195),#15193);
#15197=CARTESIAN_POINT('',(-3.7E-1,0.E0,3.E0));
#15198=CARTESIAN_POINT('',(-3.7E-1,0.E0,2.72E0));
#15199=VERTEX_POINT('',#15197);
#15200=VERTEX_POINT('',#15198);
#15201=CARTESIAN_POINT('',(-1.3E-1,0.E0,2.72E0));
#15202=VERTEX_POINT('',#15201);
#15203=CARTESIAN_POINT('',(-1.3E-1,0.E0,3.E0));
#15204=VERTEX_POINT('',#15203);
#15205=CARTESIAN_POINT('',(-3.7E-1,2.E-1,3.E0));
#15206=CARTESIAN_POINT('',(-3.7E-1,2.E-1,2.72E0));
#15207=VERTEX_POINT('',#15205);
#15208=VERTEX_POINT('',#15206);
#15209=CARTESIAN_POINT('',(-1.3E-1,2.E-1,2.72E0));
#15210=VERTEX_POINT('',#15209);
#15211=CARTESIAN_POINT('',(-1.3E-1,2.E-1,3.E0));
#15212=VERTEX_POINT('',#15211);
#15213=CARTESIAN_POINT('',(0.E0,0.E0,0.E0));
#15214=DIRECTION('',(0.E0,-1.E0,0.E0));
#15215=DIRECTION('',(1.E0,0.E0,0.E0));
#15216=AXIS2_PLACEMENT_3D('',#15213,#15214,#15215);
#15217=PLANE('',#15216);
#15219=ORIENTED_EDGE('',*,*,#15218,.F.);
#15221=ORIENTED_EDGE('',*,*,#15220,.F.);
#15223=ORIENTED_EDGE('',*,*,#15222,.F.);
#15225=ORIENTED_EDGE('',*,*,#15224,.F.);
#15226=EDGE_LOOP('',(#15219,#15221,#15223,#15225));
#15227=FACE_OUTER_BOUND('',#15226,.F.);
#15229=FILL_AREA_STYLE_COLOUR('',#22);
#15230=FILL_AREA_STYLE('',(#15229));
#15231=SURFACE_STYLE_FILL_AREA(#15230);
#15232=SURFACE_SIDE_STYLE('',(#15231));
#15233=SURFACE_STYLE_USAGE(.POSITIVE.,#15232);
#15234=PRESENTATION_STYLE_ASSIGNMENT((#15233));
#15235=OVER_RIDING_STYLED_ITEM('',(#15234),#15228,#15110);
#15236=CARTESIAN_POINT('',(-3.7E-1,0.E0,3.E0));
#15237=DIRECTION('',(1.E0,0.E0,0.E0));
#15238=DIRECTION('',(0.E0,0.E0,-1.E0));
#15239=AXIS2_PLACEMENT_3D('',#15236,#15237,#15238);
#15240=PLANE('',#15239);
#15241=ORIENTED_EDGE('',*,*,#15218,.T.);
#15243=ORIENTED_EDGE('',*,*,#15242,.T.);
#15245=ORIENTED_EDGE('',*,*,#15244,.F.);
#15247=ORIENTED_EDGE('',*,*,#15246,.F.);
#15248=EDGE_LOOP('',(#15241,#15243,#15245,#15247));
#15249=FACE_OUTER_BOUND('',#15248,.F.);
#15251=CARTESIAN_POINT('',(-2.5E-1,0.E0,2.72E0));
#15252=DIRECTION('',(0.E0,-1.E0,0.E0));
#15253=DIRECTION('',(1.E0,0.E0,0.E0));
#15254=AXIS2_PLACEMENT_3D('',#15251,#15252,#15253);
#15255=CYLINDRICAL_SURFACE('',#15254,1.2E-1);
#15256=ORIENTED_EDGE('',*,*,#15224,.T.);
#15258=ORIENTED_EDGE('',*,*,#15257,.T.);
#15260=ORIENTED_EDGE('',*,*,#15259,.F.);
#15261=ORIENTED_EDGE('',*,*,#15242,.F.);
#15262=EDGE_LOOP('',(#15256,#15258,#15260,#15261));
#15263=FACE_OUTER_BOUND('',#15262,.F.);
#15265=CARTESIAN_POINT('',(-1.3E-1,0.E0,2.72E0));
#15266=DIRECTION('',(-1.E0,0.E0,0.E0));
#15267=DIRECTION('',(0.E0,0.E0,1.E0));
#15268=AXIS2_PLACEMENT_3D('',#15265,#15266,#15267);
#15269=PLANE('',#15268);
#15270=ORIENTED_EDGE('',*,*,#15222,.T.);
#15272=ORIENTED_EDGE('',*,*,#15271,.T.);
#15274=ORIENTED_EDGE('',*,*,#15273,.F.);
#15275=ORIENTED_EDGE('',*,*,#15257,.F.);
#15276=EDGE_LOOP('',(#15270,#15272,#15274,#15275));
#15277=FACE_OUTER_BOUND('',#15276,.F.);
#15279=CARTESIAN_POINT('',(-1.3E-1,0.E0,3.E0));
#15280=DIRECTION('',(0.E0,0.E0,-1.E0));
#15281=DIRECTION('',(-1.E0,0.E0,0.E0));
#15282=AXIS2_PLACEMENT_3D('',#15279,#15280,#15281);
#15283=PLANE('',#15282);
#15284=ORIENTED_EDGE('',*,*,#15220,.T.);
#15285=ORIENTED_EDGE('',*,*,#15246,.T.);
#15287=ORIENTED_EDGE('',*,*,#15286,.F.);
#15288=ORIENTED_EDGE('',*,*,#15271,.F.);
#15289=EDGE_LOOP('',(#15284,#15285,#15287,#15288));
#15290=FACE_OUTER_BOUND('',#15289,.F.);
#15292=CARTESIAN_POINT('',(0.E0,2.E-1,0.E0));
#15293=DIRECTION('',(0.E0,-1.E0,0.E0));
#15294=DIRECTION('',(1.E0,0.E0,0.E0));
#15295=AXIS2_PLACEMENT_3D('',#15292,#15293,#15294);
#15296=PLANE('',#15295);
#15297=ORIENTED_EDGE('',*,*,#15244,.T.);
#15298=ORIENTED_EDGE('',*,*,#15259,.T.);
#15299=ORIENTED_EDGE('',*,*,#15273,.T.);
#15300=ORIENTED_EDGE('',*,*,#15286,.T.);
#15301=EDGE_LOOP('',(#15297,#15298,#15299,#15300));
#15302=FACE_OUTER_BOUND('',#15301,.F.);
#15304=CLOSED_SHELL('',(#15228,#15250,#15264,#15278,#15291,#15303));
#15305=MANIFOLD_SOLID_BREP('',#15304);
#15306=FILL_AREA_STYLE_COLOUR('',#18);
#15307=FILL_AREA_STYLE('',(#15306));
#15308=SURFACE_STYLE_FILL_AREA(#15307);
#15309=SURFACE_SIDE_STYLE('',(#15308));
#15310=SURFACE_STYLE_USAGE(.POSITIVE.,#15309);
#15311=PRESENTATION_STYLE_ASSIGNMENT((#15310));
#15110=STYLED_ITEM('',(#15311),#15305);
#15313=DIRECTION('',(0.E0,0.E0,-1.E0));
#15314=VECTOR('',#15313,2.8E-1);
#15315=CARTESIAN_POINT('',(1.3E-1,0.E0,3.E0));
#15316=LINE('',#15315,#15314);
#15317=CURVE_STYLE('',#33,POSITIVE_LENGTH_MEASURE(2.E-2),#18);
#15318=PRESENTATION_STYLE_ASSIGNMENT((#15317));
#15319=STYLED_ITEM('',(#15318),#15316);
#15320=DIRECTION('',(-1.E0,0.E0,0.E0));
#15321=VECTOR('',#15320,2.4E-1);
#15322=CARTESIAN_POINT('',(3.7E-1,0.E0,3.E0));
#15323=LINE('',#15322,#15321);
#15324=CURVE_STYLE('',#33,POSITIVE_LENGTH_MEASURE(2.E-2),#18);
#15325=PRESENTATION_STYLE_ASSIGNMENT((#15324));
#15326=STYLED_ITEM('',(#15325),#15323);
#15327=DIRECTION('',(0.E0,0.E0,1.E0));
#15328=VECTOR('',#15327,2.8E-1);
#15329=CARTESIAN_POINT('',(3.7E-1,0.E0,2.72E0));
#15330=LINE('',#15329,#15328);
#15331=CURVE_STYLE('',#33,POSITIVE_LENGTH_MEASURE(2.E-2),#18);
#15332=PRESENTATION_STYLE_ASSIGNMENT((#15331));
#15333=STYLED_ITEM('',(#15332),#15330);
#15334=CARTESIAN_POINT('',(2.5E-1,0.E0,2.72E0));
#15335=DIRECTION('',(0.E0,-1.E0,0.E0));
#15336=DIRECTION('',(-1.E0,0.E0,0.E0));
#15337=AXIS2_PLACEMENT_3D('',#15334,#15335,#15336);
#15339=CURVE_STYLE('',#33,POSITIVE_LENGTH_MEASURE(2.E-2),#18);
#15340=PRESENTATION_STYLE_ASSIGNMENT((#15339));
#15341=STYLED_ITEM('',(#15340),#15338);
#15342=DIRECTION('',(0.E0,1.E0,0.E0));
#15343=VECTOR('',#15342,2.E-1);
#15344=CARTESIAN_POINT('',(1.3E-1,0.E0,3.E0));
#15345=LINE('',#15344,#15343);
#15346=CURVE_STYLE('',#33,POSITIVE_LENGTH_MEASURE(2.E-2),#18);
#15347=PRESENTATION_STYLE_ASSIGNMENT((#15346));
#15348=STYLED_ITEM('',(#15347),#15345);
#15349=DIRECTION('',(0.E0,1.E0,0.E0));
#15350=VECTOR('',#15349,2.E-1);
#15351=CARTESIAN_POINT('',(1.3E-1,0.E0,2.72E0));
#15352=LINE('',#15351,#15350);
#15353=CURVE_STYLE('',#33,POSITIVE_LENGTH_MEASURE(2.E-2),#18);
#15354=PRESENTATION_STYLE_ASSIGNMENT((#15353));
#15355=STYLED_ITEM('',(#15354),#15352);
#15356=DIRECTION('',(0.E0,1.E0,0.E0));
#15357=VECTOR('',#15356,2.E-1);
#15358=CARTESIAN_POINT('',(3.7E-1,0.E0,2.72E0));
#15359=LINE('',#15358,#15357);
#15360=CURVE_STYLE('',#33,POSITIVE_LENGTH_MEASURE(2.E-2),#18);
#15361=PRESENTATION_STYLE_ASSIGNMENT((#15360));
#15362=STYLED_ITEM('',(#15361),#15359);
#15363=DIRECTION('',(0.E0,1.E0,0.E0));
#15364=VECTOR('',#15363,2.E-1);
#15365=CARTESIAN_POINT('',(3.7E-1,0.E0,3.E0));
#15366=LINE('',#15365,#15364);
#15367=CURVE_STYLE('',#33,POSITIVE_LENGTH_MEASURE(2.E-2),#18);
#15368=PRESENTATION_STYLE_ASSIGNMENT((#15367));
#15369=STYLED_ITEM('',(#15368),#15366);
#15370=DIRECTION('',(0.E0,0.E0,-1.E0));
#15371=VECTOR('',#15370,2.8E-1);
#15372=CARTESIAN_POINT('',(1.3E-1,2.E-1,3.E0));
#15373=LINE('',#15372,#15371);
#15374=CURVE_STYLE('',#33,POSITIVE_LENGTH_MEASURE(2.E-2),#18);
#15375=PRESENTATION_STYLE_ASSIGNMENT((#15374));
#15376=STYLED_ITEM('',(#15375),#15373);
#15377=CARTESIAN_POINT('',(2.5E-1,2.E-1,2.72E0));
#15378=DIRECTION('',(0.E0,-1.E0,0.E0));
#15379=DIRECTION('',(-1.E0,0.E0,0.E0));
#15380=AXIS2_PLACEMENT_3D('',#15377,#15378,#15379);
#15382=CURVE_STYLE('',#33,POSITIVE_LENGTH_MEASURE(2.E-2),#18);
#15383=PRESENTATION_STYLE_ASSIGNMENT((#15382));
#15384=STYLED_ITEM('',(#15383),#15381);
#15385=DIRECTION('',(0.E0,0.E0,1.E0));
#15386=VECTOR('',#15385,2.8E-1);
#15387=CARTESIAN_POINT('',(3.7E-1,2.E-1,2.72E0));
#15388=LINE('',#15387,#15386);
#15389=CURVE_STYLE('',#33,POSITIVE_LENGTH_MEASURE(2.E-2),#18);
#15390=PRESENTATION_STYLE_ASSIGNMENT((#15389));
#15391=STYLED_ITEM('',(#15390),#15388);
#15392=DIRECTION('',(-1.E0,0.E0,0.E0));
#15393=VECTOR('',#15392,2.4E-1);
#15394=CARTESIAN_POINT('',(3.7E-1,2.E-1,3.E0));
#15395=LINE('',#15394,#15393);
#15396=CURVE_STYLE('',#33,POSITIVE_LENGTH_MEASURE(2.E-2),#18);
#15397=PRESENTATION_STYLE_ASSIGNMENT((#15396));
#15398=STYLED_ITEM('',(#15397),#15395);
#15399=CARTESIAN_POINT('',(1.3E-1,0.E0,3.E0));
#15400=CARTESIAN_POINT('',(1.3E-1,0.E0,2.72E0));
#15401=VERTEX_POINT('',#15399);
#15402=VERTEX_POINT('',#15400);
#15403=CARTESIAN_POINT('',(3.7E-1,0.E0,2.72E0));
#15404=VERTEX_POINT('',#15403);
#15405=CARTESIAN_POINT('',(3.7E-1,0.E0,3.E0));
#15406=VERTEX_POINT('',#15405);
#15407=CARTESIAN_POINT('',(1.3E-1,2.E-1,3.E0));
#15408=CARTESIAN_POINT('',(1.3E-1,2.E-1,2.72E0));
#15409=VERTEX_POINT('',#15407);
#15410=VERTEX_POINT('',#15408);
#15411=CARTESIAN_POINT('',(3.7E-1,2.E-1,2.72E0));
#15412=VERTEX_POINT('',#15411);
#15413=CARTESIAN_POINT('',(3.7E-1,2.E-1,3.E0));
#15414=VERTEX_POINT('',#15413);
#15415=CARTESIAN_POINT('',(0.E0,0.E0,0.E0));
#15416=DIRECTION('',(0.E0,-1.E0,0.E0));
#15417=DIRECTION('',(1.E0,0.E0,0.E0));
#15418=AXIS2_PLACEMENT_3D('',#15415,#15416,#15417);
#15419=PLANE('',#15418);
#15421=ORIENTED_EDGE('',*,*,#15420,.F.);
#15423=ORIENTED_EDGE('',*,*,#15422,.F.);
#15425=ORIENTED_EDGE('',*,*,#15424,.F.);
#15427=ORIENTED_EDGE('',*,*,#15426,.F.);
#15428=EDGE_LOOP('',(#15421,#15423,#15425,#15427));
#15429=FACE_OUTER_BOUND('',#15428,.F.);
#15431=FILL_AREA_STYLE_COLOUR('',#22);
#15432=FILL_AREA_STYLE('',(#15431));
#15433=SURFACE_STYLE_FILL_AREA(#15432);
#15434=SURFACE_SIDE_STYLE('',(#15433));
#15435=SURFACE_STYLE_USAGE(.POSITIVE.,#15434);
#15436=PRESENTATION_STYLE_ASSIGNMENT((#15435));
#15437=OVER_RIDING_STYLED_ITEM('',(#15436),#15430,#15312);
#15438=CARTESIAN_POINT('',(1.3E-1,0.E0,3.E0));
#15439=DIRECTION('',(1.E0,0.E0,0.E0));
#15440=DIRECTION('',(0.E0,0.E0,-1.E0));
#15441=AXIS2_PLACEMENT_3D('',#15438,#15439,#15440);
#15442=PLANE('',#15441);
#15443=ORIENTED_EDGE('',*,*,#15420,.T.);
#15445=ORIENTED_EDGE('',*,*,#15444,.T.);
#15447=ORIENTED_EDGE('',*,*,#15446,.F.);
#15449=ORIENTED_EDGE('',*,*,#15448,.F.);
#15450=EDGE_LOOP('',(#15443,#15445,#15447,#15449));
#15451=FACE_OUTER_BOUND('',#15450,.F.);
#15453=CARTESIAN_POINT('',(2.5E-1,0.E0,2.72E0));
#15454=DIRECTION('',(0.E0,-1.E0,0.E0));
#15455=DIRECTION('',(1.E0,0.E0,0.E0));
#15456=AXIS2_PLACEMENT_3D('',#15453,#15454,#15455);
#15457=CYLINDRICAL_SURFACE('',#15456,1.2E-1);
#15458=ORIENTED_EDGE('',*,*,#15426,.T.);
#15460=ORIENTED_EDGE('',*,*,#15459,.T.);
#15462=ORIENTED_EDGE('',*,*,#15461,.F.);
#15463=ORIENTED_EDGE('',*,*,#15444,.F.);
#15464=EDGE_LOOP('',(#15458,#15460,#15462,#15463));
#15465=FACE_OUTER_BOUND('',#15464,.F.);
#15467=CARTESIAN_POINT('',(3.7E-1,0.E0,2.72E0));
#15468=DIRECTION('',(-1.E0,0.E0,0.E0));
#15469=DIRECTION('',(0.E0,0.E0,1.E0));
#15470=AXIS2_PLACEMENT_3D('',#15467,#15468,#15469);
#15471=PLANE('',#15470);
#15472=ORIENTED_EDGE('',*,*,#15424,.T.);
#15474=ORIENTED_EDGE('',*,*,#15473,.T.);
#15476=ORIENTED_EDGE('',*,*,#15475,.F.);
#15477=ORIENTED_EDGE('',*,*,#15459,.F.);
#15478=EDGE_LOOP('',(#15472,#15474,#15476,#15477));
#15479=FACE_OUTER_BOUND('',#15478,.F.);
#15481=CARTESIAN_POINT('',(3.7E-1,0.E0,3.E0));
#15482=DIRECTION('',(0.E0,0.E0,-1.E0));
#15483=DIRECTION('',(-1.E0,0.E0,0.E0));
#15484=AXIS2_PLACEMENT_3D('',#15481,#15482,#15483);
#15485=PLANE('',#15484);
#15486=ORIENTED_EDGE('',*,*,#15422,.T.);
#15487=ORIENTED_EDGE('',*,*,#15448,.T.);
#15489=ORIENTED_EDGE('',*,*,#15488,.F.);
#15490=ORIENTED_EDGE('',*,*,#15473,.F.);
#15491=EDGE_LOOP('',(#15486,#15487,#15489,#15490));
#15492=FACE_OUTER_BOUND('',#15491,.F.);
#15494=CARTESIAN_POINT('',(0.E0,2.E-1,0.E0));
#15495=DIRECTION('',(0.E0,-1.E0,0.E0));
#15496=DIRECTION('',(1.E0,0.E0,0.E0));
#15497=AXIS2_PLACEMENT_3D('',#15494,#15495,#15496);
#15498=PLANE('',#15497);
#15499=ORIENTED_EDGE('',*,*,#15446,.T.);
#15500=ORIENTED_EDGE('',*,*,#15461,.T.);
#15501=ORIENTED_EDGE('',*,*,#15475,.T.);
#15502=ORIENTED_EDGE('',*,*,#15488,.T.);
#15503=EDGE_LOOP('',(#15499,#15500,#15501,#15502));
#15504=FACE_OUTER_BOUND('',#15503,.F.);
#15506=CLOSED_SHELL('',(#15430,#15452,#15466,#15480,#15493,#15505));
#15507=MANIFOLD_SOLID_BREP('',#15506);
#15508=FILL_AREA_STYLE_COLOUR('',#18);
#15509=FILL_AREA_STYLE('',(#15508));
#15510=SURFACE_STYLE_FILL_AREA(#15509);
#15511=SURFACE_SIDE_STYLE('',(#15510));
#15512=SURFACE_STYLE_USAGE(.POSITIVE.,#15511);
#15513=PRESENTATION_STYLE_ASSIGNMENT((#15512));
#15312=STYLED_ITEM('',(#15513),#15507);
#15515=DIRECTION('',(0.E0,0.E0,-1.E0));
#15516=VECTOR('',#15515,2.8E-1);
#15517=CARTESIAN_POINT('',(6.3E-1,0.E0,3.E0));
#15518=LINE('',#15517,#15516);
#15519=CURVE_STYLE('',#33,POSITIVE_LENGTH_MEASURE(2.E-2),#18);
#15520=PRESENTATION_STYLE_ASSIGNMENT((#15519));
#15521=STYLED_ITEM('',(#15520),#15518);
#15522=DIRECTION('',(-1.E0,0.E0,0.E0));
#15523=VECTOR('',#15522,2.4E-1);
#15524=CARTESIAN_POINT('',(8.7E-1,0.E0,3.E0));
#15525=LINE('',#15524,#15523);
#15526=CURVE_STYLE('',#33,POSITIVE_LENGTH_MEASURE(2.E-2),#18);
#15527=PRESENTATION_STYLE_ASSIGNMENT((#15526));
#15528=STYLED_ITEM('',(#15527),#15525);
#15529=DIRECTION('',(0.E0,0.E0,1.E0));
#15530=VECTOR('',#15529,2.8E-1);
#15531=CARTESIAN_POINT('',(8.7E-1,0.E0,2.72E0));
#15532=LINE('',#15531,#15530);
#15533=CURVE_STYLE('',#33,POSITIVE_LENGTH_MEASURE(2.E-2),#18);
#15534=PRESENTATION_STYLE_ASSIGNMENT((#15533));
#15535=STYLED_ITEM('',(#15534),#15532);
#15536=CARTESIAN_POINT('',(7.5E-1,0.E0,2.72E0));
#15537=DIRECTION('',(0.E0,-1.E0,0.E0));
#15538=DIRECTION('',(-1.E0,0.E0,0.E0));
#15539=AXIS2_PLACEMENT_3D('',#15536,#15537,#15538);
#15541=CURVE_STYLE('',#33,POSITIVE_LENGTH_MEASURE(2.E-2),#18);
#15542=PRESENTATION_STYLE_ASSIGNMENT((#15541));
#15543=STYLED_ITEM('',(#15542),#15540);
#15544=DIRECTION('',(0.E0,1.E0,0.E0));
#15545=VECTOR('',#15544,2.E-1);
#15546=CARTESIAN_POINT('',(6.3E-1,0.E0,3.E0));
#15547=LINE('',#15546,#15545);
#15548=CURVE_STYLE('',#33,POSITIVE_LENGTH_MEASURE(2.E-2),#18);
#15549=PRESENTATION_STYLE_ASSIGNMENT((#15548));
#15550=STYLED_ITEM('',(#15549),#15547);
#15551=DIRECTION('',(0.E0,1.E0,0.E0));
#15552=VECTOR('',#15551,2.E-1);
#15553=CARTESIAN_POINT('',(6.3E-1,0.E0,2.72E0));
#15554=LINE('',#15553,#15552);
#15555=CURVE_STYLE('',#33,POSITIVE_LENGTH_MEASURE(2.E-2),#18);
#15556=PRESENTATION_STYLE_ASSIGNMENT((#15555));
#15557=STYLED_ITEM('',(#15556),#15554);
#15558=DIRECTION('',(0.E0,1.E0,0.E0));
#15559=VECTOR('',#15558,2.E-1);
#15560=CARTESIAN_POINT('',(8.7E-1,0.E0,2.72E0));
#15561=LINE('',#15560,#15559);
#15562=CURVE_STYLE('',#33,POSITIVE_LENGTH_MEASURE(2.E-2),#18);
#15563=PRESENTATION_STYLE_ASSIGNMENT((#15562));
#15564=STYLED_ITEM('',(#15563),#15561);
#15565=DIRECTION('',(0.E0,1.E0,0.E0));
#15566=VECTOR('',#15565,2.E-1);
#15567=CARTESIAN_POINT('',(8.7E-1,0.E0,3.E0));
#15568=LINE('',#15567,#15566);
#15569=CURVE_STYLE('',#33,POSITIVE_LENGTH_MEASURE(2.E-2),#18);
#15570=PRESENTATION_STYLE_ASSIGNMENT((#15569));
#15571=STYLED_ITEM('',(#15570),#15568);
#15572=DIRECTION('',(0.E0,0.E0,-1.E0));
#15573=VECTOR('',#15572,2.8E-1);
#15574=CARTESIAN_POINT('',(6.3E-1,2.E-1,3.E0));
#15575=LINE('',#15574,#15573);
#15576=CURVE_STYLE('',#33,POSITIVE_LENGTH_MEASURE(2.E-2),#18);
#15577=PRESENTATION_STYLE_ASSIGNMENT((#15576));
#15578=STYLED_ITEM('',(#15577),#15575);
#15579=CARTESIAN_POINT('',(7.5E-1,2.E-1,2.72E0));
#15580=DIRECTION('',(0.E0,-1.E0,0.E0));
#15581=DIRECTION('',(-1.E0,0.E0,0.E0));
#15582=AXIS2_PLACEMENT_3D('',#15579,#15580,#15581);
#15584=CURVE_STYLE('',#33,POSITIVE_LENGTH_MEASURE(2.E-2),#18);
#15585=PRESENTATION_STYLE_ASSIGNMENT((#15584));
#15586=STYLED_ITEM('',(#15585),#15583);
#15587=DIRECTION('',(0.E0,0.E0,1.E0));
#15588=VECTOR('',#15587,2.8E-1);
#15589=CARTESIAN_POINT('',(8.7E-1,2.E-1,2.72E0));
#15590=LINE('',#15589,#15588);
#15591=CURVE_STYLE('',#33,POSITIVE_LENGTH_MEASURE(2.E-2),#18);
#15592=PRESENTATION_STYLE_ASSIGNMENT((#15591));
#15593=STYLED_ITEM('',(#15592),#15590);
#15594=DIRECTION('',(-1.E0,0.E0,0.E0));
#15595=VECTOR('',#15594,2.4E-1);
#15596=CARTESIAN_POINT('',(8.7E-1,2.E-1,3.E0));
#15597=LINE('',#15596,#15595);
#15598=CURVE_STYLE('',#33,POSITIVE_LENGTH_MEASURE(2.E-2),#18);
#15599=PRESENTATION_STYLE_ASSIGNMENT((#15598));
#15600=STYLED_ITEM('',(#15599),#15597);
#15601=CARTESIAN_POINT('',(6.3E-1,0.E0,3.E0));
#15602=CARTESIAN_POINT('',(6.3E-1,0.E0,2.72E0));
#15603=VERTEX_POINT('',#15601);
#15604=VERTEX_POINT('',#15602);
#15605=CARTESIAN_POINT('',(8.7E-1,0.E0,2.72E0));
#15606=VERTEX_POINT('',#15605);
#15607=CARTESIAN_POINT('',(8.7E-1,0.E0,3.E0));
#15608=VERTEX_POINT('',#15607);
#15609=CARTESIAN_POINT('',(6.3E-1,2.E-1,3.E0));
#15610=CARTESIAN_POINT('',(6.3E-1,2.E-1,2.72E0));
#15611=VERTEX_POINT('',#15609);
#15612=VERTEX_POINT('',#15610);
#15613=CARTESIAN_POINT('',(8.7E-1,2.E-1,2.72E0));
#15614=VERTEX_POINT('',#15613);
#15615=CARTESIAN_POINT('',(8.7E-1,2.E-1,3.E0));
#15616=VERTEX_POINT('',#15615);
#15617=CARTESIAN_POINT('',(0.E0,0.E0,0.E0));
#15618=DIRECTION('',(0.E0,-1.E0,0.E0));
#15619=DIRECTION('',(1.E0,0.E0,0.E0));
#15620=AXIS2_PLACEMENT_3D('',#15617,#15618,#15619);
#15621=PLANE('',#15620);
#15623=ORIENTED_EDGE('',*,*,#15622,.F.);
#15625=ORIENTED_EDGE('',*,*,#15624,.F.);
#15627=ORIENTED_EDGE('',*,*,#15626,.F.);
#15629=ORIENTED_EDGE('',*,*,#15628,.F.);
#15630=EDGE_LOOP('',(#15623,#15625,#15627,#15629));
#15631=FACE_OUTER_BOUND('',#15630,.F.);
#15633=FILL_AREA_STYLE_COLOUR('',#22);
#15634=FILL_AREA_STYLE('',(#15633));
#15635=SURFACE_STYLE_FILL_AREA(#15634);
#15636=SURFACE_SIDE_STYLE('',(#15635));
#15637=SURFACE_STYLE_USAGE(.POSITIVE.,#15636);
#15638=PRESENTATION_STYLE_ASSIGNMENT((#15637));
#15639=OVER_RIDING_STYLED_ITEM('',(#15638),#15632,#15514);
#15640=CARTESIAN_POINT('',(6.3E-1,0.E0,3.E0));
#15641=DIRECTION('',(1.E0,0.E0,0.E0));
#15642=DIRECTION('',(0.E0,0.E0,-1.E0));
#15643=AXIS2_PLACEMENT_3D('',#15640,#15641,#15642);
#15644=PLANE('',#15643);
#15645=ORIENTED_EDGE('',*,*,#15622,.T.);
#15647=ORIENTED_EDGE('',*,*,#15646,.T.);
#15649=ORIENTED_EDGE('',*,*,#15648,.F.);
#15651=ORIENTED_EDGE('',*,*,#15650,.F.);
#15652=EDGE_LOOP('',(#15645,#15647,#15649,#15651));
#15653=FACE_OUTER_BOUND('',#15652,.F.);
#15655=CARTESIAN_POINT('',(7.5E-1,0.E0,2.72E0));
#15656=DIRECTION('',(0.E0,-1.E0,0.E0));
#15657=DIRECTION('',(1.E0,0.E0,0.E0));
#15658=AXIS2_PLACEMENT_3D('',#15655,#15656,#15657);
#15659=CYLINDRICAL_SURFACE('',#15658,1.2E-1);
#15660=ORIENTED_EDGE('',*,*,#15628,.T.);
#15662=ORIENTED_EDGE('',*,*,#15661,.T.);
#15664=ORIENTED_EDGE('',*,*,#15663,.F.);
#15665=ORIENTED_EDGE('',*,*,#15646,.F.);
#15666=EDGE_LOOP('',(#15660,#15662,#15664,#15665));
#15667=FACE_OUTER_BOUND('',#15666,.F.);
#15669=CARTESIAN_POINT('',(8.7E-1,0.E0,2.72E0));
#15670=DIRECTION('',(-1.E0,0.E0,0.E0));
#15671=DIRECTION('',(0.E0,0.E0,1.E0));
#15672=AXIS2_PLACEMENT_3D('',#15669,#15670,#15671);
#15673=PLANE('',#15672);
#15674=ORIENTED_EDGE('',*,*,#15626,.T.);
#15676=ORIENTED_EDGE('',*,*,#15675,.T.);
#15678=ORIENTED_EDGE('',*,*,#15677,.F.);
#15679=ORIENTED_EDGE('',*,*,#15661,.F.);
#15680=EDGE_LOOP('',(#15674,#15676,#15678,#15679));
#15681=FACE_OUTER_BOUND('',#15680,.F.);
#15683=CARTESIAN_POINT('',(8.7E-1,0.E0,3.E0));
#15684=DIRECTION('',(0.E0,0.E0,-1.E0));
#15685=DIRECTION('',(-1.E0,0.E0,0.E0));
#15686=AXIS2_PLACEMENT_3D('',#15683,#15684,#15685);
#15687=PLANE('',#15686);
#15688=ORIENTED_EDGE('',*,*,#15624,.T.);
#15689=ORIENTED_EDGE('',*,*,#15650,.T.);
#15691=ORIENTED_EDGE('',*,*,#15690,.F.);
#15692=ORIENTED_EDGE('',*,*,#15675,.F.);
#15693=EDGE_LOOP('',(#15688,#15689,#15691,#15692));
#15694=FACE_OUTER_BOUND('',#15693,.F.);
#15696=CARTESIAN_POINT('',(0.E0,2.E-1,0.E0));
#15697=DIRECTION('',(0.E0,-1.E0,0.E0));
#15698=DIRECTION('',(1.E0,0.E0,0.E0));
#15699=AXIS2_PLACEMENT_3D('',#15696,#15697,#15698);
#15700=PLANE('',#15699);
#15701=ORIENTED_EDGE('',*,*,#15648,.T.);
#15702=ORIENTED_EDGE('',*,*,#15663,.T.);
#15703=ORIENTED_EDGE('',*,*,#15677,.T.);
#15704=ORIENTED_EDGE('',*,*,#15690,.T.);
#15705=EDGE_LOOP('',(#15701,#15702,#15703,#15704));
#15706=FACE_OUTER_BOUND('',#15705,.F.);
#15708=CLOSED_SHELL('',(#15632,#15654,#15668,#15682,#15695,#15707));
#15709=MANIFOLD_SOLID_BREP('',#15708);
#15710=FILL_AREA_STYLE_COLOUR('',#18);
#15711=FILL_AREA_STYLE('',(#15710));
#15712=SURFACE_STYLE_FILL_AREA(#15711);
#15713=SURFACE_SIDE_STYLE('',(#15712));
#15714=SURFACE_STYLE_USAGE(.POSITIVE.,#15713);
#15715=PRESENTATION_STYLE_ASSIGNMENT((#15714));
#15514=STYLED_ITEM('',(#15715),#15709);
#15717=DIRECTION('',(0.E0,0.E0,-1.E0));
#15718=VECTOR('',#15717,2.8E-1);
#15719=CARTESIAN_POINT('',(1.13E0,0.E0,3.E0));
#15720=LINE('',#15719,#15718);
#15721=CURVE_STYLE('',#33,POSITIVE_LENGTH_MEASURE(2.E-2),#18);
#15722=PRESENTATION_STYLE_ASSIGNMENT((#15721));
#15723=STYLED_ITEM('',(#15722),#15720);
#15724=DIRECTION('',(-1.E0,0.E0,0.E0));
#15725=VECTOR('',#15724,2.4E-1);
#15726=CARTESIAN_POINT('',(1.37E0,0.E0,3.E0));
#15727=LINE('',#15726,#15725);
#15728=CURVE_STYLE('',#33,POSITIVE_LENGTH_MEASURE(2.E-2),#18);
#15729=PRESENTATION_STYLE_ASSIGNMENT((#15728));
#15730=STYLED_ITEM('',(#15729),#15727);
#15731=DIRECTION('',(0.E0,0.E0,1.E0));
#15732=VECTOR('',#15731,2.8E-1);
#15733=CARTESIAN_POINT('',(1.37E0,0.E0,2.72E0));
#15734=LINE('',#15733,#15732);
#15735=CURVE_STYLE('',#33,POSITIVE_LENGTH_MEASURE(2.E-2),#18);
#15736=PRESENTATION_STYLE_ASSIGNMENT((#15735));
#15737=STYLED_ITEM('',(#15736),#15734);
#15738=CARTESIAN_POINT('',(1.25E0,0.E0,2.72E0));
#15739=DIRECTION('',(0.E0,-1.E0,0.E0));
#15740=DIRECTION('',(-1.E0,0.E0,0.E0));
#15741=AXIS2_PLACEMENT_3D('',#15738,#15739,#15740);
#15743=CURVE_STYLE('',#33,POSITIVE_LENGTH_MEASURE(2.E-2),#18);
#15744=PRESENTATION_STYLE_ASSIGNMENT((#15743));
#15745=STYLED_ITEM('',(#15744),#15742);
#15746=DIRECTION('',(0.E0,1.E0,0.E0));
#15747=VECTOR('',#15746,2.E-1);
#15748=CARTESIAN_POINT('',(1.13E0,0.E0,3.E0));
#15749=LINE('',#15748,#15747);
#15750=CURVE_STYLE('',#33,POSITIVE_LENGTH_MEASURE(2.E-2),#18);
#15751=PRESENTATION_STYLE_ASSIGNMENT((#15750));
#15752=STYLED_ITEM('',(#15751),#15749);
#15753=DIRECTION('',(0.E0,1.E0,0.E0));
#15754=VECTOR('',#15753,2.E-1);
#15755=CARTESIAN_POINT('',(1.13E0,0.E0,2.72E0));
#15756=LINE('',#15755,#15754);
#15757=CURVE_STYLE('',#33,POSITIVE_LENGTH_MEASURE(2.E-2),#18);
#15758=PRESENTATION_STYLE_ASSIGNMENT((#15757));
#15759=STYLED_ITEM('',(#15758),#15756);
#15760=DIRECTION('',(0.E0,1.E0,0.E0));
#15761=VECTOR('',#15760,2.E-1);
#15762=CARTESIAN_POINT('',(1.37E0,0.E0,2.72E0));
#15763=LINE('',#15762,#15761);
#15764=CURVE_STYLE('',#33,POSITIVE_LENGTH_MEASURE(2.E-2),#18);
#15765=PRESENTATION_STYLE_ASSIGNMENT((#15764));
#15766=STYLED_ITEM('',(#15765),#15763);
#15767=DIRECTION('',(0.E0,1.E0,0.E0));
#15768=VECTOR('',#15767,2.E-1);
#15769=CARTESIAN_POINT('',(1.37E0,0.E0,3.E0));
#15770=LINE('',#15769,#15768);
#15771=CURVE_STYLE('',#33,POSITIVE_LENGTH_MEASURE(2.E-2),#18);
#15772=PRESENTATION_STYLE_ASSIGNMENT((#15771));
#15773=STYLED_ITEM('',(#15772),#15770);
#15774=DIRECTION('',(0.E0,0.E0,-1.E0));
#15775=VECTOR('',#15774,2.8E-1);
#15776=CARTESIAN_POINT('',(1.13E0,2.E-1,3.E0));
#15777=LINE('',#15776,#15775);
#15778=CURVE_STYLE('',#33,POSITIVE_LENGTH_MEASURE(2.E-2),#18);
#15779=PRESENTATION_STYLE_ASSIGNMENT((#15778));
#15780=STYLED_ITEM('',(#15779),#15777);
#15781=CARTESIAN_POINT('',(1.25E0,2.E-1,2.72E0));
#15782=DIRECTION('',(0.E0,-1.E0,0.E0));
#15783=DIRECTION('',(-1.E0,0.E0,0.E0));
#15784=AXIS2_PLACEMENT_3D('',#15781,#15782,#15783);
#15786=CURVE_STYLE('',#33,POSITIVE_LENGTH_MEASURE(2.E-2),#18);
#15787=PRESENTATION_STYLE_ASSIGNMENT((#15786));
#15788=STYLED_ITEM('',(#15787),#15785);
#15789=DIRECTION('',(0.E0,0.E0,1.E0));
#15790=VECTOR('',#15789,2.8E-1);
#15791=CARTESIAN_POINT('',(1.37E0,2.E-1,2.72E0));
#15792=LINE('',#15791,#15790);
#15793=CURVE_STYLE('',#33,POSITIVE_LENGTH_MEASURE(2.E-2),#18);
#15794=PRESENTATION_STYLE_ASSIGNMENT((#15793));
#15795=STYLED_ITEM('',(#15794),#15792);
#15796=DIRECTION('',(-1.E0,0.E0,0.E0));
#15797=VECTOR('',#15796,2.4E-1);
#15798=CARTESIAN_POINT('',(1.37E0,2.E-1,3.E0));
#15799=LINE('',#15798,#15797);
#15800=CURVE_STYLE('',#33,POSITIVE_LENGTH_MEASURE(2.E-2),#18);
#15801=PRESENTATION_STYLE_ASSIGNMENT((#15800));
#15802=STYLED_ITEM('',(#15801),#15799);
#15803=CARTESIAN_POINT('',(1.13E0,0.E0,3.E0));
#15804=CARTESIAN_POINT('',(1.13E0,0.E0,2.72E0));
#15805=VERTEX_POINT('',#15803);
#15806=VERTEX_POINT('',#15804);
#15807=CARTESIAN_POINT('',(1.37E0,0.E0,2.72E0));
#15808=VERTEX_POINT('',#15807);
#15809=CARTESIAN_POINT('',(1.37E0,0.E0,3.E0));
#15810=VERTEX_POINT('',#15809);
#15811=CARTESIAN_POINT('',(1.13E0,2.E-1,3.E0));
#15812=CARTESIAN_POINT('',(1.13E0,2.E-1,2.72E0));
#15813=VERTEX_POINT('',#15811);
#15814=VERTEX_POINT('',#15812);
#15815=CARTESIAN_POINT('',(1.37E0,2.E-1,2.72E0));
#15816=VERTEX_POINT('',#15815);
#15817=CARTESIAN_POINT('',(1.37E0,2.E-1,3.E0));
#15818=VERTEX_POINT('',#15817);
#15819=CARTESIAN_POINT('',(0.E0,0.E0,0.E0));
#15820=DIRECTION('',(0.E0,-1.E0,0.E0));
#15821=DIRECTION('',(1.E0,0.E0,0.E0));
#15822=AXIS2_PLACEMENT_3D('',#15819,#15820,#15821);
#15823=PLANE('',#15822);
#15825=ORIENTED_EDGE('',*,*,#15824,.F.);
#15827=ORIENTED_EDGE('',*,*,#15826,.F.);
#15829=ORIENTED_EDGE('',*,*,#15828,.F.);
#15831=ORIENTED_EDGE('',*,*,#15830,.F.);
#15832=EDGE_LOOP('',(#15825,#15827,#15829,#15831));
#15833=FACE_OUTER_BOUND('',#15832,.F.);
#15835=FILL_AREA_STYLE_COLOUR('',#22);
#15836=FILL_AREA_STYLE('',(#15835));
#15837=SURFACE_STYLE_FILL_AREA(#15836);
#15838=SURFACE_SIDE_STYLE('',(#15837));
#15839=SURFACE_STYLE_USAGE(.POSITIVE.,#15838);
#15840=PRESENTATION_STYLE_ASSIGNMENT((#15839));
#15841=OVER_RIDING_STYLED_ITEM('',(#15840),#15834,#15716);
#15842=CARTESIAN_POINT('',(1.13E0,0.E0,3.E0));
#15843=DIRECTION('',(1.E0,0.E0,0.E0));
#15844=DIRECTION('',(0.E0,0.E0,-1.E0));
#15845=AXIS2_PLACEMENT_3D('',#15842,#15843,#15844);
#15846=PLANE('',#15845);
#15847=ORIENTED_EDGE('',*,*,#15824,.T.);
#15849=ORIENTED_EDGE('',*,*,#15848,.T.);
#15851=ORIENTED_EDGE('',*,*,#15850,.F.);
#15853=ORIENTED_EDGE('',*,*,#15852,.F.);
#15854=EDGE_LOOP('',(#15847,#15849,#15851,#15853));
#15855=FACE_OUTER_BOUND('',#15854,.F.);
#15857=CARTESIAN_POINT('',(1.25E0,0.E0,2.72E0));
#15858=DIRECTION('',(0.E0,-1.E0,0.E0));
#15859=DIRECTION('',(1.E0,0.E0,0.E0));
#15860=AXIS2_PLACEMENT_3D('',#15857,#15858,#15859);
#15861=CYLINDRICAL_SURFACE('',#15860,1.2E-1);
#15862=ORIENTED_EDGE('',*,*,#15830,.T.);
#15864=ORIENTED_EDGE('',*,*,#15863,.T.);
#15866=ORIENTED_EDGE('',*,*,#15865,.F.);
#15867=ORIENTED_EDGE('',*,*,#15848,.F.);
#15868=EDGE_LOOP('',(#15862,#15864,#15866,#15867));
#15869=FACE_OUTER_BOUND('',#15868,.F.);
#15871=CARTESIAN_POINT('',(1.37E0,0.E0,2.72E0));
#15872=DIRECTION('',(-1.E0,0.E0,0.E0));
#15873=DIRECTION('',(0.E0,0.E0,1.E0));
#15874=AXIS2_PLACEMENT_3D('',#15871,#15872,#15873);
#15875=PLANE('',#15874);
#15876=ORIENTED_EDGE('',*,*,#15828,.T.);
#15878=ORIENTED_EDGE('',*,*,#15877,.T.);
#15880=ORIENTED_EDGE('',*,*,#15879,.F.);
#15881=ORIENTED_EDGE('',*,*,#15863,.F.);
#15882=EDGE_LOOP('',(#15876,#15878,#15880,#15881));
#15883=FACE_OUTER_BOUND('',#15882,.F.);
#15885=CARTESIAN_POINT('',(1.37E0,0.E0,3.E0));
#15886=DIRECTION('',(0.E0,0.E0,-1.E0));
#15887=DIRECTION('',(-1.E0,0.E0,0.E0));
#15888=AXIS2_PLACEMENT_3D('',#15885,#15886,#15887);
#15889=PLANE('',#15888);
#15890=ORIENTED_EDGE('',*,*,#15826,.T.);
#15891=ORIENTED_EDGE('',*,*,#15852,.T.);
#15893=ORIENTED_EDGE('',*,*,#15892,.F.);
#15894=ORIENTED_EDGE('',*,*,#15877,.F.);
#15895=EDGE_LOOP('',(#15890,#15891,#15893,#15894));
#15896=FACE_OUTER_BOUND('',#15895,.F.);
#15898=CARTESIAN_POINT('',(0.E0,2.E-1,0.E0));
#15899=DIRECTION('',(0.E0,-1.E0,0.E0));
#15900=DIRECTION('',(1.E0,0.E0,0.E0));
#15901=AXIS2_PLACEMENT_3D('',#15898,#15899,#15900);
#15902=PLANE('',#15901);
#15903=ORIENTED_EDGE('',*,*,#15850,.T.);
#15904=ORIENTED_EDGE('',*,*,#15865,.T.);
#15905=ORIENTED_EDGE('',*,*,#15879,.T.);
#15906=ORIENTED_EDGE('',*,*,#15892,.T.);
#15907=EDGE_LOOP('',(#15903,#15904,#15905,#15906));
#15908=FACE_OUTER_BOUND('',#15907,.F.);
#15910=CLOSED_SHELL('',(#15834,#15856,#15870,#15884,#15897,#15909));
#15911=MANIFOLD_SOLID_BREP('',#15910);
#15912=FILL_AREA_STYLE_COLOUR('',#18);
#15913=FILL_AREA_STYLE('',(#15912));
#15914=SURFACE_STYLE_FILL_AREA(#15913);
#15915=SURFACE_SIDE_STYLE('',(#15914));
#15916=SURFACE_STYLE_USAGE(.POSITIVE.,#15915);
#15917=PRESENTATION_STYLE_ASSIGNMENT((#15916));
#15716=STYLED_ITEM('',(#15917),#15911);
#15919=DIRECTION('',(0.E0,0.E0,1.E0));
#15920=VECTOR('',#15919,2.8E-1);
#15921=CARTESIAN_POINT('',(1.63E0,0.E0,-3.E0));
#15922=LINE('',#15921,#15920);
#15923=CURVE_STYLE('',#33,POSITIVE_LENGTH_MEASURE(2.E-2),#18);
#15924=PRESENTATION_STYLE_ASSIGNMENT((#15923));
#15925=STYLED_ITEM('',(#15924),#15922);
#15926=CARTESIAN_POINT('',(1.75E0,0.E0,-2.72E0));
#15927=DIRECTION('',(0.E0,1.E0,0.E0));
#15928=DIRECTION('',(-1.E0,0.E0,1.480297366167E-14));
#15929=AXIS2_PLACEMENT_3D('',#15926,#15927,#15928);
#15931=CURVE_STYLE('',#33,POSITIVE_LENGTH_MEASURE(2.E-2),#18);
#15932=PRESENTATION_STYLE_ASSIGNMENT((#15931));
#15933=STYLED_ITEM('',(#15932),#15930);
#15934=DIRECTION('',(0.E0,0.E0,-1.E0));
#15935=VECTOR('',#15934,2.8E-1);
#15936=CARTESIAN_POINT('',(1.87E0,0.E0,-2.72E0));
#15937=LINE('',#15936,#15935);
#15938=CURVE_STYLE('',#33,POSITIVE_LENGTH_MEASURE(2.E-2),#18);
#15939=PRESENTATION_STYLE_ASSIGNMENT((#15938));
#15940=STYLED_ITEM('',(#15939),#15937);
#15941=DIRECTION('',(-1.E0,0.E0,0.E0));
#15942=VECTOR('',#15941,2.4E-1);
#15943=CARTESIAN_POINT('',(1.87E0,0.E0,-3.E0));
#15944=LINE('',#15943,#15942);
#15945=CURVE_STYLE('',#33,POSITIVE_LENGTH_MEASURE(2.E-2),#18);
#15946=PRESENTATION_STYLE_ASSIGNMENT((#15945));
#15947=STYLED_ITEM('',(#15946),#15944);
#15948=DIRECTION('',(0.E0,1.E0,0.E0));
#15949=VECTOR('',#15948,2.E-1);
#15950=CARTESIAN_POINT('',(1.63E0,0.E0,-3.E0));
#15951=LINE('',#15950,#15949);
#15952=CURVE_STYLE('',#33,POSITIVE_LENGTH_MEASURE(2.E-2),#18);
#15953=PRESENTATION_STYLE_ASSIGNMENT((#15952));
#15954=STYLED_ITEM('',(#15953),#15951);
#15955=DIRECTION('',(0.E0,1.E0,0.E0));
#15956=VECTOR('',#15955,2.E-1);
#15957=CARTESIAN_POINT('',(1.87E0,0.E0,-3.E0));
#15958=LINE('',#15957,#15956);
#15959=CURVE_STYLE('',#33,POSITIVE_LENGTH_MEASURE(2.E-2),#18);
#15960=PRESENTATION_STYLE_ASSIGNMENT((#15959));
#15961=STYLED_ITEM('',(#15960),#15958);
#15962=DIRECTION('',(0.E0,1.E0,0.E0));
#15963=VECTOR('',#15962,2.E-1);
#15964=CARTESIAN_POINT('',(1.87E0,0.E0,-2.72E0));
#15965=LINE('',#15964,#15963);
#15966=CURVE_STYLE('',#33,POSITIVE_LENGTH_MEASURE(2.E-2),#18);
#15967=PRESENTATION_STYLE_ASSIGNMENT((#15966));
#15968=STYLED_ITEM('',(#15967),#15965);
#15969=DIRECTION('',(0.E0,1.E0,0.E0));
#15970=VECTOR('',#15969,2.E-1);
#15971=CARTESIAN_POINT('',(1.63E0,0.E0,-2.72E0));
#15972=LINE('',#15971,#15970);
#15973=CURVE_STYLE('',#33,POSITIVE_LENGTH_MEASURE(2.E-2),#18);
#15974=PRESENTATION_STYLE_ASSIGNMENT((#15973));
#15975=STYLED_ITEM('',(#15974),#15972);
#15976=DIRECTION('',(0.E0,0.E0,1.E0));
#15977=VECTOR('',#15976,2.8E-1);
#15978=CARTESIAN_POINT('',(1.63E0,2.E-1,-3.E0));
#15979=LINE('',#15978,#15977);
#15980=CURVE_STYLE('',#33,POSITIVE_LENGTH_MEASURE(2.E-2),#18);
#15981=PRESENTATION_STYLE_ASSIGNMENT((#15980));
#15982=STYLED_ITEM('',(#15981),#15979);
#15983=DIRECTION('',(-1.E0,0.E0,0.E0));
#15984=VECTOR('',#15983,2.4E-1);
#15985=CARTESIAN_POINT('',(1.87E0,2.E-1,-3.E0));
#15986=LINE('',#15985,#15984);
#15987=CURVE_STYLE('',#33,POSITIVE_LENGTH_MEASURE(2.E-2),#18);
#15988=PRESENTATION_STYLE_ASSIGNMENT((#15987));
#15989=STYLED_ITEM('',(#15988),#15986);
#15990=DIRECTION('',(0.E0,0.E0,-1.E0));
#15991=VECTOR('',#15990,2.8E-1);
#15992=CARTESIAN_POINT('',(1.87E0,2.E-1,-2.72E0));
#15993=LINE('',#15992,#15991);
#15994=CURVE_STYLE('',#33,POSITIVE_LENGTH_MEASURE(2.E-2),#18);
#15995=PRESENTATION_STYLE_ASSIGNMENT((#15994));
#15996=STYLED_ITEM('',(#15995),#15993);
#15997=CARTESIAN_POINT('',(1.75E0,2.E-1,-2.72E0));
#15998=DIRECTION('',(0.E0,1.E0,0.E0));
#15999=DIRECTION('',(-1.E0,0.E0,1.480297366167E-14));
#16000=AXIS2_PLACEMENT_3D('',#15997,#15998,#15999);
#16002=CURVE_STYLE('',#33,POSITIVE_LENGTH_MEASURE(2.E-2),#18);
#16003=PRESENTATION_STYLE_ASSIGNMENT((#16002));
#16004=STYLED_ITEM('',(#16003),#16001);
#16005=CARTESIAN_POINT('',(1.63E0,0.E0,-3.E0));
#16006=CARTESIAN_POINT('',(1.63E0,0.E0,-2.72E0));
#16007=VERTEX_POINT('',#16005);
#16008=VERTEX_POINT('',#16006);
#16009=CARTESIAN_POINT('',(1.87E0,0.E0,-2.72E0));
#16010=VERTEX_POINT('',#16009);
#16011=CARTESIAN_POINT('',(1.87E0,0.E0,-3.E0));
#16012=VERTEX_POINT('',#16011);
#16013=CARTESIAN_POINT('',(1.63E0,2.E-1,-3.E0));
#16014=CARTESIAN_POINT('',(1.63E0,2.E-1,-2.72E0));
#16015=VERTEX_POINT('',#16013);
#16016=VERTEX_POINT('',#16014);
#16017=CARTESIAN_POINT('',(1.87E0,2.E-1,-2.72E0));
#16018=VERTEX_POINT('',#16017);
#16019=CARTESIAN_POINT('',(1.87E0,2.E-1,-3.E0));
#16020=VERTEX_POINT('',#16019);
#16021=CARTESIAN_POINT('',(0.E0,0.E0,0.E0));
#16022=DIRECTION('',(0.E0,1.E0,0.E0));
#16023=DIRECTION('',(1.E0,0.E0,0.E0));
#16024=AXIS2_PLACEMENT_3D('',#16021,#16022,#16023);
#16025=PLANE('',#16024);
#16027=ORIENTED_EDGE('',*,*,#16026,.T.);
#16029=ORIENTED_EDGE('',*,*,#16028,.T.);
#16031=ORIENTED_EDGE('',*,*,#16030,.T.);
#16033=ORIENTED_EDGE('',*,*,#16032,.T.);
#16034=EDGE_LOOP('',(#16027,#16029,#16031,#16033));
#16035=FACE_OUTER_BOUND('',#16034,.F.);
#16037=FILL_AREA_STYLE_COLOUR('',#22);
#16038=FILL_AREA_STYLE('',(#16037));
#16039=SURFACE_STYLE_FILL_AREA(#16038);
#16040=SURFACE_SIDE_STYLE('',(#16039));
#16041=SURFACE_STYLE_USAGE(.POSITIVE.,#16040);
#16042=PRESENTATION_STYLE_ASSIGNMENT((#16041));
#16043=OVER_RIDING_STYLED_ITEM('',(#16042),#16036,#15918);
#16044=CARTESIAN_POINT('',(1.63E0,0.E0,-3.E0));
#16045=DIRECTION('',(-1.E0,0.E0,0.E0));
#16046=DIRECTION('',(0.E0,0.E0,1.E0));
#16047=AXIS2_PLACEMENT_3D('',#16044,#16045,#16046);
#16048=PLANE('',#16047);
#16049=ORIENTED_EDGE('',*,*,#16026,.F.);
#16051=ORIENTED_EDGE('',*,*,#16050,.T.);
#16053=ORIENTED_EDGE('',*,*,#16052,.T.);
#16055=ORIENTED_EDGE('',*,*,#16054,.F.);
#16056=EDGE_LOOP('',(#16049,#16051,#16053,#16055));
#16057=FACE_OUTER_BOUND('',#16056,.F.);
#16059=CARTESIAN_POINT('',(1.87E0,0.E0,-3.E0));
#16060=DIRECTION('',(0.E0,0.E0,-1.E0));
#16061=DIRECTION('',(-1.E0,0.E0,0.E0));
#16062=AXIS2_PLACEMENT_3D('',#16059,#16060,#16061);
#16063=PLANE('',#16062);
#16064=ORIENTED_EDGE('',*,*,#16032,.F.);
#16066=ORIENTED_EDGE('',*,*,#16065,.T.);
#16068=ORIENTED_EDGE('',*,*,#16067,.T.);
#16069=ORIENTED_EDGE('',*,*,#16050,.F.);
#16070=EDGE_LOOP('',(#16064,#16066,#16068,#16069));
#16071=FACE_OUTER_BOUND('',#16070,.F.);
#16073=CARTESIAN_POINT('',(1.87E0,0.E0,-2.72E0));
#16074=DIRECTION('',(1.E0,0.E0,0.E0));
#16075=DIRECTION('',(0.E0,0.E0,-1.E0));
#16076=AXIS2_PLACEMENT_3D('',#16073,#16074,#16075);
#16077=PLANE('',#16076);
#16078=ORIENTED_EDGE('',*,*,#16030,.F.);
#16080=ORIENTED_EDGE('',*,*,#16079,.T.);
#16082=ORIENTED_EDGE('',*,*,#16081,.T.);
#16083=ORIENTED_EDGE('',*,*,#16065,.F.);
#16084=EDGE_LOOP('',(#16078,#16080,#16082,#16083));
#16085=FACE_OUTER_BOUND('',#16084,.F.);
#16087=CARTESIAN_POINT('',(1.75E0,0.E0,-2.72E0));
#16088=DIRECTION('',(0.E0,1.E0,0.E0));
#16089=DIRECTION('',(1.E0,0.E0,0.E0));
#16090=AXIS2_PLACEMENT_3D('',#16087,#16088,#16089);
#16091=CYLINDRICAL_SURFACE('',#16090,1.2E-1);
#16092=ORIENTED_EDGE('',*,*,#16028,.F.);
#16093=ORIENTED_EDGE('',*,*,#16054,.T.);
#16095=ORIENTED_EDGE('',*,*,#16094,.T.);
#16096=ORIENTED_EDGE('',*,*,#16079,.F.);
#16097=EDGE_LOOP('',(#16092,#16093,#16095,#16096));
#16098=FACE_OUTER_BOUND('',#16097,.F.);
#16100=CARTESIAN_POINT('',(0.E0,2.E-1,0.E0));
#16101=DIRECTION('',(0.E0,1.E0,0.E0));
#16102=DIRECTION('',(1.E0,0.E0,0.E0));
#16103=AXIS2_PLACEMENT_3D('',#16100,#16101,#16102);
#16104=PLANE('',#16103);
#16105=ORIENTED_EDGE('',*,*,#16052,.F.);
#16106=ORIENTED_EDGE('',*,*,#16067,.F.);
#16107=ORIENTED_EDGE('',*,*,#16081,.F.);
#16108=ORIENTED_EDGE('',*,*,#16094,.F.);
#16109=EDGE_LOOP('',(#16105,#16106,#16107,#16108));
#16110=FACE_OUTER_BOUND('',#16109,.F.);
#16112=CLOSED_SHELL('',(#16036,#16058,#16072,#16086,#16099,#16111));
#16113=MANIFOLD_SOLID_BREP('',#16112);
#16114=FILL_AREA_STYLE_COLOUR('',#18);
#16115=FILL_AREA_STYLE('',(#16114));
#16116=SURFACE_STYLE_FILL_AREA(#16115);
#16117=SURFACE_SIDE_STYLE('',(#16116));
#16118=SURFACE_STYLE_USAGE(.POSITIVE.,#16117);
#16119=PRESENTATION_STYLE_ASSIGNMENT((#16118));
#15918=STYLED_ITEM('',(#16119),#16113);
#16121=DIRECTION('',(0.E0,0.E0,1.E0));
#16122=VECTOR('',#16121,2.8E-1);
#16123=CARTESIAN_POINT('',(2.13E0,0.E0,-3.E0));
#16124=LINE('',#16123,#16122);
#16125=CURVE_STYLE('',#33,POSITIVE_LENGTH_MEASURE(2.E-2),#18);
#16126=PRESENTATION_STYLE_ASSIGNMENT((#16125));
#16127=STYLED_ITEM('',(#16126),#16124);
#16128=CARTESIAN_POINT('',(2.25E0,0.E0,-2.72E0));
#16129=DIRECTION('',(0.E0,1.E0,0.E0));
#16130=DIRECTION('',(-1.E0,0.E0,0.E0));
#16131=AXIS2_PLACEMENT_3D('',#16128,#16129,#16130);
#16133=CURVE_STYLE('',#33,POSITIVE_LENGTH_MEASURE(2.E-2),#18);
#16134=PRESENTATION_STYLE_ASSIGNMENT((#16133));
#16135=STYLED_ITEM('',(#16134),#16132);
#16136=DIRECTION('',(0.E0,0.E0,-1.E0));
#16137=VECTOR('',#16136,2.8E-1);
#16138=CARTESIAN_POINT('',(2.37E0,0.E0,-2.72E0));
#16139=LINE('',#16138,#16137);
#16140=CURVE_STYLE('',#33,POSITIVE_LENGTH_MEASURE(2.E-2),#18);
#16141=PRESENTATION_STYLE_ASSIGNMENT((#16140));
#16142=STYLED_ITEM('',(#16141),#16139);
#16143=DIRECTION('',(-1.E0,0.E0,0.E0));
#16144=VECTOR('',#16143,2.4E-1);
#16145=CARTESIAN_POINT('',(2.37E0,0.E0,-3.E0));
#16146=LINE('',#16145,#16144);
#16147=CURVE_STYLE('',#33,POSITIVE_LENGTH_MEASURE(2.E-2),#18);
#16148=PRESENTATION_STYLE_ASSIGNMENT((#16147));
#16149=STYLED_ITEM('',(#16148),#16146);
#16150=DIRECTION('',(0.E0,1.E0,0.E0));
#16151=VECTOR('',#16150,2.E-1);
#16152=CARTESIAN_POINT('',(2.13E0,0.E0,-3.E0));
#16153=LINE('',#16152,#16151);
#16154=CURVE_STYLE('',#33,POSITIVE_LENGTH_MEASURE(2.E-2),#18);
#16155=PRESENTATION_STYLE_ASSIGNMENT((#16154));
#16156=STYLED_ITEM('',(#16155),#16153);
#16157=DIRECTION('',(0.E0,1.E0,0.E0));
#16158=VECTOR('',#16157,2.E-1);
#16159=CARTESIAN_POINT('',(2.37E0,0.E0,-3.E0));
#16160=LINE('',#16159,#16158);
#16161=CURVE_STYLE('',#33,POSITIVE_LENGTH_MEASURE(2.E-2),#18);
#16162=PRESENTATION_STYLE_ASSIGNMENT((#16161));
#16163=STYLED_ITEM('',(#16162),#16160);
#16164=DIRECTION('',(0.E0,1.E0,0.E0));
#16165=VECTOR('',#16164,2.E-1);
#16166=CARTESIAN_POINT('',(2.37E0,0.E0,-2.72E0));
#16167=LINE('',#16166,#16165);
#16168=CURVE_STYLE('',#33,POSITIVE_LENGTH_MEASURE(2.E-2),#18);
#16169=PRESENTATION_STYLE_ASSIGNMENT((#16168));
#16170=STYLED_ITEM('',(#16169),#16167);
#16171=DIRECTION('',(0.E0,1.E0,0.E0));
#16172=VECTOR('',#16171,2.E-1);
#16173=CARTESIAN_POINT('',(2.13E0,0.E0,-2.72E0));
#16174=LINE('',#16173,#16172);
#16175=CURVE_STYLE('',#33,POSITIVE_LENGTH_MEASURE(2.E-2),#18);
#16176=PRESENTATION_STYLE_ASSIGNMENT((#16175));
#16177=STYLED_ITEM('',(#16176),#16174);
#16178=DIRECTION('',(0.E0,0.E0,1.E0));
#16179=VECTOR('',#16178,2.8E-1);
#16180=CARTESIAN_POINT('',(2.13E0,2.E-1,-3.E0));
#16181=LINE('',#16180,#16179);
#16182=CURVE_STYLE('',#33,POSITIVE_LENGTH_MEASURE(2.E-2),#18);
#16183=PRESENTATION_STYLE_ASSIGNMENT((#16182));
#16184=STYLED_ITEM('',(#16183),#16181);
#16185=DIRECTION('',(-1.E0,0.E0,0.E0));
#16186=VECTOR('',#16185,2.4E-1);
#16187=CARTESIAN_POINT('',(2.37E0,2.E-1,-3.E0));
#16188=LINE('',#16187,#16186);
#16189=CURVE_STYLE('',#33,POSITIVE_LENGTH_MEASURE(2.E-2),#18);
#16190=PRESENTATION_STYLE_ASSIGNMENT((#16189));
#16191=STYLED_ITEM('',(#16190),#16188);
#16192=DIRECTION('',(0.E0,0.E0,-1.E0));
#16193=VECTOR('',#16192,2.8E-1);
#16194=CARTESIAN_POINT('',(2.37E0,2.E-1,-2.72E0));
#16195=LINE('',#16194,#16193);
#16196=CURVE_STYLE('',#33,POSITIVE_LENGTH_MEASURE(2.E-2),#18);
#16197=PRESENTATION_STYLE_ASSIGNMENT((#16196));
#16198=STYLED_ITEM('',(#16197),#16195);
#16199=CARTESIAN_POINT('',(2.25E0,2.E-1,-2.72E0));
#16200=DIRECTION('',(0.E0,1.E0,0.E0));
#16201=DIRECTION('',(-1.E0,0.E0,0.E0));
#16202=AXIS2_PLACEMENT_3D('',#16199,#16200,#16201);
#16204=CURVE_STYLE('',#33,POSITIVE_LENGTH_MEASURE(2.E-2),#18);
#16205=PRESENTATION_STYLE_ASSIGNMENT((#16204));
#16206=STYLED_ITEM('',(#16205),#16203);
#16207=CARTESIAN_POINT('',(2.13E0,0.E0,-3.E0));
#16208=CARTESIAN_POINT('',(2.13E0,0.E0,-2.72E0));
#16209=VERTEX_POINT('',#16207);
#16210=VERTEX_POINT('',#16208);
#16211=CARTESIAN_POINT('',(2.37E0,0.E0,-2.72E0));
#16212=VERTEX_POINT('',#16211);
#16213=CARTESIAN_POINT('',(2.37E0,0.E0,-3.E0));
#16214=VERTEX_POINT('',#16213);
#16215=CARTESIAN_POINT('',(2.13E0,2.E-1,-3.E0));
#16216=CARTESIAN_POINT('',(2.13E0,2.E-1,-2.72E0));
#16217=VERTEX_POINT('',#16215);
#16218=VERTEX_POINT('',#16216);
#16219=CARTESIAN_POINT('',(2.37E0,2.E-1,-2.72E0));
#16220=VERTEX_POINT('',#16219);
#16221=CARTESIAN_POINT('',(2.37E0,2.E-1,-3.E0));
#16222=VERTEX_POINT('',#16221);
#16223=CARTESIAN_POINT('',(0.E0,0.E0,0.E0));
#16224=DIRECTION('',(0.E0,1.E0,0.E0));
#16225=DIRECTION('',(1.E0,0.E0,0.E0));
#16226=AXIS2_PLACEMENT_3D('',#16223,#16224,#16225);
#16227=PLANE('',#16226);
#16229=ORIENTED_EDGE('',*,*,#16228,.T.);
#16231=ORIENTED_EDGE('',*,*,#16230,.T.);
#16233=ORIENTED_EDGE('',*,*,#16232,.T.);
#16235=ORIENTED_EDGE('',*,*,#16234,.T.);
#16236=EDGE_LOOP('',(#16229,#16231,#16233,#16235));
#16237=FACE_OUTER_BOUND('',#16236,.F.);
#16239=FILL_AREA_STYLE_COLOUR('',#22);
#16240=FILL_AREA_STYLE('',(#16239));
#16241=SURFACE_STYLE_FILL_AREA(#16240);
#16242=SURFACE_SIDE_STYLE('',(#16241));
#16243=SURFACE_STYLE_USAGE(.POSITIVE.,#16242);
#16244=PRESENTATION_STYLE_ASSIGNMENT((#16243));
#16245=OVER_RIDING_STYLED_ITEM('',(#16244),#16238,#16120);
#16246=CARTESIAN_POINT('',(2.13E0,0.E0,-3.E0));
#16247=DIRECTION('',(-1.E0,0.E0,0.E0));
#16248=DIRECTION('',(0.E0,0.E0,1.E0));
#16249=AXIS2_PLACEMENT_3D('',#16246,#16247,#16248);
#16250=PLANE('',#16249);
#16251=ORIENTED_EDGE('',*,*,#16228,.F.);
#16253=ORIENTED_EDGE('',*,*,#16252,.T.);
#16255=ORIENTED_EDGE('',*,*,#16254,.T.);
#16257=ORIENTED_EDGE('',*,*,#16256,.F.);
#16258=EDGE_LOOP('',(#16251,#16253,#16255,#16257));
#16259=FACE_OUTER_BOUND('',#16258,.F.);
#16261=CARTESIAN_POINT('',(2.37E0,0.E0,-3.E0));
#16262=DIRECTION('',(0.E0,0.E0,-1.E0));
#16263=DIRECTION('',(-1.E0,0.E0,0.E0));
#16264=AXIS2_PLACEMENT_3D('',#16261,#16262,#16263);
#16265=PLANE('',#16264);
#16266=ORIENTED_EDGE('',*,*,#16234,.F.);
#16268=ORIENTED_EDGE('',*,*,#16267,.T.);
#16270=ORIENTED_EDGE('',*,*,#16269,.T.);
#16271=ORIENTED_EDGE('',*,*,#16252,.F.);
#16272=EDGE_LOOP('',(#16266,#16268,#16270,#16271));
#16273=FACE_OUTER_BOUND('',#16272,.F.);
#16275=CARTESIAN_POINT('',(2.37E0,0.E0,-2.72E0));
#16276=DIRECTION('',(1.E0,0.E0,0.E0));
#16277=DIRECTION('',(0.E0,0.E0,-1.E0));
#16278=AXIS2_PLACEMENT_3D('',#16275,#16276,#16277);
#16279=PLANE('',#16278);
#16280=ORIENTED_EDGE('',*,*,#16232,.F.);
#16282=ORIENTED_EDGE('',*,*,#16281,.T.);
#16284=ORIENTED_EDGE('',*,*,#16283,.T.);
#16285=ORIENTED_EDGE('',*,*,#16267,.F.);
#16286=EDGE_LOOP('',(#16280,#16282,#16284,#16285));
#16287=FACE_OUTER_BOUND('',#16286,.F.);
#16289=CARTESIAN_POINT('',(2.25E0,0.E0,-2.72E0));
#16290=DIRECTION('',(0.E0,1.E0,0.E0));
#16291=DIRECTION('',(1.E0,0.E0,0.E0));
#16292=AXIS2_PLACEMENT_3D('',#16289,#16290,#16291);
#16293=CYLINDRICAL_SURFACE('',#16292,1.2E-1);
#16294=ORIENTED_EDGE('',*,*,#16230,.F.);
#16295=ORIENTED_EDGE('',*,*,#16256,.T.);
#16297=ORIENTED_EDGE('',*,*,#16296,.T.);
#16298=ORIENTED_EDGE('',*,*,#16281,.F.);
#16299=EDGE_LOOP('',(#16294,#16295,#16297,#16298));
#16300=FACE_OUTER_BOUND('',#16299,.F.);
#16302=CARTESIAN_POINT('',(0.E0,2.E-1,0.E0));
#16303=DIRECTION('',(0.E0,1.E0,0.E0));
#16304=DIRECTION('',(1.E0,0.E0,0.E0));
#16305=AXIS2_PLACEMENT_3D('',#16302,#16303,#16304);
#16306=PLANE('',#16305);
#16307=ORIENTED_EDGE('',*,*,#16254,.F.);
#16308=ORIENTED_EDGE('',*,*,#16269,.F.);
#16309=ORIENTED_EDGE('',*,*,#16283,.F.);
#16310=ORIENTED_EDGE('',*,*,#16296,.F.);
#16311=EDGE_LOOP('',(#16307,#16308,#16309,#16310));
#16312=FACE_OUTER_BOUND('',#16311,.F.);
#16314=CLOSED_SHELL('',(#16238,#16260,#16274,#16288,#16301,#16313));
#16315=MANIFOLD_SOLID_BREP('',#16314);
#16316=FILL_AREA_STYLE_COLOUR('',#18);
#16317=FILL_AREA_STYLE('',(#16316));
#16318=SURFACE_STYLE_FILL_AREA(#16317);
#16319=SURFACE_SIDE_STYLE('',(#16318));
#16320=SURFACE_STYLE_USAGE(.POSITIVE.,#16319);
#16321=PRESENTATION_STYLE_ASSIGNMENT((#16320));
#16120=STYLED_ITEM('',(#16321),#16315);
#16323=DIRECTION('',(0.E0,0.E0,-1.E0));
#16324=VECTOR('',#16323,2.8E-1);
#16325=CARTESIAN_POINT('',(1.63E0,0.E0,3.E0));
#16326=LINE('',#16325,#16324);
#16327=CURVE_STYLE('',#33,POSITIVE_LENGTH_MEASURE(2.E-2),#18);
#16328=PRESENTATION_STYLE_ASSIGNMENT((#16327));
#16329=STYLED_ITEM('',(#16328),#16326);
#16330=DIRECTION('',(-1.E0,0.E0,0.E0));
#16331=VECTOR('',#16330,2.4E-1);
#16332=CARTESIAN_POINT('',(1.87E0,0.E0,3.E0));
#16333=LINE('',#16332,#16331);
#16334=CURVE_STYLE('',#33,POSITIVE_LENGTH_MEASURE(2.E-2),#18);
#16335=PRESENTATION_STYLE_ASSIGNMENT((#16334));
#16336=STYLED_ITEM('',(#16335),#16333);
#16337=DIRECTION('',(0.E0,0.E0,1.E0));
#16338=VECTOR('',#16337,2.8E-1);
#16339=CARTESIAN_POINT('',(1.87E0,0.E0,2.72E0));
#16340=LINE('',#16339,#16338);
#16341=CURVE_STYLE('',#33,POSITIVE_LENGTH_MEASURE(2.E-2),#18);
#16342=PRESENTATION_STYLE_ASSIGNMENT((#16341));
#16343=STYLED_ITEM('',(#16342),#16340);
#16344=CARTESIAN_POINT('',(1.75E0,0.E0,2.72E0));
#16345=DIRECTION('',(0.E0,-1.E0,0.E0));
#16346=DIRECTION('',(-1.E0,0.E0,-1.110223024625E-14));
#16347=AXIS2_PLACEMENT_3D('',#16344,#16345,#16346);
#16349=CURVE_STYLE('',#33,POSITIVE_LENGTH_MEASURE(2.E-2),#18);
#16350=PRESENTATION_STYLE_ASSIGNMENT((#16349));
#16351=STYLED_ITEM('',(#16350),#16348);
#16352=DIRECTION('',(0.E0,1.E0,0.E0));
#16353=VECTOR('',#16352,2.E-1);
#16354=CARTESIAN_POINT('',(1.63E0,0.E0,3.E0));
#16355=LINE('',#16354,#16353);
#16356=CURVE_STYLE('',#33,POSITIVE_LENGTH_MEASURE(2.E-2),#18);
#16357=PRESENTATION_STYLE_ASSIGNMENT((#16356));
#16358=STYLED_ITEM('',(#16357),#16355);
#16359=DIRECTION('',(0.E0,1.E0,0.E0));
#16360=VECTOR('',#16359,2.E-1);
#16361=CARTESIAN_POINT('',(1.63E0,0.E0,2.72E0));
#16362=LINE('',#16361,#16360);
#16363=CURVE_STYLE('',#33,POSITIVE_LENGTH_MEASURE(2.E-2),#18);
#16364=PRESENTATION_STYLE_ASSIGNMENT((#16363));
#16365=STYLED_ITEM('',(#16364),#16362);
#16366=DIRECTION('',(0.E0,1.E0,0.E0));
#16367=VECTOR('',#16366,2.E-1);
#16368=CARTESIAN_POINT('',(1.87E0,0.E0,2.72E0));
#16369=LINE('',#16368,#16367);
#16370=CURVE_STYLE('',#33,POSITIVE_LENGTH_MEASURE(2.E-2),#18);
#16371=PRESENTATION_STYLE_ASSIGNMENT((#16370));
#16372=STYLED_ITEM('',(#16371),#16369);
#16373=DIRECTION('',(0.E0,1.E0,0.E0));
#16374=VECTOR('',#16373,2.E-1);
#16375=CARTESIAN_POINT('',(1.87E0,0.E0,3.E0));
#16376=LINE('',#16375,#16374);
#16377=CURVE_STYLE('',#33,POSITIVE_LENGTH_MEASURE(2.E-2),#18);
#16378=PRESENTATION_STYLE_ASSIGNMENT((#16377));
#16379=STYLED_ITEM('',(#16378),#16376);
#16380=DIRECTION('',(0.E0,0.E0,-1.E0));
#16381=VECTOR('',#16380,2.8E-1);
#16382=CARTESIAN_POINT('',(1.63E0,2.E-1,3.E0));
#16383=LINE('',#16382,#16381);
#16384=CURVE_STYLE('',#33,POSITIVE_LENGTH_MEASURE(2.E-2),#18);
#16385=PRESENTATION_STYLE_ASSIGNMENT((#16384));
#16386=STYLED_ITEM('',(#16385),#16383);
#16387=CARTESIAN_POINT('',(1.75E0,2.E-1,2.72E0));
#16388=DIRECTION('',(0.E0,-1.E0,0.E0));
#16389=DIRECTION('',(-1.E0,0.E0,-1.110223024625E-14));
#16390=AXIS2_PLACEMENT_3D('',#16387,#16388,#16389);
#16392=CURVE_STYLE('',#33,POSITIVE_LENGTH_MEASURE(2.E-2),#18);
#16393=PRESENTATION_STYLE_ASSIGNMENT((#16392));
#16394=STYLED_ITEM('',(#16393),#16391);
#16395=DIRECTION('',(0.E0,0.E0,1.E0));
#16396=VECTOR('',#16395,2.8E-1);
#16397=CARTESIAN_POINT('',(1.87E0,2.E-1,2.72E0));
#16398=LINE('',#16397,#16396);
#16399=CURVE_STYLE('',#33,POSITIVE_LENGTH_MEASURE(2.E-2),#18);
#16400=PRESENTATION_STYLE_ASSIGNMENT((#16399));
#16401=STYLED_ITEM('',(#16400),#16398);
#16402=DIRECTION('',(-1.E0,0.E0,0.E0));
#16403=VECTOR('',#16402,2.4E-1);
#16404=CARTESIAN_POINT('',(1.87E0,2.E-1,3.E0));
#16405=LINE('',#16404,#16403);
#16406=CURVE_STYLE('',#33,POSITIVE_LENGTH_MEASURE(2.E-2),#18);
#16407=PRESENTATION_STYLE_ASSIGNMENT((#16406));
#16408=STYLED_ITEM('',(#16407),#16405);
#16409=CARTESIAN_POINT('',(1.63E0,0.E0,3.E0));
#16410=CARTESIAN_POINT('',(1.63E0,0.E0,2.72E0));
#16411=VERTEX_POINT('',#16409);
#16412=VERTEX_POINT('',#16410);
#16413=CARTESIAN_POINT('',(1.87E0,0.E0,2.72E0));
#16414=VERTEX_POINT('',#16413);
#16415=CARTESIAN_POINT('',(1.87E0,0.E0,3.E0));
#16416=VERTEX_POINT('',#16415);
#16417=CARTESIAN_POINT('',(1.63E0,2.E-1,3.E0));
#16418=CARTESIAN_POINT('',(1.63E0,2.E-1,2.72E0));
#16419=VERTEX_POINT('',#16417);
#16420=VERTEX_POINT('',#16418);
#16421=CARTESIAN_POINT('',(1.87E0,2.E-1,2.72E0));
#16422=VERTEX_POINT('',#16421);
#16423=CARTESIAN_POINT('',(1.87E0,2.E-1,3.E0));
#16424=VERTEX_POINT('',#16423);
#16425=CARTESIAN_POINT('',(0.E0,0.E0,0.E0));
#16426=DIRECTION('',(0.E0,-1.E0,0.E0));
#16427=DIRECTION('',(1.E0,0.E0,0.E0));
#16428=AXIS2_PLACEMENT_3D('',#16425,#16426,#16427);
#16429=PLANE('',#16428);
#16431=ORIENTED_EDGE('',*,*,#16430,.F.);
#16433=ORIENTED_EDGE('',*,*,#16432,.F.);
#16435=ORIENTED_EDGE('',*,*,#16434,.F.);
#16437=ORIENTED_EDGE('',*,*,#16436,.F.);
#16438=EDGE_LOOP('',(#16431,#16433,#16435,#16437));
#16439=FACE_OUTER_BOUND('',#16438,.F.);
#16441=FILL_AREA_STYLE_COLOUR('',#22);
#16442=FILL_AREA_STYLE('',(#16441));
#16443=SURFACE_STYLE_FILL_AREA(#16442);
#16444=SURFACE_SIDE_STYLE('',(#16443));
#16445=SURFACE_STYLE_USAGE(.POSITIVE.,#16444);
#16446=PRESENTATION_STYLE_ASSIGNMENT((#16445));
#16447=OVER_RIDING_STYLED_ITEM('',(#16446),#16440,#16322);
#16448=CARTESIAN_POINT('',(1.63E0,0.E0,3.E0));
#16449=DIRECTION('',(1.E0,0.E0,0.E0));
#16450=DIRECTION('',(0.E0,0.E0,-1.E0));
#16451=AXIS2_PLACEMENT_3D('',#16448,#16449,#16450);
#16452=PLANE('',#16451);
#16453=ORIENTED_EDGE('',*,*,#16430,.T.);
#16455=ORIENTED_EDGE('',*,*,#16454,.T.);
#16457=ORIENTED_EDGE('',*,*,#16456,.F.);
#16459=ORIENTED_EDGE('',*,*,#16458,.F.);
#16460=EDGE_LOOP('',(#16453,#16455,#16457,#16459));
#16461=FACE_OUTER_BOUND('',#16460,.F.);
#16463=CARTESIAN_POINT('',(1.75E0,0.E0,2.72E0));
#16464=DIRECTION('',(0.E0,-1.E0,0.E0));
#16465=DIRECTION('',(1.E0,0.E0,0.E0));
#16466=AXIS2_PLACEMENT_3D('',#16463,#16464,#16465);
#16467=CYLINDRICAL_SURFACE('',#16466,1.2E-1);
#16468=ORIENTED_EDGE('',*,*,#16436,.T.);
#16470=ORIENTED_EDGE('',*,*,#16469,.T.);
#16472=ORIENTED_EDGE('',*,*,#16471,.F.);
#16473=ORIENTED_EDGE('',*,*,#16454,.F.);
#16474=EDGE_LOOP('',(#16468,#16470,#16472,#16473));
#16475=FACE_OUTER_BOUND('',#16474,.F.);
#16477=CARTESIAN_POINT('',(1.87E0,0.E0,2.72E0));
#16478=DIRECTION('',(-1.E0,0.E0,0.E0));
#16479=DIRECTION('',(0.E0,0.E0,1.E0));
#16480=AXIS2_PLACEMENT_3D('',#16477,#16478,#16479);
#16481=PLANE('',#16480);
#16482=ORIENTED_EDGE('',*,*,#16434,.T.);
#16484=ORIENTED_EDGE('',*,*,#16483,.T.);
#16486=ORIENTED_EDGE('',*,*,#16485,.F.);
#16487=ORIENTED_EDGE('',*,*,#16469,.F.);
#16488=EDGE_LOOP('',(#16482,#16484,#16486,#16487));
#16489=FACE_OUTER_BOUND('',#16488,.F.);
#16491=CARTESIAN_POINT('',(1.87E0,0.E0,3.E0));
#16492=DIRECTION('',(0.E0,0.E0,-1.E0));
#16493=DIRECTION('',(-1.E0,0.E0,0.E0));
#16494=AXIS2_PLACEMENT_3D('',#16491,#16492,#16493);
#16495=PLANE('',#16494);
#16496=ORIENTED_EDGE('',*,*,#16432,.T.);
#16497=ORIENTED_EDGE('',*,*,#16458,.T.);
#16499=ORIENTED_EDGE('',*,*,#16498,.F.);
#16500=ORIENTED_EDGE('',*,*,#16483,.F.);
#16501=EDGE_LOOP('',(#16496,#16497,#16499,#16500));
#16502=FACE_OUTER_BOUND('',#16501,.F.);
#16504=CARTESIAN_POINT('',(0.E0,2.E-1,0.E0));
#16505=DIRECTION('',(0.E0,-1.E0,0.E0));
#16506=DIRECTION('',(1.E0,0.E0,0.E0));
#16507=AXIS2_PLACEMENT_3D('',#16504,#16505,#16506);
#16508=PLANE('',#16507);
#16509=ORIENTED_EDGE('',*,*,#16456,.T.);
#16510=ORIENTED_EDGE('',*,*,#16471,.T.);
#16511=ORIENTED_EDGE('',*,*,#16485,.T.);
#16512=ORIENTED_EDGE('',*,*,#16498,.T.);
#16513=EDGE_LOOP('',(#16509,#16510,#16511,#16512));
#16514=FACE_OUTER_BOUND('',#16513,.F.);
#16516=CLOSED_SHELL('',(#16440,#16462,#16476,#16490,#16503,#16515));
#16517=MANIFOLD_SOLID_BREP('',#16516);
#16518=FILL_AREA_STYLE_COLOUR('',#18);
#16519=FILL_AREA_STYLE('',(#16518));
#16520=SURFACE_STYLE_FILL_AREA(#16519);
#16521=SURFACE_SIDE_STYLE('',(#16520));
#16522=SURFACE_STYLE_USAGE(.POSITIVE.,#16521);
#16523=PRESENTATION_STYLE_ASSIGNMENT((#16522));
#16322=STYLED_ITEM('',(#16523),#16517);
#16525=DIRECTION('',(0.E0,0.E0,-1.E0));
#16526=VECTOR('',#16525,2.8E-1);
#16527=CARTESIAN_POINT('',(2.13E0,0.E0,3.E0));
#16528=LINE('',#16527,#16526);
#16529=CURVE_STYLE('',#33,POSITIVE_LENGTH_MEASURE(2.E-2),#18);
#16530=PRESENTATION_STYLE_ASSIGNMENT((#16529));
#16531=STYLED_ITEM('',(#16530),#16528);
#16532=DIRECTION('',(-1.E0,0.E0,0.E0));
#16533=VECTOR('',#16532,2.4E-1);
#16534=CARTESIAN_POINT('',(2.37E0,0.E0,3.E0));
#16535=LINE('',#16534,#16533);
#16536=CURVE_STYLE('',#33,POSITIVE_LENGTH_MEASURE(2.E-2),#18);
#16537=PRESENTATION_STYLE_ASSIGNMENT((#16536));
#16538=STYLED_ITEM('',(#16537),#16535);
#16539=DIRECTION('',(0.E0,0.E0,1.E0));
#16540=VECTOR('',#16539,2.8E-1);
#16541=CARTESIAN_POINT('',(2.37E0,0.E0,2.72E0));
#16542=LINE('',#16541,#16540);
#16543=CURVE_STYLE('',#33,POSITIVE_LENGTH_MEASURE(2.E-2),#18);
#16544=PRESENTATION_STYLE_ASSIGNMENT((#16543));
#16545=STYLED_ITEM('',(#16544),#16542);
#16546=CARTESIAN_POINT('',(2.25E0,0.E0,2.72E0));
#16547=DIRECTION('',(0.E0,-1.E0,0.E0));
#16548=DIRECTION('',(-1.E0,0.E0,0.E0));
#16549=AXIS2_PLACEMENT_3D('',#16546,#16547,#16548);
#16551=CURVE_STYLE('',#33,POSITIVE_LENGTH_MEASURE(2.E-2),#18);
#16552=PRESENTATION_STYLE_ASSIGNMENT((#16551));
#16553=STYLED_ITEM('',(#16552),#16550);
#16554=DIRECTION('',(0.E0,1.E0,0.E0));
#16555=VECTOR('',#16554,2.E-1);
#16556=CARTESIAN_POINT('',(2.13E0,0.E0,3.E0));
#16557=LINE('',#16556,#16555);
#16558=CURVE_STYLE('',#33,POSITIVE_LENGTH_MEASURE(2.E-2),#18);
#16559=PRESENTATION_STYLE_ASSIGNMENT((#16558));
#16560=STYLED_ITEM('',(#16559),#16557);
#16561=DIRECTION('',(0.E0,1.E0,0.E0));
#16562=VECTOR('',#16561,2.E-1);
#16563=CARTESIAN_POINT('',(2.13E0,0.E0,2.72E0));
#16564=LINE('',#16563,#16562);
#16565=CURVE_STYLE('',#33,POSITIVE_LENGTH_MEASURE(2.E-2),#18);
#16566=PRESENTATION_STYLE_ASSIGNMENT((#16565));
#16567=STYLED_ITEM('',(#16566),#16564);
#16568=DIRECTION('',(0.E0,1.E0,0.E0));
#16569=VECTOR('',#16568,2.E-1);
#16570=CARTESIAN_POINT('',(2.37E0,0.E0,2.72E0));
#16571=LINE('',#16570,#16569);
#16572=CURVE_STYLE('',#33,POSITIVE_LENGTH_MEASURE(2.E-2),#18);
#16573=PRESENTATION_STYLE_ASSIGNMENT((#16572));
#16574=STYLED_ITEM('',(#16573),#16571);
#16575=DIRECTION('',(0.E0,1.E0,0.E0));
#16576=VECTOR('',#16575,2.E-1);
#16577=CARTESIAN_POINT('',(2.37E0,0.E0,3.E0));
#16578=LINE('',#16577,#16576);
#16579=CURVE_STYLE('',#33,POSITIVE_LENGTH_MEASURE(2.E-2),#18);
#16580=PRESENTATION_STYLE_ASSIGNMENT((#16579));
#16581=STYLED_ITEM('',(#16580),#16578);
#16582=DIRECTION('',(0.E0,0.E0,-1.E0));
#16583=VECTOR('',#16582,2.8E-1);
#16584=CARTESIAN_POINT('',(2.13E0,2.E-1,3.E0));
#16585=LINE('',#16584,#16583);
#16586=CURVE_STYLE('',#33,POSITIVE_LENGTH_MEASURE(2.E-2),#18);
#16587=PRESENTATION_STYLE_ASSIGNMENT((#16586));
#16588=STYLED_ITEM('',(#16587),#16585);
#16589=CARTESIAN_POINT('',(2.25E0,2.E-1,2.72E0));
#16590=DIRECTION('',(0.E0,-1.E0,0.E0));
#16591=DIRECTION('',(-1.E0,0.E0,0.E0));
#16592=AXIS2_PLACEMENT_3D('',#16589,#16590,#16591);
#16594=CURVE_STYLE('',#33,POSITIVE_LENGTH_MEASURE(2.E-2),#18);
#16595=PRESENTATION_STYLE_ASSIGNMENT((#16594));
#16596=STYLED_ITEM('',(#16595),#16593);
#16597=DIRECTION('',(0.E0,0.E0,1.E0));
#16598=VECTOR('',#16597,2.8E-1);
#16599=CARTESIAN_POINT('',(2.37E0,2.E-1,2.72E0));
#16600=LINE('',#16599,#16598);
#16601=CURVE_STYLE('',#33,POSITIVE_LENGTH_MEASURE(2.E-2),#18);
#16602=PRESENTATION_STYLE_ASSIGNMENT((#16601));
#16603=STYLED_ITEM('',(#16602),#16600);
#16604=DIRECTION('',(-1.E0,0.E0,0.E0));
#16605=VECTOR('',#16604,2.4E-1);
#16606=CARTESIAN_POINT('',(2.37E0,2.E-1,3.E0));
#16607=LINE('',#16606,#16605);
#16608=CURVE_STYLE('',#33,POSITIVE_LENGTH_MEASURE(2.E-2),#18);
#16609=PRESENTATION_STYLE_ASSIGNMENT((#16608));
#16610=STYLED_ITEM('',(#16609),#16607);
#16611=CARTESIAN_POINT('',(2.13E0,0.E0,3.E0));
#16612=CARTESIAN_POINT('',(2.13E0,0.E0,2.72E0));
#16613=VERTEX_POINT('',#16611);
#16614=VERTEX_POINT('',#16612);
#16615=CARTESIAN_POINT('',(2.37E0,0.E0,2.72E0));
#16616=VERTEX_POINT('',#16615);
#16617=CARTESIAN_POINT('',(2.37E0,0.E0,3.E0));
#16618=VERTEX_POINT('',#16617);
#16619=CARTESIAN_POINT('',(2.13E0,2.E-1,3.E0));
#16620=CARTESIAN_POINT('',(2.13E0,2.E-1,2.72E0));
#16621=VERTEX_POINT('',#16619);
#16622=VERTEX_POINT('',#16620);
#16623=CARTESIAN_POINT('',(2.37E0,2.E-1,2.72E0));
#16624=VERTEX_POINT('',#16623);
#16625=CARTESIAN_POINT('',(2.37E0,2.E-1,3.E0));
#16626=VERTEX_POINT('',#16625);
#16627=CARTESIAN_POINT('',(0.E0,0.E0,0.E0));
#16628=DIRECTION('',(0.E0,-1.E0,0.E0));
#16629=DIRECTION('',(1.E0,0.E0,0.E0));
#16630=AXIS2_PLACEMENT_3D('',#16627,#16628,#16629);
#16631=PLANE('',#16630);
#16633=ORIENTED_EDGE('',*,*,#16632,.F.);
#16635=ORIENTED_EDGE('',*,*,#16634,.F.);
#16637=ORIENTED_EDGE('',*,*,#16636,.F.);
#16639=ORIENTED_EDGE('',*,*,#16638,.F.);
#16640=EDGE_LOOP('',(#16633,#16635,#16637,#16639));
#16641=FACE_OUTER_BOUND('',#16640,.F.);
#16643=FILL_AREA_STYLE_COLOUR('',#22);
#16644=FILL_AREA_STYLE('',(#16643));
#16645=SURFACE_STYLE_FILL_AREA(#16644);
#16646=SURFACE_SIDE_STYLE('',(#16645));
#16647=SURFACE_STYLE_USAGE(.POSITIVE.,#16646);
#16648=PRESENTATION_STYLE_ASSIGNMENT((#16647));
#16649=OVER_RIDING_STYLED_ITEM('',(#16648),#16642,#16524);
#16650=CARTESIAN_POINT('',(2.13E0,0.E0,3.E0));
#16651=DIRECTION('',(1.E0,0.E0,0.E0));
#16652=DIRECTION('',(0.E0,0.E0,-1.E0));
#16653=AXIS2_PLACEMENT_3D('',#16650,#16651,#16652);
#16654=PLANE('',#16653);
#16655=ORIENTED_EDGE('',*,*,#16632,.T.);
#16657=ORIENTED_EDGE('',*,*,#16656,.T.);
#16659=ORIENTED_EDGE('',*,*,#16658,.F.);
#16661=ORIENTED_EDGE('',*,*,#16660,.F.);
#16662=EDGE_LOOP('',(#16655,#16657,#16659,#16661));
#16663=FACE_OUTER_BOUND('',#16662,.F.);
#16665=CARTESIAN_POINT('',(2.25E0,0.E0,2.72E0));
#16666=DIRECTION('',(0.E0,-1.E0,0.E0));
#16667=DIRECTION('',(1.E0,0.E0,0.E0));
#16668=AXIS2_PLACEMENT_3D('',#16665,#16666,#16667);
#16669=CYLINDRICAL_SURFACE('',#16668,1.2E-1);
#16670=ORIENTED_EDGE('',*,*,#16638,.T.);
#16672=ORIENTED_EDGE('',*,*,#16671,.T.);
#16674=ORIENTED_EDGE('',*,*,#16673,.F.);
#16675=ORIENTED_EDGE('',*,*,#16656,.F.);
#16676=EDGE_LOOP('',(#16670,#16672,#16674,#16675));
#16677=FACE_OUTER_BOUND('',#16676,.F.);
#16679=CARTESIAN_POINT('',(2.37E0,0.E0,2.72E0));
#16680=DIRECTION('',(-1.E0,0.E0,0.E0));
#16681=DIRECTION('',(0.E0,0.E0,1.E0));
#16682=AXIS2_PLACEMENT_3D('',#16679,#16680,#16681);
#16683=PLANE('',#16682);
#16684=ORIENTED_EDGE('',*,*,#16636,.T.);
#16686=ORIENTED_EDGE('',*,*,#16685,.T.);
#16688=ORIENTED_EDGE('',*,*,#16687,.F.);
#16689=ORIENTED_EDGE('',*,*,#16671,.F.);
#16690=EDGE_LOOP('',(#16684,#16686,#16688,#16689));
#16691=FACE_OUTER_BOUND('',#16690,.F.);
#16693=CARTESIAN_POINT('',(2.37E0,0.E0,3.E0));
#16694=DIRECTION('',(0.E0,0.E0,-1.E0));
#16695=DIRECTION('',(-1.E0,0.E0,0.E0));
#16696=AXIS2_PLACEMENT_3D('',#16693,#16694,#16695);
#16697=PLANE('',#16696);
#16698=ORIENTED_EDGE('',*,*,#16634,.T.);
#16699=ORIENTED_EDGE('',*,*,#16660,.T.);
#16701=ORIENTED_EDGE('',*,*,#16700,.F.);
#16702=ORIENTED_EDGE('',*,*,#16685,.F.);
#16703=EDGE_LOOP('',(#16698,#16699,#16701,#16702));
#16704=FACE_OUTER_BOUND('',#16703,.F.);
#16706=CARTESIAN_POINT('',(0.E0,2.E-1,0.E0));
#16707=DIRECTION('',(0.E0,-1.E0,0.E0));
#16708=DIRECTION('',(1.E0,0.E0,0.E0));
#16709=AXIS2_PLACEMENT_3D('',#16706,#16707,#16708);
#16710=PLANE('',#16709);
#16711=ORIENTED_EDGE('',*,*,#16658,.T.);
#16712=ORIENTED_EDGE('',*,*,#16673,.T.);
#16713=ORIENTED_EDGE('',*,*,#16687,.T.);
#16714=ORIENTED_EDGE('',*,*,#16700,.T.);
#16715=EDGE_LOOP('',(#16711,#16712,#16713,#16714));
#16716=FACE_OUTER_BOUND('',#16715,.F.);
#16718=CLOSED_SHELL('',(#16642,#16664,#16678,#16692,#16705,#16717));
#16719=MANIFOLD_SOLID_BREP('',#16718);
#16720=FILL_AREA_STYLE_COLOUR('',#18);
#16721=FILL_AREA_STYLE('',(#16720));
#16722=SURFACE_STYLE_FILL_AREA(#16721);
#16723=SURFACE_SIDE_STYLE('',(#16722));
#16724=SURFACE_STYLE_USAGE(.POSITIVE.,#16723);
#16725=PRESENTATION_STYLE_ASSIGNMENT((#16724));
#16524=STYLED_ITEM('',(#16725),#16719);
#16727=DIRECTION('',(0.E0,0.E0,1.E0));
#16728=VECTOR('',#16727,3.2E-1);
#16729=CARTESIAN_POINT('',(-2.9E0,0.E0,-2.9E0));
#16730=LINE('',#16729,#16728);
#16731=CURVE_STYLE('',#33,POSITIVE_LENGTH_MEASURE(2.E-2),#18);
#16732=PRESENTATION_STYLE_ASSIGNMENT((#16731));
#16733=STYLED_ITEM('',(#16732),#16730);
#16734=DIRECTION('',(1.E0,0.E0,0.E0));
#16735=VECTOR('',#16734,3.2E-1);
#16736=CARTESIAN_POINT('',(-2.9E0,0.E0,-2.58E0));
#16737=LINE('',#16736,#16735);
#16738=CURVE_STYLE('',#33,POSITIVE_LENGTH_MEASURE(2.E-2),#18);
#16739=PRESENTATION_STYLE_ASSIGNMENT((#16738));
#16740=STYLED_ITEM('',(#16739),#16737);
#16741=DIRECTION('',(0.E0,0.E0,-1.E0));
#16742=VECTOR('',#16741,3.2E-1);
#16743=CARTESIAN_POINT('',(-2.58E0,0.E0,-2.58E0));
#16744=LINE('',#16743,#16742);
#16745=CURVE_STYLE('',#33,POSITIVE_LENGTH_MEASURE(2.E-2),#18);
#16746=PRESENTATION_STYLE_ASSIGNMENT((#16745));
#16747=STYLED_ITEM('',(#16746),#16744);
#16748=DIRECTION('',(-1.E0,0.E0,0.E0));
#16749=VECTOR('',#16748,3.2E-1);
#16750=CARTESIAN_POINT('',(-2.58E0,0.E0,-2.9E0));
#16751=LINE('',#16750,#16749);
#16752=CURVE_STYLE('',#33,POSITIVE_LENGTH_MEASURE(2.E-2),#18);
#16753=PRESENTATION_STYLE_ASSIGNMENT((#16752));
#16754=STYLED_ITEM('',(#16753),#16751);
#16755=DIRECTION('',(0.E0,1.E0,0.E0));
#16756=VECTOR('',#16755,2.E-1);
#16757=CARTESIAN_POINT('',(-2.9E0,0.E0,-2.9E0));
#16758=LINE('',#16757,#16756);
#16759=CURVE_STYLE('',#33,POSITIVE_LENGTH_MEASURE(2.E-2),#18);
#16760=PRESENTATION_STYLE_ASSIGNMENT((#16759));
#16761=STYLED_ITEM('',(#16760),#16758);
#16762=DIRECTION('',(0.E0,1.E0,0.E0));
#16763=VECTOR('',#16762,2.E-1);
#16764=CARTESIAN_POINT('',(-2.58E0,0.E0,-2.9E0));
#16765=LINE('',#16764,#16763);
#16766=CURVE_STYLE('',#33,POSITIVE_LENGTH_MEASURE(2.E-2),#18);
#16767=PRESENTATION_STYLE_ASSIGNMENT((#16766));
#16768=STYLED_ITEM('',(#16767),#16765);
#16769=DIRECTION('',(0.E0,1.E0,0.E0));
#16770=VECTOR('',#16769,2.E-1);
#16771=CARTESIAN_POINT('',(-2.58E0,0.E0,-2.58E0));
#16772=LINE('',#16771,#16770);
#16773=CURVE_STYLE('',#33,POSITIVE_LENGTH_MEASURE(2.E-2),#18);
#16774=PRESENTATION_STYLE_ASSIGNMENT((#16773));
#16775=STYLED_ITEM('',(#16774),#16772);
#16776=DIRECTION('',(0.E0,1.E0,0.E0));
#16777=VECTOR('',#16776,2.E-1);
#16778=CARTESIAN_POINT('',(-2.9E0,0.E0,-2.58E0));
#16779=LINE('',#16778,#16777);
#16780=CURVE_STYLE('',#33,POSITIVE_LENGTH_MEASURE(2.E-2),#18);
#16781=PRESENTATION_STYLE_ASSIGNMENT((#16780));
#16782=STYLED_ITEM('',(#16781),#16779);
#16783=DIRECTION('',(0.E0,0.E0,1.E0));
#16784=VECTOR('',#16783,3.2E-1);
#16785=CARTESIAN_POINT('',(-2.9E0,2.E-1,-2.9E0));
#16786=LINE('',#16785,#16784);
#16787=CURVE_STYLE('',#33,POSITIVE_LENGTH_MEASURE(2.E-2),#18);
#16788=PRESENTATION_STYLE_ASSIGNMENT((#16787));
#16789=STYLED_ITEM('',(#16788),#16786);
#16790=DIRECTION('',(-1.E0,0.E0,0.E0));
#16791=VECTOR('',#16790,3.2E-1);
#16792=CARTESIAN_POINT('',(-2.58E0,2.E-1,-2.9E0));
#16793=LINE('',#16792,#16791);
#16794=CURVE_STYLE('',#33,POSITIVE_LENGTH_MEASURE(2.E-2),#18);
#16795=PRESENTATION_STYLE_ASSIGNMENT((#16794));
#16796=STYLED_ITEM('',(#16795),#16793);
#16797=DIRECTION('',(0.E0,0.E0,-1.E0));
#16798=VECTOR('',#16797,3.2E-1);
#16799=CARTESIAN_POINT('',(-2.58E0,2.E-1,-2.58E0));
#16800=LINE('',#16799,#16798);
#16801=CURVE_STYLE('',#33,POSITIVE_LENGTH_MEASURE(2.E-2),#18);
#16802=PRESENTATION_STYLE_ASSIGNMENT((#16801));
#16803=STYLED_ITEM('',(#16802),#16800);
#16804=DIRECTION('',(1.E0,0.E0,0.E0));
#16805=VECTOR('',#16804,3.2E-1);
#16806=CARTESIAN_POINT('',(-2.9E0,2.E-1,-2.58E0));
#16807=LINE('',#16806,#16805);
#16808=CURVE_STYLE('',#33,POSITIVE_LENGTH_MEASURE(2.E-2),#18);
#16809=PRESENTATION_STYLE_ASSIGNMENT((#16808));
#16810=STYLED_ITEM('',(#16809),#16807);
#16811=CARTESIAN_POINT('',(-2.9E0,0.E0,-2.9E0));
#16812=CARTESIAN_POINT('',(-2.9E0,0.E0,-2.58E0));
#16813=VERTEX_POINT('',#16811);
#16814=VERTEX_POINT('',#16812);
#16815=CARTESIAN_POINT('',(-2.58E0,0.E0,-2.58E0));
#16816=VERTEX_POINT('',#16815);
#16817=CARTESIAN_POINT('',(-2.58E0,0.E0,-2.9E0));
#16818=VERTEX_POINT('',#16817);
#16819=CARTESIAN_POINT('',(-2.9E0,2.E-1,-2.9E0));
#16820=CARTESIAN_POINT('',(-2.9E0,2.E-1,-2.58E0));
#16821=VERTEX_POINT('',#16819);
#16822=VERTEX_POINT('',#16820);
#16823=CARTESIAN_POINT('',(-2.58E0,2.E-1,-2.58E0));
#16824=VERTEX_POINT('',#16823);
#16825=CARTESIAN_POINT('',(-2.58E0,2.E-1,-2.9E0));
#16826=VERTEX_POINT('',#16825);
#16827=CARTESIAN_POINT('',(0.E0,0.E0,0.E0));
#16828=DIRECTION('',(0.E0,1.E0,0.E0));
#16829=DIRECTION('',(1.E0,0.E0,0.E0));
#16830=AXIS2_PLACEMENT_3D('',#16827,#16828,#16829);
#16831=PLANE('',#16830);
#16833=ORIENTED_EDGE('',*,*,#16832,.T.);
#16835=ORIENTED_EDGE('',*,*,#16834,.T.);
#16837=ORIENTED_EDGE('',*,*,#16836,.T.);
#16839=ORIENTED_EDGE('',*,*,#16838,.T.);
#16840=EDGE_LOOP('',(#16833,#16835,#16837,#16839));
#16841=FACE_OUTER_BOUND('',#16840,.F.);
#16843=FILL_AREA_STYLE_COLOUR('',#26);
#16844=FILL_AREA_STYLE('',(#16843));
#16845=SURFACE_STYLE_FILL_AREA(#16844);
#16846=SURFACE_SIDE_STYLE('',(#16845));
#16847=SURFACE_STYLE_USAGE(.POSITIVE.,#16846);
#16848=PRESENTATION_STYLE_ASSIGNMENT((#16847));
#16849=OVER_RIDING_STYLED_ITEM('',(#16848),#16842,#16726);
#16850=CARTESIAN_POINT('',(-2.9E0,0.E0,-2.9E0));
#16851=DIRECTION('',(-1.E0,0.E0,0.E0));
#16852=DIRECTION('',(0.E0,0.E0,1.E0));
#16853=AXIS2_PLACEMENT_3D('',#16850,#16851,#16852);
#16854=PLANE('',#16853);
#16855=ORIENTED_EDGE('',*,*,#16832,.F.);
#16857=ORIENTED_EDGE('',*,*,#16856,.T.);
#16859=ORIENTED_EDGE('',*,*,#16858,.T.);
#16861=ORIENTED_EDGE('',*,*,#16860,.F.);
#16862=EDGE_LOOP('',(#16855,#16857,#16859,#16861));
#16863=FACE_OUTER_BOUND('',#16862,.F.);
#16865=CARTESIAN_POINT('',(-2.58E0,0.E0,-2.9E0));
#16866=DIRECTION('',(0.E0,0.E0,-1.E0));
#16867=DIRECTION('',(-1.E0,0.E0,0.E0));
#16868=AXIS2_PLACEMENT_3D('',#16865,#16866,#16867);
#16869=PLANE('',#16868);
#16870=ORIENTED_EDGE('',*,*,#16838,.F.);
#16872=ORIENTED_EDGE('',*,*,#16871,.T.);
#16874=ORIENTED_EDGE('',*,*,#16873,.T.);
#16875=ORIENTED_EDGE('',*,*,#16856,.F.);
#16876=EDGE_LOOP('',(#16870,#16872,#16874,#16875));
#16877=FACE_OUTER_BOUND('',#16876,.F.);
#16879=CARTESIAN_POINT('',(-2.58E0,0.E0,-2.58E0));
#16880=DIRECTION('',(1.E0,0.E0,0.E0));
#16881=DIRECTION('',(0.E0,0.E0,-1.E0));
#16882=AXIS2_PLACEMENT_3D('',#16879,#16880,#16881);
#16883=PLANE('',#16882);
#16884=ORIENTED_EDGE('',*,*,#16836,.F.);
#16886=ORIENTED_EDGE('',*,*,#16885,.T.);
#16888=ORIENTED_EDGE('',*,*,#16887,.T.);
#16889=ORIENTED_EDGE('',*,*,#16871,.F.);
#16890=EDGE_LOOP('',(#16884,#16886,#16888,#16889));
#16891=FACE_OUTER_BOUND('',#16890,.F.);
#16893=CARTESIAN_POINT('',(-2.9E0,0.E0,-2.58E0));
#16894=DIRECTION('',(0.E0,0.E0,1.E0));
#16895=DIRECTION('',(1.E0,0.E0,0.E0));
#16896=AXIS2_PLACEMENT_3D('',#16893,#16894,#16895);
#16897=PLANE('',#16896);
#16898=ORIENTED_EDGE('',*,*,#16834,.F.);
#16899=ORIENTED_EDGE('',*,*,#16860,.T.);
#16901=ORIENTED_EDGE('',*,*,#16900,.T.);
#16902=ORIENTED_EDGE('',*,*,#16885,.F.);
#16903=EDGE_LOOP('',(#16898,#16899,#16901,#16902));
#16904=FACE_OUTER_BOUND('',#16903,.F.);
#16906=CARTESIAN_POINT('',(0.E0,2.E-1,0.E0));
#16907=DIRECTION('',(0.E0,-1.E0,0.E0));
#16908=DIRECTION('',(-1.E0,0.E0,0.E0));
#16909=AXIS2_PLACEMENT_3D('',#16906,#16907,#16908);
#16910=PLANE('',#16909);
#16911=ORIENTED_EDGE('',*,*,#16858,.F.);
#16912=ORIENTED_EDGE('',*,*,#16873,.F.);
#16913=ORIENTED_EDGE('',*,*,#16887,.F.);
#16914=ORIENTED_EDGE('',*,*,#16900,.F.);
#16915=EDGE_LOOP('',(#16911,#16912,#16913,#16914));
#16916=FACE_OUTER_BOUND('',#16915,.F.);
#16918=CLOSED_SHELL('',(#16842,#16864,#16878,#16892,#16905,#16917));
#16919=MANIFOLD_SOLID_BREP('',#16918);
#16920=FILL_AREA_STYLE_COLOUR('',#18);
#16921=FILL_AREA_STYLE('',(#16920));
#16922=SURFACE_STYLE_FILL_AREA(#16921);
#16923=SURFACE_SIDE_STYLE('',(#16922));
#16924=SURFACE_STYLE_USAGE(.POSITIVE.,#16923);
#16925=PRESENTATION_STYLE_ASSIGNMENT((#16924));
#16726=STYLED_ITEM('',(#16925),#16919);
#16927=DIRECTION('',(-1.E0,0.E0,0.E0));
#16928=VECTOR('',#16927,3.2E-1);
#16929=CARTESIAN_POINT('',(2.9E0,0.E0,-2.9E0));
#16930=LINE('',#16929,#16928);
#16931=CURVE_STYLE('',#33,POSITIVE_LENGTH_MEASURE(2.E-2),#18);
#16932=PRESENTATION_STYLE_ASSIGNMENT((#16931));
#16933=STYLED_ITEM('',(#16932),#16930);
#16934=DIRECTION('',(0.E0,0.E0,1.E0));
#16935=VECTOR('',#16934,3.2E-1);
#16936=CARTESIAN_POINT('',(2.58E0,0.E0,-2.9E0));
#16937=LINE('',#16936,#16935);
#16938=CURVE_STYLE('',#33,POSITIVE_LENGTH_MEASURE(2.E-2),#18);
#16939=PRESENTATION_STYLE_ASSIGNMENT((#16938));
#16940=STYLED_ITEM('',(#16939),#16937);
#16941=DIRECTION('',(1.E0,0.E0,0.E0));
#16942=VECTOR('',#16941,3.2E-1);
#16943=CARTESIAN_POINT('',(2.58E0,0.E0,-2.58E0));
#16944=LINE('',#16943,#16942);
#16945=CURVE_STYLE('',#33,POSITIVE_LENGTH_MEASURE(2.E-2),#18);
#16946=PRESENTATION_STYLE_ASSIGNMENT((#16945));
#16947=STYLED_ITEM('',(#16946),#16944);
#16948=DIRECTION('',(0.E0,0.E0,-1.E0));
#16949=VECTOR('',#16948,3.2E-1);
#16950=CARTESIAN_POINT('',(2.9E0,0.E0,-2.58E0));
#16951=LINE('',#16950,#16949);
#16952=CURVE_STYLE('',#33,POSITIVE_LENGTH_MEASURE(2.E-2),#18);
#16953=PRESENTATION_STYLE_ASSIGNMENT((#16952));
#16954=STYLED_ITEM('',(#16953),#16951);
#16955=DIRECTION('',(0.E0,1.E0,0.E0));
#16956=VECTOR('',#16955,2.E-1);
#16957=CARTESIAN_POINT('',(2.9E0,0.E0,-2.9E0));
#16958=LINE('',#16957,#16956);
#16959=CURVE_STYLE('',#33,POSITIVE_LENGTH_MEASURE(2.E-2),#18);
#16960=PRESENTATION_STYLE_ASSIGNMENT((#16959));
#16961=STYLED_ITEM('',(#16960),#16958);
#16962=DIRECTION('',(0.E0,1.E0,0.E0));
#16963=VECTOR('',#16962,2.E-1);
#16964=CARTESIAN_POINT('',(2.9E0,0.E0,-2.58E0));
#16965=LINE('',#16964,#16963);
#16966=CURVE_STYLE('',#33,POSITIVE_LENGTH_MEASURE(2.E-2),#18);
#16967=PRESENTATION_STYLE_ASSIGNMENT((#16966));
#16968=STYLED_ITEM('',(#16967),#16965);
#16969=DIRECTION('',(0.E0,1.E0,0.E0));
#16970=VECTOR('',#16969,2.E-1);
#16971=CARTESIAN_POINT('',(2.58E0,0.E0,-2.58E0));
#16972=LINE('',#16971,#16970);
#16973=CURVE_STYLE('',#33,POSITIVE_LENGTH_MEASURE(2.E-2),#18);
#16974=PRESENTATION_STYLE_ASSIGNMENT((#16973));
#16975=STYLED_ITEM('',(#16974),#16972);
#16976=DIRECTION('',(0.E0,1.E0,0.E0));
#16977=VECTOR('',#16976,2.E-1);
#16978=CARTESIAN_POINT('',(2.58E0,0.E0,-2.9E0));
#16979=LINE('',#16978,#16977);
#16980=CURVE_STYLE('',#33,POSITIVE_LENGTH_MEASURE(2.E-2),#18);
#16981=PRESENTATION_STYLE_ASSIGNMENT((#16980));
#16982=STYLED_ITEM('',(#16981),#16979);
#16983=DIRECTION('',(-1.E0,0.E0,0.E0));
#16984=VECTOR('',#16983,3.2E-1);
#16985=CARTESIAN_POINT('',(2.9E0,2.E-1,-2.9E0));
#16986=LINE('',#16985,#16984);
#16987=CURVE_STYLE('',#33,POSITIVE_LENGTH_MEASURE(2.E-2),#18);
#16988=PRESENTATION_STYLE_ASSIGNMENT((#16987));
#16989=STYLED_ITEM('',(#16988),#16986);
#16990=DIRECTION('',(0.E0,0.E0,-1.E0));
#16991=VECTOR('',#16990,3.2E-1);
#16992=CARTESIAN_POINT('',(2.9E0,2.E-1,-2.58E0));
#16993=LINE('',#16992,#16991);
#16994=CURVE_STYLE('',#33,POSITIVE_LENGTH_MEASURE(2.E-2),#18);
#16995=PRESENTATION_STYLE_ASSIGNMENT((#16994));
#16996=STYLED_ITEM('',(#16995),#16993);
#16997=DIRECTION('',(1.E0,0.E0,0.E0));
#16998=VECTOR('',#16997,3.2E-1);
#16999=CARTESIAN_POINT('',(2.58E0,2.E-1,-2.58E0));
#17000=LINE('',#16999,#16998);
#17001=CURVE_STYLE('',#33,POSITIVE_LENGTH_MEASURE(2.E-2),#18);
#17002=PRESENTATION_STYLE_ASSIGNMENT((#17001));
#17003=STYLED_ITEM('',(#17002),#17000);
#17004=DIRECTION('',(0.E0,0.E0,1.E0));
#17005=VECTOR('',#17004,3.2E-1);
#17006=CARTESIAN_POINT('',(2.58E0,2.E-1,-2.9E0));
#17007=LINE('',#17006,#17005);
#17008=CURVE_STYLE('',#33,POSITIVE_LENGTH_MEASURE(2.E-2),#18);
#17009=PRESENTATION_STYLE_ASSIGNMENT((#17008));
#17010=STYLED_ITEM('',(#17009),#17007);
#17011=CARTESIAN_POINT('',(2.9E0,0.E0,-2.9E0));
#17012=CARTESIAN_POINT('',(2.58E0,0.E0,-2.9E0));
#17013=VERTEX_POINT('',#17011);
#17014=VERTEX_POINT('',#17012);
#17015=CARTESIAN_POINT('',(2.58E0,0.E0,-2.58E0));
#17016=VERTEX_POINT('',#17015);
#17017=CARTESIAN_POINT('',(2.9E0,0.E0,-2.58E0));
#17018=VERTEX_POINT('',#17017);
#17019=CARTESIAN_POINT('',(2.9E0,2.E-1,-2.9E0));
#17020=CARTESIAN_POINT('',(2.58E0,2.E-1,-2.9E0));
#17021=VERTEX_POINT('',#17019);
#17022=VERTEX_POINT('',#17020);
#17023=CARTESIAN_POINT('',(2.58E0,2.E-1,-2.58E0));
#17024=VERTEX_POINT('',#17023);
#17025=CARTESIAN_POINT('',(2.9E0,2.E-1,-2.58E0));
#17026=VERTEX_POINT('',#17025);
#17027=CARTESIAN_POINT('',(0.E0,0.E0,0.E0));
#17028=DIRECTION('',(0.E0,1.E0,0.E0));
#17029=DIRECTION('',(1.E0,0.E0,0.E0));
#17030=AXIS2_PLACEMENT_3D('',#17027,#17028,#17029);
#17031=PLANE('',#17030);
#17033=ORIENTED_EDGE('',*,*,#17032,.T.);
#17035=ORIENTED_EDGE('',*,*,#17034,.T.);
#17037=ORIENTED_EDGE('',*,*,#17036,.T.);
#17039=ORIENTED_EDGE('',*,*,#17038,.T.);
#17040=EDGE_LOOP('',(#17033,#17035,#17037,#17039));
#17041=FACE_OUTER_BOUND('',#17040,.F.);
#17043=FILL_AREA_STYLE_COLOUR('',#26);
#17044=FILL_AREA_STYLE('',(#17043));
#17045=SURFACE_STYLE_FILL_AREA(#17044);
#17046=SURFACE_SIDE_STYLE('',(#17045));
#17047=SURFACE_STYLE_USAGE(.POSITIVE.,#17046);
#17048=PRESENTATION_STYLE_ASSIGNMENT((#17047));
#17049=OVER_RIDING_STYLED_ITEM('',(#17048),#17042,#16926);
#17050=CARTESIAN_POINT('',(2.9E0,0.E0,-2.9E0));
#17051=DIRECTION('',(0.E0,0.E0,-1.E0));
#17052=DIRECTION('',(-1.E0,0.E0,0.E0));
#17053=AXIS2_PLACEMENT_3D('',#17050,#17051,#17052);
#17054=PLANE('',#17053);
#17055=ORIENTED_EDGE('',*,*,#17032,.F.);
#17057=ORIENTED_EDGE('',*,*,#17056,.T.);
#17059=ORIENTED_EDGE('',*,*,#17058,.T.);
#17061=ORIENTED_EDGE('',*,*,#17060,.F.);
#17062=EDGE_LOOP('',(#17055,#17057,#17059,#17061));
#17063=FACE_OUTER_BOUND('',#17062,.F.);
#17065=CARTESIAN_POINT('',(2.9E0,0.E0,-2.58E0));
#17066=DIRECTION('',(1.E0,0.E0,0.E0));
#17067=DIRECTION('',(0.E0,0.E0,-1.E0));
#17068=AXIS2_PLACEMENT_3D('',#17065,#17066,#17067);
#17069=PLANE('',#17068);
#17070=ORIENTED_EDGE('',*,*,#17038,.F.);
#17072=ORIENTED_EDGE('',*,*,#17071,.T.);
#17074=ORIENTED_EDGE('',*,*,#17073,.T.);
#17075=ORIENTED_EDGE('',*,*,#17056,.F.);
#17076=EDGE_LOOP('',(#17070,#17072,#17074,#17075));
#17077=FACE_OUTER_BOUND('',#17076,.F.);
#17079=CARTESIAN_POINT('',(2.58E0,0.E0,-2.58E0));
#17080=DIRECTION('',(0.E0,0.E0,1.E0));
#17081=DIRECTION('',(1.E0,0.E0,0.E0));
#17082=AXIS2_PLACEMENT_3D('',#17079,#17080,#17081);
#17083=PLANE('',#17082);
#17084=ORIENTED_EDGE('',*,*,#17036,.F.);
#17086=ORIENTED_EDGE('',*,*,#17085,.T.);
#17088=ORIENTED_EDGE('',*,*,#17087,.T.);
#17089=ORIENTED_EDGE('',*,*,#17071,.F.);
#17090=EDGE_LOOP('',(#17084,#17086,#17088,#17089));
#17091=FACE_OUTER_BOUND('',#17090,.F.);
#17093=CARTESIAN_POINT('',(2.58E0,0.E0,-2.9E0));
#17094=DIRECTION('',(-1.E0,0.E0,0.E0));
#17095=DIRECTION('',(0.E0,0.E0,1.E0));
#17096=AXIS2_PLACEMENT_3D('',#17093,#17094,#17095);
#17097=PLANE('',#17096);
#17098=ORIENTED_EDGE('',*,*,#17034,.F.);
#17099=ORIENTED_EDGE('',*,*,#17060,.T.);
#17101=ORIENTED_EDGE('',*,*,#17100,.T.);
#17102=ORIENTED_EDGE('',*,*,#17085,.F.);
#17103=EDGE_LOOP('',(#17098,#17099,#17101,#17102));
#17104=FACE_OUTER_BOUND('',#17103,.F.);
#17106=CARTESIAN_POINT('',(0.E0,2.E-1,0.E0));
#17107=DIRECTION('',(0.E0,-1.E0,0.E0));
#17108=DIRECTION('',(-1.E0,0.E0,0.E0));
#17109=AXIS2_PLACEMENT_3D('',#17106,#17107,#17108);
#17110=PLANE('',#17109);
#17111=ORIENTED_EDGE('',*,*,#17058,.F.);
#17112=ORIENTED_EDGE('',*,*,#17073,.F.);
#17113=ORIENTED_EDGE('',*,*,#17087,.F.);
#17114=ORIENTED_EDGE('',*,*,#17100,.F.);
#17115=EDGE_LOOP('',(#17111,#17112,#17113,#17114));
#17116=FACE_OUTER_BOUND('',#17115,.F.);
#17118=CLOSED_SHELL('',(#17042,#17064,#17078,#17092,#17105,#17117));
#17119=MANIFOLD_SOLID_BREP('',#17118);
#17120=FILL_AREA_STYLE_COLOUR('',#18);
#17121=FILL_AREA_STYLE('',(#17120));
#17122=SURFACE_STYLE_FILL_AREA(#17121);
#17123=SURFACE_SIDE_STYLE('',(#17122));
#17124=SURFACE_STYLE_USAGE(.POSITIVE.,#17123);
#17125=PRESENTATION_STYLE_ASSIGNMENT((#17124));
#16926=STYLED_ITEM('',(#17125),#17119);
#17127=DIRECTION('',(1.E0,0.E0,0.E0));
#17128=VECTOR('',#17127,3.2E-1);
#17129=CARTESIAN_POINT('',(-2.9E0,0.E0,2.9E0));
#17130=LINE('',#17129,#17128);
#17131=CURVE_STYLE('',#33,POSITIVE_LENGTH_MEASURE(2.E-2),#18);
#17132=PRESENTATION_STYLE_ASSIGNMENT((#17131));
#17133=STYLED_ITEM('',(#17132),#17130);
#17134=DIRECTION('',(0.E0,0.E0,-1.E0));
#17135=VECTOR('',#17134,3.2E-1);
#17136=CARTESIAN_POINT('',(-2.58E0,0.E0,2.9E0));
#17137=LINE('',#17136,#17135);
#17138=CURVE_STYLE('',#33,POSITIVE_LENGTH_MEASURE(2.E-2),#18);
#17139=PRESENTATION_STYLE_ASSIGNMENT((#17138));
#17140=STYLED_ITEM('',(#17139),#17137);
#17141=DIRECTION('',(-1.E0,0.E0,0.E0));
#17142=VECTOR('',#17141,3.2E-1);
#17143=CARTESIAN_POINT('',(-2.58E0,0.E0,2.58E0));
#17144=LINE('',#17143,#17142);
#17145=CURVE_STYLE('',#33,POSITIVE_LENGTH_MEASURE(2.E-2),#18);
#17146=PRESENTATION_STYLE_ASSIGNMENT((#17145));
#17147=STYLED_ITEM('',(#17146),#17144);
#17148=DIRECTION('',(0.E0,0.E0,1.E0));
#17149=VECTOR('',#17148,3.2E-1);
#17150=CARTESIAN_POINT('',(-2.9E0,0.E0,2.58E0));
#17151=LINE('',#17150,#17149);
#17152=CURVE_STYLE('',#33,POSITIVE_LENGTH_MEASURE(2.E-2),#18);
#17153=PRESENTATION_STYLE_ASSIGNMENT((#17152));
#17154=STYLED_ITEM('',(#17153),#17151);
#17155=DIRECTION('',(0.E0,1.E0,0.E0));
#17156=VECTOR('',#17155,2.E-1);
#17157=CARTESIAN_POINT('',(-2.9E0,0.E0,2.9E0));
#17158=LINE('',#17157,#17156);
#17159=CURVE_STYLE('',#33,POSITIVE_LENGTH_MEASURE(2.E-2),#18);
#17160=PRESENTATION_STYLE_ASSIGNMENT((#17159));
#17161=STYLED_ITEM('',(#17160),#17158);
#17162=DIRECTION('',(0.E0,1.E0,0.E0));
#17163=VECTOR('',#17162,2.E-1);
#17164=CARTESIAN_POINT('',(-2.9E0,0.E0,2.58E0));
#17165=LINE('',#17164,#17163);
#17166=CURVE_STYLE('',#33,POSITIVE_LENGTH_MEASURE(2.E-2),#18);
#17167=PRESENTATION_STYLE_ASSIGNMENT((#17166));
#17168=STYLED_ITEM('',(#17167),#17165);
#17169=DIRECTION('',(0.E0,1.E0,0.E0));
#17170=VECTOR('',#17169,2.E-1);
#17171=CARTESIAN_POINT('',(-2.58E0,0.E0,2.58E0));
#17172=LINE('',#17171,#17170);
#17173=CURVE_STYLE('',#33,POSITIVE_LENGTH_MEASURE(2.E-2),#18);
#17174=PRESENTATION_STYLE_ASSIGNMENT((#17173));
#17175=STYLED_ITEM('',(#17174),#17172);
#17176=DIRECTION('',(0.E0,1.E0,0.E0));
#17177=VECTOR('',#17176,2.E-1);
#17178=CARTESIAN_POINT('',(-2.58E0,0.E0,2.9E0));
#17179=LINE('',#17178,#17177);
#17180=CURVE_STYLE('',#33,POSITIVE_LENGTH_MEASURE(2.E-2),#18);
#17181=PRESENTATION_STYLE_ASSIGNMENT((#17180));
#17182=STYLED_ITEM('',(#17181),#17179);
#17183=DIRECTION('',(1.E0,0.E0,0.E0));
#17184=VECTOR('',#17183,3.2E-1);
#17185=CARTESIAN_POINT('',(-2.9E0,2.E-1,2.9E0));
#17186=LINE('',#17185,#17184);
#17187=CURVE_STYLE('',#33,POSITIVE_LENGTH_MEASURE(2.E-2),#18);
#17188=PRESENTATION_STYLE_ASSIGNMENT((#17187));
#17189=STYLED_ITEM('',(#17188),#17186);
#17190=DIRECTION('',(0.E0,0.E0,1.E0));
#17191=VECTOR('',#17190,3.2E-1);
#17192=CARTESIAN_POINT('',(-2.9E0,2.E-1,2.58E0));
#17193=LINE('',#17192,#17191);
#17194=CURVE_STYLE('',#33,POSITIVE_LENGTH_MEASURE(2.E-2),#18);
#17195=PRESENTATION_STYLE_ASSIGNMENT((#17194));
#17196=STYLED_ITEM('',(#17195),#17193);
#17197=DIRECTION('',(-1.E0,0.E0,0.E0));
#17198=VECTOR('',#17197,3.2E-1);
#17199=CARTESIAN_POINT('',(-2.58E0,2.E-1,2.58E0));
#17200=LINE('',#17199,#17198);
#17201=CURVE_STYLE('',#33,POSITIVE_LENGTH_MEASURE(2.E-2),#18);
#17202=PRESENTATION_STYLE_ASSIGNMENT((#17201));
#17203=STYLED_ITEM('',(#17202),#17200);
#17204=DIRECTION('',(0.E0,0.E0,-1.E0));
#17205=VECTOR('',#17204,3.2E-1);
#17206=CARTESIAN_POINT('',(-2.58E0,2.E-1,2.9E0));
#17207=LINE('',#17206,#17205);
#17208=CURVE_STYLE('',#33,POSITIVE_LENGTH_MEASURE(2.E-2),#18);
#17209=PRESENTATION_STYLE_ASSIGNMENT((#17208));
#17210=STYLED_ITEM('',(#17209),#17207);
#17211=CARTESIAN_POINT('',(-2.9E0,0.E0,2.9E0));
#17212=CARTESIAN_POINT('',(-2.58E0,0.E0,2.9E0));
#17213=VERTEX_POINT('',#17211);
#17214=VERTEX_POINT('',#17212);
#17215=CARTESIAN_POINT('',(-2.58E0,0.E0,2.58E0));
#17216=VERTEX_POINT('',#17215);
#17217=CARTESIAN_POINT('',(-2.9E0,0.E0,2.58E0));
#17218=VERTEX_POINT('',#17217);
#17219=CARTESIAN_POINT('',(-2.9E0,2.E-1,2.9E0));
#17220=CARTESIAN_POINT('',(-2.58E0,2.E-1,2.9E0));
#17221=VERTEX_POINT('',#17219);
#17222=VERTEX_POINT('',#17220);
#17223=CARTESIAN_POINT('',(-2.58E0,2.E-1,2.58E0));
#17224=VERTEX_POINT('',#17223);
#17225=CARTESIAN_POINT('',(-2.9E0,2.E-1,2.58E0));
#17226=VERTEX_POINT('',#17225);
#17227=CARTESIAN_POINT('',(0.E0,0.E0,0.E0));
#17228=DIRECTION('',(0.E0,1.E0,0.E0));
#17229=DIRECTION('',(1.E0,0.E0,0.E0));
#17230=AXIS2_PLACEMENT_3D('',#17227,#17228,#17229);
#17231=PLANE('',#17230);
#17233=ORIENTED_EDGE('',*,*,#17232,.T.);
#17235=ORIENTED_EDGE('',*,*,#17234,.T.);
#17237=ORIENTED_EDGE('',*,*,#17236,.T.);
#17239=ORIENTED_EDGE('',*,*,#17238,.T.);
#17240=EDGE_LOOP('',(#17233,#17235,#17237,#17239));
#17241=FACE_OUTER_BOUND('',#17240,.F.);
#17243=FILL_AREA_STYLE_COLOUR('',#26);
#17244=FILL_AREA_STYLE('',(#17243));
#17245=SURFACE_STYLE_FILL_AREA(#17244);
#17246=SURFACE_SIDE_STYLE('',(#17245));
#17247=SURFACE_STYLE_USAGE(.POSITIVE.,#17246);
#17248=PRESENTATION_STYLE_ASSIGNMENT((#17247));
#17249=OVER_RIDING_STYLED_ITEM('',(#17248),#17242,#17126);
#17250=CARTESIAN_POINT('',(-2.9E0,0.E0,2.9E0));
#17251=DIRECTION('',(0.E0,0.E0,1.E0));
#17252=DIRECTION('',(1.E0,0.E0,0.E0));
#17253=AXIS2_PLACEMENT_3D('',#17250,#17251,#17252);
#17254=PLANE('',#17253);
#17255=ORIENTED_EDGE('',*,*,#17232,.F.);
#17257=ORIENTED_EDGE('',*,*,#17256,.T.);
#17259=ORIENTED_EDGE('',*,*,#17258,.T.);
#17261=ORIENTED_EDGE('',*,*,#17260,.F.);
#17262=EDGE_LOOP('',(#17255,#17257,#17259,#17261));
#17263=FACE_OUTER_BOUND('',#17262,.F.);
#17265=CARTESIAN_POINT('',(-2.9E0,0.E0,2.58E0));
#17266=DIRECTION('',(-1.E0,0.E0,0.E0));
#17267=DIRECTION('',(0.E0,0.E0,1.E0));
#17268=AXIS2_PLACEMENT_3D('',#17265,#17266,#17267);
#17269=PLANE('',#17268);
#17270=ORIENTED_EDGE('',*,*,#17238,.F.);
#17272=ORIENTED_EDGE('',*,*,#17271,.T.);
#17274=ORIENTED_EDGE('',*,*,#17273,.T.);
#17275=ORIENTED_EDGE('',*,*,#17256,.F.);
#17276=EDGE_LOOP('',(#17270,#17272,#17274,#17275));
#17277=FACE_OUTER_BOUND('',#17276,.F.);
#17279=CARTESIAN_POINT('',(-2.58E0,0.E0,2.58E0));
#17280=DIRECTION('',(0.E0,0.E0,-1.E0));
#17281=DIRECTION('',(-1.E0,0.E0,0.E0));
#17282=AXIS2_PLACEMENT_3D('',#17279,#17280,#17281);
#17283=PLANE('',#17282);
#17284=ORIENTED_EDGE('',*,*,#17236,.F.);
#17286=ORIENTED_EDGE('',*,*,#17285,.T.);
#17288=ORIENTED_EDGE('',*,*,#17287,.T.);
#17289=ORIENTED_EDGE('',*,*,#17271,.F.);
#17290=EDGE_LOOP('',(#17284,#17286,#17288,#17289));
#17291=FACE_OUTER_BOUND('',#17290,.F.);
#17293=CARTESIAN_POINT('',(-2.58E0,0.E0,2.9E0));
#17294=DIRECTION('',(1.E0,0.E0,0.E0));
#17295=DIRECTION('',(0.E0,0.E0,-1.E0));
#17296=AXIS2_PLACEMENT_3D('',#17293,#17294,#17295);
#17297=PLANE('',#17296);
#17298=ORIENTED_EDGE('',*,*,#17234,.F.);
#17299=ORIENTED_EDGE('',*,*,#17260,.T.);
#17301=ORIENTED_EDGE('',*,*,#17300,.T.);
#17302=ORIENTED_EDGE('',*,*,#17285,.F.);
#17303=EDGE_LOOP('',(#17298,#17299,#17301,#17302));
#17304=FACE_OUTER_BOUND('',#17303,.F.);
#17306=CARTESIAN_POINT('',(0.E0,2.E-1,0.E0));
#17307=DIRECTION('',(0.E0,-1.E0,0.E0));
#17308=DIRECTION('',(-1.E0,0.E0,0.E0));
#17309=AXIS2_PLACEMENT_3D('',#17306,#17307,#17308);
#17310=PLANE('',#17309);
#17311=ORIENTED_EDGE('',*,*,#17258,.F.);
#17312=ORIENTED_EDGE('',*,*,#17273,.F.);
#17313=ORIENTED_EDGE('',*,*,#17287,.F.);
#17314=ORIENTED_EDGE('',*,*,#17300,.F.);
#17315=EDGE_LOOP('',(#17311,#17312,#17313,#17314));
#17316=FACE_OUTER_BOUND('',#17315,.F.);
#17318=CLOSED_SHELL('',(#17242,#17264,#17278,#17292,#17305,#17317));
#17319=MANIFOLD_SOLID_BREP('',#17318);
#17320=FILL_AREA_STYLE_COLOUR('',#18);
#17321=FILL_AREA_STYLE('',(#17320));
#17322=SURFACE_STYLE_FILL_AREA(#17321);
#17323=SURFACE_SIDE_STYLE('',(#17322));
#17324=SURFACE_STYLE_USAGE(.POSITIVE.,#17323);
#17325=PRESENTATION_STYLE_ASSIGNMENT((#17324));
#17126=STYLED_ITEM('',(#17325),#17319);
#17327=DIRECTION('',(0.E0,0.E0,-1.E0));
#17328=VECTOR('',#17327,3.2E-1);
#17329=CARTESIAN_POINT('',(2.9E0,0.E0,2.9E0));
#17330=LINE('',#17329,#17328);
#17331=CURVE_STYLE('',#33,POSITIVE_LENGTH_MEASURE(2.E-2),#18);
#17332=PRESENTATION_STYLE_ASSIGNMENT((#17331));
#17333=STYLED_ITEM('',(#17332),#17330);
#17334=DIRECTION('',(-1.E0,0.E0,0.E0));
#17335=VECTOR('',#17334,3.2E-1);
#17336=CARTESIAN_POINT('',(2.9E0,0.E0,2.58E0));
#17337=LINE('',#17336,#17335);
#17338=CURVE_STYLE('',#33,POSITIVE_LENGTH_MEASURE(2.E-2),#18);
#17339=PRESENTATION_STYLE_ASSIGNMENT((#17338));
#17340=STYLED_ITEM('',(#17339),#17337);
#17341=DIRECTION('',(0.E0,0.E0,1.E0));
#17342=VECTOR('',#17341,3.2E-1);
#17343=CARTESIAN_POINT('',(2.58E0,0.E0,2.58E0));
#17344=LINE('',#17343,#17342);
#17345=CURVE_STYLE('',#33,POSITIVE_LENGTH_MEASURE(2.E-2),#18);
#17346=PRESENTATION_STYLE_ASSIGNMENT((#17345));
#17347=STYLED_ITEM('',(#17346),#17344);
#17348=DIRECTION('',(1.E0,0.E0,0.E0));
#17349=VECTOR('',#17348,3.2E-1);
#17350=CARTESIAN_POINT('',(2.58E0,0.E0,2.9E0));
#17351=LINE('',#17350,#17349);
#17352=CURVE_STYLE('',#33,POSITIVE_LENGTH_MEASURE(2.E-2),#18);
#17353=PRESENTATION_STYLE_ASSIGNMENT((#17352));
#17354=STYLED_ITEM('',(#17353),#17351);
#17355=DIRECTION('',(0.E0,1.E0,0.E0));
#17356=VECTOR('',#17355,2.E-1);
#17357=CARTESIAN_POINT('',(2.9E0,0.E0,2.9E0));
#17358=LINE('',#17357,#17356);
#17359=CURVE_STYLE('',#33,POSITIVE_LENGTH_MEASURE(2.E-2),#18);
#17360=PRESENTATION_STYLE_ASSIGNMENT((#17359));
#17361=STYLED_ITEM('',(#17360),#17358);
#17362=DIRECTION('',(0.E0,1.E0,0.E0));
#17363=VECTOR('',#17362,2.E-1);
#17364=CARTESIAN_POINT('',(2.58E0,0.E0,2.9E0));
#17365=LINE('',#17364,#17363);
#17366=CURVE_STYLE('',#33,POSITIVE_LENGTH_MEASURE(2.E-2),#18);
#17367=PRESENTATION_STYLE_ASSIGNMENT((#17366));
#17368=STYLED_ITEM('',(#17367),#17365);
#17369=DIRECTION('',(0.E0,1.E0,0.E0));
#17370=VECTOR('',#17369,2.E-1);
#17371=CARTESIAN_POINT('',(2.58E0,0.E0,2.58E0));
#17372=LINE('',#17371,#17370);
#17373=CURVE_STYLE('',#33,POSITIVE_LENGTH_MEASURE(2.E-2),#18);
#17374=PRESENTATION_STYLE_ASSIGNMENT((#17373));
#17375=STYLED_ITEM('',(#17374),#17372);
#17376=DIRECTION('',(0.E0,1.E0,0.E0));
#17377=VECTOR('',#17376,2.E-1);
#17378=CARTESIAN_POINT('',(2.9E0,0.E0,2.58E0));
#17379=LINE('',#17378,#17377);
#17380=CURVE_STYLE('',#33,POSITIVE_LENGTH_MEASURE(2.E-2),#18);
#17381=PRESENTATION_STYLE_ASSIGNMENT((#17380));
#17382=STYLED_ITEM('',(#17381),#17379);
#17383=DIRECTION('',(0.E0,0.E0,-1.E0));
#17384=VECTOR('',#17383,3.2E-1);
#17385=CARTESIAN_POINT('',(2.9E0,2.E-1,2.9E0));
#17386=LINE('',#17385,#17384);
#17387=CURVE_STYLE('',#33,POSITIVE_LENGTH_MEASURE(2.E-2),#18);
#17388=PRESENTATION_STYLE_ASSIGNMENT((#17387));
#17389=STYLED_ITEM('',(#17388),#17386);
#17390=DIRECTION('',(1.E0,0.E0,0.E0));
#17391=VECTOR('',#17390,3.2E-1);
#17392=CARTESIAN_POINT('',(2.58E0,2.E-1,2.9E0));
#17393=LINE('',#17392,#17391);
#17394=CURVE_STYLE('',#33,POSITIVE_LENGTH_MEASURE(2.E-2),#18);
#17395=PRESENTATION_STYLE_ASSIGNMENT((#17394));
#17396=STYLED_ITEM('',(#17395),#17393);
#17397=DIRECTION('',(0.E0,0.E0,1.E0));
#17398=VECTOR('',#17397,3.2E-1);
#17399=CARTESIAN_POINT('',(2.58E0,2.E-1,2.58E0));
#17400=LINE('',#17399,#17398);
#17401=CURVE_STYLE('',#33,POSITIVE_LENGTH_MEASURE(2.E-2),#18);
#17402=PRESENTATION_STYLE_ASSIGNMENT((#17401));
#17403=STYLED_ITEM('',(#17402),#17400);
#17404=DIRECTION('',(-1.E0,0.E0,0.E0));
#17405=VECTOR('',#17404,3.2E-1);
#17406=CARTESIAN_POINT('',(2.9E0,2.E-1,2.58E0));
#17407=LINE('',#17406,#17405);
#17408=CURVE_STYLE('',#33,POSITIVE_LENGTH_MEASURE(2.E-2),#18);
#17409=PRESENTATION_STYLE_ASSIGNMENT((#17408));
#17410=STYLED_ITEM('',(#17409),#17407);
#17411=CARTESIAN_POINT('',(2.9E0,0.E0,2.9E0));
#17412=CARTESIAN_POINT('',(2.9E0,0.E0,2.58E0));
#17413=VERTEX_POINT('',#17411);
#17414=VERTEX_POINT('',#17412);
#17415=CARTESIAN_POINT('',(2.58E0,0.E0,2.58E0));
#17416=VERTEX_POINT('',#17415);
#17417=CARTESIAN_POINT('',(2.58E0,0.E0,2.9E0));
#17418=VERTEX_POINT('',#17417);
#17419=CARTESIAN_POINT('',(2.9E0,2.E-1,2.9E0));
#17420=CARTESIAN_POINT('',(2.9E0,2.E-1,2.58E0));
#17421=VERTEX_POINT('',#17419);
#17422=VERTEX_POINT('',#17420);
#17423=CARTESIAN_POINT('',(2.58E0,2.E-1,2.58E0));
#17424=VERTEX_POINT('',#17423);
#17425=CARTESIAN_POINT('',(2.58E0,2.E-1,2.9E0));
#17426=VERTEX_POINT('',#17425);
#17427=CARTESIAN_POINT('',(0.E0,0.E0,0.E0));
#17428=DIRECTION('',(0.E0,1.E0,0.E0));
#17429=DIRECTION('',(1.E0,0.E0,0.E0));
#17430=AXIS2_PLACEMENT_3D('',#17427,#17428,#17429);
#17431=PLANE('',#17430);
#17433=ORIENTED_EDGE('',*,*,#17432,.T.);
#17435=ORIENTED_EDGE('',*,*,#17434,.T.);
#17437=ORIENTED_EDGE('',*,*,#17436,.T.);
#17439=ORIENTED_EDGE('',*,*,#17438,.T.);
#17440=EDGE_LOOP('',(#17433,#17435,#17437,#17439));
#17441=FACE_OUTER_BOUND('',#17440,.F.);
#17443=FILL_AREA_STYLE_COLOUR('',#26);
#17444=FILL_AREA_STYLE('',(#17443));
#17445=SURFACE_STYLE_FILL_AREA(#17444);
#17446=SURFACE_SIDE_STYLE('',(#17445));
#17447=SURFACE_STYLE_USAGE(.POSITIVE.,#17446);
#17448=PRESENTATION_STYLE_ASSIGNMENT((#17447));
#17449=OVER_RIDING_STYLED_ITEM('',(#17448),#17442,#17326);
#17450=CARTESIAN_POINT('',(2.9E0,0.E0,2.9E0));
#17451=DIRECTION('',(1.E0,0.E0,0.E0));
#17452=DIRECTION('',(0.E0,0.E0,-1.E0));
#17453=AXIS2_PLACEMENT_3D('',#17450,#17451,#17452);
#17454=PLANE('',#17453);
#17455=ORIENTED_EDGE('',*,*,#17432,.F.);
#17457=ORIENTED_EDGE('',*,*,#17456,.T.);
#17459=ORIENTED_EDGE('',*,*,#17458,.T.);
#17461=ORIENTED_EDGE('',*,*,#17460,.F.);
#17462=EDGE_LOOP('',(#17455,#17457,#17459,#17461));
#17463=FACE_OUTER_BOUND('',#17462,.F.);
#17465=CARTESIAN_POINT('',(2.58E0,0.E0,2.9E0));
#17466=DIRECTION('',(0.E0,0.E0,1.E0));
#17467=DIRECTION('',(1.E0,0.E0,0.E0));
#17468=AXIS2_PLACEMENT_3D('',#17465,#17466,#17467);
#17469=PLANE('',#17468);
#17470=ORIENTED_EDGE('',*,*,#17438,.F.);
#17472=ORIENTED_EDGE('',*,*,#17471,.T.);
#17474=ORIENTED_EDGE('',*,*,#17473,.T.);
#17475=ORIENTED_EDGE('',*,*,#17456,.F.);
#17476=EDGE_LOOP('',(#17470,#17472,#17474,#17475));
#17477=FACE_OUTER_BOUND('',#17476,.F.);
#17479=CARTESIAN_POINT('',(2.58E0,0.E0,2.58E0));
#17480=DIRECTION('',(-1.E0,0.E0,0.E0));
#17481=DIRECTION('',(0.E0,0.E0,1.E0));
#17482=AXIS2_PLACEMENT_3D('',#17479,#17480,#17481);
#17483=PLANE('',#17482);
#17484=ORIENTED_EDGE('',*,*,#17436,.F.);
#17486=ORIENTED_EDGE('',*,*,#17485,.T.);
#17488=ORIENTED_EDGE('',*,*,#17487,.T.);
#17489=ORIENTED_EDGE('',*,*,#17471,.F.);
#17490=EDGE_LOOP('',(#17484,#17486,#17488,#17489));
#17491=FACE_OUTER_BOUND('',#17490,.F.);
#17493=CARTESIAN_POINT('',(2.9E0,0.E0,2.58E0));
#17494=DIRECTION('',(0.E0,0.E0,-1.E0));
#17495=DIRECTION('',(-1.E0,0.E0,0.E0));
#17496=AXIS2_PLACEMENT_3D('',#17493,#17494,#17495);
#17497=PLANE('',#17496);
#17498=ORIENTED_EDGE('',*,*,#17434,.F.);
#17499=ORIENTED_EDGE('',*,*,#17460,.T.);
#17501=ORIENTED_EDGE('',*,*,#17500,.T.);
#17502=ORIENTED_EDGE('',*,*,#17485,.F.);
#17503=EDGE_LOOP('',(#17498,#17499,#17501,#17502));
#17504=FACE_OUTER_BOUND('',#17503,.F.);
#17506=CARTESIAN_POINT('',(0.E0,2.E-1,0.E0));
#17507=DIRECTION('',(0.E0,-1.E0,0.E0));
#17508=DIRECTION('',(-1.E0,0.E0,0.E0));
#17509=AXIS2_PLACEMENT_3D('',#17506,#17507,#17508);
#17510=PLANE('',#17509);
#17511=ORIENTED_EDGE('',*,*,#17458,.F.);
#17512=ORIENTED_EDGE('',*,*,#17473,.F.);
#17513=ORIENTED_EDGE('',*,*,#17487,.F.);
#17514=ORIENTED_EDGE('',*,*,#17500,.F.);
#17515=EDGE_LOOP('',(#17511,#17512,#17513,#17514));
#17516=FACE_OUTER_BOUND('',#17515,.F.);
#17518=CLOSED_SHELL('',(#17442,#17464,#17478,#17492,#17505,#17517));
#17519=MANIFOLD_SOLID_BREP('',#17518);
#17520=FILL_AREA_STYLE_COLOUR('',#18);
#17521=FILL_AREA_STYLE('',(#17520));
#17522=SURFACE_STYLE_FILL_AREA(#17521);
#17523=SURFACE_SIDE_STYLE('',(#17522));
#17524=SURFACE_STYLE_USAGE(.POSITIVE.,#17523);
#17525=PRESENTATION_STYLE_ASSIGNMENT((#17524));
#17326=STYLED_ITEM('',(#17525),#17519);
#17528=PLANE_ANGLE_MEASURE_WITH_UNIT(PLANE_ANGLE_MEASURE(1.745329251994E-2),
#17527);
#17529=(CONVERSION_BASED_UNIT('DEGREE',#17528)NAMED_UNIT(*)PLANE_ANGLE_UNIT());
#17531=UNCERTAINTY_MEASURE_WITH_UNIT(LENGTH_MEASURE(8.487298564046E-4),#17526,
'distance_accuracy_value',
'Maximum model space distance between geometric entities at asserted connectivities');
#17533=CARTESIAN_POINT('',(0.E0,0.E0,0.E0));
#17534=DIRECTION('',(0.E0,0.E0,1.E0));
#17535=DIRECTION('',(1.E0,0.E0,0.E0));
#17538=PRODUCT_CONTEXT('',#8156,'mechanical');
#17539=PRODUCT('FRAME-RJA0040A','FRAME-RJA0040A','NOT SPECIFIED',(#17538));
#17540=PRODUCT_DEFINITION_FORMATION('11','LAST_VERSION',#17539);
#17548=DERIVED_UNIT_ELEMENT(#17547,2.E0);
#17549=DERIVED_UNIT((#17548));
#17550=MEASURE_REPRESENTATION_ITEM('surface area measure',AREA_MEASURE(
6.614418379004E1),#17549);
#17555=DERIVED_UNIT_ELEMENT(#17554,3.E0);
#17556=DERIVED_UNIT((#17555));
#17557=MEASURE_REPRESENTATION_ITEM('volume measure',VOLUME_MEASURE(
4.725600694554E0),#17556);
#17561=CARTESIAN_POINT('centre point',(2.538308732430E-3,1.052149454837E-1,
2.538308741590E-3));
#17566=DERIVED_UNIT_ELEMENT(#17565,2.E0);
#17567=DERIVED_UNIT((#17566));
#17568=MEASURE_REPRESENTATION_ITEM('surface area measure',AREA_MEASURE(
6.614418379004E1),#17567);
#17573=DERIVED_UNIT_ELEMENT(#17572,3.E0);
#17574=DERIVED_UNIT((#17573));
#17575=MEASURE_REPRESENTATION_ITEM('volume measure',VOLUME_MEASURE(
4.725600694554E0),#17574);
#17579=CARTESIAN_POINT('centre point',(2.538308732430E-3,1.052149454837E-1,
2.538308741590E-3));
#17585=GENERAL_PROPERTY('','LD_WIDTH_BTM','user defined attribute');
#17586=GENERAL_PROPERTY_ASSOCIATION('user defined attribute','',#17585,#17584);
#17587=VALUE_REPRESENTATION_ITEM('LD_WIDTH_BTM',NUMERIC_MEASURE(2.5E-1));
#17590=DESCRIPTIVE_REPRESENTATION_ITEM('attribute description','Real Number');
#17595=GENERAL_PROPERTY('','LD_THICK','user defined attribute');
#17596=GENERAL_PROPERTY_ASSOCIATION('user defined attribute','',#17595,#17594);
#17597=VALUE_REPRESENTATION_ITEM('LD_THICK',NUMERIC_MEASURE(2.E-1));
#17600=DESCRIPTIVE_REPRESENTATION_ITEM('attribute description','Real Number');
#17606=CARTESIAN_POINT('centre point',(2.538308732430E-3,-2.538308741590E-3,
1.052149454837E-1));
#17610=CARTESIAN_POINT('',(0.E0,0.E0,0.E0));
#17611=DIRECTION('',(0.E0,-1.E0,0.E0));
#17612=DIRECTION('',(1.E0,0.E0,0.E0));
#17613=AXIS2_PLACEMENT_3D('',#17610,#17611,#17612);
#17614=ITEM_DEFINED_TRANSFORMATION('','',#17536,#17613);
#17615=(REPRESENTATION_RELATIONSHIP('','',#17537,#8207)REPRESENTATION_RELATIONSHIP_WITH_TRANSFORMATION(#17614)SHAPE_REPRESENTATION_RELATIONSHIP());
#17616=CONTEXT_DEPENDENT_SHAPE_REPRESENTATION(#17615,#17605);
#17619=PLANE_ANGLE_MEASURE_WITH_UNIT(PLANE_ANGLE_MEASURE(1.745329251994E-2),
#17618);
#17620=(CONVERSION_BASED_UNIT('DEGREE',#17619)NAMED_UNIT(*)PLANE_ANGLE_UNIT());
#17622=UNCERTAINTY_MEASURE_WITH_UNIT(LENGTH_MEASURE(5.195944576610E-4),#17617,
'distance_accuracy_value',
'Maximum model space distance between geometric entities at asserted connectivities');
#17624=CARTESIAN_POINT('',(0.E0,0.E0,0.E0));
#17625=DIRECTION('',(0.E0,0.E0,1.E0));
#17626=DIRECTION('',(1.E0,0.E0,0.E0));
#17629=PRODUCT_DEFINITION_CONTEXT('part definition',#8156,'design');
#17630=PRODUCT_CONTEXT('',#8156,'mechanical');
#17631=PRODUCT('PIN1-ID','PIN1-ID','NOT SPECIFIED',(#17630));
#17632=PRODUCT_DEFINITION_FORMATION('5','LAST_VERSION',#17631);
#17637=GENERAL_PROPERTY('','DESCRIPTION','user defined attribute');
#17638=GENERAL_PROPERTY_ASSOCIATION('user defined attribute','',#17637,#17636);
#17639=DESCRIPTIVE_REPRESENTATION_ITEM('DESCRIPTION','');
#17643=GENERAL_PROPERTY('','MODELED_BY','user defined attribute');
#17644=GENERAL_PROPERTY_ASSOCIATION('user defined attribute','',#17643,#17642);
#17645=DESCRIPTIVE_REPRESENTATION_ITEM('MODELED_BY','');
#17650=CARTESIAN_POINT('',(0.E0,0.E0,1.E0));
#17651=DIRECTION('',(0.E0,-1.E0,0.E0));
#17652=DIRECTION('',(1.E0,0.E0,0.E0));
#17653=AXIS2_PLACEMENT_3D('',#17650,#17651,#17652);
#17654=ITEM_DEFINED_TRANSFORMATION('','',#17627,#17653);
#17655=(REPRESENTATION_RELATIONSHIP('','',#17628,#8207)REPRESENTATION_RELATIONSHIP_WITH_TRANSFORMATION(#17654)SHAPE_REPRESENTATION_RELATIONSHIP());
#17656=CONTEXT_DEPENDENT_SHAPE_REPRESENTATION(#17655,#17649);
#17659=PLANE_ANGLE_MEASURE_WITH_UNIT(PLANE_ANGLE_MEASURE(1.745329251994E-2),
#17658);
#17660=(CONVERSION_BASED_UNIT('DEGREE',#17659)NAMED_UNIT(*)PLANE_ANGLE_UNIT());
#17662=UNCERTAINTY_MEASURE_WITH_UNIT(LENGTH_MEASURE(8.99964E-4),#17657,
'distance_accuracy_value',
'Maximum model space distance between geometric entities at asserted connectivities');
#17664=CARTESIAN_POINT('',(0.E0,0.E0,0.E0));
#17665=DIRECTION('',(0.E0,0.E0,1.E0));
#17666=DIRECTION('',(1.E0,0.E0,0.E0));
#17668=MECHANICAL_DESIGN_GEOMETRIC_PRESENTATION_REPRESENTATION('',(#36,#43,#51,
#58,#65,#72,#80,#87,#94,#101,#109,#116,#123,#130,#138,#145,#152,#159,#167,#174,
#181,#188,#196,#203,#210,#217,#225,#232,#239,#246,#254,#261,#268,#275,#283,#290,
#297,#304,#312,#319,#326,#333,#340,#348,#355,#362,#369,#377,#384,#391,#398,#406,
#413,#420,#427,#435,#442,#449,#456,#464,#471,#478,#485,#493,#500,#507,#514,#522,
#529,#536,#543,#551,#558,#565,#572,#580,#587,#594,#601,#609,#616,#623,#630,#637,
#645,#652,#659,#666,#674,#681,#688,#695,#703,#710,#717,#724,#732,#739,#746,#753,
#761,#768,#775,#782,#790,#797,#804,#811,#819,#826,#833,#840,#848,#855,#862,#869,
#877,#884,#891,#898,#906,#913,#920,#927,#934,#942,#949,#956,#963,#971,#978,#985,
#992,#1000,#1007,#1014,#1021,#1029,#1036,#1043,#1050,#1058,#1065,#1072,#1079,
#1087,#1094,#1101,#1108,#1116,#1123,#1130,#1137,#1145,#1152,#1159,#1166,#1174,
#1181,#1188,#1195,#1203,#1210,#1217,#1224,#1231,#1238,#1245,#1252,#1259,#1266,
#1273,#1280,#1287,#1294,#1301,#1308,#1315,#1322,#1329,#1336,#1343,#1350,#1357,
#1364,#1371,#1378,#1385,#1392,#1399,#1406,#1413,#1420,#1427,#1434,#1441,#1448,
#1456,#1463,#1470,#1477,#1484,#1491,#1498,#1505,#1512,#1519,#1526,#1534,#1541,
#1548,#1555,#1562,#1569,#1576,#1584,#1591,#1598,#1605,#1612,#1619,#1626,#1633,
#1641,#1648,#1655,#1662,#1669,#1676,#1684,#1691,#1698,#1705,#1712,#1719,#1726,
#1734,#1741,#1748,#1755,#1762,#1769,#1776,#1784,#1791,#1798,#1805,#1812,#1819,
#1826,#1834,#1841,#1848,#1855,#1862,#1869,#1876,#1884,#1891,#1898,#1905,#1912,
#1919,#1926,#1934,#1941,#1948,#1955,#1962,#1969,#1976,#1983,#1990,#1997,#2004,
#2011,#2018,#2025,#2033,#2040,#2047,#2054,#2061,#2068,#2075,#2082,#2089,#2096,
#2103,#2111,#2118,#2125,#2132,#2139,#2146,#2153,#2161,#2168,#2175,#2182,#2189,
#2196,#2203,#2211,#2218,#2225,#2232,#2239,#2246,#2253,#2261,#2268,#2275,#2282,
#2289,#2296,#2303,#2311,#2318,#2325,#2332,#2339,#2346,#2353,#2361,#2368,#2375,
#2382,#2389,#2396,#2403,#2411,#2418,#2425,#2432,#2439,#2446,#2453,#2461,#2468,
#2475,#2482,#2489,#2496,#2503,#2511,#2518,#2525,#2532,#2539,#2546,#2553,#2560,
#2567,#2574,#2581,#2588,#2595,#2602,#2609,#2616,#2623,#2630,#2638,#2645,#2652,
#2659,#2666,#2673,#2680,#2687,#2694,#2701,#2708,#2715,#2722,#2729,#2737,#2744,
#2751,#2758,#2765,#2772,#2779,#2786,#2793,#2800,#2807,#2814,#2821,#2828,#2835,
#2843,#2850,#2857,#2864,#2871,#2878,#2885,#2893,#2900,#2907,#2914,#2921,#2928,
#2935,#2943,#2950,#2957,#2964,#2971,#2978,#2985,#2993,#3000,#3007,#3014,#3021,
#3028,#3035,#3043,#3050,#3057,#3064,#3071,#3078,#3085,#3093,#3100,#3107,#3114,
#3121,#3128,#3135,#3143,#3150,#3157,#3164,#3171,#3178,#3185,#3193,#3200,#3207,
#3214,#3221,#3228,#3235,#3243,#3250,#3257,#3264,#3271,#3278,#3285,#3293,#3300,
#3307,#3314,#3321,#3328,#3335,#3343,#3350,#3357,#3364,#3371,#3378,#3385,#3393,
#3400,#3407,#3414,#3421,#3428,#3435,#3443,#3450,#3457,#3464,#3471,#3478,#3485,
#3493,#3500,#3507,#3514,#3521,#3528,#3535,#3543,#3550,#3557,#3564,#3571,#3578,
#3585,#3593,#3600,#3607,#3614,#3621,#3628,#3635,#3643,#3650,#3657,#3664,#3671,
#3678,#3685,#3693,#3700,#3707,#3714,#3721,#3728,#3735,#3742,#3749,#3756,#3763,
#3770,#3777,#3784,#3791,#3798,#3805,#3812,#3819,#3826,#3833,#3840,#3847,#3854,
#3861,#3868,#3875,#3882,#3889,#3896,#3903,#3910,#3917,#3924,#3931,#3938,#3945,
#3952,#3959,#3966,#3973,#3980,#3987,#3994,#4001,#4008,#4015,#4022,#4029,#4036,
#4043,#4050,#4057,#4064,#4071,#4078,#7795,#28,#8228,#8235,#8242,#8249,#8256,
#8263,#8270,#8277,#8284,#8291,#8298,#8305,#8312,#8319,#8326,#8333,#8340,#8347,
#8354,#8361,#8368,#8375,#8382,#8389,#8396,#8403,#8410,#8612,#8221,#8653,#8661,
#8668,#8675,#8682,#8689,#8696,#8703,#8710,#8717,#8724,#8732,#8771,#8646,#8855,
#8863,#8870,#8877,#8884,#8891,#8898,#8905,#8912,#8919,#8926,#8934,#8973,#8848,
#9057,#9065,#9072,#9079,#9086,#9093,#9100,#9107,#9114,#9121,#9128,#9136,#9175,
#9050,#9259,#9267,#9274,#9281,#9288,#9295,#9302,#9309,#9316,#9323,#9330,#9338,
#9377,#9252,#9461,#9469,#9476,#9483,#9490,#9497,#9504,#9511,#9518,#9525,#9532,
#9540,#9579,#9454,#9663,#9670,#9677,#9685,#9692,#9699,#9706,#9713,#9720,#9728,
#9735,#9742,#9781,#9656,#9865,#9872,#9879,#9887,#9894,#9901,#9908,#9915,#9922,
#9930,#9937,#9944,#9983,#9858,#10067,#10074,#10081,#10089,#10096,#10103,#10110,
#10117,#10124,#10132,#10139,#10146,#10185,#10060,#10269,#10276,#10283,#10291,
#10298,#10305,#10312,#10319,#10326,#10334,#10341,#10348,#10387,#10262,#10471,
#10478,#10485,#10493,#10500,#10507,#10514,#10521,#10528,#10536,#10543,#10550,
#10589,#10464,#10673,#10681,#10688,#10695,#10702,#10709,#10716,#10723,#10730,
#10737,#10744,#10752,#10791,#10666,#10875,#10883,#10890,#10897,#10904,#10911,
#10918,#10925,#10932,#10939,#10946,#10954,#10993,#10868,#11077,#11085,#11092,
#11099,#11106,#11113,#11120,#11127,#11134,#11141,#11148,#11156,#11195,#11070,
#11279,#11287,#11294,#11301,#11308,#11315,#11322,#11329,#11336,#11343,#11350,
#11358,#11397,#11272,#11481,#11489,#11496,#11503,#11510,#11517,#11524,#11531,
#11538,#11545,#11552,#11560,#11599,#11474,#11683,#11690,#11697,#11705,#11712,
#11719,#11726,#11733,#11740,#11748,#11755,#11762,#11801,#11676,#11885,#11892,
#11899,#11907,#11914,#11921,#11928,#11935,#11942,#11950,#11957,#11964,#12003,
#11878,#12087,#12094,#12101,#12109,#12116,#12123,#12130,#12137,#12144,#12152,
#12159,#12166,#12205,#12080,#12289,#12296,#12303,#12311,#12318,#12325,#12332,
#12339,#12346,#12354,#12361,#12368,#12407,#12282,#12491,#12498,#12505,#12513,
#12520,#12527,#12534,#12541,#12548,#12556,#12563,#12570,#12609,#12484,#12693,
#12701,#12708,#12715,#12722,#12729,#12736,#12743,#12750,#12757,#12764,#12772,
#12811,#12686,#12895,#12903,#12910,#12917,#12924,#12931,#12938,#12945,#12952,
#12959,#12966,#12974,#13013,#12888,#13097,#13105,#13112,#13119,#13126,#13133,
#13140,#13147,#13154,#13161,#13168,#13176,#13215,#13090,#13299,#13307,#13314,
#13321,#13328,#13335,#13342,#13349,#13356,#13363,#13370,#13378,#13417,#13292,
#13501,#13509,#13516,#13523,#13530,#13537,#13544,#13551,#13558,#13565,#13572,
#13580,#13619,#13494,#13703,#13711,#13718,#13725,#13732,#13739,#13746,#13753,
#13760,#13767,#13774,#13782,#13821,#13696,#13905,#13913,#13920,#13927,#13934,
#13941,#13948,#13955,#13962,#13969,#13976,#13984,#14023,#13898,#14107,#14115,
#14122,#14129,#14136,#14143,#14150,#14157,#14164,#14171,#14178,#14186,#14225,
#14100,#14309,#14316,#14323,#14331,#14338,#14345,#14352,#14359,#14366,#14374,
#14381,#14388,#14427,#14302,#14511,#14518,#14525,#14533,#14540,#14547,#14554,
#14561,#14568,#14576,#14583,#14590,#14629,#14504,#14713,#14720,#14727,#14735,
#14742,#14749,#14756,#14763,#14770,#14778,#14785,#14792,#14831,#14706,#14915,
#14922,#14929,#14937,#14944,#14951,#14958,#14965,#14972,#14980,#14987,#14994,
#15033,#14908,#15117,#15124,#15131,#15139,#15146,#15153,#15160,#15167,#15174,
#15182,#15189,#15196,#15235,#15110,#15319,#15326,#15333,#15341,#15348,#15355,
#15362,#15369,#15376,#15384,#15391,#15398,#15437,#15312,#15521,#15528,#15535,
#15543,#15550,#15557,#15564,#15571,#15578,#15586,#15593,#15600,#15639,#15514,
#15723,#15730,#15737,#15745,#15752,#15759,#15766,#15773,#15780,#15788,#15795,
#15802,#15841,#15716,#15925,#15933,#15940,#15947,#15954,#15961,#15968,#15975,
#15982,#15989,#15996,#16004,#16043,#15918,#16127,#16135,#16142,#16149,#16156,
#16163,#16170,#16177,#16184,#16191,#16198,#16206,#16245,#16120,#16329,#16336,
#16343,#16351,#16358,#16365,#16372,#16379,#16386,#16394,#16401,#16408,#16447,
#16322,#16531,#16538,#16545,#16553,#16560,#16567,#16574,#16581,#16588,#16596,
#16603,#16610,#16649,#16524,#16733,#16740,#16747,#16754,#16761,#16768,#16775,
#16782,#16789,#16796,#16803,#16810,#16849,#16726,#16933,#16940,#16947,#16954,
#16961,#16968,#16975,#16982,#16989,#16996,#17003,#17010,#17049,#16926,#17133,
#17140,#17147,#17154,#17161,#17168,#17175,#17182,#17189,#17196,#17203,#17210,
#17249,#17126,#17333,#17340,#17347,#17354,#17361,#17368,#17375,#17382,#17389,
#17396,#17403,#17410,#17449,#17326),#17663);
#17669=PRODUCT_CONTEXT('',#8156,'mechanical');
#17670=PRODUCT('RJA0040A_ASM','RJA0040A_ASM','NOT SPECIFIED',(#17669));
#17671=PRODUCT_DEFINITION_FORMATION('33','LAST_VERSION',#17670);
#17674=DERIVED_UNIT_ELEMENT(#17673,2.E0);
#17675=DERIVED_UNIT((#17674));
#17676=MEASURE_REPRESENTATION_ITEM('surface area measure',AREA_MEASURE(
1.803223200999E2),#17675);
#17681=DERIVED_UNIT_ELEMENT(#17680,3.E0);
#17682=DERIVED_UNIT((#17681));
#17683=MEASURE_REPRESENTATION_ITEM('volume measure',VOLUME_MEASURE(
3.555515946118E1),#17682);
#17687=CARTESIAN_POINT('centre point',(1.349437599106E-4,-1.349437630305E-4,
5.059329017077E-1));
#17691=PRODUCT_RELATED_PRODUCT_CATEGORY('part','',(#17670,#8160,#17539,#17631));
#17693=GENERAL_PROPERTY('','TITLE','user defined attribute');
#17694=GENERAL_PROPERTY_ASSOCIATION('user defined attribute','',#17693,#17692);
#17696=GENERAL_PROPERTY('','DWG_NO','user defined attribute');
#17697=GENERAL_PROPERTY_ASSOCIATION('user defined attribute','',#17696,#17695);
#17698=DESCRIPTIVE_REPRESENTATION_ITEM('DWG_NO','4222901');
#17702=GENERAL_PROPERTY('','REV','user defined attribute');
#17703=GENERAL_PROPERTY_ASSOCIATION('user defined attribute','',#17702,#17701);
#17704=DESCRIPTIVE_REPRESENTATION_ITEM('REV','A');
#17708=GENERAL_PROPERTY('','AUTHOR','user defined attribute');
#17709=GENERAL_PROPERTY_ASSOCIATION('user defined attribute','',#17708,#17707);
#17710=DESCRIPTIVE_REPRESENTATION_ITEM('AUTHOR','T. LEQUANG');
#17714=GENERAL_PROPERTY('','DATE','user defined attribute');
#17715=GENERAL_PROPERTY_ASSOCIATION('user defined attribute','',#17714,#17713);
#17716=DESCRIPTIVE_REPRESENTATION_ITEM('DATE','05/02/2016');
#17720=GENERAL_PROPERTY('','DCHK','user defined attribute');
#17721=GENERAL_PROPERTY_ASSOCIATION('user defined attribute','',#17720,#17719);
#17722=DESCRIPTIVE_REPRESENTATION_ITEM('DCHK','K. SINCERBOX & V. PAKU');
#17726=GENERAL_PROPERTY('','DCHK_DATE','user defined attribute');
#17727=GENERAL_PROPERTY_ASSOCIATION('user defined attribute','',#17726,#17725);
#17728=DESCRIPTIVE_REPRESENTATION_ITEM('DCHK_DATE','04/21/2016');
#17732=GENERAL_PROPERTY('','ECHK','user defined attribute');
#17733=GENERAL_PROPERTY_ASSOCIATION('user defined attribute','',#17732,#17731);
#17734=DESCRIPTIVE_REPRESENTATION_ITEM('ECHK','S. KHAN');
#17738=GENERAL_PROPERTY('','ECHK_DATE','user defined attribute');
#17739=GENERAL_PROPERTY_ASSOCIATION('user defined attribute','',#17738,#17737);
#17740=DESCRIPTIVE_REPRESENTATION_ITEM('ECHK_DATE','05/02/2016');
#17744=GENERAL_PROPERTY('','DESG','user defined attribute');
#17745=GENERAL_PROPERTY_ASSOCIATION('user defined attribute','',#17744,#17743);
#17746=DESCRIPTIVE_REPRESENTATION_ITEM('DESG','RJA0040A');
#17750=GENERAL_PROPERTY('','TI_PACKAGE_NAME','user defined attribute');
#17751=GENERAL_PROPERTY_ASSOCIATION('user defined attribute','',#17750,#17749);
#17752=DESCRIPTIVE_REPRESENTATION_ITEM('TI_PACKAGE_NAME',
'VQFN - 1 mm max height');
#17756=GENERAL_PROPERTY('','INDUSTRY_NAME','user defined attribute');
#17757=GENERAL_PROPERTY_ASSOCIATION('user defined attribute','',#17756,#17755);
#17758=DESCRIPTIVE_REPRESENTATION_ITEM('INDUSTRY_NAME',
'PLASTIC QUAD FLATPACK - NO LEAD');
#17762=GENERAL_PROPERTY('','RELEASED','user defined attribute');
#17763=GENERAL_PROPERTY_ASSOCIATION('user defined attribute','',#17762,#17761);
#17764=DESCRIPTIVE_REPRESENTATION_ITEM('RELEASED','WDM');
#17768=GENERAL_PROPERTY('','DESIGNER','user defined attribute');
#17769=GENERAL_PROPERTY_ASSOCIATION('user defined attribute','',#17768,#17767);
#17770=DESCRIPTIVE_REPRESENTATION_ITEM('DESIGNER','');
#17774=GENERAL_PROPERTY('','APPROVER','user defined attribute');
#17775=GENERAL_PROPERTY_ASSOCIATION('user defined attribute','',#17774,#17773);
#17776=DESCRIPTIVE_REPRESENTATION_ITEM('APPROVER','E. REY & D. CHIN');
#17780=GENERAL_PROPERTY('','DES_DATE','user defined attribute');
#17781=GENERAL_PROPERTY_ASSOCIATION('user defined attribute','',#17780,#17779);
#17782=DESCRIPTIVE_REPRESENTATION_ITEM('DES_DATE','');
#17786=GENERAL_PROPERTY('','APP_DATE','user defined attribute');
#17787=GENERAL_PROPERTY_ASSOCIATION('user defined attribute','',#17786,#17785);
#17788=DESCRIPTIVE_REPRESENTATION_ITEM('APP_DATE','05/02/2016');
#17792=GENERAL_PROPERTY('','REL_DATE','user defined attribute');
#17793=GENERAL_PROPERTY_ASSOCIATION('user defined attribute','',#17792,#17791);
#17794=DESCRIPTIVE_REPRESENTATION_ITEM('REL_DATE','05/02/2016');
#17798=GENERAL_PROPERTY('','PKG_NAME','user defined attribute');
#17799=GENERAL_PROPERTY_ASSOCIATION('user defined attribute','',#17798,#17797);
#17800=DESCRIPTIVE_REPRESENTATION_ITEM('PKG_NAME','VQFN');
#17804=GENERAL_PROPERTY('','MM_YYYY','user defined attribute');
#17805=GENERAL_PROPERTY_ASSOCIATION('user defined attribute','',#17804,#17803);
#17806=DESCRIPTIVE_REPRESENTATION_ITEM('MM_YYYY','05/2016');
#17810=GENERAL_PROPERTY('','LD_CNT','user defined attribute');
#17811=GENERAL_PROPERTY_ASSOCIATION('user defined attribute','',#17810,#17809);
#17812=VALUE_REPRESENTATION_ITEM('LD_CNT',NUMERIC_MEASURE(4.E1));
#17815=DESCRIPTIVE_REPRESENTATION_ITEM('attribute description','Real Number');
#17820=GENERAL_PROPERTY('','LDNO2','user defined attribute');
#17821=GENERAL_PROPERTY_ASSOCIATION('user defined attribute','',#17820,#17819);
#17822=VALUE_REPRESENTATION_ITEM('LDNO2',NUMERIC_MEASURE(1.E1));
#17825=DESCRIPTIVE_REPRESENTATION_ITEM('attribute description','Real Number');
#17830=GENERAL_PROPERTY('','LDNO3','user defined attribute');
#17831=GENERAL_PROPERTY_ASSOCIATION('user defined attribute','',#17830,#17829);
#17832=VALUE_REPRESENTATION_ITEM('LDNO3',NUMERIC_MEASURE(1.1E1));
#17835=DESCRIPTIVE_REPRESENTATION_ITEM('attribute description','Real Number');
#17840=GENERAL_PROPERTY('','LDNO4','user defined attribute');
#17841=GENERAL_PROPERTY_ASSOCIATION('user defined attribute','',#17840,#17839);
#17842=VALUE_REPRESENTATION_ITEM('LDNO4',NUMERIC_MEASURE(2.E1));
#17845=DESCRIPTIVE_REPRESENTATION_ITEM('attribute description','Real Number');
#17850=GENERAL_PROPERTY('','LDNO5','user defined attribute');
#17851=GENERAL_PROPERTY_ASSOCIATION('user defined attribute','',#17850,#17849);
#17852=VALUE_REPRESENTATION_ITEM('LDNO5',NUMERIC_MEASURE(2.1E1));
#17855=DESCRIPTIVE_REPRESENTATION_ITEM('attribute description','Real Number');
#17860=GENERAL_PROPERTY('','LDNO6','user defined attribute');
#17861=GENERAL_PROPERTY_ASSOCIATION('user defined attribute','',#17860,#17859);
#17862=VALUE_REPRESENTATION_ITEM('LDNO6',NUMERIC_MEASURE(3.E1));
#17865=DESCRIPTIVE_REPRESENTATION_ITEM('attribute description','Real Number');
#17870=GENERAL_PROPERTY('','LDNO7','user defined attribute');
#17871=GENERAL_PROPERTY_ASSOCIATION('user defined attribute','',#17870,#17869);
#17872=VALUE_REPRESENTATION_ITEM('LDNO7',NUMERIC_MEASURE(3.1E1));
#17875=DESCRIPTIVE_REPRESENTATION_ITEM('attribute description','Real Number');
#17880=GENERAL_PROPERTY('','LDPITCH_CNT','user defined attribute');
#17881=GENERAL_PROPERTY_ASSOCIATION('user defined attribute','',#17880,#17879);
#17882=VALUE_REPRESENTATION_ITEM('LDPITCH_CNT',NUMERIC_MEASURE(3.6E1));
#17885=DESCRIPTIVE_REPRESENTATION_ITEM('attribute description','Real Number');
#17890=GENERAL_PROPERTY('','LD_PITCH','user defined attribute');
#17891=GENERAL_PROPERTY_ASSOCIATION('user defined attribute','',#17890,#17889);
#17892=VALUE_REPRESENTATION_ITEM('LD_PITCH',NUMERIC_MEASURE(5.E-1));
#17895=DESCRIPTIVE_REPRESENTATION_ITEM('attribute description','Real Number');
#17900=GENERAL_PROPERTY('','AMAX','user defined attribute');
#17901=GENERAL_PROPERTY_ASSOCIATION('user defined attribute','',#17900,#17899);
#17902=VALUE_REPRESENTATION_ITEM('AMAX',NUMERIC_MEASURE(1.E0));
#17905=DESCRIPTIVE_REPRESENTATION_ITEM('attribute description','Real Number');
#17910=GENERAL_PROPERTY('','TMPAD_NO','user defined attribute');
#17911=GENERAL_PROPERTY_ASSOCIATION('user defined attribute','',#17910,#17909);
#17912=VALUE_REPRESENTATION_ITEM('TMPAD_NO',NUMERIC_MEASURE(4.1E1));
#17915=DESCRIPTIVE_REPRESENTATION_ITEM('attribute description','Real Number');
#1=COLOUR_RGB('',0.E0,4.3E-1,1.E0);
#2=COLOUR_RGB('',0.E0,6.6E-1,0.E0);
#3=COLOUR_RGB('',1.29412E-1,5.E-2,1.E-1);
#4=COLOUR_RGB('',1.80392E-1,2.7451E-1,9.8039E-2);
#5=COLOUR_RGB('',2.54902E-1,5.4902E-1,0.E0);
#6=COLOUR_RGB('',2.7451E-1,2.7451E-1,2.7451E-1);
#7=COLOUR_RGB('',3.E-1,1.29412E-1,2.5098E-1);
#8=COLOUR_RGB('',3.13725E-1,3.13725E-1,3.13725E-1);
#9=COLOUR_RGB('',3.5E-1,3.5E-1,3.5E-1);
#10=COLOUR_RGB('',3.92157E-1,3.92157E-1,3.92157E-1);
#11=COLOUR_RGB('',5.7E-1,0.E0,1.E0);
#12=COLOUR_RGB('',5.9E-1,3.E-1,0.E0);
#13=COLOUR_RGB('',6.E-1,6.E-1,6.E-1);
#14=COLOUR_RGB('',6.9E-1,0.E0,0.E0);
#15=COLOUR_RGB('',6.952E-1,7.426E-1,7.9E-1);
#16=COLOUR_RGB('',7.E-1,7.E-1,7.E-1);
#17=COLOUR_RGB('',7.45098E-1,3.92157E-1,2.94118E-1);
#18=COLOUR_RGB('',8.27451E-1,3.29412E-1,7.0588E-2);
#19=COLOUR_RGB('',8.39216E-1,8.90196E-1,7.68627E-1);
#20=COLOUR_RGB('',8.7E-1,7.5E-1,4.9E-1);
#21=COLOUR_RGB('',8.9E-1,9.2E-1,9.4E-1);
#22=COLOUR_RGB('',9.80392E-1,9.80392E-1,9.80392E-1);
#23=COLOUR_RGB('',9.9E-1,1.E0,0.E0);
#24=COLOUR_RGB('',1.E0,5.E-1,0.E0);
#25=COLOUR_RGB('',1.E0,7.84314E-1,0.E0);
#26=DRAUGHTING_PRE_DEFINED_COLOUR('white');
#27=COLOUR_RGB('',8.5E-1,8.5E-1,8.5E-1);
#48=CIRCLE('',#47,1.2E-1);
#77=CIRCLE('',#76,1.2E-1);
#106=CIRCLE('',#105,1.2E-1);
#135=CIRCLE('',#134,1.2E-1);
#164=CIRCLE('',#163,1.2E-1);
#193=CIRCLE('',#192,1.2E-1);
#222=CIRCLE('',#221,1.2E-1);
#251=CIRCLE('',#250,1.2E-1);
#280=CIRCLE('',#279,1.2E-1);
#309=CIRCLE('',#308,1.2E-1);
#345=CIRCLE('',#344,1.2E-1);
#374=CIRCLE('',#373,1.2E-1);
#403=CIRCLE('',#402,1.2E-1);
#432=CIRCLE('',#431,1.2E-1);
#461=CIRCLE('',#460,1.2E-1);
#490=CIRCLE('',#489,1.2E-1);
#519=CIRCLE('',#518,1.2E-1);
#548=CIRCLE('',#547,1.2E-1);
#577=CIRCLE('',#576,1.2E-1);
#606=CIRCLE('',#605,1.2E-1);
#642=CIRCLE('',#641,1.2E-1);
#671=CIRCLE('',#670,1.2E-1);
#700=CIRCLE('',#699,1.2E-1);
#729=CIRCLE('',#728,1.2E-1);
#758=CIRCLE('',#757,1.2E-1);
#787=CIRCLE('',#786,1.2E-1);
#816=CIRCLE('',#815,1.2E-1);
#845=CIRCLE('',#844,1.2E-1);
#874=CIRCLE('',#873,1.2E-1);
#903=CIRCLE('',#902,1.2E-1);
#939=CIRCLE('',#938,1.2E-1);
#968=CIRCLE('',#967,1.2E-1);
#997=CIRCLE('',#996,1.2E-1);
#1026=CIRCLE('',#1025,1.2E-1);
#1055=CIRCLE('',#1054,1.2E-1);
#1084=CIRCLE('',#1083,1.2E-1);
#1113=CIRCLE('',#1112,1.2E-1);
#1142=CIRCLE('',#1141,1.2E-1);
#1171=CIRCLE('',#1170,1.2E-1);
#1200=CIRCLE('',#1199,1.2E-1);
#1453=CIRCLE('',#1452,1.2E-1);
#1531=CIRCLE('',#1530,1.2E-1);
#1581=CIRCLE('',#1580,1.2E-1);
#1638=CIRCLE('',#1637,1.2E-1);
#1681=CIRCLE('',#1680,1.2E-1);
#1731=CIRCLE('',#1730,1.2E-1);
#1781=CIRCLE('',#1780,1.2E-1);
#1831=CIRCLE('',#1830,1.2E-1);
#1881=CIRCLE('',#1880,1.2E-1);
#1931=CIRCLE('',#1930,1.2E-1);
#2030=CIRCLE('',#2029,1.2E-1);
#2108=CIRCLE('',#2107,1.2E-1);
#2158=CIRCLE('',#2157,1.2E-1);
#2208=CIRCLE('',#2207,1.2E-1);
#2258=CIRCLE('',#2257,1.2E-1);
#2308=CIRCLE('',#2307,1.2E-1);
#2358=CIRCLE('',#2357,1.2E-1);
#2408=CIRCLE('',#2407,1.2E-1);
#2458=CIRCLE('',#2457,1.2E-1);
#2508=CIRCLE('',#2507,1.2E-1);
#2635=CIRCLE('',#2634,1.2E-1);
#2734=CIRCLE('',#2733,1.2E-1);
#2840=CIRCLE('',#2839,1.2E-1);
#2890=CIRCLE('',#2889,1.2E-1);
#2940=CIRCLE('',#2939,1.2E-1);
#2990=CIRCLE('',#2989,1.2E-1);
#3040=CIRCLE('',#3039,1.2E-1);
#3090=CIRCLE('',#3089,1.2E-1);
#3140=CIRCLE('',#3139,1.2E-1);
#3190=CIRCLE('',#3189,1.2E-1);
#3240=CIRCLE('',#3239,1.2E-1);
#3290=CIRCLE('',#3289,1.2E-1);
#3340=CIRCLE('',#3339,1.2E-1);
#3390=CIRCLE('',#3389,1.2E-1);
#3440=CIRCLE('',#3439,1.2E-1);
#3490=CIRCLE('',#3489,1.2E-1);
#3540=CIRCLE('',#3539,1.2E-1);
#3590=CIRCLE('',#3589,1.2E-1);
#3640=CIRCLE('',#3639,1.2E-1);
#3690=CIRCLE('',#3689,1.2E-1);
#4840=EDGE_CURVE('',#4088,#4096,#32,.T.);
#4842=EDGE_CURVE('',#4096,#4444,#40,.T.);
#4844=EDGE_CURVE('',#4444,#4446,#48,.T.);
#4846=EDGE_CURVE('',#4099,#4446,#55,.T.);
#4848=EDGE_CURVE('',#4099,#4100,#62,.T.);
#4850=EDGE_CURVE('',#4100,#4440,#69,.T.);
#4852=EDGE_CURVE('',#4440,#4442,#77,.T.);
#4854=EDGE_CURVE('',#4103,#4442,#84,.T.);
#4856=EDGE_CURVE('',#4103,#4104,#91,.T.);
#4858=EDGE_CURVE('',#4104,#4436,#98,.T.);
#4860=EDGE_CURVE('',#4436,#4438,#106,.T.);
#4862=EDGE_CURVE('',#4107,#4438,#113,.T.);
#4864=EDGE_CURVE('',#4107,#4108,#120,.T.);
#4866=EDGE_CURVE('',#4108,#4432,#127,.T.);
#4868=EDGE_CURVE('',#4432,#4434,#135,.T.);
#4870=EDGE_CURVE('',#4111,#4434,#142,.T.);
#4872=EDGE_CURVE('',#4111,#4112,#149,.T.);
#4874=EDGE_CURVE('',#4112,#4428,#156,.T.);
#4876=EDGE_CURVE('',#4428,#4430,#164,.T.);
#4878=EDGE_CURVE('',#4115,#4430,#171,.T.);
#4880=EDGE_CURVE('',#4115,#4116,#178,.T.);
#4882=EDGE_CURVE('',#4116,#4344,#185,.T.);
#4884=EDGE_CURVE('',#4344,#4346,#193,.T.);
#4886=EDGE_CURVE('',#4348,#4346,#200,.T.);
#4888=EDGE_CURVE('',#4348,#4337,#207,.T.);
#4890=EDGE_CURVE('',#4337,#4338,#214,.T.);
#4892=EDGE_CURVE('',#4338,#4340,#222,.T.);
#4894=EDGE_CURVE('',#4342,#4340,#229,.T.);
#4896=EDGE_CURVE('',#4342,#4329,#236,.T.);
#4898=EDGE_CURVE('',#4329,#4330,#243,.T.);
#4900=EDGE_CURVE('',#4330,#4332,#251,.T.);
#4902=EDGE_CURVE('',#4334,#4332,#258,.T.);
#4904=EDGE_CURVE('',#4334,#4321,#265,.T.);
#4906=EDGE_CURVE('',#4321,#4322,#272,.T.);
#4908=EDGE_CURVE('',#4322,#4324,#280,.T.);
#4910=EDGE_CURVE('',#4326,#4324,#287,.T.);
#4912=EDGE_CURVE('',#4326,#4313,#294,.T.);
#4914=EDGE_CURVE('',#4313,#4314,#301,.T.);
#4916=EDGE_CURVE('',#4314,#4316,#309,.T.);
#4918=EDGE_CURVE('',#4318,#4316,#316,.T.);
#4920=EDGE_CURVE('',#4318,#4090,#323,.T.);
#4922=EDGE_CURVE('',#4090,#4118,#330,.T.);
#4924=EDGE_CURVE('',#4118,#4568,#337,.T.);
#4926=EDGE_CURVE('',#4568,#4570,#345,.T.);
#4928=EDGE_CURVE('',#4121,#4570,#352,.T.);
#4930=EDGE_CURVE('',#4121,#4122,#359,.T.);
#4932=EDGE_CURVE('',#4122,#4572,#366,.T.);
#4934=EDGE_CURVE('',#4572,#4574,#374,.T.);
#4936=EDGE_CURVE('',#4125,#4574,#381,.T.);
#4938=EDGE_CURVE('',#4125,#4126,#388,.T.);
#4940=EDGE_CURVE('',#4126,#4576,#395,.T.);
#4942=EDGE_CURVE('',#4576,#4578,#403,.T.);
#4944=EDGE_CURVE('',#4129,#4578,#410,.T.);
#4946=EDGE_CURVE('',#4129,#4130,#417,.T.);
#4948=EDGE_CURVE('',#4130,#4580,#424,.T.);
#4950=EDGE_CURVE('',#4580,#4582,#432,.T.);
#4952=EDGE_CURVE('',#4133,#4582,#439,.T.);
#4954=EDGE_CURVE('',#4133,#4134,#446,.T.);
#4956=EDGE_CURVE('',#4134,#4584,#453,.T.);
#4958=EDGE_CURVE('',#4584,#4586,#461,.T.);
#4960=EDGE_CURVE('',#4137,#4586,#468,.T.);
#4962=EDGE_CURVE('',#4137,#4138,#475,.T.);
#4964=EDGE_CURVE('',#4138,#4588,#482,.T.);
#4966=EDGE_CURVE('',#4588,#4590,#490,.T.);
#4968=EDGE_CURVE('',#4141,#4590,#497,.T.);
#4970=EDGE_CURVE('',#4141,#4142,#504,.T.);
#4972=EDGE_CURVE('',#4142,#4592,#511,.T.);
#4974=EDGE_CURVE('',#4592,#4594,#519,.T.);
#4976=EDGE_CURVE('',#4145,#4594,#526,.T.);
#4978=EDGE_CURVE('',#4145,#4146,#533,.T.);
#4980=EDGE_CURVE('',#4146,#4596,#540,.T.);
#4982=EDGE_CURVE('',#4596,#4598,#548,.T.);
#4984=EDGE_CURVE('',#4227,#4598,#555,.T.);
#4986=EDGE_CURVE('',#4227,#4228,#562,.T.);
#4988=EDGE_CURVE('',#4228,#4600,#569,.T.);
#4990=EDGE_CURVE('',#4600,#4602,#577,.T.);
#4992=EDGE_CURVE('',#4231,#4602,#584,.T.);
#4994=EDGE_CURVE('',#4231,#4232,#591,.T.);
#4996=EDGE_CURVE('',#4232,#4604,#598,.T.);
#4998=EDGE_CURVE('',#4604,#4606,#606,.T.);
#5000=EDGE_CURVE('',#4234,#4606,#613,.T.);
#5002=EDGE_CURVE('',#4234,#4092,#620,.T.);
#5004=EDGE_CURVE('',#4092,#4148,#627,.T.);
#5006=EDGE_CURVE('',#4148,#4208,#634,.T.);
#5008=EDGE_CURVE('',#4206,#4208,#642,.T.);
#5010=EDGE_CURVE('',#4151,#4206,#649,.T.);
#5012=EDGE_CURVE('',#4151,#4152,#656,.T.);
#5014=EDGE_CURVE('',#4152,#4212,#663,.T.);
#5016=EDGE_CURVE('',#4210,#4212,#671,.T.);
#5018=EDGE_CURVE('',#4155,#4210,#678,.T.);
#5020=EDGE_CURVE('',#4155,#4156,#685,.T.);
#5022=EDGE_CURVE('',#4156,#4216,#692,.T.);
#5024=EDGE_CURVE('',#4214,#4216,#700,.T.);
#5026=EDGE_CURVE('',#4159,#4214,#707,.T.);
#5028=EDGE_CURVE('',#4159,#4160,#714,.T.);
#5030=EDGE_CURVE('',#4160,#4220,#721,.T.);
#5032=EDGE_CURVE('',#4218,#4220,#729,.T.);
#5034=EDGE_CURVE('',#4163,#4218,#736,.T.);
#5036=EDGE_CURVE('',#4163,#4164,#743,.T.);
#5038=EDGE_CURVE('',#4164,#4224,#750,.T.);
#5040=EDGE_CURVE('',#4222,#4224,#758,.T.);
#5042=EDGE_CURVE('',#4167,#4222,#765,.T.);
#5044=EDGE_CURVE('',#4167,#4168,#772,.T.);
#5046=EDGE_CURVE('',#4168,#4394,#779,.T.);
#5048=EDGE_CURVE('',#4392,#4394,#787,.T.);
#5050=EDGE_CURVE('',#4391,#4392,#794,.T.);
#5052=EDGE_CURVE('',#4391,#4402,#801,.T.);
#5054=EDGE_CURVE('',#4402,#4400,#808,.T.);
#5056=EDGE_CURVE('',#4398,#4400,#816,.T.);
#5058=EDGE_CURVE('',#4397,#4398,#823,.T.);
#5060=EDGE_CURVE('',#4397,#4410,#830,.T.);
#5062=EDGE_CURVE('',#4410,#4408,#837,.T.);
#5064=EDGE_CURVE('',#4406,#4408,#845,.T.);
#5066=EDGE_CURVE('',#4405,#4406,#852,.T.);
#5068=EDGE_CURVE('',#4405,#4418,#859,.T.);
#5070=EDGE_CURVE('',#4418,#4416,#866,.T.);
#5072=EDGE_CURVE('',#4414,#4416,#874,.T.);
#5074=EDGE_CURVE('',#4413,#4414,#881,.T.);
#5076=EDGE_CURVE('',#4413,#4426,#888,.T.);
#5078=EDGE_CURVE('',#4426,#4424,#895,.T.);
#5080=EDGE_CURVE('',#4422,#4424,#903,.T.);
#5082=EDGE_CURVE('',#4421,#4422,#910,.T.);
#5084=EDGE_CURVE('',#4421,#4094,#917,.T.);
#5086=EDGE_CURVE('',#4094,#4170,#924,.T.);
#5088=EDGE_CURVE('',#4170,#4566,#931,.T.);
#5090=EDGE_CURVE('',#4564,#4566,#939,.T.);
#5092=EDGE_CURVE('',#4173,#4564,#946,.T.);
#5094=EDGE_CURVE('',#4173,#4174,#953,.T.);
#5096=EDGE_CURVE('',#4174,#4562,#960,.T.);
#5098=EDGE_CURVE('',#4560,#4562,#968,.T.);
#5100=EDGE_CURVE('',#4177,#4560,#975,.T.);
#5102=EDGE_CURVE('',#4177,#4178,#982,.T.);
#5104=EDGE_CURVE('',#4178,#4558,#989,.T.);
#5106=EDGE_CURVE('',#4556,#4558,#997,.T.);
#5108=EDGE_CURVE('',#4181,#4556,#1004,.T.);
#5110=EDGE_CURVE('',#4181,#4182,#1011,.T.);
#5112=EDGE_CURVE('',#4182,#4554,#1018,.T.);
#5114=EDGE_CURVE('',#4552,#4554,#1026,.T.);
#5116=EDGE_CURVE('',#4185,#4552,#1033,.T.);
#5118=EDGE_CURVE('',#4185,#4186,#1040,.T.);
#5120=EDGE_CURVE('',#4186,#4550,#1047,.T.);
#5122=EDGE_CURVE('',#4548,#4550,#1055,.T.);
#5124=EDGE_CURVE('',#4189,#4548,#1062,.T.);
#5126=EDGE_CURVE('',#4189,#4190,#1069,.T.);
#5128=EDGE_CURVE('',#4190,#4546,#1076,.T.);
#5130=EDGE_CURVE('',#4544,#4546,#1084,.T.);
#5132=EDGE_CURVE('',#4193,#4544,#1091,.T.);
#5134=EDGE_CURVE('',#4193,#4194,#1098,.T.);
#5136=EDGE_CURVE('',#4194,#4542,#1105,.T.);
#5138=EDGE_CURVE('',#4540,#4542,#1113,.T.);
#5140=EDGE_CURVE('',#4197,#4540,#1120,.T.);
#5142=EDGE_CURVE('',#4197,#4198,#1127,.T.);
#5144=EDGE_CURVE('',#4198,#4538,#1134,.T.);
#5146=EDGE_CURVE('',#4536,#4538,#1142,.T.);
#5148=EDGE_CURVE('',#4237,#4536,#1149,.T.);
#5150=EDGE_CURVE('',#4237,#4238,#1156,.T.);
#5152=EDGE_CURVE('',#4238,#4534,#1163,.T.);
#5154=EDGE_CURVE('',#4532,#4534,#1171,.T.);
#5156=EDGE_CURVE('',#4241,#4532,#1178,.T.);
#5158=EDGE_CURVE('',#4241,#4242,#1185,.T.);
#5160=EDGE_CURVE('',#4242,#4530,#1192,.T.);
#5162=EDGE_CURVE('',#4528,#4530,#1200,.T.);
#5164=EDGE_CURVE('',#4244,#4528,#1207,.T.);
#5166=EDGE_CURVE('',#4244,#4088,#1214,.T.);
#5170=EDGE_CURVE('',#4253,#4254,#1221,.T.);
#5172=EDGE_CURVE('',#4260,#4253,#1228,.T.);
#5174=EDGE_CURVE('',#4258,#4260,#1235,.T.);
#5176=EDGE_CURVE('',#4257,#4258,#1242,.T.);
#5178=EDGE_CURVE('',#4254,#4257,#1249,.T.);
#5182=EDGE_CURVE('',#4773,#4774,#1256,.T.);
#5184=EDGE_CURVE('',#4778,#4773,#1263,.T.);
#5186=EDGE_CURVE('',#4776,#4778,#1270,.T.);
#5188=EDGE_CURVE('',#4774,#4776,#1277,.T.);
#5192=EDGE_CURVE('',#4781,#4782,#1284,.T.);
#5194=EDGE_CURVE('',#4786,#4781,#1291,.T.);
#5196=EDGE_CURVE('',#4784,#4786,#1298,.T.);
#5198=EDGE_CURVE('',#4782,#4784,#1305,.T.);
#5202=EDGE_CURVE('',#4789,#4790,#1312,.T.);
#5204=EDGE_CURVE('',#4794,#4789,#1319,.T.);
#5206=EDGE_CURVE('',#4792,#4794,#1326,.T.);
#5208=EDGE_CURVE('',#4790,#4792,#1333,.T.);
#5212=EDGE_CURVE('',#4797,#4798,#1340,.T.);
#5214=EDGE_CURVE('',#4802,#4797,#1347,.T.);
#5216=EDGE_CURVE('',#4800,#4802,#1354,.T.);
#5218=EDGE_CURVE('',#4798,#4800,#1361,.T.);
#5222=ADVANCED_FACE('',(#5169,#5181,#5191,#5201,#5211,#5221),#4839,.F.);
#5228=EDGE_CURVE('',#4371,#4372,#1368,.T.);
#5230=EDGE_CURVE('',#4313,#4372,#1488,.T.);
#5233=EDGE_CURVE('',#4375,#4326,#1502,.T.);
#5235=EDGE_CURVE('',#4375,#4376,#1375,.T.);
#5237=EDGE_CURVE('',#4321,#4376,#1516,.T.);
#5240=EDGE_CURVE('',#4379,#4334,#1552,.T.);
#5242=EDGE_CURVE('',#4379,#4380,#1382,.T.);
#5244=EDGE_CURVE('',#4329,#4380,#1566,.T.);
#5247=EDGE_CURVE('',#4388,#4342,#1602,.T.);
#5249=EDGE_CURVE('',#4388,#4386,#1389,.T.);
#5251=EDGE_CURVE('',#4337,#4386,#1616,.T.);
#5254=EDGE_CURVE('',#4383,#4348,#1652,.T.);
#5256=EDGE_CURVE('',#4383,#4384,#1396,.T.);
#5258=EDGE_CURVE('',#4116,#4384,#1666,.T.);
#5261=EDGE_CURVE('',#4489,#4115,#1702,.T.);
#5263=EDGE_CURVE('',#4489,#4490,#1403,.T.);
#5265=EDGE_CURVE('',#4112,#4490,#1716,.T.);
#5268=EDGE_CURVE('',#4493,#4111,#1752,.T.);
#5270=EDGE_CURVE('',#4493,#4494,#1410,.T.);
#5272=EDGE_CURVE('',#4108,#4494,#1766,.T.);
#5275=EDGE_CURVE('',#4497,#4107,#1802,.T.);
#5277=EDGE_CURVE('',#4497,#4498,#1417,.T.);
#5279=EDGE_CURVE('',#4104,#4498,#1816,.T.);
#5282=EDGE_CURVE('',#4501,#4103,#1852,.T.);
#5284=EDGE_CURVE('',#4501,#4502,#1424,.T.);
#5286=EDGE_CURVE('',#4100,#4502,#1866,.T.);
#5289=EDGE_CURVE('',#4505,#4099,#1902,.T.);
#5291=EDGE_CURVE('',#4505,#4506,#1431,.T.);
#5293=EDGE_CURVE('',#4096,#4506,#1916,.T.);
#5296=EDGE_CURVE('',#4088,#4081,#1438,.T.);
#5298=EDGE_CURVE('',#4081,#4082,#2776,.T.);
#5300=EDGE_CURVE('',#4090,#4082,#2656,.T.);
#5303=EDGE_CURVE('',#4371,#4318,#1474,.T.);
#5307=ADVANCED_FACE('',(#5306),#5227,.T.);
#5314=EDGE_CURVE('',#4352,#4371,#1445,.T.);
#5316=EDGE_CURVE('',#4351,#4352,#1453,.T.);
#5318=EDGE_CURVE('',#4372,#4351,#1460,.T.);
#5322=ADVANCED_FACE('',(#5321),#5312,.T.);
#5328=EDGE_CURVE('',#4316,#4352,#1467,.T.);
#5335=ADVANCED_FACE('',(#5334),#5327,.T.);
#5341=EDGE_CURVE('',#4314,#4351,#1481,.T.);
#5348=ADVANCED_FACE('',(#5347),#5340,.F.);
#5360=ADVANCED_FACE('',(#5359),#5353,.T.);
#5366=EDGE_CURVE('',#4324,#4356,#1495,.T.);
#5368=EDGE_CURVE('',#4356,#4375,#1523,.T.);
#5374=ADVANCED_FACE('',(#5373),#5365,.T.);
#5380=EDGE_CURVE('',#4322,#4355,#1509,.T.);
#5382=EDGE_CURVE('',#4355,#4356,#1531,.T.);
#5388=ADVANCED_FACE('',(#5387),#5379,.F.);
#5395=EDGE_CURVE('',#4376,#4355,#1538,.T.);
#5401=ADVANCED_FACE('',(#5400),#5393,.T.);
#5413=ADVANCED_FACE('',(#5412),#5406,.T.);
#5419=EDGE_CURVE('',#4332,#4360,#1545,.T.);
#5421=EDGE_CURVE('',#4360,#4379,#1573,.T.);
#5427=ADVANCED_FACE('',(#5426),#5418,.T.);
#5433=EDGE_CURVE('',#4330,#4359,#1559,.T.);
#5435=EDGE_CURVE('',#4359,#4360,#1581,.T.);
#5441=ADVANCED_FACE('',(#5440),#5432,.F.);
#5448=EDGE_CURVE('',#4380,#4359,#1588,.T.);
#5454=ADVANCED_FACE('',(#5453),#5446,.T.);
#5466=ADVANCED_FACE('',(#5465),#5459,.T.);
#5472=EDGE_CURVE('',#4340,#4364,#1595,.T.);
#5474=EDGE_CURVE('',#4364,#4388,#1630,.T.);
#5480=ADVANCED_FACE('',(#5479),#5471,.T.);
#5486=EDGE_CURVE('',#4338,#4363,#1609,.T.);
#5488=EDGE_CURVE('',#4363,#4364,#1638,.T.);
#5494=ADVANCED_FACE('',(#5493),#5485,.F.);
#5501=EDGE_CURVE('',#4386,#4363,#1623,.T.);
#5507=ADVANCED_FACE('',(#5506),#5499,.T.);
#5519=ADVANCED_FACE('',(#5518),#5512,.T.);
#5525=EDGE_CURVE('',#4346,#4368,#1645,.T.);
#5527=EDGE_CURVE('',#4368,#4383,#1673,.T.);
#5533=ADVANCED_FACE('',(#5532),#5524,.T.);
#5539=EDGE_CURVE('',#4344,#4367,#1659,.T.);
#5541=EDGE_CURVE('',#4367,#4368,#1681,.T.);
#5547=ADVANCED_FACE('',(#5546),#5538,.F.);
#5554=EDGE_CURVE('',#4384,#4367,#1688,.T.);
#5560=ADVANCED_FACE('',(#5559),#5552,.T.);
#5572=ADVANCED_FACE('',(#5571),#5565,.T.);
#5578=EDGE_CURVE('',#4430,#4470,#1695,.T.);
#5580=EDGE_CURVE('',#4470,#4489,#1723,.T.);
#5586=ADVANCED_FACE('',(#5585),#5577,.T.);
#5592=EDGE_CURVE('',#4428,#4469,#1709,.T.);
#5594=EDGE_CURVE('',#4469,#4470,#1731,.T.);
#5600=ADVANCED_FACE('',(#5599),#5591,.F.);
#5607=EDGE_CURVE('',#4490,#4469,#1738,.T.);
#5613=ADVANCED_FACE('',(#5612),#5605,.T.);
#5625=ADVANCED_FACE('',(#5624),#5618,.T.);
#5631=EDGE_CURVE('',#4434,#4474,#1745,.T.);
#5633=EDGE_CURVE('',#4474,#4493,#1773,.T.);
#5639=ADVANCED_FACE('',(#5638),#5630,.T.);
#5645=EDGE_CURVE('',#4432,#4473,#1759,.T.);
#5647=EDGE_CURVE('',#4473,#4474,#1781,.T.);
#5653=ADVANCED_FACE('',(#5652),#5644,.F.);
#5660=EDGE_CURVE('',#4494,#4473,#1788,.T.);
#5666=ADVANCED_FACE('',(#5665),#5658,.T.);
#5678=ADVANCED_FACE('',(#5677),#5671,.T.);
#5684=EDGE_CURVE('',#4438,#4478,#1795,.T.);
#5686=EDGE_CURVE('',#4478,#4497,#1823,.T.);
#5692=ADVANCED_FACE('',(#5691),#5683,.T.);
#5698=EDGE_CURVE('',#4436,#4477,#1809,.T.);
#5700=EDGE_CURVE('',#4477,#4478,#1831,.T.);
#5706=ADVANCED_FACE('',(#5705),#5697,.F.);
#5713=EDGE_CURVE('',#4498,#4477,#1838,.T.);
#5719=ADVANCED_FACE('',(#5718),#5711,.T.);
#5731=ADVANCED_FACE('',(#5730),#5724,.T.);
#5737=EDGE_CURVE('',#4442,#4482,#1845,.T.);
#5739=EDGE_CURVE('',#4482,#4501,#1873,.T.);
#5745=ADVANCED_FACE('',(#5744),#5736,.T.);
#5751=EDGE_CURVE('',#4440,#4481,#1859,.T.);
#5753=EDGE_CURVE('',#4481,#4482,#1881,.T.);
#5759=ADVANCED_FACE('',(#5758),#5750,.F.);
#5766=EDGE_CURVE('',#4502,#4481,#1888,.T.);
#5772=ADVANCED_FACE('',(#5771),#5764,.T.);
#5784=ADVANCED_FACE('',(#5783),#5777,.T.);
#5790=EDGE_CURVE('',#4446,#4486,#1895,.T.);
#5792=EDGE_CURVE('',#4486,#4505,#1923,.T.);
#5798=ADVANCED_FACE('',(#5797),#5789,.T.);
#5804=EDGE_CURVE('',#4444,#4485,#1909,.T.);
#5806=EDGE_CURVE('',#4485,#4486,#1931,.T.);
#5812=ADVANCED_FACE('',(#5811),#5803,.F.);
#5819=EDGE_CURVE('',#4506,#4485,#1938,.T.);
#5825=ADVANCED_FACE('',(#5824),#5817,.T.);
#5837=ADVANCED_FACE('',(#5836),#5830,.T.);
#5843=EDGE_CURVE('',#4729,#4730,#1945,.T.);
#5845=EDGE_CURVE('',#4242,#4730,#2058,.T.);
#5848=EDGE_CURVE('',#4733,#4241,#2072,.T.);
#5850=EDGE_CURVE('',#4733,#4734,#1952,.T.);
#5852=EDGE_CURVE('',#4238,#4734,#2086,.T.);
#5855=EDGE_CURVE('',#4737,#4237,#2122,.T.);
#5857=EDGE_CURVE('',#4737,#4738,#1959,.T.);
#5859=EDGE_CURVE('',#4198,#4738,#2136,.T.);
#5862=EDGE_CURVE('',#4764,#4197,#2172,.T.);
#5864=EDGE_CURVE('',#4764,#4766,#1966,.T.);
#5866=EDGE_CURVE('',#4194,#4766,#2186,.T.);
#5869=EDGE_CURVE('',#4741,#4193,#2222,.T.);
#5871=EDGE_CURVE('',#4741,#4742,#1973,.T.);
#5873=EDGE_CURVE('',#4190,#4742,#2236,.T.);
#5876=EDGE_CURVE('',#4745,#4189,#2272,.T.);
#5878=EDGE_CURVE('',#4745,#4746,#1980,.T.);
#5880=EDGE_CURVE('',#4186,#4746,#2286,.T.);
#5883=EDGE_CURVE('',#4749,#4185,#2322,.T.);
#5885=EDGE_CURVE('',#4749,#4750,#1987,.T.);
#5887=EDGE_CURVE('',#4182,#4750,#2336,.T.);
#5890=EDGE_CURVE('',#4753,#4181,#2372,.T.);
#5892=EDGE_CURVE('',#4753,#4754,#1994,.T.);
#5894=EDGE_CURVE('',#4178,#4754,#2386,.T.);
#5897=EDGE_CURVE('',#4757,#4177,#2422,.T.);
#5899=EDGE_CURVE('',#4757,#4758,#2001,.T.);
#5901=EDGE_CURVE('',#4174,#4758,#2436,.T.);
#5904=EDGE_CURVE('',#4761,#4173,#2472,.T.);
#5906=EDGE_CURVE('',#4761,#4762,#2008,.T.);
#5908=EDGE_CURVE('',#4170,#4762,#2486,.T.);
#5911=EDGE_CURVE('',#4094,#4086,#2015,.T.);
#5913=EDGE_CURVE('',#4086,#4081,#2783,.T.);
#5917=EDGE_CURVE('',#4729,#4244,#2044,.T.);
#5921=ADVANCED_FACE('',(#5920),#5842,.T.);
#5928=EDGE_CURVE('',#4729,#4609,#2022,.T.);
#5930=EDGE_CURVE('',#4609,#4610,#2030,.T.);
#5932=EDGE_CURVE('',#4610,#4730,#2037,.T.);
#5936=ADVANCED_FACE('',(#5935),#5926,.F.);
#5942=EDGE_CURVE('',#4609,#4528,#2051,.T.);
#5949=ADVANCED_FACE('',(#5948),#5941,.F.);
#5955=EDGE_CURVE('',#4610,#4530,#2065,.T.);
#5962=ADVANCED_FACE('',(#5961),#5954,.F.);
#5974=ADVANCED_FACE('',(#5973),#5967,.F.);
#5980=EDGE_CURVE('',#4613,#4532,#2079,.T.);
#5982=EDGE_CURVE('',#4733,#4613,#2100,.T.);
#5988=ADVANCED_FACE('',(#5987),#5979,.F.);
#5994=EDGE_CURVE('',#4614,#4534,#2093,.T.);
#5996=EDGE_CURVE('',#4613,#4614,#2108,.T.);
#6002=ADVANCED_FACE('',(#6001),#5993,.F.);
#6009=EDGE_CURVE('',#4614,#4734,#2115,.T.);
#6015=ADVANCED_FACE('',(#6014),#6007,.F.);
#6027=ADVANCED_FACE('',(#6026),#6020,.F.);
#6033=EDGE_CURVE('',#4617,#4536,#2129,.T.);
#6035=EDGE_CURVE('',#4737,#4617,#2150,.T.);
#6041=ADVANCED_FACE('',(#6040),#6032,.F.);
#6047=EDGE_CURVE('',#4618,#4538,#2143,.T.);
#6049=EDGE_CURVE('',#4617,#4618,#2158,.T.);
#6055=ADVANCED_FACE('',(#6054),#6046,.F.);
#6062=EDGE_CURVE('',#4618,#4738,#2165,.T.);
#6068=ADVANCED_FACE('',(#6067),#6060,.F.);
#6080=ADVANCED_FACE('',(#6079),#6073,.F.);
#6086=EDGE_CURVE('',#4621,#4540,#2179,.T.);
#6088=EDGE_CURVE('',#4764,#4621,#2200,.T.);
#6094=ADVANCED_FACE('',(#6093),#6085,.F.);
#6100=EDGE_CURVE('',#4622,#4542,#2193,.T.);
#6102=EDGE_CURVE('',#4621,#4622,#2208,.T.);
#6108=ADVANCED_FACE('',(#6107),#6099,.F.);
#6115=EDGE_CURVE('',#4622,#4766,#2215,.T.);
#6121=ADVANCED_FACE('',(#6120),#6113,.F.);
#6133=ADVANCED_FACE('',(#6132),#6126,.F.);
#6139=EDGE_CURVE('',#4625,#4544,#2229,.T.);
#6141=EDGE_CURVE('',#4741,#4625,#2250,.T.);
#6147=ADVANCED_FACE('',(#6146),#6138,.F.);
#6153=EDGE_CURVE('',#4626,#4546,#2243,.T.);
#6155=EDGE_CURVE('',#4625,#4626,#2258,.T.);
#6161=ADVANCED_FACE('',(#6160),#6152,.F.);
#6168=EDGE_CURVE('',#4626,#4742,#2265,.T.);
#6174=ADVANCED_FACE('',(#6173),#6166,.F.);
#6186=ADVANCED_FACE('',(#6185),#6179,.F.);
#6192=EDGE_CURVE('',#4629,#4548,#2279,.T.);
#6194=EDGE_CURVE('',#4745,#4629,#2300,.T.);
#6200=ADVANCED_FACE('',(#6199),#6191,.F.);
#6206=EDGE_CURVE('',#4630,#4550,#2293,.T.);
#6208=EDGE_CURVE('',#4629,#4630,#2308,.T.);
#6214=ADVANCED_FACE('',(#6213),#6205,.F.);
#6221=EDGE_CURVE('',#4630,#4746,#2315,.T.);
#6227=ADVANCED_FACE('',(#6226),#6219,.F.);
#6239=ADVANCED_FACE('',(#6238),#6232,.F.);
#6245=EDGE_CURVE('',#4633,#4552,#2329,.T.);
#6247=EDGE_CURVE('',#4749,#4633,#2350,.T.);
#6253=ADVANCED_FACE('',(#6252),#6244,.F.);
#6259=EDGE_CURVE('',#4634,#4554,#2343,.T.);
#6261=EDGE_CURVE('',#4633,#4634,#2358,.T.);
#6267=ADVANCED_FACE('',(#6266),#6258,.F.);
#6274=EDGE_CURVE('',#4634,#4750,#2365,.T.);
#6280=ADVANCED_FACE('',(#6279),#6272,.F.);
#6292=ADVANCED_FACE('',(#6291),#6285,.F.);
#6298=EDGE_CURVE('',#4637,#4556,#2379,.T.);
#6300=EDGE_CURVE('',#4753,#4637,#2400,.T.);
#6306=ADVANCED_FACE('',(#6305),#6297,.F.);
#6312=EDGE_CURVE('',#4638,#4558,#2393,.T.);
#6314=EDGE_CURVE('',#4637,#4638,#2408,.T.);
#6320=ADVANCED_FACE('',(#6319),#6311,.F.);
#6327=EDGE_CURVE('',#4638,#4754,#2415,.T.);
#6333=ADVANCED_FACE('',(#6332),#6325,.F.);
#6345=ADVANCED_FACE('',(#6344),#6338,.F.);
#6351=EDGE_CURVE('',#4641,#4560,#2429,.T.);
#6353=EDGE_CURVE('',#4757,#4641,#2450,.T.);
#6359=ADVANCED_FACE('',(#6358),#6350,.F.);
#6365=EDGE_CURVE('',#4642,#4562,#2443,.T.);
#6367=EDGE_CURVE('',#4641,#4642,#2458,.T.);
#6373=ADVANCED_FACE('',(#6372),#6364,.F.);
#6380=EDGE_CURVE('',#4642,#4758,#2465,.T.);
#6386=ADVANCED_FACE('',(#6385),#6378,.F.);
#6398=ADVANCED_FACE('',(#6397),#6391,.F.);
#6404=EDGE_CURVE('',#4645,#4564,#2479,.T.);
#6406=EDGE_CURVE('',#4761,#4645,#2500,.T.);
#6412=ADVANCED_FACE('',(#6411),#6403,.F.);
#6418=EDGE_CURVE('',#4646,#4566,#2493,.T.);
#6420=EDGE_CURVE('',#4645,#4646,#2508,.T.);
#6426=ADVANCED_FACE('',(#6425),#6417,.F.);
#6433=EDGE_CURVE('',#4646,#4762,#2515,.T.);
#6439=ADVANCED_FACE('',(#6438),#6431,.F.);
#6451=ADVANCED_FACE('',(#6450),#6444,.F.);
#6457=EDGE_CURVE('',#4292,#4151,#2599,.T.);
#6459=EDGE_CURVE('',#4294,#4292,#2522,.T.);
#6461=EDGE_CURVE('',#4148,#4294,#2613,.T.);
#6464=EDGE_CURVE('',#4092,#4084,#2529,.T.);
#6466=EDGE_CURVE('',#4084,#4086,#2790,.T.);
#6470=EDGE_CURVE('',#4526,#4421,#3254,.T.);
#6472=EDGE_CURVE('',#4525,#4526,#2536,.T.);
#6474=EDGE_CURVE('',#4426,#4525,#3268,.T.);
#6477=EDGE_CURVE('',#4522,#4413,#3304,.T.);
#6479=EDGE_CURVE('',#4521,#4522,#2543,.T.);
#6481=EDGE_CURVE('',#4418,#4521,#3318,.T.);
#6484=EDGE_CURVE('',#4518,#4405,#3354,.T.);
#6486=EDGE_CURVE('',#4517,#4518,#2550,.T.);
#6488=EDGE_CURVE('',#4410,#4517,#3368,.T.);
#6491=EDGE_CURVE('',#4514,#4397,#3404,.T.);
#6493=EDGE_CURVE('',#4513,#4514,#2557,.T.);
#6495=EDGE_CURVE('',#4402,#4513,#3418,.T.);
#6498=EDGE_CURVE('',#4510,#4391,#3454,.T.);
#6500=EDGE_CURVE('',#4509,#4510,#2564,.T.);
#6502=EDGE_CURVE('',#4168,#4509,#3468,.T.);
#6505=EDGE_CURVE('',#4308,#4167,#3504,.T.);
#6507=EDGE_CURVE('',#4310,#4308,#2571,.T.);
#6509=EDGE_CURVE('',#4164,#4310,#3518,.T.);
#6512=EDGE_CURVE('',#4304,#4163,#3554,.T.);
#6514=EDGE_CURVE('',#4306,#4304,#2578,.T.);
#6516=EDGE_CURVE('',#4160,#4306,#3568,.T.);
#6519=EDGE_CURVE('',#4300,#4159,#3604,.T.);
#6521=EDGE_CURVE('',#4302,#4300,#2585,.T.);
#6523=EDGE_CURVE('',#4156,#4302,#3618,.T.);
#6526=EDGE_CURVE('',#4296,#4155,#3654,.T.);
#6528=EDGE_CURVE('',#4298,#4296,#2592,.T.);
#6530=EDGE_CURVE('',#4152,#4298,#3668,.T.);
#6535=ADVANCED_FACE('',(#6534),#6456,.T.);
#6541=EDGE_CURVE('',#4273,#4206,#2606,.T.);
#6543=EDGE_CURVE('',#4292,#4273,#2627,.T.);
#6549=ADVANCED_FACE('',(#6548),#6540,.F.);
#6555=EDGE_CURVE('',#4274,#4208,#2620,.T.);
#6557=EDGE_CURVE('',#4273,#4274,#2635,.T.);
#6563=ADVANCED_FACE('',(#6562),#6554,.F.);
#6570=EDGE_CURVE('',#4274,#4294,#2642,.T.);
#6576=ADVANCED_FACE('',(#6575),#6568,.F.);
#6588=ADVANCED_FACE('',(#6587),#6581,.F.);
#6594=EDGE_CURVE('',#4689,#4690,#2649,.T.);
#6596=EDGE_CURVE('',#4118,#4689,#2769,.T.);
#6600=EDGE_CURVE('',#4082,#4084,#2797,.T.);
#6604=EDGE_CURVE('',#4726,#4234,#2811,.T.);
#6606=EDGE_CURVE('',#4725,#4726,#2663,.T.);
#6608=EDGE_CURVE('',#4232,#4725,#2825,.T.);
#6611=EDGE_CURVE('',#4722,#4231,#2861,.T.);
#6613=EDGE_CURVE('',#4721,#4722,#2670,.T.);
#6615=EDGE_CURVE('',#4228,#4721,#2875,.T.);
#6618=EDGE_CURVE('',#4718,#4227,#2911,.T.);
#6620=EDGE_CURVE('',#4717,#4718,#2677,.T.);
#6622=EDGE_CURVE('',#4146,#4717,#2925,.T.);
#6625=EDGE_CURVE('',#4714,#4145,#2961,.T.);
#6627=EDGE_CURVE('',#4713,#4714,#2684,.T.);
#6629=EDGE_CURVE('',#4142,#4713,#2975,.T.);
#6632=EDGE_CURVE('',#4710,#4141,#3011,.T.);
#6634=EDGE_CURVE('',#4709,#4710,#2691,.T.);
#6636=EDGE_CURVE('',#4138,#4709,#3025,.T.);
#6639=EDGE_CURVE('',#4706,#4137,#3061,.T.);
#6641=EDGE_CURVE('',#4705,#4706,#2698,.T.);
#6643=EDGE_CURVE('',#4134,#4705,#3075,.T.);
#6646=EDGE_CURVE('',#4702,#4133,#3111,.T.);
#6648=EDGE_CURVE('',#4701,#4702,#2705,.T.);
#6650=EDGE_CURVE('',#4130,#4701,#3125,.T.);
#6653=EDGE_CURVE('',#4698,#4129,#3161,.T.);
#6655=EDGE_CURVE('',#4697,#4698,#2712,.T.);
#6657=EDGE_CURVE('',#4126,#4697,#3175,.T.);
#6660=EDGE_CURVE('',#4694,#4125,#3211,.T.);
#6662=EDGE_CURVE('',#4693,#4694,#2719,.T.);
#6664=EDGE_CURVE('',#4122,#4693,#3225,.T.);
#6667=EDGE_CURVE('',#4690,#4121,#2755,.T.);
#6671=ADVANCED_FACE('',(#6670),#6593,.T.);
#6678=EDGE_CURVE('',#4650,#4690,#2726,.T.);
#6680=EDGE_CURVE('',#4649,#4650,#2734,.T.);
#6682=EDGE_CURVE('',#4689,#4649,#2741,.T.);
#6686=ADVANCED_FACE('',(#6685),#6676,.T.);
#6692=EDGE_CURVE('',#4570,#4650,#2748,.T.);
#6699=ADVANCED_FACE('',(#6698),#6691,.T.);
#6705=EDGE_CURVE('',#4568,#4649,#2762,.T.);
#6712=ADVANCED_FACE('',(#6711),#6704,.F.);
#6724=ADVANCED_FACE('',(#6723),#6717,.T.);
#6736=ADVANCED_FACE('',(#6735),#6729,.T.);
#6742=EDGE_CURVE('',#4606,#4686,#2804,.T.);
#6744=EDGE_CURVE('',#4686,#4726,#2832,.T.);
#6750=ADVANCED_FACE('',(#6749),#6741,.T.);
#6756=EDGE_CURVE('',#4604,#4685,#2818,.T.);
#6758=EDGE_CURVE('',#4685,#4686,#2840,.T.);
#6764=ADVANCED_FACE('',(#6763),#6755,.F.);
#6771=EDGE_CURVE('',#4725,#4685,#2847,.T.);
#6777=ADVANCED_FACE('',(#6776),#6769,.T.);
#6789=ADVANCED_FACE('',(#6788),#6782,.T.);
#6795=EDGE_CURVE('',#4602,#4682,#2854,.T.);
#6797=EDGE_CURVE('',#4682,#4722,#2882,.T.);
#6803=ADVANCED_FACE('',(#6802),#6794,.T.);
#6809=EDGE_CURVE('',#4600,#4681,#2868,.T.);
#6811=EDGE_CURVE('',#4681,#4682,#2890,.T.);
#6817=ADVANCED_FACE('',(#6816),#6808,.F.);
#6824=EDGE_CURVE('',#4721,#4681,#2897,.T.);
#6830=ADVANCED_FACE('',(#6829),#6822,.T.);
#6842=ADVANCED_FACE('',(#6841),#6835,.T.);
#6848=EDGE_CURVE('',#4598,#4678,#2904,.T.);
#6850=EDGE_CURVE('',#4678,#4718,#2932,.T.);
#6856=ADVANCED_FACE('',(#6855),#6847,.T.);
#6862=EDGE_CURVE('',#4596,#4677,#2918,.T.);
#6864=EDGE_CURVE('',#4677,#4678,#2940,.T.);
#6870=ADVANCED_FACE('',(#6869),#6861,.F.);
#6877=EDGE_CURVE('',#4717,#4677,#2947,.T.);
#6883=ADVANCED_FACE('',(#6882),#6875,.T.);
#6895=ADVANCED_FACE('',(#6894),#6888,.T.);
#6901=EDGE_CURVE('',#4594,#4674,#2954,.T.);
#6903=EDGE_CURVE('',#4674,#4714,#2982,.T.);
#6909=ADVANCED_FACE('',(#6908),#6900,.T.);
#6915=EDGE_CURVE('',#4592,#4673,#2968,.T.);
#6917=EDGE_CURVE('',#4673,#4674,#2990,.T.);
#6923=ADVANCED_FACE('',(#6922),#6914,.F.);
#6930=EDGE_CURVE('',#4713,#4673,#2997,.T.);
#6936=ADVANCED_FACE('',(#6935),#6928,.T.);
#6948=ADVANCED_FACE('',(#6947),#6941,.T.);
#6954=EDGE_CURVE('',#4590,#4670,#3004,.T.);
#6956=EDGE_CURVE('',#4670,#4710,#3032,.T.);
#6962=ADVANCED_FACE('',(#6961),#6953,.T.);
#6968=EDGE_CURVE('',#4588,#4669,#3018,.T.);
#6970=EDGE_CURVE('',#4669,#4670,#3040,.T.);
#6976=ADVANCED_FACE('',(#6975),#6967,.F.);
#6983=EDGE_CURVE('',#4709,#4669,#3047,.T.);
#6989=ADVANCED_FACE('',(#6988),#6981,.T.);
#7001=ADVANCED_FACE('',(#7000),#6994,.T.);
#7007=EDGE_CURVE('',#4586,#4666,#3054,.T.);
#7009=EDGE_CURVE('',#4666,#4706,#3082,.T.);
#7015=ADVANCED_FACE('',(#7014),#7006,.T.);
#7021=EDGE_CURVE('',#4584,#4665,#3068,.T.);
#7023=EDGE_CURVE('',#4665,#4666,#3090,.T.);
#7029=ADVANCED_FACE('',(#7028),#7020,.F.);
#7036=EDGE_CURVE('',#4705,#4665,#3097,.T.);
#7042=ADVANCED_FACE('',(#7041),#7034,.T.);
#7054=ADVANCED_FACE('',(#7053),#7047,.T.);
#7060=EDGE_CURVE('',#4582,#4662,#3104,.T.);
#7062=EDGE_CURVE('',#4662,#4702,#3132,.T.);
#7068=ADVANCED_FACE('',(#7067),#7059,.T.);
#7074=EDGE_CURVE('',#4580,#4661,#3118,.T.);
#7076=EDGE_CURVE('',#4661,#4662,#3140,.T.);
#7082=ADVANCED_FACE('',(#7081),#7073,.F.);
#7089=EDGE_CURVE('',#4701,#4661,#3147,.T.);
#7095=ADVANCED_FACE('',(#7094),#7087,.T.);
#7107=ADVANCED_FACE('',(#7106),#7100,.T.);
#7113=EDGE_CURVE('',#4578,#4658,#3154,.T.);
#7115=EDGE_CURVE('',#4658,#4698,#3182,.T.);
#7121=ADVANCED_FACE('',(#7120),#7112,.T.);
#7127=EDGE_CURVE('',#4576,#4657,#3168,.T.);
#7129=EDGE_CURVE('',#4657,#4658,#3190,.T.);
#7135=ADVANCED_FACE('',(#7134),#7126,.F.);
#7142=EDGE_CURVE('',#4697,#4657,#3197,.T.);
#7148=ADVANCED_FACE('',(#7147),#7140,.T.);
#7160=ADVANCED_FACE('',(#7159),#7153,.T.);
#7166=EDGE_CURVE('',#4574,#4654,#3204,.T.);
#7168=EDGE_CURVE('',#4654,#4694,#3232,.T.);
#7174=ADVANCED_FACE('',(#7173),#7165,.T.);
#7180=EDGE_CURVE('',#4572,#4653,#3218,.T.);
#7182=EDGE_CURVE('',#4653,#4654,#3240,.T.);
#7188=ADVANCED_FACE('',(#7187),#7179,.F.);
#7195=EDGE_CURVE('',#4693,#4653,#3247,.T.);
#7201=ADVANCED_FACE('',(#7200),#7193,.T.);
#7213=ADVANCED_FACE('',(#7212),#7206,.T.);
#7219=EDGE_CURVE('',#4465,#4422,#3261,.T.);
#7221=EDGE_CURVE('',#4526,#4465,#3282,.T.);
#7227=ADVANCED_FACE('',(#7226),#7218,.F.);
#7233=EDGE_CURVE('',#4466,#4424,#3275,.T.);
#7235=EDGE_CURVE('',#4465,#4466,#3290,.T.);
#7241=ADVANCED_FACE('',(#7240),#7232,.F.);
#7248=EDGE_CURVE('',#4466,#4525,#3297,.T.);
#7254=ADVANCED_FACE('',(#7253),#7246,.F.);
#7266=ADVANCED_FACE('',(#7265),#7259,.F.);
#7272=EDGE_CURVE('',#4461,#4414,#3311,.T.);
#7274=EDGE_CURVE('',#4522,#4461,#3332,.T.);
#7280=ADVANCED_FACE('',(#7279),#7271,.F.);
#7286=EDGE_CURVE('',#4462,#4416,#3325,.T.);
#7288=EDGE_CURVE('',#4461,#4462,#3340,.T.);
#7294=ADVANCED_FACE('',(#7293),#7285,.F.);
#7301=EDGE_CURVE('',#4462,#4521,#3347,.T.);
#7307=ADVANCED_FACE('',(#7306),#7299,.F.);
#7319=ADVANCED_FACE('',(#7318),#7312,.F.);
#7325=EDGE_CURVE('',#4457,#4406,#3361,.T.);
#7327=EDGE_CURVE('',#4518,#4457,#3382,.T.);
#7333=ADVANCED_FACE('',(#7332),#7324,.F.);
#7339=EDGE_CURVE('',#4458,#4408,#3375,.T.);
#7341=EDGE_CURVE('',#4457,#4458,#3390,.T.);
#7347=ADVANCED_FACE('',(#7346),#7338,.F.);
#7354=EDGE_CURVE('',#4458,#4517,#3397,.T.);
#7360=ADVANCED_FACE('',(#7359),#7352,.F.);
#7372=ADVANCED_FACE('',(#7371),#7365,.F.);
#7378=EDGE_CURVE('',#4453,#4398,#3411,.T.);
#7380=EDGE_CURVE('',#4514,#4453,#3432,.T.);
#7386=ADVANCED_FACE('',(#7385),#7377,.F.);
#7392=EDGE_CURVE('',#4454,#4400,#3425,.T.);
#7394=EDGE_CURVE('',#4453,#4454,#3440,.T.);
#7400=ADVANCED_FACE('',(#7399),#7391,.F.);
#7407=EDGE_CURVE('',#4454,#4513,#3447,.T.);
#7413=ADVANCED_FACE('',(#7412),#7405,.F.);
#7425=ADVANCED_FACE('',(#7424),#7418,.F.);
#7431=EDGE_CURVE('',#4449,#4392,#3461,.T.);
#7433=EDGE_CURVE('',#4510,#4449,#3482,.T.);
#7439=ADVANCED_FACE('',(#7438),#7430,.F.);
#7445=EDGE_CURVE('',#4450,#4394,#3475,.T.);
#7447=EDGE_CURVE('',#4449,#4450,#3490,.T.);
#7453=ADVANCED_FACE('',(#7452),#7444,.F.);
#7460=EDGE_CURVE('',#4450,#4509,#3497,.T.);
#7466=ADVANCED_FACE('',(#7465),#7458,.F.);
#7478=ADVANCED_FACE('',(#7477),#7471,.F.);
#7484=EDGE_CURVE('',#4289,#4222,#3511,.T.);
#7486=EDGE_CURVE('',#4308,#4289,#3532,.T.);
#7492=ADVANCED_FACE('',(#7491),#7483,.F.);
#7498=EDGE_CURVE('',#4290,#4224,#3525,.T.);
#7500=EDGE_CURVE('',#4289,#4290,#3540,.T.);
#7506=ADVANCED_FACE('',(#7505),#7497,.F.);
#7513=EDGE_CURVE('',#4290,#4310,#3547,.T.);
#7519=ADVANCED_FACE('',(#7518),#7511,.F.);
#7531=ADVANCED_FACE('',(#7530),#7524,.F.);
#7537=EDGE_CURVE('',#4285,#4218,#3561,.T.);
#7539=EDGE_CURVE('',#4304,#4285,#3582,.T.);
#7545=ADVANCED_FACE('',(#7544),#7536,.F.);
#7551=EDGE_CURVE('',#4286,#4220,#3575,.T.);
#7553=EDGE_CURVE('',#4285,#4286,#3590,.T.);
#7559=ADVANCED_FACE('',(#7558),#7550,.F.);
#7566=EDGE_CURVE('',#4286,#4306,#3597,.T.);
#7572=ADVANCED_FACE('',(#7571),#7564,.F.);
#7584=ADVANCED_FACE('',(#7583),#7577,.F.);
#7590=EDGE_CURVE('',#4281,#4214,#3611,.T.);
#7592=EDGE_CURVE('',#4300,#4281,#3632,.T.);
#7598=ADVANCED_FACE('',(#7597),#7589,.F.);
#7604=EDGE_CURVE('',#4282,#4216,#3625,.T.);
#7606=EDGE_CURVE('',#4281,#4282,#3640,.T.);
#7612=ADVANCED_FACE('',(#7611),#7603,.F.);
#7619=EDGE_CURVE('',#4282,#4302,#3647,.T.);
#7625=ADVANCED_FACE('',(#7624),#7617,.F.);
#7637=ADVANCED_FACE('',(#7636),#7630,.F.);
#7643=EDGE_CURVE('',#4277,#4210,#3661,.T.);
#7645=EDGE_CURVE('',#4296,#4277,#3682,.T.);
#7651=ADVANCED_FACE('',(#7650),#7642,.F.);
#7657=EDGE_CURVE('',#4278,#4212,#3675,.T.);
#7659=EDGE_CURVE('',#4277,#4278,#3690,.T.);
#7665=ADVANCED_FACE('',(#7664),#7656,.F.);
#7672=EDGE_CURVE('',#4278,#4298,#3697,.T.);
#7678=ADVANCED_FACE('',(#7677),#7670,.F.);
#7690=ADVANCED_FACE('',(#7689),#7683,.F.);
#7697=EDGE_CURVE('',#4254,#4768,#3704,.T.);
#7699=EDGE_CURVE('',#4768,#4250,#3795,.T.);
#7701=EDGE_CURVE('',#4250,#4253,#3739,.T.);
#7705=ADVANCED_FACE('',(#7704),#7695,.F.);
#7712=EDGE_CURVE('',#4257,#4770,#3725,.T.);
#7714=EDGE_CURVE('',#4768,#4770,#3711,.T.);
#7719=ADVANCED_FACE('',(#7718),#7710,.F.);
#7726=EDGE_CURVE('',#4248,#4258,#3718,.T.);
#7728=EDGE_CURVE('',#4248,#4770,#3774,.T.);
#7733=ADVANCED_FACE('',(#7732),#7724,.F.);
#7740=EDGE_CURVE('',#4247,#4260,#3732,.T.);
#7742=EDGE_CURVE('',#4247,#4248,#3781,.T.);
#7747=ADVANCED_FACE('',(#7746),#7738,.F.);
#7755=EDGE_CURVE('',#4250,#4247,#3788,.T.);
#7760=ADVANCED_FACE('',(#7759),#7752,.F.);
#7766=EDGE_CURVE('',#4201,#4202,#3746,.T.);
#7768=EDGE_CURVE('',#4262,#4201,#3753,.T.);
#7770=EDGE_CURVE('',#4204,#4262,#3760,.T.);
#7772=EDGE_CURVE('',#4202,#4204,#3767,.T.);
#7783=ADVANCED_FACE('',(#7775,#7782),#7765,.T.);
#7801=EDGE_CURVE('',#4266,#4202,#3802,.T.);
#7803=EDGE_CURVE('',#4265,#4266,#3830,.T.);
#7805=EDGE_CURVE('',#4201,#4265,#3816,.T.);
#7810=ADVANCED_FACE('',(#7809),#7800,.F.);
#7816=EDGE_CURVE('',#4268,#4204,#3809,.T.);
#7818=EDGE_CURVE('',#4266,#4268,#3837,.T.);
#7824=ADVANCED_FACE('',(#7823),#7815,.F.);
#7830=EDGE_CURVE('',#4270,#4262,#3823,.T.);
#7832=EDGE_CURVE('',#4268,#4270,#3844,.T.);
#7838=ADVANCED_FACE('',(#7837),#7829,.F.);
#7845=EDGE_CURVE('',#4270,#4265,#3851,.T.);
#7851=ADVANCED_FACE('',(#7850),#7843,.F.);
#7863=ADVANCED_FACE('',(#7862),#7856,.F.);
#7869=EDGE_CURVE('',#4806,#4774,#3858,.T.);
#7871=EDGE_CURVE('',#4805,#4806,#3886,.T.);
#7873=EDGE_CURVE('',#4773,#4805,#3872,.T.);
#7878=ADVANCED_FACE('',(#7877),#7868,.F.);
#7884=EDGE_CURVE('',#4808,#4776,#3865,.T.);
#7886=EDGE_CURVE('',#4806,#4808,#3893,.T.);
#7892=ADVANCED_FACE('',(#7891),#7883,.F.);
#7898=EDGE_CURVE('',#4810,#4778,#3879,.T.);
#7900=EDGE_CURVE('',#4808,#4810,#3900,.T.);
#7906=ADVANCED_FACE('',(#7905),#7897,.F.);
#7913=EDGE_CURVE('',#4810,#4805,#3907,.T.);
#7919=ADVANCED_FACE('',(#7918),#7911,.F.);
#7931=ADVANCED_FACE('',(#7930),#7924,.T.);
#7937=EDGE_CURVE('',#4813,#4814,#3914,.T.);
#7939=EDGE_CURVE('',#4814,#4816,#3921,.T.);
#7941=EDGE_CURVE('',#4816,#4818,#3928,.T.);
#7943=EDGE_CURVE('',#4818,#4813,#3935,.T.);
#7947=ADVANCED_FACE('',(#7946),#7936,.T.);
#7953=EDGE_CURVE('',#4821,#4822,#3942,.T.);
#7955=EDGE_CURVE('',#4822,#4824,#3949,.T.);
#7957=EDGE_CURVE('',#4824,#4826,#3956,.T.);
#7959=EDGE_CURVE('',#4826,#4821,#3963,.T.);
#7963=ADVANCED_FACE('',(#7962),#7952,.T.);
#7969=EDGE_CURVE('',#4829,#4830,#3970,.T.);
#7971=EDGE_CURVE('',#4830,#4832,#3977,.T.);
#7973=EDGE_CURVE('',#4832,#4834,#3984,.T.);
#7975=EDGE_CURVE('',#4834,#4829,#3991,.T.);
#7979=ADVANCED_FACE('',(#7978),#7968,.T.);
#7985=EDGE_CURVE('',#4814,#4782,#3998,.T.);
#7988=EDGE_CURVE('',#4781,#4813,#4012,.T.);
#7993=ADVANCED_FACE('',(#7992),#7984,.F.);
#7999=EDGE_CURVE('',#4816,#4784,#4005,.T.);
#8006=ADVANCED_FACE('',(#8005),#7998,.F.);
#8012=EDGE_CURVE('',#4818,#4786,#4019,.T.);
#8019=ADVANCED_FACE('',(#8018),#8011,.F.);
#8031=ADVANCED_FACE('',(#8030),#8024,.F.);
#8037=EDGE_CURVE('',#4822,#4790,#4026,.T.);
#8040=EDGE_CURVE('',#4789,#4821,#4040,.T.);
#8045=ADVANCED_FACE('',(#8044),#8036,.F.);
#8051=EDGE_CURVE('',#4824,#4792,#4033,.T.);
#8058=ADVANCED_FACE('',(#8057),#8050,.F.);
#8064=EDGE_CURVE('',#4826,#4794,#4047,.T.);
#8071=ADVANCED_FACE('',(#8070),#8063,.F.);
#8083=ADVANCED_FACE('',(#8082),#8076,.F.);
#8089=EDGE_CURVE('',#4830,#4798,#4054,.T.);
#8092=EDGE_CURVE('',#4797,#4829,#4068,.T.);
#8097=ADVANCED_FACE('',(#8096),#8088,.F.);
#8103=EDGE_CURVE('',#4832,#4800,#4061,.T.);
#8110=ADVANCED_FACE('',(#8109),#8102,.F.);
#8116=EDGE_CURVE('',#4834,#4802,#4075,.T.);
#8123=ADVANCED_FACE('',(#8122),#8115,.F.);
#8135=ADVANCED_FACE('',(#8134),#8128,.F.);
#8144=(LENGTH_UNIT()NAMED_UNIT(*)SI_UNIT(.MILLI.,.METRE.));
#8145=(NAMED_UNIT(*)PLANE_ANGLE_UNIT()SI_UNIT($,.RADIAN.));
#8148=(NAMED_UNIT(*)SI_UNIT($,.STERADIAN.)SOLID_ANGLE_UNIT());
#8150=(GEOMETRIC_REPRESENTATION_CONTEXT(3)GLOBAL_UNCERTAINTY_ASSIGNED_CONTEXT((
#8149))GLOBAL_UNIT_ASSIGNED_CONTEXT((#8144,#8147,#8148))REPRESENTATION_CONTEXT(
'ID1','3'));
#8154=AXIS2_PLACEMENT_3D('',#8151,#8152,#8153);
#8155=ADVANCED_BREP_SHAPE_REPRESENTATION('',(#8154,#8137),#8150);
#8162=PRODUCT_DEFINITION('part definition','',#8161,#8158);
#8163=PRODUCT_DEFINITION_SHAPE('','SHAPE FOR BODY-QFN.',#8162);
#8164=SHAPE_ASPECT('','solid data associated with BODY-QFN',#8163,.F.);
#8165=PROPERTY_DEFINITION('',
'shape for solid data with which properties are associated',#8164);
#8166=SHAPE_REPRESENTATION('',(#8137),#8150);
#8167=SHAPE_DEFINITION_REPRESENTATION(#8165,#8166);
#8168=(LENGTH_UNIT()NAMED_UNIT(*)SI_UNIT(.MILLI.,.METRE.));
#8172=PROPERTY_DEFINITION('geometric validation property','area of BODY-QFN',
#8164);
#8173=REPRESENTATION('surface area',(#8171),#8150);
#8174=PROPERTY_DEFINITION_REPRESENTATION(#8172,#8173);
#8175=(LENGTH_UNIT()NAMED_UNIT(*)SI_UNIT(.MILLI.,.METRE.));
#8179=PROPERTY_DEFINITION('geometric validation property','volume of BODY-QFN',
#8164);
#8180=REPRESENTATION('volume',(#8178),#8150);
#8181=PROPERTY_DEFINITION_REPRESENTATION(#8179,#8180);
#8183=PROPERTY_DEFINITION('geometric validation property',
'centroid of BODY-QFN',#8164);
#8184=REPRESENTATION('centroid',(#8182),#8150);
#8185=PROPERTY_DEFINITION_REPRESENTATION(#8183,#8184);
#8186=(LENGTH_UNIT()NAMED_UNIT(*)SI_UNIT(.MILLI.,.METRE.));
#8190=PROPERTY_DEFINITION('geometric validation property','area of BODY-QFN',
#8163);
#8191=REPRESENTATION('surface area',(#8189),#8150);
#8192=PROPERTY_DEFINITION_REPRESENTATION(#8190,#8191);
#8193=(LENGTH_UNIT()NAMED_UNIT(*)SI_UNIT(.MILLI.,.METRE.));
#8197=PROPERTY_DEFINITION('geometric validation property','volume of BODY-QFN',
#8163);
#8198=REPRESENTATION('volume',(#8196),#8150);
#8199=PROPERTY_DEFINITION_REPRESENTATION(#8197,#8198);
#8201=PROPERTY_DEFINITION('geometric validation property',
'centroid of BODY-QFN',#8163);
#8202=REPRESENTATION('centroid',(#8200),#8150);
#8203=PROPERTY_DEFINITION_REPRESENTATION(#8201,#8202);
#8204=SHAPE_DEFINITION_REPRESENTATION(#8163,#8155);
#8205=SHAPE_DEFINITION_REPRESENTATION(#8206,#8207);
#8206=PRODUCT_DEFINITION_SHAPE('','SHAPE FOR RJA0040A_ASM.',#17672);
#8207=SHAPE_REPRESENTATION('',(#8217,#17613,#17653,#17667),#17663);
#8208=NEXT_ASSEMBLY_USAGE_OCCURRENCE('0','Next assembly relationship',
'BODY-QFN',#17672,#8162,$);
#8209=PRODUCT_DEFINITION_SHAPE('Placement #0',
'Placement of BODY-QFN with respect to RJA0040A_ASM',#8208);
#8211=PROPERTY_DEFINITION('geometric validation property',
'centroid of BODY-QFN',#8209);
#8212=REPRESENTATION('centroid',(#8210),#8150);
#8213=PROPERTY_DEFINITION_REPRESENTATION(#8211,#8212);
#8452=EDGE_CURVE('',#8441,#8442,#8232,.T.);
#8454=EDGE_CURVE('',#8441,#8444,#8365,.T.);
#8456=EDGE_CURVE('',#8444,#8446,#8358,.T.);
#8458=EDGE_CURVE('',#8446,#8442,#8225,.T.);
#8462=ADVANCED_FACE('',(#8461),#8451,.T.);
#8469=EDGE_CURVE('',#8436,#8442,#8274,.T.);
#8471=EDGE_CURVE('',#8436,#8430,#8239,.T.);
#8473=EDGE_CURVE('',#8430,#8441,#8372,.T.);
#8477=ADVANCED_FACE('',(#8476),#8467,.T.);
#8483=EDGE_CURVE('',#8413,#8414,#8246,.T.);
#8485=EDGE_CURVE('',#8414,#8416,#8253,.T.);
#8487=EDGE_CURVE('',#8416,#8418,#8260,.T.);
#8489=EDGE_CURVE('',#8418,#8413,#8267,.T.);
#8495=EDGE_CURVE('',#8446,#8438,#8281,.T.);
#8497=EDGE_CURVE('',#8438,#8435,#8288,.T.);
#8499=EDGE_CURVE('',#8435,#8436,#8295,.T.);
#8503=ADVANCED_FACE('',(#8492,#8502),#8482,.F.);
#8510=EDGE_CURVE('',#8413,#8421,#8302,.T.);
#8512=EDGE_CURVE('',#8421,#8422,#8330,.T.);
#8514=EDGE_CURVE('',#8414,#8422,#8323,.T.);
#8518=ADVANCED_FACE('',(#8517),#8508,.T.);
#8525=EDGE_CURVE('',#8418,#8426,#8309,.T.);
#8527=EDGE_CURVE('',#8426,#8421,#8337,.T.);
#8532=ADVANCED_FACE('',(#8531),#8523,.T.);
#8539=EDGE_CURVE('',#8416,#8424,#8316,.T.);
#8541=EDGE_CURVE('',#8424,#8426,#8344,.T.);
#8546=ADVANCED_FACE('',(#8545),#8537,.T.);
#8554=EDGE_CURVE('',#8422,#8424,#8351,.T.);
#8559=ADVANCED_FACE('',(#8558),#8551,.T.);
#8571=ADVANCED_FACE('',(#8570),#8564,.T.);
#8578=EDGE_CURVE('',#8444,#8432,#8393,.T.);
#8580=EDGE_CURVE('',#8438,#8432,#8407,.T.);
#8585=ADVANCED_FACE('',(#8584),#8576,.T.);
#8593=EDGE_CURVE('',#8429,#8430,#8379,.T.);
#8595=EDGE_CURVE('',#8432,#8429,#8386,.T.);
#8600=ADVANCED_FACE('',(#8599),#8590,.T.);
#8619=EDGE_CURVE('',#8435,#8429,#8400,.T.);
#8625=ADVANCED_FACE('',(#8624),#8617,.T.);
#8637=ADVANCED_FACE('',(#8636),#8630,.T.);
#8658=CIRCLE('',#8657,1.2E-1);
#8729=CIRCLE('',#8728,1.2E-1);
#8754=EDGE_CURVE('',#8735,#8736,#8650,.T.);
#8756=EDGE_CURVE('',#8736,#8738,#8658,.T.);
#8758=EDGE_CURVE('',#8738,#8740,#8665,.T.);
#8760=EDGE_CURVE('',#8740,#8735,#8672,.T.);
#8764=ADVANCED_FACE('',(#8763),#8753,.F.);
#8778=EDGE_CURVE('',#8735,#8743,#8679,.T.);
#8780=EDGE_CURVE('',#8743,#8744,#8707,.T.);
#8782=EDGE_CURVE('',#8736,#8744,#8700,.T.);
#8786=ADVANCED_FACE('',(#8785),#8776,.T.);
#8793=EDGE_CURVE('',#8740,#8748,#8686,.T.);
#8795=EDGE_CURVE('',#8748,#8743,#8714,.T.);
#8800=ADVANCED_FACE('',(#8799),#8791,.T.);
#8807=EDGE_CURVE('',#8738,#8746,#8693,.T.);
#8809=EDGE_CURVE('',#8746,#8748,#8721,.T.);
#8814=ADVANCED_FACE('',(#8813),#8805,.T.);
#8822=EDGE_CURVE('',#8744,#8746,#8729,.T.);
#8827=ADVANCED_FACE('',(#8826),#8819,.T.);
#8839=ADVANCED_FACE('',(#8838),#8832,.T.);
#8860=CIRCLE('',#8859,1.2E-1);
#8931=CIRCLE('',#8930,1.2E-1);
#8956=EDGE_CURVE('',#8937,#8938,#8852,.T.);
#8958=EDGE_CURVE('',#8938,#8940,#8860,.T.);
#8960=EDGE_CURVE('',#8940,#8942,#8867,.T.);
#8962=EDGE_CURVE('',#8942,#8937,#8874,.T.);
#8966=ADVANCED_FACE('',(#8965),#8955,.F.);
#8980=EDGE_CURVE('',#8937,#8945,#8881,.T.);
#8982=EDGE_CURVE('',#8945,#8946,#8909,.T.);
#8984=EDGE_CURVE('',#8938,#8946,#8902,.T.);
#8988=ADVANCED_FACE('',(#8987),#8978,.T.);
#8995=EDGE_CURVE('',#8942,#8950,#8888,.T.);
#8997=EDGE_CURVE('',#8950,#8945,#8916,.T.);
#9002=ADVANCED_FACE('',(#9001),#8993,.T.);
#9009=EDGE_CURVE('',#8940,#8948,#8895,.T.);
#9011=EDGE_CURVE('',#8948,#8950,#8923,.T.);
#9016=ADVANCED_FACE('',(#9015),#9007,.T.);
#9024=EDGE_CURVE('',#8946,#8948,#8931,.T.);
#9029=ADVANCED_FACE('',(#9028),#9021,.T.);
#9041=ADVANCED_FACE('',(#9040),#9034,.T.);
#9062=CIRCLE('',#9061,1.2E-1);
#9133=CIRCLE('',#9132,1.2E-1);
#9158=EDGE_CURVE('',#9139,#9140,#9054,.T.);
#9160=EDGE_CURVE('',#9140,#9142,#9062,.T.);
#9162=EDGE_CURVE('',#9142,#9144,#9069,.T.);
#9164=EDGE_CURVE('',#9144,#9139,#9076,.T.);
#9168=ADVANCED_FACE('',(#9167),#9157,.F.);
#9182=EDGE_CURVE('',#9139,#9147,#9083,.T.);
#9184=EDGE_CURVE('',#9147,#9148,#9111,.T.);
#9186=EDGE_CURVE('',#9140,#9148,#9104,.T.);
#9190=ADVANCED_FACE('',(#9189),#9180,.T.);
#9197=EDGE_CURVE('',#9144,#9152,#9090,.T.);
#9199=EDGE_CURVE('',#9152,#9147,#9118,.T.);
#9204=ADVANCED_FACE('',(#9203),#9195,.T.);
#9211=EDGE_CURVE('',#9142,#9150,#9097,.T.);
#9213=EDGE_CURVE('',#9150,#9152,#9125,.T.);
#9218=ADVANCED_FACE('',(#9217),#9209,.T.);
#9226=EDGE_CURVE('',#9148,#9150,#9133,.T.);
#9231=ADVANCED_FACE('',(#9230),#9223,.T.);
#9243=ADVANCED_FACE('',(#9242),#9236,.T.);
#9264=CIRCLE('',#9263,1.2E-1);
#9335=CIRCLE('',#9334,1.2E-1);
#9360=EDGE_CURVE('',#9341,#9342,#9256,.T.);
#9362=EDGE_CURVE('',#9342,#9344,#9264,.T.);
#9364=EDGE_CURVE('',#9344,#9346,#9271,.T.);
#9366=EDGE_CURVE('',#9346,#9341,#9278,.T.);
#9370=ADVANCED_FACE('',(#9369),#9359,.F.);
#9384=EDGE_CURVE('',#9341,#9349,#9285,.T.);
#9386=EDGE_CURVE('',#9349,#9350,#9313,.T.);
#9388=EDGE_CURVE('',#9342,#9350,#9306,.T.);
#9392=ADVANCED_FACE('',(#9391),#9382,.T.);
#9399=EDGE_CURVE('',#9346,#9354,#9292,.T.);
#9401=EDGE_CURVE('',#9354,#9349,#9320,.T.);
#9406=ADVANCED_FACE('',(#9405),#9397,.T.);
#9413=EDGE_CURVE('',#9344,#9352,#9299,.T.);
#9415=EDGE_CURVE('',#9352,#9354,#9327,.T.);
#9420=ADVANCED_FACE('',(#9419),#9411,.T.);
#9428=EDGE_CURVE('',#9350,#9352,#9335,.T.);
#9433=ADVANCED_FACE('',(#9432),#9425,.T.);
#9445=ADVANCED_FACE('',(#9444),#9438,.T.);
#9466=CIRCLE('',#9465,1.2E-1);
#9537=CIRCLE('',#9536,1.2E-1);
#9562=EDGE_CURVE('',#9543,#9544,#9458,.T.);
#9564=EDGE_CURVE('',#9544,#9546,#9466,.T.);
#9566=EDGE_CURVE('',#9546,#9548,#9473,.T.);
#9568=EDGE_CURVE('',#9548,#9543,#9480,.T.);
#9572=ADVANCED_FACE('',(#9571),#9561,.F.);
#9586=EDGE_CURVE('',#9543,#9551,#9487,.T.);
#9588=EDGE_CURVE('',#9551,#9552,#9515,.T.);
#9590=EDGE_CURVE('',#9544,#9552,#9508,.T.);
#9594=ADVANCED_FACE('',(#9593),#9584,.T.);
#9601=EDGE_CURVE('',#9548,#9556,#9494,.T.);
#9603=EDGE_CURVE('',#9556,#9551,#9522,.T.);
#9608=ADVANCED_FACE('',(#9607),#9599,.T.);
#9615=EDGE_CURVE('',#9546,#9554,#9501,.T.);
#9617=EDGE_CURVE('',#9554,#9556,#9529,.T.);
#9622=ADVANCED_FACE('',(#9621),#9613,.T.);
#9630=EDGE_CURVE('',#9552,#9554,#9537,.T.);
#9635=ADVANCED_FACE('',(#9634),#9627,.T.);
#9647=ADVANCED_FACE('',(#9646),#9640,.T.);
#9682=CIRCLE('',#9681,1.2E-1);
#9725=CIRCLE('',#9724,1.2E-1);
#9764=EDGE_CURVE('',#9745,#9746,#9660,.T.);
#9766=EDGE_CURVE('',#9750,#9745,#9667,.T.);
#9768=EDGE_CURVE('',#9748,#9750,#9674,.T.);
#9770=EDGE_CURVE('',#9746,#9748,#9682,.T.);
#9774=ADVANCED_FACE('',(#9773),#9763,.T.);
#9788=EDGE_CURVE('',#9746,#9754,#9696,.T.);
#9790=EDGE_CURVE('',#9753,#9754,#9717,.T.);
#9792=EDGE_CURVE('',#9745,#9753,#9689,.T.);
#9796=ADVANCED_FACE('',(#9795),#9786,.F.);
#9803=EDGE_CURVE('',#9748,#9756,#9703,.T.);
#9805=EDGE_CURVE('',#9754,#9756,#9725,.T.);
#9810=ADVANCED_FACE('',(#9809),#9801,.T.);
#9817=EDGE_CURVE('',#9750,#9758,#9710,.T.);
#9819=EDGE_CURVE('',#9756,#9758,#9732,.T.);
#9824=ADVANCED_FACE('',(#9823),#9815,.F.);
#9832=EDGE_CURVE('',#9758,#9753,#9739,.T.);
#9837=ADVANCED_FACE('',(#9836),#9829,.F.);
#9849=ADVANCED_FACE('',(#9848),#9842,.F.);
#9884=CIRCLE('',#9883,1.2E-1);
#9927=CIRCLE('',#9926,1.2E-1);
#9966=EDGE_CURVE('',#9947,#9948,#9862,.T.);
#9968=EDGE_CURVE('',#9952,#9947,#9869,.T.);
#9970=EDGE_CURVE('',#9950,#9952,#9876,.T.);
#9972=EDGE_CURVE('',#9948,#9950,#9884,.T.);
#9976=ADVANCED_FACE('',(#9975),#9965,.T.);
#9990=EDGE_CURVE('',#9948,#9956,#9898,.T.);
#9992=EDGE_CURVE('',#9955,#9956,#9919,.T.);
#9994=EDGE_CURVE('',#9947,#9955,#9891,.T.);
#9998=ADVANCED_FACE('',(#9997),#9988,.F.);
#10005=EDGE_CURVE('',#9950,#9958,#9905,.T.);
#10007=EDGE_CURVE('',#9956,#9958,#9927,.T.);
#10012=ADVANCED_FACE('',(#10011),#10003,.T.);
#10019=EDGE_CURVE('',#9952,#9960,#9912,.T.);
#10021=EDGE_CURVE('',#9958,#9960,#9934,.T.);
#10026=ADVANCED_FACE('',(#10025),#10017,.F.);
#10034=EDGE_CURVE('',#9960,#9955,#9941,.T.);
#10039=ADVANCED_FACE('',(#10038),#10031,.F.);
#10051=ADVANCED_FACE('',(#10050),#10044,.F.);
#10086=CIRCLE('',#10085,1.2E-1);
#10129=CIRCLE('',#10128,1.2E-1);
#10168=EDGE_CURVE('',#10149,#10150,#10064,.T.);
#10170=EDGE_CURVE('',#10154,#10149,#10071,.T.);
#10172=EDGE_CURVE('',#10152,#10154,#10078,.T.);
#10174=EDGE_CURVE('',#10150,#10152,#10086,.T.);
#10178=ADVANCED_FACE('',(#10177),#10167,.T.);
#10192=EDGE_CURVE('',#10150,#10158,#10100,.T.);
#10194=EDGE_CURVE('',#10157,#10158,#10121,.T.);
#10196=EDGE_CURVE('',#10149,#10157,#10093,.T.);
#10200=ADVANCED_FACE('',(#10199),#10190,.F.);
#10207=EDGE_CURVE('',#10152,#10160,#10107,.T.);
#10209=EDGE_CURVE('',#10158,#10160,#10129,.T.);
#10214=ADVANCED_FACE('',(#10213),#10205,.T.);
#10221=EDGE_CURVE('',#10154,#10162,#10114,.T.);
#10223=EDGE_CURVE('',#10160,#10162,#10136,.T.);
#10228=ADVANCED_FACE('',(#10227),#10219,.F.);
#10236=EDGE_CURVE('',#10162,#10157,#10143,.T.);
#10241=ADVANCED_FACE('',(#10240),#10233,.F.);
#10253=ADVANCED_FACE('',(#10252),#10246,.F.);
#10288=CIRCLE('',#10287,1.2E-1);
#10331=CIRCLE('',#10330,1.2E-1);
#10370=EDGE_CURVE('',#10351,#10352,#10266,.T.);
#10372=EDGE_CURVE('',#10356,#10351,#10273,.T.);
#10374=EDGE_CURVE('',#10354,#10356,#10280,.T.);
#10376=EDGE_CURVE('',#10352,#10354,#10288,.T.);
#10380=ADVANCED_FACE('',(#10379),#10369,.T.);
#10394=EDGE_CURVE('',#10352,#10360,#10302,.T.);
#10396=EDGE_CURVE('',#10359,#10360,#10323,.T.);
#10398=EDGE_CURVE('',#10351,#10359,#10295,.T.);
#10402=ADVANCED_FACE('',(#10401),#10392,.F.);
#10409=EDGE_CURVE('',#10354,#10362,#10309,.T.);
#10411=EDGE_CURVE('',#10360,#10362,#10331,.T.);
#10416=ADVANCED_FACE('',(#10415),#10407,.T.);
#10423=EDGE_CURVE('',#10356,#10364,#10316,.T.);
#10425=EDGE_CURVE('',#10362,#10364,#10338,.T.);
#10430=ADVANCED_FACE('',(#10429),#10421,.F.);
#10438=EDGE_CURVE('',#10364,#10359,#10345,.T.);
#10443=ADVANCED_FACE('',(#10442),#10435,.F.);
#10455=ADVANCED_FACE('',(#10454),#10448,.F.);
#10490=CIRCLE('',#10489,1.2E-1);
#10533=CIRCLE('',#10532,1.2E-1);
#10572=EDGE_CURVE('',#10553,#10554,#10468,.T.);
#10574=EDGE_CURVE('',#10558,#10553,#10475,.T.);
#10576=EDGE_CURVE('',#10556,#10558,#10482,.T.);
#10578=EDGE_CURVE('',#10554,#10556,#10490,.T.);
#10582=ADVANCED_FACE('',(#10581),#10571,.T.);
#10596=EDGE_CURVE('',#10554,#10562,#10504,.T.);
#10598=EDGE_CURVE('',#10561,#10562,#10525,.T.);
#10600=EDGE_CURVE('',#10553,#10561,#10497,.T.);
#10604=ADVANCED_FACE('',(#10603),#10594,.F.);
#10611=EDGE_CURVE('',#10556,#10564,#10511,.T.);
#10613=EDGE_CURVE('',#10562,#10564,#10533,.T.);
#10618=ADVANCED_FACE('',(#10617),#10609,.T.);
#10625=EDGE_CURVE('',#10558,#10566,#10518,.T.);
#10627=EDGE_CURVE('',#10564,#10566,#10540,.T.);
#10632=ADVANCED_FACE('',(#10631),#10623,.F.);
#10640=EDGE_CURVE('',#10566,#10561,#10547,.T.);
#10645=ADVANCED_FACE('',(#10644),#10637,.F.);
#10657=ADVANCED_FACE('',(#10656),#10650,.F.);
#10678=CIRCLE('',#10677,1.2E-1);
#10749=CIRCLE('',#10748,1.2E-1);
#10774=EDGE_CURVE('',#10755,#10756,#10670,.T.);
#10776=EDGE_CURVE('',#10756,#10758,#10678,.T.);
#10778=EDGE_CURVE('',#10758,#10760,#10685,.T.);
#10780=EDGE_CURVE('',#10760,#10755,#10692,.T.);
#10784=ADVANCED_FACE('',(#10783),#10773,.F.);
#10798=EDGE_CURVE('',#10755,#10763,#10699,.T.);
#10800=EDGE_CURVE('',#10763,#10764,#10727,.T.);
#10802=EDGE_CURVE('',#10756,#10764,#10720,.T.);
#10806=ADVANCED_FACE('',(#10805),#10796,.T.);
#10813=EDGE_CURVE('',#10760,#10768,#10706,.T.);
#10815=EDGE_CURVE('',#10768,#10763,#10734,.T.);
#10820=ADVANCED_FACE('',(#10819),#10811,.T.);
#10827=EDGE_CURVE('',#10758,#10766,#10713,.T.);
#10829=EDGE_CURVE('',#10766,#10768,#10741,.T.);
#10834=ADVANCED_FACE('',(#10833),#10825,.T.);
#10842=EDGE_CURVE('',#10764,#10766,#10749,.T.);
#10847=ADVANCED_FACE('',(#10846),#10839,.T.);
#10859=ADVANCED_FACE('',(#10858),#10852,.T.);
#10880=CIRCLE('',#10879,1.2E-1);
#10951=CIRCLE('',#10950,1.2E-1);
#10976=EDGE_CURVE('',#10957,#10958,#10872,.T.);
#10978=EDGE_CURVE('',#10958,#10960,#10880,.T.);
#10980=EDGE_CURVE('',#10960,#10962,#10887,.T.);
#10982=EDGE_CURVE('',#10962,#10957,#10894,.T.);
#10986=ADVANCED_FACE('',(#10985),#10975,.F.);
#11000=EDGE_CURVE('',#10957,#10965,#10901,.T.);
#11002=EDGE_CURVE('',#10965,#10966,#10929,.T.);
#11004=EDGE_CURVE('',#10958,#10966,#10922,.T.);
#11008=ADVANCED_FACE('',(#11007),#10998,.T.);
#11015=EDGE_CURVE('',#10962,#10970,#10908,.T.);
#11017=EDGE_CURVE('',#10970,#10965,#10936,.T.);
#11022=ADVANCED_FACE('',(#11021),#11013,.T.);
#11029=EDGE_CURVE('',#10960,#10968,#10915,.T.);
#11031=EDGE_CURVE('',#10968,#10970,#10943,.T.);
#11036=ADVANCED_FACE('',(#11035),#11027,.T.);
#11044=EDGE_CURVE('',#10966,#10968,#10951,.T.);
#11049=ADVANCED_FACE('',(#11048),#11041,.T.);
#11061=ADVANCED_FACE('',(#11060),#11054,.T.);
#11082=CIRCLE('',#11081,1.2E-1);
#11153=CIRCLE('',#11152,1.2E-1);
#11178=EDGE_CURVE('',#11159,#11160,#11074,.T.);
#11180=EDGE_CURVE('',#11160,#11162,#11082,.T.);
#11182=EDGE_CURVE('',#11162,#11164,#11089,.T.);
#11184=EDGE_CURVE('',#11164,#11159,#11096,.T.);
#11188=ADVANCED_FACE('',(#11187),#11177,.F.);
#11202=EDGE_CURVE('',#11159,#11167,#11103,.T.);
#11204=EDGE_CURVE('',#11167,#11168,#11131,.T.);
#11206=EDGE_CURVE('',#11160,#11168,#11124,.T.);
#11210=ADVANCED_FACE('',(#11209),#11200,.T.);
#11217=EDGE_CURVE('',#11164,#11172,#11110,.T.);
#11219=EDGE_CURVE('',#11172,#11167,#11138,.T.);
#11224=ADVANCED_FACE('',(#11223),#11215,.T.);
#11231=EDGE_CURVE('',#11162,#11170,#11117,.T.);
#11233=EDGE_CURVE('',#11170,#11172,#11145,.T.);
#11238=ADVANCED_FACE('',(#11237),#11229,.T.);
#11246=EDGE_CURVE('',#11168,#11170,#11153,.T.);
#11251=ADVANCED_FACE('',(#11250),#11243,.T.);
#11263=ADVANCED_FACE('',(#11262),#11256,.T.);
#11284=CIRCLE('',#11283,1.2E-1);
#11355=CIRCLE('',#11354,1.2E-1);
#11380=EDGE_CURVE('',#11361,#11362,#11276,.T.);
#11382=EDGE_CURVE('',#11362,#11364,#11284,.T.);
#11384=EDGE_CURVE('',#11364,#11366,#11291,.T.);
#11386=EDGE_CURVE('',#11366,#11361,#11298,.T.);
#11390=ADVANCED_FACE('',(#11389),#11379,.F.);
#11404=EDGE_CURVE('',#11361,#11369,#11305,.T.);
#11406=EDGE_CURVE('',#11369,#11370,#11333,.T.);
#11408=EDGE_CURVE('',#11362,#11370,#11326,.T.);
#11412=ADVANCED_FACE('',(#11411),#11402,.T.);
#11419=EDGE_CURVE('',#11366,#11374,#11312,.T.);
#11421=EDGE_CURVE('',#11374,#11369,#11340,.T.);
#11426=ADVANCED_FACE('',(#11425),#11417,.T.);
#11433=EDGE_CURVE('',#11364,#11372,#11319,.T.);
#11435=EDGE_CURVE('',#11372,#11374,#11347,.T.);
#11440=ADVANCED_FACE('',(#11439),#11431,.T.);
#11448=EDGE_CURVE('',#11370,#11372,#11355,.T.);
#11453=ADVANCED_FACE('',(#11452),#11445,.T.);
#11465=ADVANCED_FACE('',(#11464),#11458,.T.);
#11486=CIRCLE('',#11485,1.2E-1);
#11557=CIRCLE('',#11556,1.2E-1);
#11582=EDGE_CURVE('',#11563,#11564,#11478,.T.);
#11584=EDGE_CURVE('',#11564,#11566,#11486,.T.);
#11586=EDGE_CURVE('',#11566,#11568,#11493,.T.);
#11588=EDGE_CURVE('',#11568,#11563,#11500,.T.);
#11592=ADVANCED_FACE('',(#11591),#11581,.F.);
#11606=EDGE_CURVE('',#11563,#11571,#11507,.T.);
#11608=EDGE_CURVE('',#11571,#11572,#11535,.T.);
#11610=EDGE_CURVE('',#11564,#11572,#11528,.T.);
#11614=ADVANCED_FACE('',(#11613),#11604,.T.);
#11621=EDGE_CURVE('',#11568,#11576,#11514,.T.);
#11623=EDGE_CURVE('',#11576,#11571,#11542,.T.);
#11628=ADVANCED_FACE('',(#11627),#11619,.T.);
#11635=EDGE_CURVE('',#11566,#11574,#11521,.T.);
#11637=EDGE_CURVE('',#11574,#11576,#11549,.T.);
#11642=ADVANCED_FACE('',(#11641),#11633,.T.);
#11650=EDGE_CURVE('',#11572,#11574,#11557,.T.);
#11655=ADVANCED_FACE('',(#11654),#11647,.T.);
#11667=ADVANCED_FACE('',(#11666),#11660,.T.);
#11702=CIRCLE('',#11701,1.2E-1);
#11745=CIRCLE('',#11744,1.2E-1);
#11784=EDGE_CURVE('',#11765,#11766,#11680,.T.);
#11786=EDGE_CURVE('',#11770,#11765,#11687,.T.);
#11788=EDGE_CURVE('',#11768,#11770,#11694,.T.);
#11790=EDGE_CURVE('',#11766,#11768,#11702,.T.);
#11794=ADVANCED_FACE('',(#11793),#11783,.T.);
#11808=EDGE_CURVE('',#11766,#11774,#11716,.T.);
#11810=EDGE_CURVE('',#11773,#11774,#11737,.T.);
#11812=EDGE_CURVE('',#11765,#11773,#11709,.T.);
#11816=ADVANCED_FACE('',(#11815),#11806,.F.);
#11823=EDGE_CURVE('',#11768,#11776,#11723,.T.);
#11825=EDGE_CURVE('',#11774,#11776,#11745,.T.);
#11830=ADVANCED_FACE('',(#11829),#11821,.T.);
#11837=EDGE_CURVE('',#11770,#11778,#11730,.T.);
#11839=EDGE_CURVE('',#11776,#11778,#11752,.T.);
#11844=ADVANCED_FACE('',(#11843),#11835,.F.);
#11852=EDGE_CURVE('',#11778,#11773,#11759,.T.);
#11857=ADVANCED_FACE('',(#11856),#11849,.F.);
#11869=ADVANCED_FACE('',(#11868),#11862,.F.);
#11904=CIRCLE('',#11903,1.2E-1);
#11947=CIRCLE('',#11946,1.2E-1);
#11986=EDGE_CURVE('',#11967,#11968,#11882,.T.);
#11988=EDGE_CURVE('',#11972,#11967,#11889,.T.);
#11990=EDGE_CURVE('',#11970,#11972,#11896,.T.);
#11992=EDGE_CURVE('',#11968,#11970,#11904,.T.);
#11996=ADVANCED_FACE('',(#11995),#11985,.T.);
#12010=EDGE_CURVE('',#11968,#11976,#11918,.T.);
#12012=EDGE_CURVE('',#11975,#11976,#11939,.T.);
#12014=EDGE_CURVE('',#11967,#11975,#11911,.T.);
#12018=ADVANCED_FACE('',(#12017),#12008,.F.);
#12025=EDGE_CURVE('',#11970,#11978,#11925,.T.);
#12027=EDGE_CURVE('',#11976,#11978,#11947,.T.);
#12032=ADVANCED_FACE('',(#12031),#12023,.T.);
#12039=EDGE_CURVE('',#11972,#11980,#11932,.T.);
#12041=EDGE_CURVE('',#11978,#11980,#11954,.T.);
#12046=ADVANCED_FACE('',(#12045),#12037,.F.);
#12054=EDGE_CURVE('',#11980,#11975,#11961,.T.);
#12059=ADVANCED_FACE('',(#12058),#12051,.F.);
#12071=ADVANCED_FACE('',(#12070),#12064,.F.);
#12106=CIRCLE('',#12105,1.2E-1);
#12149=CIRCLE('',#12148,1.2E-1);
#12188=EDGE_CURVE('',#12169,#12170,#12084,.T.);
#12190=EDGE_CURVE('',#12174,#12169,#12091,.T.);
#12192=EDGE_CURVE('',#12172,#12174,#12098,.T.);
#12194=EDGE_CURVE('',#12170,#12172,#12106,.T.);
#12198=ADVANCED_FACE('',(#12197),#12187,.T.);
#12212=EDGE_CURVE('',#12170,#12178,#12120,.T.);
#12214=EDGE_CURVE('',#12177,#12178,#12141,.T.);
#12216=EDGE_CURVE('',#12169,#12177,#12113,.T.);
#12220=ADVANCED_FACE('',(#12219),#12210,.F.);
#12227=EDGE_CURVE('',#12172,#12180,#12127,.T.);
#12229=EDGE_CURVE('',#12178,#12180,#12149,.T.);
#12234=ADVANCED_FACE('',(#12233),#12225,.T.);
#12241=EDGE_CURVE('',#12174,#12182,#12134,.T.);
#12243=EDGE_CURVE('',#12180,#12182,#12156,.T.);
#12248=ADVANCED_FACE('',(#12247),#12239,.F.);
#12256=EDGE_CURVE('',#12182,#12177,#12163,.T.);
#12261=ADVANCED_FACE('',(#12260),#12253,.F.);
#12273=ADVANCED_FACE('',(#12272),#12266,.F.);
#12308=CIRCLE('',#12307,1.2E-1);
#12351=CIRCLE('',#12350,1.2E-1);
#12390=EDGE_CURVE('',#12371,#12372,#12286,.T.);
#12392=EDGE_CURVE('',#12376,#12371,#12293,.T.);
#12394=EDGE_CURVE('',#12374,#12376,#12300,.T.);
#12396=EDGE_CURVE('',#12372,#12374,#12308,.T.);
#12400=ADVANCED_FACE('',(#12399),#12389,.T.);
#12414=EDGE_CURVE('',#12372,#12380,#12322,.T.);
#12416=EDGE_CURVE('',#12379,#12380,#12343,.T.);
#12418=EDGE_CURVE('',#12371,#12379,#12315,.T.);
#12422=ADVANCED_FACE('',(#12421),#12412,.F.);
#12429=EDGE_CURVE('',#12374,#12382,#12329,.T.);
#12431=EDGE_CURVE('',#12380,#12382,#12351,.T.);
#12436=ADVANCED_FACE('',(#12435),#12427,.T.);
#12443=EDGE_CURVE('',#12376,#12384,#12336,.T.);
#12445=EDGE_CURVE('',#12382,#12384,#12358,.T.);
#12450=ADVANCED_FACE('',(#12449),#12441,.F.);
#12458=EDGE_CURVE('',#12384,#12379,#12365,.T.);
#12463=ADVANCED_FACE('',(#12462),#12455,.F.);
#12475=ADVANCED_FACE('',(#12474),#12468,.F.);
#12510=CIRCLE('',#12509,1.2E-1);
#12553=CIRCLE('',#12552,1.2E-1);
#12592=EDGE_CURVE('',#12573,#12574,#12488,.T.);
#12594=EDGE_CURVE('',#12578,#12573,#12495,.T.);
#12596=EDGE_CURVE('',#12576,#12578,#12502,.T.);
#12598=EDGE_CURVE('',#12574,#12576,#12510,.T.);
#12602=ADVANCED_FACE('',(#12601),#12591,.T.);
#12616=EDGE_CURVE('',#12574,#12582,#12524,.T.);
#12618=EDGE_CURVE('',#12581,#12582,#12545,.T.);
#12620=EDGE_CURVE('',#12573,#12581,#12517,.T.);
#12624=ADVANCED_FACE('',(#12623),#12614,.F.);
#12631=EDGE_CURVE('',#12576,#12584,#12531,.T.);
#12633=EDGE_CURVE('',#12582,#12584,#12553,.T.);
#12638=ADVANCED_FACE('',(#12637),#12629,.T.);
#12645=EDGE_CURVE('',#12578,#12586,#12538,.T.);
#12647=EDGE_CURVE('',#12584,#12586,#12560,.T.);
#12652=ADVANCED_FACE('',(#12651),#12643,.F.);
#12660=EDGE_CURVE('',#12586,#12581,#12567,.T.);
#12665=ADVANCED_FACE('',(#12664),#12657,.F.);
#12677=ADVANCED_FACE('',(#12676),#12670,.F.);
#12698=CIRCLE('',#12697,1.2E-1);
#12769=CIRCLE('',#12768,1.2E-1);
#12794=EDGE_CURVE('',#12775,#12776,#12690,.T.);
#12796=EDGE_CURVE('',#12776,#12778,#12698,.T.);
#12798=EDGE_CURVE('',#12778,#12780,#12705,.T.);
#12800=EDGE_CURVE('',#12780,#12775,#12712,.T.);
#12804=ADVANCED_FACE('',(#12803),#12793,.F.);
#12818=EDGE_CURVE('',#12775,#12783,#12719,.T.);
#12820=EDGE_CURVE('',#12783,#12784,#12747,.T.);
#12822=EDGE_CURVE('',#12776,#12784,#12740,.T.);
#12826=ADVANCED_FACE('',(#12825),#12816,.T.);
#12833=EDGE_CURVE('',#12780,#12788,#12726,.T.);
#12835=EDGE_CURVE('',#12788,#12783,#12754,.T.);
#12840=ADVANCED_FACE('',(#12839),#12831,.T.);
#12847=EDGE_CURVE('',#12778,#12786,#12733,.T.);
#12849=EDGE_CURVE('',#12786,#12788,#12761,.T.);
#12854=ADVANCED_FACE('',(#12853),#12845,.T.);
#12862=EDGE_CURVE('',#12784,#12786,#12769,.T.);
#12867=ADVANCED_FACE('',(#12866),#12859,.T.);
#12879=ADVANCED_FACE('',(#12878),#12872,.T.);
#12900=CIRCLE('',#12899,1.2E-1);
#12971=CIRCLE('',#12970,1.2E-1);
#12996=EDGE_CURVE('',#12977,#12978,#12892,.T.);
#12998=EDGE_CURVE('',#12978,#12980,#12900,.T.);
#13000=EDGE_CURVE('',#12980,#12982,#12907,.T.);
#13002=EDGE_CURVE('',#12982,#12977,#12914,.T.);
#13006=ADVANCED_FACE('',(#13005),#12995,.F.);
#13020=EDGE_CURVE('',#12977,#12985,#12921,.T.);
#13022=EDGE_CURVE('',#12985,#12986,#12949,.T.);
#13024=EDGE_CURVE('',#12978,#12986,#12942,.T.);
#13028=ADVANCED_FACE('',(#13027),#13018,.T.);
#13035=EDGE_CURVE('',#12982,#12990,#12928,.T.);
#13037=EDGE_CURVE('',#12990,#12985,#12956,.T.);
#13042=ADVANCED_FACE('',(#13041),#13033,.T.);
#13049=EDGE_CURVE('',#12980,#12988,#12935,.T.);
#13051=EDGE_CURVE('',#12988,#12990,#12963,.T.);
#13056=ADVANCED_FACE('',(#13055),#13047,.T.);
#13064=EDGE_CURVE('',#12986,#12988,#12971,.T.);
#13069=ADVANCED_FACE('',(#13068),#13061,.T.);
#13081=ADVANCED_FACE('',(#13080),#13074,.T.);
#13102=CIRCLE('',#13101,1.2E-1);
#13173=CIRCLE('',#13172,1.2E-1);
#13198=EDGE_CURVE('',#13179,#13180,#13094,.T.);
#13200=EDGE_CURVE('',#13180,#13182,#13102,.T.);
#13202=EDGE_CURVE('',#13182,#13184,#13109,.T.);
#13204=EDGE_CURVE('',#13184,#13179,#13116,.T.);
#13208=ADVANCED_FACE('',(#13207),#13197,.F.);
#13222=EDGE_CURVE('',#13179,#13187,#13123,.T.);
#13224=EDGE_CURVE('',#13187,#13188,#13151,.T.);
#13226=EDGE_CURVE('',#13180,#13188,#13144,.T.);
#13230=ADVANCED_FACE('',(#13229),#13220,.T.);
#13237=EDGE_CURVE('',#13184,#13192,#13130,.T.);
#13239=EDGE_CURVE('',#13192,#13187,#13158,.T.);
#13244=ADVANCED_FACE('',(#13243),#13235,.T.);
#13251=EDGE_CURVE('',#13182,#13190,#13137,.T.);
#13253=EDGE_CURVE('',#13190,#13192,#13165,.T.);
#13258=ADVANCED_FACE('',(#13257),#13249,.T.);
#13266=EDGE_CURVE('',#13188,#13190,#13173,.T.);
#13271=ADVANCED_FACE('',(#13270),#13263,.T.);
#13283=ADVANCED_FACE('',(#13282),#13276,.T.);
#13304=CIRCLE('',#13303,1.2E-1);
#13375=CIRCLE('',#13374,1.2E-1);
#13400=EDGE_CURVE('',#13381,#13382,#13296,.T.);
#13402=EDGE_CURVE('',#13382,#13384,#13304,.T.);
#13404=EDGE_CURVE('',#13384,#13386,#13311,.T.);
#13406=EDGE_CURVE('',#13386,#13381,#13318,.T.);
#13410=ADVANCED_FACE('',(#13409),#13399,.F.);
#13424=EDGE_CURVE('',#13381,#13389,#13325,.T.);
#13426=EDGE_CURVE('',#13389,#13390,#13353,.T.);
#13428=EDGE_CURVE('',#13382,#13390,#13346,.T.);
#13432=ADVANCED_FACE('',(#13431),#13422,.T.);
#13439=EDGE_CURVE('',#13386,#13394,#13332,.T.);
#13441=EDGE_CURVE('',#13394,#13389,#13360,.T.);
#13446=ADVANCED_FACE('',(#13445),#13437,.T.);
#13453=EDGE_CURVE('',#13384,#13392,#13339,.T.);
#13455=EDGE_CURVE('',#13392,#13394,#13367,.T.);
#13460=ADVANCED_FACE('',(#13459),#13451,.T.);
#13468=EDGE_CURVE('',#13390,#13392,#13375,.T.);
#13473=ADVANCED_FACE('',(#13472),#13465,.T.);
#13485=ADVANCED_FACE('',(#13484),#13478,.T.);
#13506=CIRCLE('',#13505,1.2E-1);
#13577=CIRCLE('',#13576,1.2E-1);
#13602=EDGE_CURVE('',#13583,#13584,#13498,.T.);
#13604=EDGE_CURVE('',#13584,#13586,#13506,.T.);
#13606=EDGE_CURVE('',#13586,#13588,#13513,.T.);
#13608=EDGE_CURVE('',#13588,#13583,#13520,.T.);
#13612=ADVANCED_FACE('',(#13611),#13601,.F.);
#13626=EDGE_CURVE('',#13583,#13591,#13527,.T.);
#13628=EDGE_CURVE('',#13591,#13592,#13555,.T.);
#13630=EDGE_CURVE('',#13584,#13592,#13548,.T.);
#13634=ADVANCED_FACE('',(#13633),#13624,.T.);
#13641=EDGE_CURVE('',#13588,#13596,#13534,.T.);
#13643=EDGE_CURVE('',#13596,#13591,#13562,.T.);
#13648=ADVANCED_FACE('',(#13647),#13639,.T.);
#13655=EDGE_CURVE('',#13586,#13594,#13541,.T.);
#13657=EDGE_CURVE('',#13594,#13596,#13569,.T.);
#13662=ADVANCED_FACE('',(#13661),#13653,.T.);
#13670=EDGE_CURVE('',#13592,#13594,#13577,.T.);
#13675=ADVANCED_FACE('',(#13674),#13667,.T.);
#13687=ADVANCED_FACE('',(#13686),#13680,.T.);
#13708=CIRCLE('',#13707,1.2E-1);
#13779=CIRCLE('',#13778,1.2E-1);
#13804=EDGE_CURVE('',#13785,#13786,#13700,.T.);
#13806=EDGE_CURVE('',#13786,#13788,#13708,.T.);
#13808=EDGE_CURVE('',#13788,#13790,#13715,.T.);
#13810=EDGE_CURVE('',#13790,#13785,#13722,.T.);
#13814=ADVANCED_FACE('',(#13813),#13803,.F.);
#13828=EDGE_CURVE('',#13785,#13793,#13729,.T.);
#13830=EDGE_CURVE('',#13793,#13794,#13757,.T.);
#13832=EDGE_CURVE('',#13786,#13794,#13750,.T.);
#13836=ADVANCED_FACE('',(#13835),#13826,.T.);
#13843=EDGE_CURVE('',#13790,#13798,#13736,.T.);
#13845=EDGE_CURVE('',#13798,#13793,#13764,.T.);
#13850=ADVANCED_FACE('',(#13849),#13841,.T.);
#13857=EDGE_CURVE('',#13788,#13796,#13743,.T.);
#13859=EDGE_CURVE('',#13796,#13798,#13771,.T.);
#13864=ADVANCED_FACE('',(#13863),#13855,.T.);
#13872=EDGE_CURVE('',#13794,#13796,#13779,.T.);
#13877=ADVANCED_FACE('',(#13876),#13869,.T.);
#13889=ADVANCED_FACE('',(#13888),#13882,.T.);
#13910=CIRCLE('',#13909,1.2E-1);
#13981=CIRCLE('',#13980,1.2E-1);
#14006=EDGE_CURVE('',#13987,#13988,#13902,.T.);
#14008=EDGE_CURVE('',#13988,#13990,#13910,.T.);
#14010=EDGE_CURVE('',#13990,#13992,#13917,.T.);
#14012=EDGE_CURVE('',#13992,#13987,#13924,.T.);
#14016=ADVANCED_FACE('',(#14015),#14005,.F.);
#14030=EDGE_CURVE('',#13987,#13995,#13931,.T.);
#14032=EDGE_CURVE('',#13995,#13996,#13959,.T.);
#14034=EDGE_CURVE('',#13988,#13996,#13952,.T.);
#14038=ADVANCED_FACE('',(#14037),#14028,.T.);
#14045=EDGE_CURVE('',#13992,#14000,#13938,.T.);
#14047=EDGE_CURVE('',#14000,#13995,#13966,.T.);
#14052=ADVANCED_FACE('',(#14051),#14043,.T.);
#14059=EDGE_CURVE('',#13990,#13998,#13945,.T.);
#14061=EDGE_CURVE('',#13998,#14000,#13973,.T.);
#14066=ADVANCED_FACE('',(#14065),#14057,.T.);
#14074=EDGE_CURVE('',#13996,#13998,#13981,.T.);
#14079=ADVANCED_FACE('',(#14078),#14071,.T.);
#14091=ADVANCED_FACE('',(#14090),#14084,.T.);
#14112=CIRCLE('',#14111,1.2E-1);
#14183=CIRCLE('',#14182,1.2E-1);
#14208=EDGE_CURVE('',#14189,#14190,#14104,.T.);
#14210=EDGE_CURVE('',#14190,#14192,#14112,.T.);
#14212=EDGE_CURVE('',#14192,#14194,#14119,.T.);
#14214=EDGE_CURVE('',#14194,#14189,#14126,.T.);
#14218=ADVANCED_FACE('',(#14217),#14207,.F.);
#14232=EDGE_CURVE('',#14189,#14197,#14133,.T.);
#14234=EDGE_CURVE('',#14197,#14198,#14161,.T.);
#14236=EDGE_CURVE('',#14190,#14198,#14154,.T.);
#14240=ADVANCED_FACE('',(#14239),#14230,.T.);
#14247=EDGE_CURVE('',#14194,#14202,#14140,.T.);
#14249=EDGE_CURVE('',#14202,#14197,#14168,.T.);
#14254=ADVANCED_FACE('',(#14253),#14245,.T.);
#14261=EDGE_CURVE('',#14192,#14200,#14147,.T.);
#14263=EDGE_CURVE('',#14200,#14202,#14175,.T.);
#14268=ADVANCED_FACE('',(#14267),#14259,.T.);
#14276=EDGE_CURVE('',#14198,#14200,#14183,.T.);
#14281=ADVANCED_FACE('',(#14280),#14273,.T.);
#14293=ADVANCED_FACE('',(#14292),#14286,.T.);
#14328=CIRCLE('',#14327,1.2E-1);
#14371=CIRCLE('',#14370,1.2E-1);
#14410=EDGE_CURVE('',#14391,#14392,#14306,.T.);
#14412=EDGE_CURVE('',#14396,#14391,#14313,.T.);
#14414=EDGE_CURVE('',#14394,#14396,#14320,.T.);
#14416=EDGE_CURVE('',#14392,#14394,#14328,.T.);
#14420=ADVANCED_FACE('',(#14419),#14409,.T.);
#14434=EDGE_CURVE('',#14392,#14400,#14342,.T.);
#14436=EDGE_CURVE('',#14399,#14400,#14363,.T.);
#14438=EDGE_CURVE('',#14391,#14399,#14335,.T.);
#14442=ADVANCED_FACE('',(#14441),#14432,.F.);
#14449=EDGE_CURVE('',#14394,#14402,#14349,.T.);
#14451=EDGE_CURVE('',#14400,#14402,#14371,.T.);
#14456=ADVANCED_FACE('',(#14455),#14447,.T.);
#14463=EDGE_CURVE('',#14396,#14404,#14356,.T.);
#14465=EDGE_CURVE('',#14402,#14404,#14378,.T.);
#14470=ADVANCED_FACE('',(#14469),#14461,.F.);
#14478=EDGE_CURVE('',#14404,#14399,#14385,.T.);
#14483=ADVANCED_FACE('',(#14482),#14475,.F.);
#14495=ADVANCED_FACE('',(#14494),#14488,.F.);
#14530=CIRCLE('',#14529,1.2E-1);
#14573=CIRCLE('',#14572,1.2E-1);
#14612=EDGE_CURVE('',#14593,#14594,#14508,.T.);
#14614=EDGE_CURVE('',#14598,#14593,#14515,.T.);
#14616=EDGE_CURVE('',#14596,#14598,#14522,.T.);
#14618=EDGE_CURVE('',#14594,#14596,#14530,.T.);
#14622=ADVANCED_FACE('',(#14621),#14611,.T.);
#14636=EDGE_CURVE('',#14594,#14602,#14544,.T.);
#14638=EDGE_CURVE('',#14601,#14602,#14565,.T.);
#14640=EDGE_CURVE('',#14593,#14601,#14537,.T.);
#14644=ADVANCED_FACE('',(#14643),#14634,.F.);
#14651=EDGE_CURVE('',#14596,#14604,#14551,.T.);
#14653=EDGE_CURVE('',#14602,#14604,#14573,.T.);
#14658=ADVANCED_FACE('',(#14657),#14649,.T.);
#14665=EDGE_CURVE('',#14598,#14606,#14558,.T.);
#14667=EDGE_CURVE('',#14604,#14606,#14580,.T.);
#14672=ADVANCED_FACE('',(#14671),#14663,.F.);
#14680=EDGE_CURVE('',#14606,#14601,#14587,.T.);
#14685=ADVANCED_FACE('',(#14684),#14677,.F.);
#14697=ADVANCED_FACE('',(#14696),#14690,.F.);
#14732=CIRCLE('',#14731,1.2E-1);
#14775=CIRCLE('',#14774,1.2E-1);
#14814=EDGE_CURVE('',#14795,#14796,#14710,.T.);
#14816=EDGE_CURVE('',#14800,#14795,#14717,.T.);
#14818=EDGE_CURVE('',#14798,#14800,#14724,.T.);
#14820=EDGE_CURVE('',#14796,#14798,#14732,.T.);
#14824=ADVANCED_FACE('',(#14823),#14813,.T.);
#14838=EDGE_CURVE('',#14796,#14804,#14746,.T.);
#14840=EDGE_CURVE('',#14803,#14804,#14767,.T.);
#14842=EDGE_CURVE('',#14795,#14803,#14739,.T.);
#14846=ADVANCED_FACE('',(#14845),#14836,.F.);
#14853=EDGE_CURVE('',#14798,#14806,#14753,.T.);
#14855=EDGE_CURVE('',#14804,#14806,#14775,.T.);
#14860=ADVANCED_FACE('',(#14859),#14851,.T.);
#14867=EDGE_CURVE('',#14800,#14808,#14760,.T.);
#14869=EDGE_CURVE('',#14806,#14808,#14782,.T.);
#14874=ADVANCED_FACE('',(#14873),#14865,.F.);
#14882=EDGE_CURVE('',#14808,#14803,#14789,.T.);
#14887=ADVANCED_FACE('',(#14886),#14879,.F.);
#14899=ADVANCED_FACE('',(#14898),#14892,.F.);
#14934=CIRCLE('',#14933,1.2E-1);
#14977=CIRCLE('',#14976,1.2E-1);
#15016=EDGE_CURVE('',#14997,#14998,#14912,.T.);
#15018=EDGE_CURVE('',#15002,#14997,#14919,.T.);
#15020=EDGE_CURVE('',#15000,#15002,#14926,.T.);
#15022=EDGE_CURVE('',#14998,#15000,#14934,.T.);
#15026=ADVANCED_FACE('',(#15025),#15015,.T.);
#15040=EDGE_CURVE('',#14998,#15006,#14948,.T.);
#15042=EDGE_CURVE('',#15005,#15006,#14969,.T.);
#15044=EDGE_CURVE('',#14997,#15005,#14941,.T.);
#15048=ADVANCED_FACE('',(#15047),#15038,.F.);
#15055=EDGE_CURVE('',#15000,#15008,#14955,.T.);
#15057=EDGE_CURVE('',#15006,#15008,#14977,.T.);
#15062=ADVANCED_FACE('',(#15061),#15053,.T.);
#15069=EDGE_CURVE('',#15002,#15010,#14962,.T.);
#15071=EDGE_CURVE('',#15008,#15010,#14984,.T.);
#15076=ADVANCED_FACE('',(#15075),#15067,.F.);
#15084=EDGE_CURVE('',#15010,#15005,#14991,.T.);
#15089=ADVANCED_FACE('',(#15088),#15081,.F.);
#15101=ADVANCED_FACE('',(#15100),#15094,.F.);
#15136=CIRCLE('',#15135,1.2E-1);
#15179=CIRCLE('',#15178,1.2E-1);
#15218=EDGE_CURVE('',#15199,#15200,#15114,.T.);
#15220=EDGE_CURVE('',#15204,#15199,#15121,.T.);
#15222=EDGE_CURVE('',#15202,#15204,#15128,.T.);
#15224=EDGE_CURVE('',#15200,#15202,#15136,.T.);
#15228=ADVANCED_FACE('',(#15227),#15217,.T.);
#15242=EDGE_CURVE('',#15200,#15208,#15150,.T.);
#15244=EDGE_CURVE('',#15207,#15208,#15171,.T.);
#15246=EDGE_CURVE('',#15199,#15207,#15143,.T.);
#15250=ADVANCED_FACE('',(#15249),#15240,.F.);
#15257=EDGE_CURVE('',#15202,#15210,#15157,.T.);
#15259=EDGE_CURVE('',#15208,#15210,#15179,.T.);
#15264=ADVANCED_FACE('',(#15263),#15255,.T.);
#15271=EDGE_CURVE('',#15204,#15212,#15164,.T.);
#15273=EDGE_CURVE('',#15210,#15212,#15186,.T.);
#15278=ADVANCED_FACE('',(#15277),#15269,.F.);
#15286=EDGE_CURVE('',#15212,#15207,#15193,.T.);
#15291=ADVANCED_FACE('',(#15290),#15283,.F.);
#15303=ADVANCED_FACE('',(#15302),#15296,.F.);
#15338=CIRCLE('',#15337,1.2E-1);
#15381=CIRCLE('',#15380,1.2E-1);
#15420=EDGE_CURVE('',#15401,#15402,#15316,.T.);
#15422=EDGE_CURVE('',#15406,#15401,#15323,.T.);
#15424=EDGE_CURVE('',#15404,#15406,#15330,.T.);
#15426=EDGE_CURVE('',#15402,#15404,#15338,.T.);
#15430=ADVANCED_FACE('',(#15429),#15419,.T.);
#15444=EDGE_CURVE('',#15402,#15410,#15352,.T.);
#15446=EDGE_CURVE('',#15409,#15410,#15373,.T.);
#15448=EDGE_CURVE('',#15401,#15409,#15345,.T.);
#15452=ADVANCED_FACE('',(#15451),#15442,.F.);
#15459=EDGE_CURVE('',#15404,#15412,#15359,.T.);
#15461=EDGE_CURVE('',#15410,#15412,#15381,.T.);
#15466=ADVANCED_FACE('',(#15465),#15457,.T.);
#15473=EDGE_CURVE('',#15406,#15414,#15366,.T.);
#15475=EDGE_CURVE('',#15412,#15414,#15388,.T.);
#15480=ADVANCED_FACE('',(#15479),#15471,.F.);
#15488=EDGE_CURVE('',#15414,#15409,#15395,.T.);
#15493=ADVANCED_FACE('',(#15492),#15485,.F.);
#15505=ADVANCED_FACE('',(#15504),#15498,.F.);
#15540=CIRCLE('',#15539,1.2E-1);
#15583=CIRCLE('',#15582,1.2E-1);
#15622=EDGE_CURVE('',#15603,#15604,#15518,.T.);
#15624=EDGE_CURVE('',#15608,#15603,#15525,.T.);
#15626=EDGE_CURVE('',#15606,#15608,#15532,.T.);
#15628=EDGE_CURVE('',#15604,#15606,#15540,.T.);
#15632=ADVANCED_FACE('',(#15631),#15621,.T.);
#15646=EDGE_CURVE('',#15604,#15612,#15554,.T.);
#15648=EDGE_CURVE('',#15611,#15612,#15575,.T.);
#15650=EDGE_CURVE('',#15603,#15611,#15547,.T.);
#15654=ADVANCED_FACE('',(#15653),#15644,.F.);
#15661=EDGE_CURVE('',#15606,#15614,#15561,.T.);
#15663=EDGE_CURVE('',#15612,#15614,#15583,.T.);
#15668=ADVANCED_FACE('',(#15667),#15659,.T.);
#15675=EDGE_CURVE('',#15608,#15616,#15568,.T.);
#15677=EDGE_CURVE('',#15614,#15616,#15590,.T.);
#15682=ADVANCED_FACE('',(#15681),#15673,.F.);
#15690=EDGE_CURVE('',#15616,#15611,#15597,.T.);
#15695=ADVANCED_FACE('',(#15694),#15687,.F.);
#15707=ADVANCED_FACE('',(#15706),#15700,.F.);
#15742=CIRCLE('',#15741,1.2E-1);
#15785=CIRCLE('',#15784,1.2E-1);
#15824=EDGE_CURVE('',#15805,#15806,#15720,.T.);
#15826=EDGE_CURVE('',#15810,#15805,#15727,.T.);
#15828=EDGE_CURVE('',#15808,#15810,#15734,.T.);
#15830=EDGE_CURVE('',#15806,#15808,#15742,.T.);
#15834=ADVANCED_FACE('',(#15833),#15823,.T.);
#15848=EDGE_CURVE('',#15806,#15814,#15756,.T.);
#15850=EDGE_CURVE('',#15813,#15814,#15777,.T.);
#15852=EDGE_CURVE('',#15805,#15813,#15749,.T.);
#15856=ADVANCED_FACE('',(#15855),#15846,.F.);
#15863=EDGE_CURVE('',#15808,#15816,#15763,.T.);
#15865=EDGE_CURVE('',#15814,#15816,#15785,.T.);
#15870=ADVANCED_FACE('',(#15869),#15861,.T.);
#15877=EDGE_CURVE('',#15810,#15818,#15770,.T.);
#15879=EDGE_CURVE('',#15816,#15818,#15792,.T.);
#15884=ADVANCED_FACE('',(#15883),#15875,.F.);
#15892=EDGE_CURVE('',#15818,#15813,#15799,.T.);
#15897=ADVANCED_FACE('',(#15896),#15889,.F.);
#15909=ADVANCED_FACE('',(#15908),#15902,.F.);
#15930=CIRCLE('',#15929,1.2E-1);
#16001=CIRCLE('',#16000,1.2E-1);
#16026=EDGE_CURVE('',#16007,#16008,#15922,.T.);
#16028=EDGE_CURVE('',#16008,#16010,#15930,.T.);
#16030=EDGE_CURVE('',#16010,#16012,#15937,.T.);
#16032=EDGE_CURVE('',#16012,#16007,#15944,.T.);
#16036=ADVANCED_FACE('',(#16035),#16025,.F.);
#16050=EDGE_CURVE('',#16007,#16015,#15951,.T.);
#16052=EDGE_CURVE('',#16015,#16016,#15979,.T.);
#16054=EDGE_CURVE('',#16008,#16016,#15972,.T.);
#16058=ADVANCED_FACE('',(#16057),#16048,.T.);
#16065=EDGE_CURVE('',#16012,#16020,#15958,.T.);
#16067=EDGE_CURVE('',#16020,#16015,#15986,.T.);
#16072=ADVANCED_FACE('',(#16071),#16063,.T.);
#16079=EDGE_CURVE('',#16010,#16018,#15965,.T.);
#16081=EDGE_CURVE('',#16018,#16020,#15993,.T.);
#16086=ADVANCED_FACE('',(#16085),#16077,.T.);
#16094=EDGE_CURVE('',#16016,#16018,#16001,.T.);
#16099=ADVANCED_FACE('',(#16098),#16091,.T.);
#16111=ADVANCED_FACE('',(#16110),#16104,.T.);
#16132=CIRCLE('',#16131,1.2E-1);
#16203=CIRCLE('',#16202,1.2E-1);
#16228=EDGE_CURVE('',#16209,#16210,#16124,.T.);
#16230=EDGE_CURVE('',#16210,#16212,#16132,.T.);
#16232=EDGE_CURVE('',#16212,#16214,#16139,.T.);
#16234=EDGE_CURVE('',#16214,#16209,#16146,.T.);
#16238=ADVANCED_FACE('',(#16237),#16227,.F.);
#16252=EDGE_CURVE('',#16209,#16217,#16153,.T.);
#16254=EDGE_CURVE('',#16217,#16218,#16181,.T.);
#16256=EDGE_CURVE('',#16210,#16218,#16174,.T.);
#16260=ADVANCED_FACE('',(#16259),#16250,.T.);
#16267=EDGE_CURVE('',#16214,#16222,#16160,.T.);
#16269=EDGE_CURVE('',#16222,#16217,#16188,.T.);
#16274=ADVANCED_FACE('',(#16273),#16265,.T.);
#16281=EDGE_CURVE('',#16212,#16220,#16167,.T.);
#16283=EDGE_CURVE('',#16220,#16222,#16195,.T.);
#16288=ADVANCED_FACE('',(#16287),#16279,.T.);
#16296=EDGE_CURVE('',#16218,#16220,#16203,.T.);
#16301=ADVANCED_FACE('',(#16300),#16293,.T.);
#16313=ADVANCED_FACE('',(#16312),#16306,.T.);
#16348=CIRCLE('',#16347,1.2E-1);
#16391=CIRCLE('',#16390,1.2E-1);
#16430=EDGE_CURVE('',#16411,#16412,#16326,.T.);
#16432=EDGE_CURVE('',#16416,#16411,#16333,.T.);
#16434=EDGE_CURVE('',#16414,#16416,#16340,.T.);
#16436=EDGE_CURVE('',#16412,#16414,#16348,.T.);
#16440=ADVANCED_FACE('',(#16439),#16429,.T.);
#16454=EDGE_CURVE('',#16412,#16420,#16362,.T.);
#16456=EDGE_CURVE('',#16419,#16420,#16383,.T.);
#16458=EDGE_CURVE('',#16411,#16419,#16355,.T.);
#16462=ADVANCED_FACE('',(#16461),#16452,.F.);
#16469=EDGE_CURVE('',#16414,#16422,#16369,.T.);
#16471=EDGE_CURVE('',#16420,#16422,#16391,.T.);
#16476=ADVANCED_FACE('',(#16475),#16467,.T.);
#16483=EDGE_CURVE('',#16416,#16424,#16376,.T.);
#16485=EDGE_CURVE('',#16422,#16424,#16398,.T.);
#16490=ADVANCED_FACE('',(#16489),#16481,.F.);
#16498=EDGE_CURVE('',#16424,#16419,#16405,.T.);
#16503=ADVANCED_FACE('',(#16502),#16495,.F.);
#16515=ADVANCED_FACE('',(#16514),#16508,.F.);
#16550=CIRCLE('',#16549,1.2E-1);
#16593=CIRCLE('',#16592,1.2E-1);
#16632=EDGE_CURVE('',#16613,#16614,#16528,.T.);
#16634=EDGE_CURVE('',#16618,#16613,#16535,.T.);
#16636=EDGE_CURVE('',#16616,#16618,#16542,.T.);
#16638=EDGE_CURVE('',#16614,#16616,#16550,.T.);
#16642=ADVANCED_FACE('',(#16641),#16631,.T.);
#16656=EDGE_CURVE('',#16614,#16622,#16564,.T.);
#16658=EDGE_CURVE('',#16621,#16622,#16585,.T.);
#16660=EDGE_CURVE('',#16613,#16621,#16557,.T.);
#16664=ADVANCED_FACE('',(#16663),#16654,.F.);
#16671=EDGE_CURVE('',#16616,#16624,#16571,.T.);
#16673=EDGE_CURVE('',#16622,#16624,#16593,.T.);
#16678=ADVANCED_FACE('',(#16677),#16669,.T.);
#16685=EDGE_CURVE('',#16618,#16626,#16578,.T.);
#16687=EDGE_CURVE('',#16624,#16626,#16600,.T.);
#16692=ADVANCED_FACE('',(#16691),#16683,.F.);
#16700=EDGE_CURVE('',#16626,#16621,#16607,.T.);
#16705=ADVANCED_FACE('',(#16704),#16697,.F.);
#16717=ADVANCED_FACE('',(#16716),#16710,.F.);
#16832=EDGE_CURVE('',#16813,#16814,#16730,.T.);
#16834=EDGE_CURVE('',#16814,#16816,#16737,.T.);
#16836=EDGE_CURVE('',#16816,#16818,#16744,.T.);
#16838=EDGE_CURVE('',#16818,#16813,#16751,.T.);
#16842=ADVANCED_FACE('',(#16841),#16831,.F.);
#16856=EDGE_CURVE('',#16813,#16821,#16758,.T.);
#16858=EDGE_CURVE('',#16821,#16822,#16786,.T.);
#16860=EDGE_CURVE('',#16814,#16822,#16779,.T.);
#16864=ADVANCED_FACE('',(#16863),#16854,.T.);
#16871=EDGE_CURVE('',#16818,#16826,#16765,.T.);
#16873=EDGE_CURVE('',#16826,#16821,#16793,.T.);
#16878=ADVANCED_FACE('',(#16877),#16869,.T.);
#16885=EDGE_CURVE('',#16816,#16824,#16772,.T.);
#16887=EDGE_CURVE('',#16824,#16826,#16800,.T.);
#16892=ADVANCED_FACE('',(#16891),#16883,.T.);
#16900=EDGE_CURVE('',#16822,#16824,#16807,.T.);
#16905=ADVANCED_FACE('',(#16904),#16897,.T.);
#16917=ADVANCED_FACE('',(#16916),#16910,.F.);
#17032=EDGE_CURVE('',#17013,#17014,#16930,.T.);
#17034=EDGE_CURVE('',#17014,#17016,#16937,.T.);
#17036=EDGE_CURVE('',#17016,#17018,#16944,.T.);
#17038=EDGE_CURVE('',#17018,#17013,#16951,.T.);
#17042=ADVANCED_FACE('',(#17041),#17031,.F.);
#17056=EDGE_CURVE('',#17013,#17021,#16958,.T.);
#17058=EDGE_CURVE('',#17021,#17022,#16986,.T.);
#17060=EDGE_CURVE('',#17014,#17022,#16979,.T.);
#17064=ADVANCED_FACE('',(#17063),#17054,.T.);
#17071=EDGE_CURVE('',#17018,#17026,#16965,.T.);
#17073=EDGE_CURVE('',#17026,#17021,#16993,.T.);
#17078=ADVANCED_FACE('',(#17077),#17069,.T.);
#17085=EDGE_CURVE('',#17016,#17024,#16972,.T.);
#17087=EDGE_CURVE('',#17024,#17026,#17000,.T.);
#17092=ADVANCED_FACE('',(#17091),#17083,.T.);
#17100=EDGE_CURVE('',#17022,#17024,#17007,.T.);
#17105=ADVANCED_FACE('',(#17104),#17097,.T.);
#17117=ADVANCED_FACE('',(#17116),#17110,.F.);
#17232=EDGE_CURVE('',#17213,#17214,#17130,.T.);
#17234=EDGE_CURVE('',#17214,#17216,#17137,.T.);
#17236=EDGE_CURVE('',#17216,#17218,#17144,.T.);
#17238=EDGE_CURVE('',#17218,#17213,#17151,.T.);
#17242=ADVANCED_FACE('',(#17241),#17231,.F.);
#17256=EDGE_CURVE('',#17213,#17221,#17158,.T.);
#17258=EDGE_CURVE('',#17221,#17222,#17186,.T.);
#17260=EDGE_CURVE('',#17214,#17222,#17179,.T.);
#17264=ADVANCED_FACE('',(#17263),#17254,.T.);
#17271=EDGE_CURVE('',#17218,#17226,#17165,.T.);
#17273=EDGE_CURVE('',#17226,#17221,#17193,.T.);
#17278=ADVANCED_FACE('',(#17277),#17269,.T.);
#17285=EDGE_CURVE('',#17216,#17224,#17172,.T.);
#17287=EDGE_CURVE('',#17224,#17226,#17200,.T.);
#17292=ADVANCED_FACE('',(#17291),#17283,.T.);
#17300=EDGE_CURVE('',#17222,#17224,#17207,.T.);
#17305=ADVANCED_FACE('',(#17304),#17297,.T.);
#17317=ADVANCED_FACE('',(#17316),#17310,.F.);
#17432=EDGE_CURVE('',#17413,#17414,#17330,.T.);
#17434=EDGE_CURVE('',#17414,#17416,#17337,.T.);
#17436=EDGE_CURVE('',#17416,#17418,#17344,.T.);
#17438=EDGE_CURVE('',#17418,#17413,#17351,.T.);
#17442=ADVANCED_FACE('',(#17441),#17431,.F.);
#17456=EDGE_CURVE('',#17413,#17421,#17358,.T.);
#17458=EDGE_CURVE('',#17421,#17422,#17386,.T.);
#17460=EDGE_CURVE('',#17414,#17422,#17379,.T.);
#17464=ADVANCED_FACE('',(#17463),#17454,.T.);
#17471=EDGE_CURVE('',#17418,#17426,#17365,.T.);
#17473=EDGE_CURVE('',#17426,#17421,#17393,.T.);
#17478=ADVANCED_FACE('',(#17477),#17469,.T.);
#17485=EDGE_CURVE('',#17416,#17424,#17372,.T.);
#17487=EDGE_CURVE('',#17424,#17426,#17400,.T.);
#17492=ADVANCED_FACE('',(#17491),#17483,.T.);
#17500=EDGE_CURVE('',#17422,#17424,#17407,.T.);
#17505=ADVANCED_FACE('',(#17504),#17497,.T.);
#17517=ADVANCED_FACE('',(#17516),#17510,.F.);
#17526=(LENGTH_UNIT()NAMED_UNIT(*)SI_UNIT(.MILLI.,.METRE.));
#17527=(NAMED_UNIT(*)PLANE_ANGLE_UNIT()SI_UNIT($,.RADIAN.));
#17530=(NAMED_UNIT(*)SI_UNIT($,.STERADIAN.)SOLID_ANGLE_UNIT());
#17532=(GEOMETRIC_REPRESENTATION_CONTEXT(3)GLOBAL_UNCERTAINTY_ASSIGNED_CONTEXT((
#17531))GLOBAL_UNIT_ASSIGNED_CONTEXT((#17526,#17529,#17530))REPRESENTATION_CONTEXT('ID2','3'));
#17536=AXIS2_PLACEMENT_3D('',#17533,#17534,#17535);
#17537=ADVANCED_BREP_SHAPE_REPRESENTATION('',(#17536,#8639,#8841,#9043,#9245,
#9447,#9649,#9851,#10053,#10255,#10457,#10659,#10861,#11063,#11265,#11467,
#11669,#11871,#12073,#12275,#12477,#12679,#12881,#13083,#13285,#13487,#13689,
#13891,#14093,#14295,#14497,#14699,#14901,#15103,#15305,#15507,#15709,#15911,
#16113,#16315,#16517,#16719,#16919,#17119,#17319,#17519),#17532);
#17541=PRODUCT_DEFINITION('part definition','',#17540,#8158);
#17542=PRODUCT_DEFINITION_SHAPE('','SHAPE FOR FRAME-RJA0040A.',#17541);
#17543=SHAPE_ASPECT('','solid data associated with FRAME-RJA0040A',#17542,.F.);
#17544=PROPERTY_DEFINITION('',
'shape for solid data with which properties are associated',#17543);
#17545=SHAPE_REPRESENTATION('',(#17519),#17532);
#17546=SHAPE_DEFINITION_REPRESENTATION(#17544,#17545);
#17547=(LENGTH_UNIT()NAMED_UNIT(*)SI_UNIT(.MILLI.,.METRE.));
#17551=PROPERTY_DEFINITION('geometric validation property',
'area of FRAME-RJA0040A',#17543);
#17552=REPRESENTATION('surface area',(#17550),#17532);
#17553=PROPERTY_DEFINITION_REPRESENTATION(#17551,#17552);
#17554=(LENGTH_UNIT()NAMED_UNIT(*)SI_UNIT(.MILLI.,.METRE.));
#17558=PROPERTY_DEFINITION('geometric validation property',
'volume of FRAME-RJA0040A',#17543);
#17559=REPRESENTATION('volume',(#17557),#17532);
#17560=PROPERTY_DEFINITION_REPRESENTATION(#17558,#17559);
#17562=PROPERTY_DEFINITION('geometric validation property',
'centroid of FRAME-RJA0040A',#17543);
#17563=REPRESENTATION('centroid',(#17561),#17532);
#17564=PROPERTY_DEFINITION_REPRESENTATION(#17562,#17563);
#17565=(LENGTH_UNIT()NAMED_UNIT(*)SI_UNIT(.MILLI.,.METRE.));
#17569=PROPERTY_DEFINITION('geometric validation property',
'area of FRAME-RJA0040A',#17542);
#17570=REPRESENTATION('surface area',(#17568),#17532);
#17571=PROPERTY_DEFINITION_REPRESENTATION(#17569,#17570);
#17572=(LENGTH_UNIT()NAMED_UNIT(*)SI_UNIT(.MILLI.,.METRE.));
#17576=PROPERTY_DEFINITION('geometric validation property',
'volume of FRAME-RJA0040A',#17542);
#17577=REPRESENTATION('volume',(#17575),#17532);
#17578=PROPERTY_DEFINITION_REPRESENTATION(#17576,#17577);
#17580=PROPERTY_DEFINITION('geometric validation property',
'centroid of FRAME-RJA0040A',#17542);
#17581=REPRESENTATION('centroid',(#17579),#17532);
#17582=PROPERTY_DEFINITION_REPRESENTATION(#17580,#17581);
#17583=SHAPE_DEFINITION_REPRESENTATION(#17542,#17537);
#17584=PROPERTY_DEFINITION('LD_WIDTH_BTM','user defined attribute',#17541);
#17588=REPRESENTATION('',(#17587),#17532);
#17589=PROPERTY_DEFINITION_REPRESENTATION(#17584,#17588);
#17591=REPRESENTATION('',(#17590),#17532);
#17592=PROPERTY_DEFINITION('attribute type designation','Real Number',#17585);
#17593=PROPERTY_DEFINITION_REPRESENTATION(#17592,#17591);
#17594=PROPERTY_DEFINITION('LD_THICK','user defined attribute',#17541);
#17598=REPRESENTATION('',(#17597),#17532);
#17599=PROPERTY_DEFINITION_REPRESENTATION(#17594,#17598);
#17601=REPRESENTATION('',(#17600),#17532);
#17602=PROPERTY_DEFINITION('attribute type designation','Real Number',#17595);
#17603=PROPERTY_DEFINITION_REPRESENTATION(#17602,#17601);
#17604=NEXT_ASSEMBLY_USAGE_OCCURRENCE('1','Next assembly relationship',
'FRAME-RJA0040A',#17672,#17541,$);
#17605=PRODUCT_DEFINITION_SHAPE('Placement #1',
'Placement of FRAME-RJA0040A with respect to RJA0040A_ASM',#17604);
#17607=PROPERTY_DEFINITION('geometric validation property',
'centroid of FRAME-RJA0040A',#17605);
#17608=REPRESENTATION('centroid',(#17606),#17532);
#17609=PROPERTY_DEFINITION_REPRESENTATION(#17607,#17608);
#17617=(LENGTH_UNIT()NAMED_UNIT(*)SI_UNIT(.MILLI.,.METRE.));
#17618=(NAMED_UNIT(*)PLANE_ANGLE_UNIT()SI_UNIT($,.RADIAN.));
#17621=(NAMED_UNIT(*)SI_UNIT($,.STERADIAN.)SOLID_ANGLE_UNIT());
#17623=(GEOMETRIC_REPRESENTATION_CONTEXT(3)GLOBAL_UNCERTAINTY_ASSIGNED_CONTEXT((
#17622))GLOBAL_UNIT_ASSIGNED_CONTEXT((#17617,#17620,#17621))REPRESENTATION_CONTEXT('ID3','3'));
#17627=AXIS2_PLACEMENT_3D('',#17624,#17625,#17626);
#17628=SHAPE_REPRESENTATION('',(#17627),#17623);
#17633=PRODUCT_DEFINITION('part definition','',#17632,#17629);
#17634=PRODUCT_DEFINITION_SHAPE('','SHAPE FOR PIN1-ID.',#17633);
#17635=SHAPE_DEFINITION_REPRESENTATION(#17634,#17628);
#17636=PROPERTY_DEFINITION('DESCRIPTION','user defined attribute',#17633);
#17640=REPRESENTATION('',(#17639),#17623);
#17641=PROPERTY_DEFINITION_REPRESENTATION(#17636,#17640);
#17642=PROPERTY_DEFINITION('MODELED_BY','user defined attribute',#17633);
#17646=REPRESENTATION('',(#17645),#17623);
#17647=PROPERTY_DEFINITION_REPRESENTATION(#17642,#17646);
#17648=NEXT_ASSEMBLY_USAGE_OCCURRENCE('2','Next assembly relationship',
'PIN1-ID',#17672,#17633,$);
#17649=PRODUCT_DEFINITION_SHAPE('Placement #2',
'Placement of PIN1-ID with respect to RJA0040A_ASM',#17648);
#17657=(LENGTH_UNIT()NAMED_UNIT(*)SI_UNIT(.MILLI.,.METRE.));
#17658=(NAMED_UNIT(*)PLANE_ANGLE_UNIT()SI_UNIT($,.RADIAN.));
#17661=(NAMED_UNIT(*)SI_UNIT($,.STERADIAN.)SOLID_ANGLE_UNIT());
#17663=(GEOMETRIC_REPRESENTATION_CONTEXT(3)GLOBAL_UNCERTAINTY_ASSIGNED_CONTEXT((
#17662))GLOBAL_UNIT_ASSIGNED_CONTEXT((#17657,#17660,#17661))REPRESENTATION_CONTEXT('ID4','3'));
#17667=AXIS2_PLACEMENT_3D('',#17664,#17665,#17666);
#17672=PRODUCT_DEFINITION('part definition','',#17671,#17629);
#17673=(LENGTH_UNIT()NAMED_UNIT(*)SI_UNIT(.MILLI.,.METRE.));
#17677=PROPERTY_DEFINITION('geometric validation property',
'area of RJA0040A_ASM',#8206);
#17678=REPRESENTATION('surface area',(#17676),#17663);
#17679=PROPERTY_DEFINITION_REPRESENTATION(#17677,#17678);
#17680=(LENGTH_UNIT()NAMED_UNIT(*)SI_UNIT(.MILLI.,.METRE.));
#17684=PROPERTY_DEFINITION('geometric validation property',
'volume of RJA0040A_ASM',#8206);
#17685=REPRESENTATION('volume',(#17683),#17663);
#17686=PROPERTY_DEFINITION_REPRESENTATION(#17684,#17685);
#17688=PROPERTY_DEFINITION('geometric validation property',
'centroid of RJA0040A_ASM',#8206);
#17689=REPRESENTATION('centroid',(#17687),#17663);
#17690=PROPERTY_DEFINITION_REPRESENTATION(#17688,#17689);
#17692=PROPERTY_DEFINITION('TITLE','user defined attribute',#17672);
#17695=PROPERTY_DEFINITION('DWG_NO','user defined attribute',#17672);
#17699=REPRESENTATION('',(#17698),#17663);
#17700=PROPERTY_DEFINITION_REPRESENTATION(#17695,#17699);
#17701=PROPERTY_DEFINITION('REV','user defined attribute',#17672);
#17705=REPRESENTATION('',(#17704),#17663);
#17706=PROPERTY_DEFINITION_REPRESENTATION(#17701,#17705);
#17707=PROPERTY_DEFINITION('AUTHOR','user defined attribute',#17672);
#17711=REPRESENTATION('',(#17710),#17663);
#17712=PROPERTY_DEFINITION_REPRESENTATION(#17707,#17711);
#17713=PROPERTY_DEFINITION('DATE','user defined attribute',#17672);
#17717=REPRESENTATION('',(#17716),#17663);
#17718=PROPERTY_DEFINITION_REPRESENTATION(#17713,#17717);
#17719=PROPERTY_DEFINITION('DCHK','user defined attribute',#17672);
#17723=REPRESENTATION('',(#17722),#17663);
#17724=PROPERTY_DEFINITION_REPRESENTATION(#17719,#17723);
#17725=PROPERTY_DEFINITION('DCHK_DATE','user defined attribute',#17672);
#17729=REPRESENTATION('',(#17728),#17663);
#17730=PROPERTY_DEFINITION_REPRESENTATION(#17725,#17729);
#17731=PROPERTY_DEFINITION('ECHK','user defined attribute',#17672);
#17735=REPRESENTATION('',(#17734),#17663);
#17736=PROPERTY_DEFINITION_REPRESENTATION(#17731,#17735);
#17737=PROPERTY_DEFINITION('ECHK_DATE','user defined attribute',#17672);
#17741=REPRESENTATION('',(#17740),#17663);
#17742=PROPERTY_DEFINITION_REPRESENTATION(#17737,#17741);
#17743=PROPERTY_DEFINITION('DESG','user defined attribute',#17672);
#17747=REPRESENTATION('',(#17746),#17663);
#17748=PROPERTY_DEFINITION_REPRESENTATION(#17743,#17747);
#17749=PROPERTY_DEFINITION('TI_PACKAGE_NAME','user defined attribute',#17672);
#17753=REPRESENTATION('',(#17752),#17663);
#17754=PROPERTY_DEFINITION_REPRESENTATION(#17749,#17753);
#17755=PROPERTY_DEFINITION('INDUSTRY_NAME','user defined attribute',#17672);
#17759=REPRESENTATION('',(#17758),#17663);
#17760=PROPERTY_DEFINITION_REPRESENTATION(#17755,#17759);
#17761=PROPERTY_DEFINITION('RELEASED','user defined attribute',#17672);
#17765=REPRESENTATION('',(#17764),#17663);
#17766=PROPERTY_DEFINITION_REPRESENTATION(#17761,#17765);
#17767=PROPERTY_DEFINITION('DESIGNER','user defined attribute',#17672);
#17771=REPRESENTATION('',(#17770),#17663);
#17772=PROPERTY_DEFINITION_REPRESENTATION(#17767,#17771);
#17773=PROPERTY_DEFINITION('APPROVER','user defined attribute',#17672);
#17777=REPRESENTATION('',(#17776),#17663);
#17778=PROPERTY_DEFINITION_REPRESENTATION(#17773,#17777);
#17779=PROPERTY_DEFINITION('DES_DATE','user defined attribute',#17672);
#17783=REPRESENTATION('',(#17782),#17663);
#17784=PROPERTY_DEFINITION_REPRESENTATION(#17779,#17783);
#17785=PROPERTY_DEFINITION('APP_DATE','user defined attribute',#17672);
#17789=REPRESENTATION('',(#17788),#17663);
#17790=PROPERTY_DEFINITION_REPRESENTATION(#17785,#17789);
#17791=PROPERTY_DEFINITION('REL_DATE','user defined attribute',#17672);
#17795=REPRESENTATION('',(#17794),#17663);
#17796=PROPERTY_DEFINITION_REPRESENTATION(#17791,#17795);
#17797=PROPERTY_DEFINITION('PKG_NAME','user defined attribute',#17672);
#17801=REPRESENTATION('',(#17800),#17663);
#17802=PROPERTY_DEFINITION_REPRESENTATION(#17797,#17801);
#17803=PROPERTY_DEFINITION('MM_YYYY','user defined attribute',#17672);
#17807=REPRESENTATION('',(#17806),#17663);
#17808=PROPERTY_DEFINITION_REPRESENTATION(#17803,#17807);
#17809=PROPERTY_DEFINITION('LD_CNT','user defined attribute',#17672);
#17813=REPRESENTATION('',(#17812),#17663);
#17814=PROPERTY_DEFINITION_REPRESENTATION(#17809,#17813);
#17816=REPRESENTATION('',(#17815),#17663);
#17817=PROPERTY_DEFINITION('attribute type designation','Real Number',#17810);
#17818=PROPERTY_DEFINITION_REPRESENTATION(#17817,#17816);
#17819=PROPERTY_DEFINITION('LDNO2','user defined attribute',#17672);
#17823=REPRESENTATION('',(#17822),#17663);
#17824=PROPERTY_DEFINITION_REPRESENTATION(#17819,#17823);
#17826=REPRESENTATION('',(#17825),#17663);
#17827=PROPERTY_DEFINITION('attribute type designation','Real Number',#17820);
#17828=PROPERTY_DEFINITION_REPRESENTATION(#17827,#17826);
#17829=PROPERTY_DEFINITION('LDNO3','user defined attribute',#17672);
#17833=REPRESENTATION('',(#17832),#17663);
#17834=PROPERTY_DEFINITION_REPRESENTATION(#17829,#17833);
#17836=REPRESENTATION('',(#17835),#17663);
#17837=PROPERTY_DEFINITION('attribute type designation','Real Number',#17830);
#17838=PROPERTY_DEFINITION_REPRESENTATION(#17837,#17836);
#17839=PROPERTY_DEFINITION('LDNO4','user defined attribute',#17672);
#17843=REPRESENTATION('',(#17842),#17663);
#17844=PROPERTY_DEFINITION_REPRESENTATION(#17839,#17843);
#17846=REPRESENTATION('',(#17845),#17663);
#17847=PROPERTY_DEFINITION('attribute type designation','Real Number',#17840);
#17848=PROPERTY_DEFINITION_REPRESENTATION(#17847,#17846);
#17849=PROPERTY_DEFINITION('LDNO5','user defined attribute',#17672);
#17853=REPRESENTATION('',(#17852),#17663);
#17854=PROPERTY_DEFINITION_REPRESENTATION(#17849,#17853);
#17856=REPRESENTATION('',(#17855),#17663);
#17857=PROPERTY_DEFINITION('attribute type designation','Real Number',#17850);
#17858=PROPERTY_DEFINITION_REPRESENTATION(#17857,#17856);
#17859=PROPERTY_DEFINITION('LDNO6','user defined attribute',#17672);
#17863=REPRESENTATION('',(#17862),#17663);
#17864=PROPERTY_DEFINITION_REPRESENTATION(#17859,#17863);
#17866=REPRESENTATION('',(#17865),#17663);
#17867=PROPERTY_DEFINITION('attribute type designation','Real Number',#17860);
#17868=PROPERTY_DEFINITION_REPRESENTATION(#17867,#17866);
#17869=PROPERTY_DEFINITION('LDNO7','user defined attribute',#17672);
#17873=REPRESENTATION('',(#17872),#17663);
#17874=PROPERTY_DEFINITION_REPRESENTATION(#17869,#17873);
#17876=REPRESENTATION('',(#17875),#17663);
#17877=PROPERTY_DEFINITION('attribute type designation','Real Number',#17870);
#17878=PROPERTY_DEFINITION_REPRESENTATION(#17877,#17876);
#17879=PROPERTY_DEFINITION('LDPITCH_CNT','user defined attribute',#17672);
#17883=REPRESENTATION('',(#17882),#17663);
#17884=PROPERTY_DEFINITION_REPRESENTATION(#17879,#17883);
#17886=REPRESENTATION('',(#17885),#17663);
#17887=PROPERTY_DEFINITION('attribute type designation','Real Number',#17880);
#17888=PROPERTY_DEFINITION_REPRESENTATION(#17887,#17886);
#17889=PROPERTY_DEFINITION('LD_PITCH','user defined attribute',#17672);
#17893=REPRESENTATION('',(#17892),#17663);
#17894=PROPERTY_DEFINITION_REPRESENTATION(#17889,#17893);
#17896=REPRESENTATION('',(#17895),#17663);
#17897=PROPERTY_DEFINITION('attribute type designation','Real Number',#17890);
#17898=PROPERTY_DEFINITION_REPRESENTATION(#17897,#17896);
#17899=PROPERTY_DEFINITION('AMAX','user defined attribute',#17672);
#17903=REPRESENTATION('',(#17902),#17663);
#17904=PROPERTY_DEFINITION_REPRESENTATION(#17899,#17903);
#17906=REPRESENTATION('',(#17905),#17663);
#17907=PROPERTY_DEFINITION('attribute type designation','Real Number',#17900);
#17908=PROPERTY_DEFINITION_REPRESENTATION(#17907,#17906);
#17909=PROPERTY_DEFINITION('TMPAD_NO','user defined attribute',#17672);
#17913=REPRESENTATION('',(#17912),#17663);
#17914=PROPERTY_DEFINITION_REPRESENTATION(#17909,#17913);
#17916=REPRESENTATION('',(#17915),#17663);
#17917=PROPERTY_DEFINITION('attribute type designation','Real Number',#17910);
#17918=PROPERTY_DEFINITION_REPRESENTATION(#17917,#17916);
ENDSEC;
END-ISO-10303-21;
